#include "cts_config.h"

static u8 icnt89xx_driver_builtin_firmware[] = {
	0x60, 0xB8, 0x08, 0x20, 0xCD, 0x01, 0x00, 0x00, 0xD5, 0x01, 0x00, 0x00,
	0xD7, 0x01, 0x00, 0x00, 0x00, 0x00, 0x00, 0x00, 0x00, 0x00, 0x00, 0x00,
	0x00, 0x00, 0x00, 0x00, 0x00, 0x00, 0x00, 0x00, 0x00, 0x00, 0x00, 0x00,
	0x00, 0x00, 0x00, 0x00, 0x00, 0x00, 0x00, 0x00, 0xD9, 0x01, 0x00, 0x00,
	0x00, 0x00, 0x00, 0x00, 0x00, 0x00, 0x00, 0x00, 0xDB, 0x01, 0x00, 0x00,
	0xDD, 0x01, 0x00, 0x00, 0x85, 0x3C, 0x00, 0x00, 0x65, 0x3C, 0x00, 0x00,
	0x45, 0x3C, 0x00, 0x00, 0x15, 0x3C, 0x00, 0x00, 0x89, 0x3B, 0x00, 0x00,
	0x69, 0x3B, 0x00, 0x00, 0x15, 0x3B, 0x00, 0x00, 0xBD, 0x3A, 0x00, 0x00,
	0xF5, 0x5B, 0x00, 0x00, 0xDF, 0x01, 0x00, 0x00, 0xDF, 0x01, 0x00, 0x00,
	0x95, 0x0B, 0x00, 0x00, 0xC5, 0x6C, 0x00, 0x00, 0xDD, 0x6C, 0x00, 0x00,
	0xE9, 0x39, 0x00, 0x00, 0xDF, 0x01, 0x00, 0x00, 0xDF, 0x01, 0x00, 0x00,
	0xDF, 0x01, 0x00, 0x00, 0xDF, 0x01, 0x00, 0x00, 0xDF, 0x01, 0x00, 0x00,
	0xDF, 0x01, 0x00, 0x00, 0xDF, 0x01, 0x00, 0x00, 0xDF, 0x01, 0x00, 0x00,
	0xB9, 0x4E, 0x00, 0x00, 0x00, 0x00, 0x00, 0x00, 0x00, 0x00, 0x00, 0x00,
	0x00, 0x00, 0x00, 0x00, 0x00, 0x00, 0x00, 0x00, 0x00, 0x00, 0x00, 0x00,
	0x00, 0x00, 0x00, 0x00, 0x00, 0x00, 0x00, 0x00, 0x00, 0x00, 0x00, 0x00,
	0x00, 0x00, 0x00, 0x00, 0x00, 0x00, 0x00, 0x00, 0x00, 0x00, 0x00, 0x00,
	0x00, 0x00, 0x00, 0x00, 0x00, 0x00, 0x00, 0x00, 0x00, 0x00, 0x00, 0x00,
	0x00, 0x00, 0x00, 0x00, 0x00, 0x00, 0x00, 0x00, 0x00, 0x00, 0x00, 0x00,
	0x00, 0x00, 0x00, 0x00, 0x00, 0x00, 0x00, 0x00, 0x00, 0x00, 0x00, 0x00,
	0x00, 0x00, 0x00, 0x00, 0x00, 0x00, 0x00, 0x00, 0x00, 0x00, 0x00, 0x00,
	0x00, 0xF0, 0x0C, 0xF8, 0x00, 0xF0, 0x38, 0xF8, 0x1F, 0xB5, 0x1F, 0xBD,
	0x38, 0x35, 0x58, 0x58, 0xD0, 0x02, 0x18, 0x06, 0xB2, 0x0F, 0x04, 0x1A,
	0x03, 0x20, 0x00, 0x00, 0x0C, 0xA0, 0x30, 0xC8, 0x08, 0x38, 0x24, 0x18,
	0x2D, 0x18, 0xA2, 0x46, 0x67, 0x1E, 0xAB, 0x46, 0x54, 0x46, 0x5D, 0x46,
	0xAC, 0x42, 0x01, 0xD1, 0x00, 0xF0, 0x20, 0xF8, 0x7E, 0x46, 0x0F, 0x3E,
	0x0F, 0xCC, 0xB6, 0x46, 0x01, 0x26, 0x33, 0x42, 0x00, 0xD0, 0xFB, 0x1A,
	0xA2, 0x46, 0xAB, 0x46, 0x33, 0x43, 0x18, 0x47, 0x90, 0x7F, 0x00, 0x00,
	0xB0, 0x7F, 0x00, 0x00, 0x00, 0x23, 0x00, 0x24, 0x00, 0x25, 0x00, 0x26,
	0x10, 0x3A, 0x01, 0xD3, 0x78, 0xC1, 0xFB, 0xD8, 0x52, 0x07, 0x00, 0xD3,
	0x30, 0xC1, 0x00, 0xD5, 0x0B, 0x60, 0x70, 0x47, 0x10, 0xB5, 0x10, 0xBD,
	0x00, 0xF0, 0x26, 0xFA, 0x11, 0x46, 0xFF, 0xF7, 0xC3, 0xFF, 0x07, 0xF0,
	0x21, 0xFD, 0x00, 0xF0, 0x3E, 0xFA, 0x03, 0xB4, 0xFF, 0xF7, 0xF2, 0xFF,
	0x03, 0xBC, 0x00, 0xF0, 0x45, 0xFA, 0x00, 0x00, 0x70, 0xB5, 0x05, 0x46,
	0x0C, 0x46, 0x16, 0x46, 0x02, 0xE0, 0x0F, 0xCC, 0x0F, 0xC5, 0x10, 0x3E,
	0x10, 0x2E, 0xFA, 0xD2, 0x08, 0x2E, 0x02, 0xD3, 0x03, 0xCC, 0x03, 0xC5,
	0x08, 0x3E, 0x04, 0x2E, 0x07, 0xD3, 0x01, 0xCC, 0x01, 0xC5, 0x36, 0x1F,
	0x03, 0xE0, 0x21, 0x78, 0x29, 0x70, 0x64, 0x1C, 0x6D, 0x1C, 0x76, 0x1E,
	0xF9, 0xD2, 0x70, 0xBD, 0x07, 0x48, 0x80, 0x47, 0x07, 0x48, 0x00, 0x47,
	0xFE, 0xE7, 0xFE, 0xE7, 0xFE, 0xE7, 0xFE, 0xE7, 0xFE, 0xE7, 0xFE, 0xE7,
	0x04, 0x48, 0x05, 0x49, 0x03, 0x4A, 0x05, 0x4B, 0x70, 0x47, 0x00, 0x00,
	0xB5, 0x6C, 0x00, 0x00, 0xFD, 0x00, 0x00, 0x00, 0x60, 0xB4, 0x08, 0x20,
	0x60, 0xB8, 0x08, 0x20, 0x60, 0xB4, 0x08, 0x20, 0xFE, 0xB5, 0x05, 0x46,
	0x10, 0x46, 0x0C, 0x46, 0x18, 0x43, 0x73, 0xD0, 0xAE, 0x46, 0x8C, 0x46,
	0x00, 0x20, 0xAD, 0x1A, 0x01, 0x46, 0x9C, 0x41, 0x67, 0xD3, 0x66, 0x46,
	0x00, 0x27, 0x01, 0x24, 0x3D, 0x46, 0xB6, 0x1A, 0x9D, 0x41, 0x02, 0xD3,
	0x13, 0x46, 0x3A, 0x46, 0x21, 0x24, 0x65, 0x46, 0x76, 0x46, 0x2F, 0x04,
	0x36, 0x0C, 0x3E, 0x43, 0x2D, 0x0C, 0xB6, 0x1A, 0x9D, 0x41, 0x04, 0xD3,
	0x15, 0x0C, 0x1B, 0x04, 0x2B, 0x43, 0x12, 0x04, 0x10, 0x34, 0x65, 0x46,
	0x76, 0x46, 0x2F, 0x06, 0x36, 0x0A, 0x3E, 0x43, 0x2D, 0x0A, 0xB6, 0x1A,
	0x9D, 0x41, 0x04, 0xD3, 0x15, 0x0E, 0x1B, 0x02, 0x2B, 0x43, 0x12, 0x02,
	0x08, 0x34, 0x65, 0x46, 0x76, 0x46, 0x2F, 0x07, 0x36, 0x09, 0x3E, 0x43,
	0x2D, 0x09, 0xB6, 0x1A, 0x9D, 0x41, 0x04, 0xD3, 0x15, 0x0F, 0x1B, 0x01,
	0x2B, 0x43, 0x12, 0x01, 0x24, 0x1D, 0x65, 0x46, 0x76, 0x46, 0xAF, 0x07,
	0xB6, 0x08, 0x3E, 0x43, 0xAD, 0x08, 0xB6, 0x1A, 0x9D, 0x41, 0x04, 0xD3,
	0x95, 0x0F, 0x9B, 0x00, 0x2B, 0x43, 0x92, 0x00, 0xA4, 0x1C, 0x65, 0x46,
	0x76, 0x46, 0xEF, 0x07, 0x76, 0x08, 0x3E, 0x43, 0x6D, 0x08, 0xB6, 0x1A,
	0x9D, 0x41, 0x1A, 0xD3, 0x92, 0x18, 0x5B, 0x41, 0x64, 0x1C, 0x16, 0xE0,
	0x00, 0x18, 0x76, 0x46, 0x65, 0x46, 0x49, 0x41, 0xB7, 0x1A, 0x9D, 0x41,
	0x01, 0x91, 0x00, 0x90, 0x09, 0xD3, 0x60, 0x46, 0xB1, 0x1A, 0x98, 0x41,
	0x8E, 0x46, 0x84, 0x46, 0x00, 0x98, 0x01, 0x99, 0x00, 0x25, 0x40, 0x1C,
	0x69, 0x41, 0xDD, 0x07, 0x52, 0x08, 0x2A, 0x43, 0x5B, 0x08, 0x64, 0x1E,
	0xE6, 0xD5, 0x72, 0x46, 0x63, 0x46, 0x03, 0xB0, 0xF0, 0xBD, 0xFF, 0xE7,
	0x00, 0x20, 0x01, 0x46, 0xC0, 0x46, 0xC0, 0x46, 0x2A, 0x46, 0x23, 0x46,
	0xF5, 0xE7, 0xF8, 0xB5, 0x04, 0x2A, 0x2C, 0xD3, 0x83, 0x07, 0x12, 0xD0,
	0x0B, 0x78, 0x49, 0x1C, 0x03, 0x70, 0x40, 0x1C, 0x52, 0x1E, 0x83, 0x07,
	0x0B, 0xD0, 0x0B, 0x78, 0x49, 0x1C, 0x03, 0x70, 0x40, 0x1C, 0x52, 0x1E,
	0x83, 0x07, 0x04, 0xD0, 0x0B, 0x78, 0x49, 0x1C, 0x03, 0x70, 0x40, 0x1C,
	0x52, 0x1E, 0x8B, 0x07, 0x9B, 0x0F, 0x05, 0xD0, 0xC9, 0x1A, 0xDF, 0x00,
	0x20, 0x23, 0xDE, 0x1B, 0x08, 0xC9, 0x0A, 0xE0, 0xFF, 0xF7, 0x26, 0xFF,
	0xF8, 0xBD, 0x1D, 0x46, 0x08, 0xC9, 0xFD, 0x40, 0x1C, 0x46, 0xB4, 0x40,
	0x2C, 0x43, 0x10, 0xC0, 0x12, 0x1F, 0x04, 0x2A, 0xF5, 0xD2, 0xF3, 0x08,
	0xC9, 0x1A, 0x52, 0x1E, 0xF0, 0xD4, 0x0B, 0x78, 0x49, 0x1C, 0x03, 0x70,
	0x40, 0x1C, 0x52, 0x1E, 0xEA, 0xD4, 0x0B, 0x78, 0x49, 0x1C, 0x03, 0x70,
	0x40, 0x1C, 0x01, 0x2A, 0xE4, 0xD4, 0x09, 0x78, 0x01, 0x70, 0xF8, 0xBD,
	0xD2, 0xB2, 0x10, 0xB5, 0x13, 0x02, 0x9A, 0x18, 0x13, 0x04, 0x9A, 0x18,
	0x00, 0xF0, 0x0E, 0xF8, 0x10, 0xBD, 0x01, 0xE0, 0x04, 0xC0, 0x09, 0x1F,
	0x04, 0x29, 0xFB, 0xD2, 0x8B, 0x07, 0x01, 0xD5, 0x02, 0x80, 0x80, 0x1C,
	0xC9, 0x07, 0x00, 0xD0, 0x02, 0x70, 0x70, 0x47, 0x00, 0x29, 0x0B, 0xD0,
	0xC3, 0x07, 0x02, 0xD0, 0x02, 0x70, 0x40, 0x1C, 0x49, 0x1E, 0x02, 0x29,
	0x04, 0xD3, 0x83, 0x07, 0x02, 0xD5, 0x02, 0x80, 0x80, 0x1C, 0x89, 0x1E,
	0xE3, 0xE7, 0x00, 0x22, 0xEE, 0xE7, 0x00, 0x22, 0xDF, 0xE7, 0x00, 0x22,
	0x03, 0x09, 0x8B, 0x42, 0x73, 0xD3, 0x03, 0x0A, 0x8B, 0x42, 0x58, 0xD3,
	0x03, 0x0B, 0x8B, 0x42, 0x3C, 0xD3, 0x03, 0x0C, 0x8B, 0x42, 0x21, 0xD3,
	0x12, 0xE0, 0x03, 0x46, 0x0B, 0x43, 0x7F, 0xD4, 0x00, 0x22, 0x43, 0x08,
	0x8B, 0x42, 0x74, 0xD3, 0x03, 0x09, 0x8B, 0x42, 0x5F, 0xD3, 0x03, 0x0A,
	0x8B, 0x42, 0x44, 0xD3, 0x03, 0x0B, 0x8B, 0x42, 0x28, 0xD3, 0x03, 0x0C,
	0x8B, 0x42, 0x0D, 0xD3, 0xFF, 0x22, 0x09, 0x02, 0x12, 0xBA, 0x03, 0x0C,
	0x8B, 0x42, 0x02, 0xD3, 0x12, 0x12, 0x09, 0x02, 0x65, 0xD0, 0x03, 0x0B,
	0x8B, 0x42, 0x19, 0xD3, 0x00, 0xE0, 0x09, 0x0A, 0xC3, 0x0B, 0x8B, 0x42,
	0x01, 0xD3, 0xCB, 0x03, 0xC0, 0x1A, 0x52, 0x41, 0x83, 0x0B, 0x8B, 0x42,
	0x01, 0xD3, 0x8B, 0x03, 0xC0, 0x1A, 0x52, 0x41, 0x43, 0x0B, 0x8B, 0x42,
	0x01, 0xD3, 0x4B, 0x03, 0xC0, 0x1A, 0x52, 0x41, 0x03, 0x0B, 0x8B, 0x42,
	0x01, 0xD3, 0x0B, 0x03, 0xC0, 0x1A, 0x52, 0x41, 0xC3, 0x0A, 0x8B, 0x42,
	0x01, 0xD3, 0xCB, 0x02, 0xC0, 0x1A, 0x52, 0x41, 0x83, 0x0A, 0x8B, 0x42,
	0x01, 0xD3, 0x8B, 0x02, 0xC0, 0x1A, 0x52, 0x41, 0x43, 0x0A, 0x8B, 0x42,
	0x01, 0xD3, 0x4B, 0x02, 0xC0, 0x1A, 0x52, 0x41, 0x03, 0x0A, 0x8B, 0x42,
	0x01, 0xD3, 0x0B, 0x02, 0xC0, 0x1A, 0x52, 0x41, 0xCD, 0xD2, 0xC3, 0x09,
	0x8B, 0x42, 0x01, 0xD3, 0xCB, 0x01, 0xC0, 0x1A, 0x52, 0x41, 0x83, 0x09,
	0x8B, 0x42, 0x01, 0xD3, 0x8B, 0x01, 0xC0, 0x1A, 0x52, 0x41, 0x43, 0x09,
	0x8B, 0x42, 0x01, 0xD3, 0x4B, 0x01, 0xC0, 0x1A, 0x52, 0x41, 0x03, 0x09,
	0x8B, 0x42, 0x01, 0xD3, 0x0B, 0x01, 0xC0, 0x1A, 0x52, 0x41, 0xC3, 0x08,
	0x8B, 0x42, 0x01, 0xD3, 0xCB, 0x00, 0xC0, 0x1A, 0x52, 0x41, 0x83, 0x08,
	0x8B, 0x42, 0x01, 0xD3, 0x8B, 0x00, 0xC0, 0x1A, 0x52, 0x41, 0x43, 0x08,
	0x8B, 0x42, 0x01, 0xD3, 0x4B, 0x00, 0xC0, 0x1A, 0x52, 0x41, 0x41, 0x1A,
	0x00, 0xD2, 0x01, 0x46, 0x52, 0x41, 0x10, 0x46, 0x70, 0x47, 0x5D, 0xE0,
	0xCA, 0x0F, 0x00, 0xD0, 0x49, 0x42, 0x03, 0x10, 0x00, 0xD3, 0x40, 0x42,
	0x53, 0x40, 0x00, 0x22, 0x9C, 0x46, 0x03, 0x09, 0x8B, 0x42, 0x2D, 0xD3,
	0x03, 0x0A, 0x8B, 0x42, 0x12, 0xD3, 0xFC, 0x22, 0x89, 0x01, 0x12, 0xBA,
	0x03, 0x0A, 0x8B, 0x42, 0x0C, 0xD3, 0x89, 0x01, 0x92, 0x11, 0x8B, 0x42,
	0x08, 0xD3, 0x89, 0x01, 0x92, 0x11, 0x8B, 0x42, 0x04, 0xD3, 0x89, 0x01,
	0x3A, 0xD0, 0x92, 0x11, 0x00, 0xE0, 0x89, 0x09, 0xC3, 0x09, 0x8B, 0x42,
	0x01, 0xD3, 0xCB, 0x01, 0xC0, 0x1A, 0x52, 0x41, 0x83, 0x09, 0x8B, 0x42,
	0x01, 0xD3, 0x8B, 0x01, 0xC0, 0x1A, 0x52, 0x41, 0x43, 0x09, 0x8B, 0x42,
	0x01, 0xD3, 0x4B, 0x01, 0xC0, 0x1A, 0x52, 0x41, 0x03, 0x09, 0x8B, 0x42,
	0x01, 0xD3, 0x0B, 0x01, 0xC0, 0x1A, 0x52, 0x41, 0xC3, 0x08, 0x8B, 0x42,
	0x01, 0xD3, 0xCB, 0x00, 0xC0, 0x1A, 0x52, 0x41, 0x83, 0x08, 0x8B, 0x42,
	0x01, 0xD3, 0x8B, 0x00, 0xC0, 0x1A, 0x52, 0x41, 0xD9, 0xD2, 0x43, 0x08,
	0x8B, 0x42, 0x01, 0xD3, 0x4B, 0x00, 0xC0, 0x1A, 0x52, 0x41, 0x41, 0x1A,
	0x00, 0xD2, 0x01, 0x46, 0x63, 0x46, 0x52, 0x41, 0x5B, 0x10, 0x10, 0x46,
	0x01, 0xD3, 0x40, 0x42, 0x00, 0x2B, 0x00, 0xD5, 0x49, 0x42, 0x70, 0x47,
	0x63, 0x46, 0x5B, 0x10, 0x00, 0xD3, 0x40, 0x42, 0x01, 0xB5, 0x00, 0x20,
	0xC0, 0x46, 0xC0, 0x46, 0x02, 0xBD, 0x70, 0x47, 0x70, 0x47, 0x70, 0x47,
	0x75, 0x46, 0x00, 0xF0, 0x25, 0xF8, 0xAE, 0x46, 0x05, 0x00, 0x69, 0x46,
	0x53, 0x46, 0xC0, 0x08, 0xC0, 0x00, 0x85, 0x46, 0x18, 0xB0, 0x20, 0xB5,
	0xFF, 0xF7, 0x00, 0xFE, 0x60, 0xBC, 0x00, 0x27, 0x49, 0x08, 0xB6, 0x46,
	0x00, 0x26, 0xC0, 0xC5, 0xC0, 0xC5, 0xC0, 0xC5, 0xC0, 0xC5, 0xC0, 0xC5,
	0xC0, 0xC5, 0xC0, 0xC5, 0xC0, 0xC5, 0x40, 0x3D, 0x49, 0x00, 0x8D, 0x46,
	0x70, 0x47, 0x10, 0xB5, 0x04, 0x46, 0xC0, 0x46, 0xC0, 0x46, 0x20, 0x46,
	0xFF, 0xF7, 0xBB, 0xFD, 0x10, 0xBD, 0x00, 0x00, 0x00, 0x48, 0x70, 0x47,
	0xFC, 0xB3, 0x08, 0x20, 0x01, 0x49, 0x18, 0x20, 0xAB, 0xBE, 0xFE, 0xE7,
	0x26, 0x00, 0x02, 0x00, 0x70, 0x47, 0x70, 0xB5, 0x8C, 0x18, 0x05, 0x78,
	0x40, 0x1C, 0x6B, 0x07, 0x5B, 0x0F, 0x01, 0xD1, 0x03, 0x78, 0x40, 0x1C,
	0x2A, 0x11, 0x06, 0xD1, 0x02, 0x78, 0x40, 0x1C, 0x03, 0xE0, 0x06, 0x78,
	0x40, 0x1C, 0x0E, 0x70, 0x49, 0x1C, 0x5B, 0x1E, 0xF9, 0xD1, 0x2B, 0x07,
	0x05, 0xD4, 0x00, 0x23, 0x52, 0x1E, 0x0D, 0xD4, 0x0B, 0x70, 0x49, 0x1C,
	0xFA, 0xE7, 0x03, 0x78, 0x40, 0x1C, 0xCB, 0x1A, 0x92, 0x1C, 0x03, 0xE0,
	0x1D, 0x78, 0x0D, 0x70, 0x49, 0x1C, 0x5B, 0x1C, 0x52, 0x1E, 0xF9, 0xD5,
	0xA1, 0x42, 0xD8, 0xD3, 0x00, 0x20, 0x70, 0xBD, 0xF8, 0xB5, 0x4B, 0x4C,
	0x20, 0x78, 0x01, 0x28, 0x2C, 0xD0, 0x02, 0x28, 0x2C, 0xD1, 0x06, 0xF0,
	0x05, 0xFF, 0x48, 0x48, 0x48, 0x4B, 0xC1, 0x7E, 0xD8, 0x1C, 0x48, 0x4F,
	0x01, 0x25, 0x00, 0x29, 0x6D, 0xD0, 0x21, 0x7C, 0x00, 0x29, 0x11, 0xD0,
	0x14, 0x21, 0x41, 0x18, 0x0A, 0x78, 0x10, 0x46, 0x4A, 0x78, 0x12, 0x02,
	0x10, 0x43, 0x8A, 0x78, 0xC9, 0x78, 0x12, 0x04, 0x10, 0x43, 0x09, 0x06,
	0x08, 0x43, 0x61, 0x69, 0x88, 0x42, 0x01, 0xD9, 0x00, 0x20, 0x20, 0x74,
	0x3C, 0x48, 0x1D, 0x22, 0x81, 0x7F, 0x3C, 0x48, 0x92, 0x01, 0x07, 0x26,
	0x82, 0x18, 0x36, 0x02, 0x80, 0x19, 0x00, 0x29, 0x0A, 0xD1, 0x02, 0xE0,
	0x02, 0x20, 0x20, 0x70, 0xF8, 0xBD, 0xF9, 0x69, 0x0E, 0x26, 0x63, 0x27,
	0x96, 0x5F, 0x7F, 0x5C, 0xBE, 0x42, 0x20, 0xDD, 0x00, 0x21, 0xA1, 0x72,
	0x11, 0x7A, 0x00, 0x29, 0x13, 0xD0, 0x4B, 0x22, 0x81, 0x6A, 0x12, 0x01,
	0x91, 0x42, 0x41, 0x6C, 0x06, 0xD2, 0x7D, 0x22, 0xD2, 0x00, 0x89, 0x18,
	0xC2, 0x6B, 0x91, 0x42, 0x05, 0xD3, 0x06, 0xE0, 0xFF, 0x31, 0xC2, 0x6B,
	0x91, 0x31, 0x91, 0x42, 0x01, 0xD2, 0x5D, 0x74, 0x25, 0x74, 0xC1, 0x6A,
	0x80, 0x6A, 0x40, 0x00, 0x81, 0x42, 0xD9, 0xD9, 0x5D, 0x74, 0x25, 0x74,
	0xF8, 0xBD, 0xA5, 0x72, 0x22, 0x4E, 0x42, 0x6C, 0xC0, 0x6B, 0x92, 0x19,
	0x82, 0x42, 0x02, 0xD2, 0x5D, 0x74, 0x25, 0x74, 0x02, 0xE0, 0x20, 0x7C,
	0x00, 0x28, 0x09, 0xD0, 0x08, 0x46, 0xE2, 0x30, 0x42, 0x7E, 0x03, 0x7E,
	0x10, 0x02, 0x18, 0x43, 0xA0, 0x81, 0xE0, 0x31, 0x48, 0x7E, 0x08, 0xE0,
	0x08, 0x46, 0xE3, 0x30, 0x42, 0x7D, 0x03, 0x7D, 0x10, 0x02, 0x18, 0x43,
	0xA0, 0x81, 0xA0, 0x31, 0xC8, 0x79, 0xE0, 0x81, 0xF8, 0xBD, 0x5D, 0x74,
	0x14, 0x21, 0x25, 0x74, 0x41, 0x18, 0x0A, 0x78, 0x10, 0x46, 0x4A, 0x78,
	0x12, 0x02, 0x10, 0x43, 0x8A, 0x78, 0xC9, 0x78, 0x12, 0x04, 0x10, 0x43,
	0x09, 0x06, 0x08, 0x43, 0xF9, 0x69, 0xA0, 0x31, 0x4A, 0x79, 0x0B, 0x79,
	0x11, 0x02, 0x19, 0x43, 0x40, 0x18, 0x60, 0x61, 0xF8, 0xBD, 0x00, 0x00,
	0xC8, 0x98, 0x08, 0x20, 0x2C, 0xB1, 0x08, 0x20, 0x88, 0x91, 0x08, 0x20,
	0xD8, 0x90, 0x08, 0x20, 0x4C, 0xAC, 0x08, 0x20, 0x0C, 0xAA, 0x08, 0x20,
	0xDC, 0x05, 0x00, 0x00, 0xF8, 0xB5, 0x52, 0x4D, 0x00, 0x24, 0x6C, 0x71,
	0x06, 0x46, 0x42, 0x79, 0x0F, 0x46, 0x28, 0x46, 0x41, 0x89, 0x00, 0x78,
	0x00, 0x2A, 0x08, 0xD0, 0x04, 0x2A, 0x06, 0xD0, 0x2B, 0x79, 0x2A, 0x46,
	0x00, 0x2B, 0x29, 0xD0, 0x02, 0x2B, 0x33, 0xD0, 0x3A, 0xE0, 0x49, 0x4C,
	0xA2, 0x88, 0x8A, 0x42, 0x1B, 0xD8, 0x00, 0x28, 0x13, 0xD1, 0x01, 0xF0,
	0x7D, 0xFD, 0xA0, 0x7A, 0x3F, 0x28, 0x0E, 0xD2, 0x44, 0x4B, 0x45, 0x49,
	0x06, 0x22, 0x42, 0x43, 0xD2, 0x18, 0x0C, 0x88, 0x14, 0x80, 0x4C, 0x88,
	0x54, 0x80, 0x40, 0x1C, 0x8C, 0x88, 0xC0, 0xB2, 0x94, 0x80, 0x3F, 0x28,
	0xF2, 0xD3, 0x28, 0x79, 0x00, 0x28, 0x07, 0xD1, 0x01, 0x20, 0x28, 0x70,
	0x04, 0xE0, 0xA0, 0x7B, 0x00, 0x28, 0x01, 0xD1, 0x01, 0xF0, 0x60, 0xFD,
	0x68, 0x79, 0xF8, 0xBD, 0x01, 0x23, 0x13, 0x71, 0x00, 0x23, 0xEB, 0x80,
	0x32, 0x4A, 0x33, 0x88, 0x53, 0x82, 0x73, 0x88, 0x93, 0x82, 0xB3, 0x88,
	0xD3, 0x82, 0x07, 0xE0, 0x03, 0x23, 0x13, 0x71, 0x33, 0x88, 0x13, 0x83,
	0x73, 0x88, 0x53, 0x83, 0xB3, 0x88, 0xAB, 0x83, 0x3A, 0x46, 0x06, 0x23,
	0x5A, 0x43, 0x2D, 0x4B, 0xD5, 0x18, 0x00, 0x28, 0x1D, 0xD0, 0x27, 0x49,
	0x00, 0x20, 0x08, 0x81, 0x08, 0x70, 0x28, 0x46, 0x31, 0x46, 0x07, 0xF0,
	0xF7, 0xF8, 0x23, 0x49, 0xFF, 0x20, 0x48, 0x70, 0x88, 0x70, 0x26, 0x48,
	0x00, 0x21, 0xC1, 0x55, 0x25, 0x49, 0x00, 0x20, 0x08, 0x55, 0x64, 0x1C,
	0xE4, 0xB2, 0x40, 0x2C, 0xFA, 0xD3, 0x1D, 0x4A, 0x01, 0x21, 0x91, 0x72,
	0x1C, 0x48, 0x31, 0x46, 0x07, 0xF0, 0xE2, 0xF8, 0x2C, 0xE0, 0x00, 0x29,
	0x2A, 0xD0, 0x17, 0x49, 0x00, 0x20, 0x08, 0x81, 0x0C, 0x31, 0xC8, 0x5D,
	0x3F, 0x28, 0x04, 0xD2, 0x19, 0x4B, 0x09, 0x22, 0x1A, 0x54, 0x40, 0x1C,
	0xC8, 0x55, 0x12, 0x4C, 0xA0, 0x7A, 0x3F, 0x28, 0x13, 0xD2, 0x06, 0x21,
	0x41, 0x43, 0x10, 0x4F, 0x40, 0x1C, 0xCA, 0x19, 0xA0, 0x72, 0x0F, 0x49,
	0x10, 0x46, 0x07, 0xF0, 0xC5, 0xF8, 0xA0, 0x7A, 0x06, 0x21, 0x41, 0x43,
	0xCA, 0x19, 0x40, 0x1C, 0xA0, 0x72, 0x31, 0x46, 0x10, 0x46, 0x07, 0xF0,
	0xBB, 0xF8, 0x28, 0x46, 0x31, 0x46, 0x07, 0xF0, 0xB7, 0xF8, 0x03, 0x49,
	0x09, 0x20, 0x48, 0x70, 0x01, 0x49, 0x00, 0x20, 0x48, 0x81, 0xF8, 0xBD,
	0x1E, 0x91, 0x08, 0x20, 0x2E, 0x90, 0x08, 0x20, 0x1C, 0xB2, 0x08, 0x20,
	0x96, 0xB3, 0x08, 0x20, 0xDC, 0xB3, 0x08, 0x20, 0x2A, 0x91, 0x08, 0x20,
	0x9C, 0xB3, 0x08, 0x20, 0xF0, 0xB5, 0x89, 0xB0, 0x55, 0x48, 0x08, 0x90,
	0x80, 0x7F, 0x00, 0x27, 0x00, 0x28, 0x7D, 0xD9, 0x53, 0x48, 0x07, 0x90,
	0x0A, 0x20, 0x53, 0x4A, 0x78, 0x43, 0x83, 0x18, 0x13, 0x20, 0x40, 0x01,
	0x18, 0x18, 0x06, 0x78, 0x1B, 0x21, 0x90, 0x19, 0x89, 0x01, 0x06, 0x90,
	0x40, 0x18, 0x80, 0x7D, 0x01, 0x28, 0x40, 0xD0, 0x04, 0x28, 0x3E, 0xD0,
	0x07, 0x99, 0x00, 0x20, 0x09, 0x7D, 0x00, 0x29, 0x3F, 0xD9, 0x0A, 0x24,
	0x44, 0x43, 0xA4, 0x18, 0xFF, 0x34, 0x81, 0x34, 0xA4, 0x7D, 0xB4, 0x42,
	0x76, 0xD1, 0x09, 0x21, 0x89, 0x01, 0x59, 0x18, 0x22, 0x23, 0x01, 0x91,
	0xCB, 0x5E, 0x03, 0x93, 0x24, 0x23, 0xCB, 0x5E, 0x0A, 0x21, 0x48, 0x43,
	0x80, 0x18, 0xFF, 0x30, 0x02, 0x93, 0x81, 0x30, 0x18, 0x25, 0x45, 0x5F,
	0x1A, 0x24, 0x03, 0x9B, 0x04, 0x5F, 0x58, 0x1B, 0x00, 0xD5, 0x40, 0x42,
	0x80, 0xB2, 0x05, 0x90, 0x02, 0x98, 0x00, 0x1B, 0x00, 0xD5, 0x40, 0x42,
	0x80, 0xB2, 0x01, 0xB2, 0x04, 0x90, 0x05, 0x98, 0x00, 0xB2, 0x00, 0xF0,
	0xAB, 0xFE, 0x00, 0x90, 0x32, 0x48, 0xC0, 0x69, 0x81, 0x30, 0x41, 0x7C,
	0x00, 0x7C, 0x09, 0x02, 0x01, 0x43, 0x00, 0x98, 0x81, 0x42, 0x09, 0xD8,
	0xFF, 0x20, 0x01, 0x30, 0x0D, 0xE0, 0x00, 0x21, 0x2C, 0x4A, 0x70, 0x00,
	0x11, 0x52, 0x2C, 0x4A, 0x11, 0x52, 0x42, 0xE0, 0x00, 0x02, 0xFF, 0xF7,
	0xEC, 0xFC, 0x80, 0xB2, 0x10, 0x28, 0x00, 0xD2, 0x10, 0x20, 0x71, 0x00,
	0x26, 0x4E, 0x00, 0x9A, 0x73, 0x5A, 0x93, 0x42, 0x02, 0xD9, 0x23, 0x48,
	0x40, 0x5A, 0x01, 0xE0, 0x21, 0x4A, 0x50, 0x52, 0x00, 0x9A, 0x72, 0x52,
	0xFF, 0x21, 0x01, 0x31, 0x88, 0x42, 0x00, 0xD9, 0x08, 0x46, 0x05, 0x99,
	0x04, 0x9A, 0x41, 0x43, 0x50, 0x43, 0x09, 0x02, 0x00, 0x02, 0x09, 0x0C,
	0x00, 0x0C, 0x37, 0x23, 0x5B, 0x01, 0x00, 0xE0, 0x24, 0xE0, 0x06, 0x9A,
	0xD2, 0x18, 0x92, 0x7F, 0x01, 0x2A, 0x0D, 0xD0, 0x03, 0x9A, 0xAA, 0x42,
	0x01, 0xDD, 0x69, 0x18, 0x00, 0xE0, 0x69, 0x1A, 0x0D, 0xB2, 0x02, 0x99,
	0xA1, 0x42, 0x01, 0xDD, 0x20, 0x18, 0x00, 0xE0, 0x20, 0x1A, 0x04, 0xB2,
	0x01, 0x98, 0x45, 0x84, 0x01, 0x98, 0x84, 0x84, 0x05, 0xE0, 0xFF, 0xE7,
	0x40, 0x1C, 0xC0, 0xB2, 0x81, 0x42, 0x00, 0xD9, 0x7B, 0xE7, 0x08, 0x98,
	0x7F, 0x1C, 0x80, 0x7F, 0xFF, 0xB2, 0xB8, 0x42, 0x00, 0xD9, 0x5D, 0xE7,
	0x09, 0xB0, 0xF0, 0xBD, 0x4C, 0xAC, 0x08, 0x20, 0x8C, 0xAB, 0x08, 0x20,
	0x0C, 0xAA, 0x08, 0x20, 0xD8, 0x90, 0x08, 0x20, 0xD4, 0x94, 0x08, 0x20,
	0xC0, 0x94, 0x08, 0x20, 0xF0, 0xB5, 0x31, 0x48, 0x83, 0xB0, 0xC3, 0x69,
	0xD8, 0x1D, 0xF9, 0x30, 0x01, 0x90, 0x40, 0x79, 0x00, 0x28, 0x57, 0xD0,
	0x2D, 0x48, 0xFF, 0x33, 0x03, 0x33, 0x42, 0x78, 0x9E, 0x46, 0x64, 0x23,
	0x5A, 0x43, 0x2B, 0x4B, 0x01, 0x78, 0xD2, 0x18, 0x00, 0x92, 0x64, 0x22,
	0x51, 0x43, 0x00, 0x20, 0x1A, 0x46, 0x8A, 0x18, 0x26, 0x49, 0x0B, 0x18,
	0x1B, 0x21, 0x89, 0x01, 0x59, 0x18, 0x8C, 0x46, 0x89, 0x7D, 0x02, 0x29,
	0x38, 0xD1, 0x0A, 0x21, 0x00, 0x9B, 0x41, 0x43, 0x05, 0x24, 0x5B, 0x18,
	0x24, 0x02, 0x1B, 0x19, 0x1D, 0x7A, 0x00, 0x2D, 0x2E, 0xD0, 0x74, 0x46,
	0x66, 0x79, 0x27, 0x79, 0xDD, 0x89, 0x36, 0x02, 0x3E, 0x43, 0xB5, 0x42,
	0x07, 0xD9, 0x05, 0x27, 0x54, 0x18, 0x3F, 0x02, 0xE7, 0x19, 0xFF, 0x89,
	0xB4, 0x08, 0xA7, 0x42, 0x09, 0xD8, 0x05, 0x27, 0x54, 0x18, 0x3F, 0x02,
	0xE7, 0x19, 0xFF, 0x89, 0xB7, 0x42, 0x17, 0xD9, 0xB4, 0x08, 0xA5, 0x42,
	0x14, 0xD9, 0x05, 0x24, 0x24, 0x02, 0x51, 0x18, 0x09, 0x19, 0x1B, 0x7C,
	0x09, 0x7C, 0x59, 0x1A, 0x00, 0xD5, 0x49, 0x42, 0x5A, 0x29, 0x01, 0xDD,
	0xB4, 0x23, 0x59, 0x1A, 0x01, 0x9B, 0x1B, 0x7A, 0x5B, 0x08, 0x8B, 0x42,
	0x02, 0xDA, 0x04, 0x21, 0x63, 0x46, 0x99, 0x75, 0x40, 0x1C, 0xC0, 0xB2,
	0x0A, 0x28, 0xB9, 0xD3, 0x02, 0xF0, 0xAE, 0xF9, 0x03, 0xB0, 0xF0, 0xBD,
	0xD8, 0x90, 0x08, 0x20, 0xCC, 0xB0, 0x08, 0x20, 0x0C, 0xAA, 0x08, 0x20,
	0x03, 0x48, 0x04, 0x49, 0xC0, 0x69, 0x02, 0x79, 0x0A, 0x70, 0x40, 0x79,
	0x48, 0x70, 0x70, 0x47, 0xD8, 0x90, 0x08, 0x20, 0x88, 0xA9, 0x08, 0x20,
	0x70, 0x47, 0x00, 0x00, 0xF8, 0xB5, 0x94, 0x46, 0x02, 0x46, 0x09, 0x98,
	0x10, 0x4F, 0xC0, 0x06, 0xC0, 0x0E, 0x06, 0x9E, 0x07, 0x9D, 0x08, 0x9C,
	0x78, 0x70, 0x90, 0x06, 0x80, 0x0E, 0xB8, 0x70, 0xF9, 0x70, 0x7B, 0x60,
	0xBE, 0x60, 0x3D, 0x61, 0xFC, 0x60, 0x60, 0x46, 0x00, 0x07, 0x00, 0x0F,
	0x38, 0x70, 0x78, 0x69, 0x03, 0x21, 0x08, 0x43, 0x78, 0x61, 0x01, 0x20,
	0x06, 0xF0, 0x59, 0xFF, 0x78, 0x7D, 0xC0, 0x07, 0xFC, 0xD1, 0x78, 0x69,
	0x02, 0x21, 0x88, 0x43, 0x78, 0x61, 0xF8, 0xBD, 0x00, 0x0A, 0x04, 0x40,
	0xF0, 0xB4, 0x37, 0x48, 0x38, 0x4B, 0x01, 0x7A, 0x36, 0x48, 0x01, 0x24,
	0xC0, 0x69, 0x00, 0x29, 0x02, 0xD0, 0x00, 0x21, 0x99, 0x62, 0x16, 0xE0,
	0x34, 0x49, 0x99, 0x62, 0x07, 0x46, 0xFF, 0x37, 0x41, 0x37, 0xFA, 0x7C,
	0x00, 0x21, 0x00, 0x2A, 0x0D, 0xD9, 0x9D, 0x6A, 0x42, 0x18, 0x20, 0x32,
	0x52, 0x78, 0x56, 0x08, 0x22, 0x46, 0xB2, 0x40, 0x95, 0x43, 0x9D, 0x62,
	0x49, 0x1C, 0xFA, 0x7C, 0xC9, 0xB2, 0x8A, 0x42, 0xF1, 0xD8, 0x2A, 0x4E,
	0x00, 0x21, 0x71, 0x73, 0x29, 0x4D, 0x2C, 0x76, 0x29, 0x4A, 0x11, 0x70,
	0x30, 0x22, 0xF2, 0x72, 0xA0, 0x27, 0x1F, 0x75, 0x59, 0x75, 0x19, 0x77,
	0x26, 0x49, 0x0C, 0x72, 0x26, 0x49, 0x49, 0x7E, 0x01, 0x29, 0x18, 0xD0,
	0x70, 0x21, 0xA9, 0x75, 0x5D, 0x21, 0x0D, 0x5C, 0x10, 0x21, 0x0D, 0x43,
	0x22, 0x49, 0xCD, 0x74, 0x42, 0x25, 0xB5, 0x72, 0xB2, 0x73, 0xFF, 0x30,
	0x81, 0x30, 0x05, 0x7F, 0x87, 0x7F, 0x18, 0x7E, 0x00, 0x2D, 0x08, 0xD0,
	0x00, 0x09, 0x00, 0x01, 0x7D, 0x00, 0x05, 0x43, 0x15, 0x43, 0xE8, 0xB2,
	0x04, 0xE0, 0x50, 0x21, 0xE5, 0xE7, 0x20, 0x43, 0xCF, 0x22, 0x10, 0x40,
	0x18, 0x76, 0x4C, 0x76, 0x16, 0x48, 0xE7, 0x21, 0x00, 0x78, 0x21, 0x28,
	0x02, 0xD0, 0x22, 0x28, 0x03, 0xD0, 0x06, 0xE0, 0x70, 0x79, 0x08, 0x40,
	0x02, 0xE0, 0x70, 0x79, 0x08, 0x40, 0x10, 0x30, 0x70, 0x71, 0x70, 0x79,
	0x40, 0x09, 0x40, 0x01, 0x0A, 0x30, 0x70, 0x71, 0x0A, 0x20, 0xD8, 0x75,
	0x0C, 0x48, 0x04, 0x72, 0xF0, 0xBC, 0x70, 0x47, 0xD1, 0x93, 0x08, 0x20,
	0xD8, 0x90, 0x08, 0x20, 0x80, 0x01, 0x04, 0x40, 0xFF, 0xFF, 0x03, 0x00,
	0x00, 0x01, 0x04, 0x40, 0x20, 0x01, 0x04, 0x40, 0x40, 0x01, 0x04, 0x40,
	0x60, 0x08, 0x04, 0x40, 0xF1, 0x93, 0x08, 0x20, 0xA0, 0x01, 0x04, 0x40,
	0x02, 0x90, 0x08, 0x20, 0xC0, 0x01, 0x04, 0x40, 0xF0, 0xB5, 0x96, 0x48,
	0x89, 0xB0, 0x43, 0x78, 0x00, 0x93, 0x01, 0x78, 0x94, 0x48, 0x00, 0x22,
	0xC0, 0x7B, 0x40, 0x1C, 0x05, 0x90, 0x93, 0x48, 0x40, 0x89, 0x04, 0x90,
	0xFF, 0x38, 0x01, 0x38, 0x03, 0x90, 0x91, 0x48, 0xC6, 0x69, 0x50, 0x20,
	0x43, 0x43, 0x90, 0x48, 0x02, 0x96, 0x18, 0x18, 0x84, 0x46, 0x50, 0x20,
	0x41, 0x43, 0x8D, 0x48, 0x08, 0x18, 0x01, 0x90, 0x80, 0x36, 0x8B, 0x48,
	0x83, 0x18, 0x1B, 0x20, 0x80, 0x01, 0x18, 0x18, 0x81, 0x7D, 0x04, 0x29,
	0x12, 0xD0, 0x00, 0x29, 0x18, 0xD0, 0x02, 0x21, 0x81, 0x75, 0xD4, 0x00,
	0x0F, 0x21, 0x64, 0x44, 0x89, 0x01, 0x61, 0x18, 0x09, 0x7A, 0x00, 0x29,
	0x52, 0xD0, 0x37, 0x20, 0x00, 0x21, 0x40, 0x01, 0x18, 0x18, 0x81, 0x72,
	0x01, 0x70, 0x57, 0xE0, 0x00, 0x21, 0x81, 0x75, 0x37, 0x20, 0x40, 0x01,
	0x18, 0x18, 0x81, 0x72, 0x01, 0x70, 0x4F, 0xE0, 0x61, 0x46, 0xD7, 0x00,
	0xCC, 0x19, 0x0F, 0x21, 0x89, 0x01, 0x61, 0x18, 0x0C, 0x7A, 0x00, 0x2C,
	0xE7, 0xD0, 0x37, 0x24, 0x64, 0x01, 0x1D, 0x19, 0xAB, 0x7A, 0x00, 0x2B,
	0x01, 0xD1, 0x00, 0x9C, 0x04, 0x73, 0x5B, 0x1C, 0xDB, 0xB2, 0xAB, 0x72,
	0x05, 0x9C, 0xA3, 0x42, 0x26, 0xD1, 0x6E, 0x4B, 0x1B, 0x78, 0x01, 0x2B,
	0x22, 0xD1, 0x01, 0x9B, 0xDC, 0x19, 0x0F, 0x23, 0x9B, 0x01, 0xE4, 0x18,
	0x63, 0x89, 0xFF, 0x2B, 0x0A, 0xD8, 0x4F, 0x89, 0xFF, 0x1A, 0x32, 0x2F,
	0x06, 0xDD, 0xA3, 0x89, 0x8B, 0x81, 0x63, 0x89, 0x4B, 0x81, 0x01, 0x21,
	0x81, 0x75, 0x0F, 0xE0, 0x03, 0x9F, 0xBB, 0x42, 0x0C, 0xDD, 0x62, 0x4F,
	0xBB, 0x42, 0x09, 0xD0, 0x4F, 0x89, 0xDB, 0x1B, 0x28, 0x2B, 0x05, 0xDD,
	0xA3, 0x89, 0x8B, 0x81, 0x04, 0x9B, 0x4B, 0x81, 0x01, 0x21, 0x81, 0x75,
	0xA9, 0x7A, 0xF3, 0x7B, 0x99, 0x42, 0x0D, 0xD9, 0x01, 0x21, 0x0A, 0xE0,
	0x37, 0x21, 0x49, 0x01, 0x5B, 0x18, 0x19, 0x78, 0x49, 0x1C, 0xC9, 0xB2,
	0x19, 0x70, 0xB3, 0x7B, 0x99, 0x42, 0x01, 0xD9, 0x04, 0x21, 0x81, 0x75,
	0x52, 0x1C, 0xD2, 0xB2, 0x0A, 0x2A, 0x88, 0xD3, 0x02, 0x98, 0x00, 0x24,
	0x40, 0x30, 0x45, 0x7B, 0x22, 0xE0, 0xA0, 0x42, 0x0B, 0xD9, 0x4C, 0x49,
	0x1B, 0x22, 0x92, 0x01, 0x0B, 0x19, 0x9B, 0x18, 0x9B, 0x7D, 0x00, 0x2B,
	0x03, 0xD0, 0x64, 0x1C, 0xE4, 0xB2, 0xA0, 0x42, 0xF6, 0xD8, 0xA0, 0x42,
	0x12, 0xD9, 0x0A, 0x2D, 0x10, 0xD2, 0x44, 0x49, 0x1B, 0x22, 0x92, 0x01,
	0x48, 0x19, 0x87, 0x18, 0x02, 0x90, 0xB8, 0x7D, 0x01, 0x28, 0x11, 0xD0,
	0x02, 0x28, 0x0F, 0xD0, 0x03, 0x28, 0x0D, 0xD0, 0x6D, 0x1C, 0xED, 0xB2,
	0x0A, 0x2D, 0xF1, 0xD3, 0x3A, 0x48, 0xC0, 0x69, 0x40, 0x30, 0x40, 0x7B,
	0xA0, 0x42, 0x01, 0xD9, 0x0A, 0x2D, 0xD4, 0xD3, 0x09, 0xB0, 0xF0, 0xBD,
	0x08, 0x19, 0x16, 0x46, 0x01, 0x90, 0x80, 0x19, 0x01, 0x23, 0x00, 0x90,
	0x83, 0x75, 0x4B, 0x19, 0x98, 0x19, 0x04, 0x22, 0x82, 0x75, 0xE0, 0x00,
	0x42, 0x18, 0x07, 0x90, 0x19, 0x26, 0xE8, 0x00, 0x76, 0x01, 0x92, 0x19,
	0x43, 0x18, 0x06, 0x90, 0x98, 0x19, 0xC3, 0x68, 0x80, 0x68, 0xD3, 0x60,
	0x90, 0x60, 0x28, 0x46, 0x0A, 0x22, 0x50, 0x43, 0x05, 0x90, 0x00, 0x26,
	0x20, 0x46, 0x50, 0x43, 0x04, 0x90, 0x50, 0x20, 0x25, 0x49, 0x70, 0x43,
	0x40, 0x18, 0x07, 0x99, 0x0F, 0x22, 0x41, 0x18, 0x06, 0x9B, 0x92, 0x01,
	0xC0, 0x18, 0x80, 0x18, 0x89, 0x18, 0x03, 0x90, 0xC2, 0x68, 0x80, 0x68,
	0xCA, 0x60, 0x88, 0x60, 0x64, 0x20, 0x1D, 0x49, 0x70, 0x43, 0x40, 0x18,
	0x05, 0x99, 0xA1, 0x22, 0x41, 0x18, 0x04, 0x9B, 0xD2, 0x00, 0xC0, 0x18,
	0x89, 0x18, 0x80, 0x18, 0x0A, 0x22, 0xFF, 0xF7, 0xFC, 0xF9, 0x00, 0x21,
	0x03, 0x98, 0x76, 0x1C, 0xF6, 0xB2, 0x01, 0x72, 0x04, 0x2E, 0xD8, 0xD3,
	0x00, 0x98, 0xB9, 0x78, 0x81, 0x70, 0x00, 0x98, 0x39, 0x7B, 0x01, 0x73,
	0x37, 0x20, 0x02, 0x99, 0x40, 0x01, 0x09, 0x18, 0x01, 0x9B, 0x0A, 0x78,
	0x18, 0x18, 0x02, 0x70, 0x8A, 0x7A, 0x82, 0x72, 0x0A, 0x7D, 0x02, 0x75,
	0x89, 0x7F, 0x81, 0x77, 0x07, 0x20, 0x02, 0x99, 0x00, 0x02, 0x09, 0x18,
	0x4A, 0x7B, 0x01, 0x99, 0x08, 0x18, 0x42, 0x73, 0x90, 0xE7, 0x00, 0x00,
	0xCC, 0xB0, 0x08, 0x20, 0x31, 0x93, 0x08, 0x20, 0x88, 0xA9, 0x08, 0x20,
	0xD8, 0x90, 0x08, 0x20, 0x0C, 0xAA, 0x08, 0x20, 0xFF, 0x7F, 0x00, 0x00,
	0xF0, 0xB5, 0xFC, 0x48, 0x00, 0x24, 0x41, 0x78, 0x97, 0xB0, 0x00, 0x29,
	0x02, 0xD0, 0x48, 0x1E, 0xC6, 0xB2, 0x00, 0xE0, 0x03, 0x26, 0xF8, 0x4F,
	0x38, 0x78, 0x0A, 0x28, 0x01, 0xD9, 0x0A, 0x20, 0x38, 0x70, 0xF6, 0x4B,
	0x00, 0x20, 0x45, 0x00, 0x6A, 0x46, 0x53, 0x53, 0x00, 0x22, 0x0B, 0xAD,
	0x2A, 0x54, 0x40, 0x1C, 0xC0, 0xB2, 0x0A, 0x28, 0xF5, 0xD3, 0x50, 0x20,
	0x41, 0x43, 0xC8, 0x19, 0x79, 0x21, 0xC9, 0x00, 0x41, 0x18, 0x0F, 0x90,
	0x50, 0x22, 0xED, 0x48, 0xFF, 0xF7, 0xEC, 0xF8, 0xEC, 0x4A, 0x00, 0x20,
	0x51, 0x89, 0x80, 0x39, 0x10, 0x91, 0x09, 0xB2, 0x15, 0x91, 0xEA, 0x49,
	0xC9, 0x69, 0xFF, 0x31, 0x01, 0x31, 0x14, 0x91, 0x93, 0x89, 0x1D, 0x46,
	0x40, 0x3D, 0x29, 0xB2, 0x80, 0x3B, 0x13, 0x91, 0x19, 0xB2, 0x12, 0x91,
	0x50, 0x21, 0x4E, 0x43, 0xDE, 0x49, 0x71, 0x18, 0x8C, 0x46, 0xDD, 0x49,
	0x37, 0x22, 0x0E, 0x18, 0x52, 0x01, 0xB2, 0x18, 0x12, 0x7D, 0x02, 0x2A,
	0x45, 0xD1, 0xC6, 0x00, 0x0F, 0x99, 0x11, 0x96, 0x89, 0x19, 0x0F, 0x22,
	0x0F, 0x27, 0x92, 0x01, 0x66, 0x44, 0xBF, 0x01, 0x89, 0x18, 0xF6, 0x19,
	0x4A, 0x89, 0x77, 0x89, 0x89, 0x89, 0xD7, 0x1B, 0xBA, 0x18, 0x12, 0xB2,
	0x6F, 0x46, 0x3A, 0x87, 0xB6, 0x89, 0x8E, 0x1B, 0x71, 0x18, 0x09, 0xB2,
	0x3E, 0x46, 0x39, 0x85, 0x80, 0x2A, 0x01, 0xDA, 0x80, 0x22, 0x04, 0xE0,
	0x10, 0x9E, 0xB2, 0x42, 0x02, 0xDD, 0x15, 0x9A, 0x3E, 0x46, 0x32, 0x87,
	0x14, 0x9A, 0xD2, 0x7A, 0x02, 0x2A, 0x06, 0xD0, 0x04, 0x2A, 0x04, 0xD0,
	0x80, 0x29, 0x0C, 0xDA, 0x80, 0x21, 0x39, 0x85, 0x0D, 0xE0, 0x40, 0x29,
	0x02, 0xDA, 0x40, 0x21, 0x39, 0x85, 0x08, 0xE0, 0xA9, 0x42, 0x06, 0xDD,
	0x13, 0x99, 0x39, 0x85, 0x03, 0xE0, 0x99, 0x42, 0x01, 0xDD, 0x12, 0x99,
	0x39, 0x85, 0xBB, 0x49, 0x11, 0x9E, 0x3A, 0x8F, 0x76, 0x18, 0x0D, 0x21,
	0x89, 0x01, 0x71, 0x18, 0x4A, 0x87, 0x3A, 0x8D, 0x8A, 0x87, 0x40, 0x1C,
	0xC0, 0xB2, 0x0A, 0x28, 0xAD, 0xD3, 0xB4, 0x48, 0x00, 0x26, 0x00, 0x78,
	0x00, 0x28, 0x31, 0xD9, 0x0A, 0x20, 0xB1, 0x49, 0x70, 0x43, 0x40, 0x18,
	0x10, 0x90, 0x82, 0x88, 0x12, 0x92, 0xC0, 0x88, 0x00, 0x25, 0x77, 0x00,
	0x11, 0x90, 0xAC, 0x48, 0xE9, 0x00, 0x08, 0x18, 0x1B, 0x21, 0x49, 0x01,
	0x41, 0x18, 0x09, 0x7E, 0x00, 0x29, 0x13, 0xD0, 0x0D, 0x21, 0x89, 0x01,
	0x41, 0x18, 0x48, 0x8F, 0x89, 0x8F, 0x11, 0x9A, 0x51, 0x1A, 0x12, 0x9A,
	0x09, 0xB2, 0x10, 0x1A, 0x00, 0xB2, 0x00, 0xF0, 0x23, 0xFB, 0x6A, 0x46,
	0xD1, 0x5B, 0x81, 0x42, 0x02, 0xD9, 0xD0, 0x53, 0x10, 0x99, 0x8D, 0x70,
	0x6D, 0x1C, 0xED, 0xB2, 0x0A, 0x2D, 0xDE, 0xD3, 0x9B, 0x48, 0x76, 0x1C,
	0x00, 0x78, 0xF6, 0xB2, 0xB0, 0x42, 0xCD, 0xD8, 0x98, 0x48, 0x00, 0x21,
	0x00, 0x78, 0x00, 0x28, 0x4A, 0xD9, 0x48, 0x1C, 0x95, 0x4A, 0x10, 0x90,
	0x12, 0x78, 0xC0, 0xB2, 0x82, 0x42, 0x33, 0xD9, 0x4A, 0x00, 0x94, 0x46,
	0x0A, 0x22, 0x91, 0x4B, 0x4A, 0x43, 0xD3, 0x18, 0x9A, 0x78, 0xFF, 0x2A,
	0x34, 0xD0, 0x8E, 0x4D, 0x0A, 0x26, 0x46, 0x43, 0x77, 0x19, 0xBD, 0x78,
	0xAA, 0x42, 0x1D, 0xD1, 0x65, 0x46, 0x6A, 0x46, 0x55, 0x5B, 0xFF, 0x22,
	0x01, 0x32, 0x95, 0x42, 0x0F, 0xD9, 0x46, 0x00, 0x6A, 0x46, 0x96, 0x5B,
	0xFF, 0x22, 0x01, 0x32, 0x96, 0x42, 0x08, 0xD9, 0x0A, 0x2C, 0x06, 0xD2,
	0x62, 0x00, 0x05, 0xAE, 0xB1, 0x54, 0x92, 0x19, 0x64, 0x1C, 0x50, 0x70,
	0xE4, 0xB2, 0x6A, 0x46, 0x46, 0x00, 0x92, 0x5B, 0x95, 0x42, 0x26, 0xD8,
	0xFF, 0x22, 0xBA, 0x70, 0x7B, 0x4A, 0x40, 0x1C, 0x12, 0x78, 0xC0, 0xB2,
	0x82, 0x42, 0xD1, 0xD8, 0x0A, 0x20, 0x41, 0x43, 0x77, 0x48, 0x08, 0x18,
	0x80, 0x78, 0xFF, 0x28, 0x02, 0xD0, 0x01, 0x21, 0x0B, 0xAA, 0x11, 0x54,
	0x10, 0x98, 0xC1, 0xB2, 0x72, 0x48, 0x00, 0x78, 0x88, 0x42, 0xB4, 0xD8,
	0x70, 0x48, 0x00, 0x21, 0x00, 0x78, 0x0A, 0x46, 0x00, 0x28, 0x1F, 0xD9,
	0x0B, 0xAE, 0x0A, 0x20, 0x6C, 0x4B, 0x50, 0x43, 0xC5, 0x18, 0xA8, 0x78,
	0xFF, 0x28, 0x03, 0xD0, 0x10, 0xE0, 0xFF, 0x20, 0x98, 0x70, 0xE7, 0xE7,
	0x67, 0x4B, 0x08, 0x46, 0x1B, 0x78, 0x83, 0x42, 0x08, 0xD9, 0x49, 0x1C,
	0x37, 0x5C, 0xC9, 0xB2, 0x00, 0x2F, 0x2E, 0xD0, 0x40, 0x1C, 0xC0, 0xB2,
	0x83, 0x42, 0xF6, 0xD8, 0x60, 0x48, 0x52, 0x1C, 0x00, 0x78, 0xD2, 0xB2,
	0x90, 0x42, 0xE0, 0xD8, 0x00, 0x2C, 0x7D, 0xD0, 0x61, 0x48, 0x01, 0x7D,
	0x5B, 0x48, 0x02, 0x78, 0x91, 0x42, 0x77, 0xD1, 0x00, 0x25, 0x00, 0x2C,
	0x74, 0xD9, 0x68, 0x00, 0x05, 0xAE, 0x11, 0x90, 0x31, 0x5C, 0x0A, 0x22,
	0x55, 0x4B, 0x51, 0x43, 0xC9, 0x18, 0x8A, 0x78, 0x80, 0x19, 0x10, 0x90,
	0x40, 0x78, 0x0A, 0x26, 0x70, 0x43, 0xC0, 0x18, 0x87, 0x78, 0x1B, 0x26,
	0x98, 0x18, 0xB6, 0x01, 0x80, 0x19, 0x80, 0x7D, 0x02, 0x28, 0x06, 0xD0,
	0x01, 0x28, 0x04, 0xD0, 0x70, 0xE0, 0xA8, 0x70, 0x01, 0x23, 0x33, 0x54,
	0xD0, 0xE7, 0xD8, 0x19, 0x80, 0x19, 0x80, 0x7D, 0x02, 0x28, 0x01, 0xD0,
	0x01, 0x28, 0x65, 0xD1, 0x0F, 0x98, 0xD2, 0x00, 0x82, 0x18, 0x0F, 0x20,
	0x80, 0x01, 0x16, 0x18, 0x8B, 0x88, 0x70, 0x89, 0xB2, 0x89, 0xC9, 0x88,
	0xC0, 0x1A, 0x51, 0x1A, 0x09, 0xB2, 0x00, 0xB2, 0x01, 0xF0, 0xC8, 0xF8,
	0x13, 0x90, 0x0F, 0x98, 0xF9, 0x00, 0x41, 0x18, 0x0F, 0x20, 0x80, 0x01,
	0x0F, 0x18, 0x10, 0x98, 0x0A, 0x23, 0x40, 0x78, 0xB9, 0x89, 0x58, 0x43,
	0x37, 0x4B, 0x7A, 0x89, 0xC0, 0x18, 0x83, 0x88, 0xC0, 0x88, 0xD2, 0x1A,
	0x08, 0x1A, 0x01, 0xB2, 0x10, 0xB2, 0x01, 0xF0, 0xB1, 0xF8, 0x12, 0x90,
	0x10, 0x98, 0x0A, 0x23, 0x40, 0x78, 0x71, 0x89, 0x58, 0x43, 0x2F, 0x4B,
	0xB2, 0x89, 0xC0, 0x18, 0x83, 0x88, 0xC0, 0x88, 0xCB, 0x1A, 0x10, 0x1A,
	0x01, 0xB2, 0x18, 0xB2, 0x01, 0xF0, 0xA0, 0xF8, 0x06, 0x46, 0x11, 0x98,
	0x05, 0xAB, 0x18, 0x5C, 0x0A, 0x23, 0x58, 0x43, 0x26, 0x4B, 0xB9, 0x89,
	0xC0, 0x18, 0x83, 0x88, 0xC0, 0x88, 0x7A, 0x89, 0x08, 0x1A, 0xD2, 0x1A,
	0x01, 0xB2, 0x10, 0xB2, 0x01, 0xF0, 0x8E, 0xF8, 0x12, 0x9A, 0x13, 0x99,
	0x51, 0x1A, 0x00, 0xD5, 0x49, 0x42, 0x00, 0xE0, 0x19, 0xE0, 0x80, 0x1B,
	0x00, 0xD5, 0x40, 0x42, 0x81, 0x42, 0x0F, 0xDD, 0x11, 0x99, 0x05, 0xA8,
	0x40, 0x5C, 0x0A, 0x21, 0x48, 0x43, 0x10, 0x99, 0x17, 0x4B, 0x49, 0x78,
	0xC0, 0x18, 0x0A, 0x26, 0x71, 0x43, 0xC9, 0x18, 0x82, 0x78, 0x8B, 0x78,
	0x83, 0x70, 0x8A, 0x70, 0x6D, 0x1C, 0xED, 0xB2, 0xA5, 0x42, 0x00, 0xD2,
	0x6F, 0xE7, 0x10, 0x4E, 0x00, 0x24, 0x30, 0x78, 0x25, 0x46, 0x00, 0x28,
	0x14, 0xD9, 0x0A, 0x20, 0x60, 0x43, 0x81, 0x19, 0x88, 0x78, 0xFF, 0x28,
	0x09, 0xD0, 0x0A, 0x20, 0x68, 0x43, 0x80, 0x19, 0x6D, 0x1C, 0xED, 0xB2,
	0x0A, 0x22, 0xCC, 0x30, 0x89, 0x1C, 0xFE, 0xF7, 0xDA, 0xFF, 0x64, 0x1C,
	0x30, 0x78, 0xE4, 0xB2, 0xA0, 0x42, 0xEA, 0xD8, 0x08, 0x48, 0x85, 0x72,
	0x17, 0xB0, 0xF0, 0xBD, 0xCC, 0xB0, 0x08, 0x20, 0x0C, 0xAA, 0x08, 0x20,
	0xFF, 0xFF, 0x00, 0x00, 0x84, 0xAD, 0x08, 0x20, 0x88, 0xA9, 0x08, 0x20,
	0xD8, 0x90, 0x08, 0x20, 0x8C, 0xAB, 0x08, 0x20, 0xCC, 0xAA, 0x08, 0x20,
	0x13, 0x4A, 0x00, 0x23, 0x53, 0x70, 0x13, 0x71, 0x10, 0x20, 0x10, 0x70,
	0x11, 0x48, 0x10, 0x81, 0x0A, 0x21, 0x18, 0x46, 0x00, 0xBF, 0x40, 0x1C,
	0x88, 0x42, 0xFB, 0xD3, 0x0E, 0x48, 0x00, 0x79, 0x80, 0x07, 0x14, 0xD4,
	0x10, 0xB4, 0x0D, 0x4C, 0x01, 0x20, 0x20, 0x71, 0x0A, 0x21, 0x00, 0x20,
	0x00, 0xBF, 0x40, 0x1C, 0x88, 0x42, 0xFB, 0xD3, 0x03, 0x20, 0x20, 0x71,
	0x0A, 0x21, 0x00, 0x20, 0x00, 0xBF, 0x40, 0x1C, 0x88, 0x42, 0xFB, 0xD3,
	0x13, 0x81, 0x10, 0xBC, 0x70, 0x47, 0x70, 0x47, 0x20, 0x00, 0x04, 0x40,
	0x01, 0x07, 0x00, 0x00, 0x00, 0x0E, 0x04, 0x40, 0x00, 0x00, 0x04, 0x40,
	0xF0, 0xB5, 0x5E, 0x48, 0x5E, 0x49, 0xC0, 0x7C, 0x83, 0xB0, 0x40, 0x00,
	0x40, 0x18, 0x01, 0x90, 0x5C, 0x48, 0x41, 0x7C, 0x39, 0x22, 0x5C, 0x48,
	0x52, 0x01, 0x85, 0x18, 0x07, 0x22, 0x12, 0x02, 0x5A, 0x4E, 0x01, 0x27,
	0x84, 0x18, 0x00, 0x29, 0x27, 0xD0, 0x06, 0xF0, 0xF3, 0xF8, 0x05, 0x20,
	0x00, 0x90, 0xF0, 0x69, 0x01, 0x9A, 0xFF, 0x30, 0x41, 0x30, 0xC0, 0x7C,
	0x80, 0x1C, 0xC3, 0xB2, 0x53, 0x48, 0x41, 0x78, 0x00, 0x78, 0x02, 0xF0,
	0x13, 0xF9, 0x4E, 0x4A, 0x00, 0x21, 0xE0, 0x63, 0x51, 0x74, 0xE0, 0x69,
	0x00, 0x28, 0x02, 0xD1, 0x20, 0x6A, 0x00, 0x28, 0x05, 0xD0, 0x71, 0x71,
	0x4C, 0x49, 0x02, 0x20, 0x08, 0x70, 0x6F, 0x76, 0x0B, 0xE0, 0x70, 0x79,
	0x40, 0x1C, 0xC0, 0xB2, 0x70, 0x71, 0x01, 0x28, 0xF4, 0xD9, 0x51, 0x74,
	0xF2, 0xE7, 0x46, 0x48, 0x00, 0x78, 0x00, 0x28, 0x0A, 0xD0, 0xF0, 0x69,
	0xA0, 0x30, 0x40, 0x78, 0x00, 0x28, 0x43, 0xD0, 0x42, 0x49, 0x01, 0x28,
	0x45, 0xD0, 0x03, 0x28, 0x45, 0xD0, 0x46, 0xE0, 0xE0, 0x69, 0x00, 0x28,
	0x02, 0xD1, 0x20, 0x6A, 0x00, 0x28, 0x05, 0xD0, 0x06, 0xF0, 0x56, 0xF8,
	0x3A, 0x48, 0x00, 0x21, 0x81, 0x70, 0x2F, 0xE0, 0x38, 0x48, 0x80, 0x78,
	0x03, 0x28, 0x05, 0xD2, 0x36, 0x49, 0x40, 0x1C, 0x88, 0x70, 0x06, 0xF0,
	0xA9, 0xF8, 0x25, 0xE0, 0x05, 0x20, 0x00, 0x90, 0xF0, 0x69, 0x01, 0x9A,
	0xFF, 0x30, 0x41, 0x30, 0xC0, 0x7C, 0x80, 0x1C, 0xC3, 0xB2, 0x2E, 0x48,
	0x41, 0x78, 0x00, 0x78, 0x02, 0xF0, 0xC8, 0xF8, 0xE0, 0x63, 0x20, 0x64,
	0x60, 0x64, 0x2B, 0x4B, 0x00, 0x24, 0x2C, 0x49, 0x9C, 0x72, 0x0A, 0x78,
	0x20, 0x46, 0x10, 0x43, 0x4A, 0x78, 0x12, 0x02, 0x10, 0x43, 0x8A, 0x78,
	0xC9, 0x78, 0x12, 0x04, 0x10, 0x43, 0x09, 0x06, 0x08, 0x43, 0x58, 0x60,
	0x9C, 0x70, 0x1E, 0x48, 0x1F, 0x70, 0x84, 0x71, 0x6F, 0x76, 0x08, 0xE0,
	0x1F, 0x49, 0x02, 0x20, 0x08, 0x70, 0x03, 0xB0, 0xF0, 0xBD, 0x88, 0x68,
	0x00, 0xE0, 0xC8, 0x68, 0x80, 0x47, 0x1E, 0x48, 0x40, 0x7B, 0x00, 0x28,
	0x21, 0xD0, 0x15, 0x48, 0x40, 0x7C, 0x00, 0x28, 0x1D, 0xD0, 0xF6, 0x69,
	0x00, 0x21, 0xFF, 0x36, 0x21, 0x36, 0x19, 0x4B, 0x0A, 0x22, 0x4A, 0x43,
	0x00, 0x20, 0xD5, 0x18, 0x5C, 0x18, 0x80, 0x34, 0x42, 0x00, 0xAA, 0x18,
	0x52, 0x8D, 0xB3, 0x79, 0x9A, 0x42, 0x00, 0xD9, 0xA7, 0x73, 0x40, 0x1C,
	0xC0, 0xB2, 0x05, 0x28, 0xF4, 0xD3, 0x49, 0x1C, 0xC9, 0xB2, 0x03, 0x29,
	0xE9, 0xD3, 0x0F, 0x48, 0x81, 0x7F, 0x39, 0x43, 0x81, 0x77, 0x00, 0xF0,
	0x31, 0xF8, 0x03, 0xB0, 0xF0, 0xBD, 0x00, 0x00, 0xF1, 0x93, 0x08, 0x20,
	0x06, 0x60, 0x02, 0x20, 0x88, 0x91, 0x08, 0x20, 0x0C, 0xAA, 0x08, 0x20,
	0xD8, 0x90, 0x08, 0x20, 0x88, 0xA9, 0x08, 0x20, 0xC8, 0x98, 0x08, 0x20,
	0x44, 0x90, 0x08, 0x20, 0x9F, 0x91, 0x08, 0x20, 0xB1, 0x93, 0x08, 0x20,
	0xE8, 0xA8, 0x08, 0x20, 0x68, 0xA9, 0x08, 0x20, 0x08, 0x49, 0x00, 0x20,
	0x88, 0x60, 0xC8, 0x60, 0x08, 0x61, 0x48, 0x61, 0x88, 0x61, 0xC8, 0x61,
	0x08, 0x62, 0x48, 0x62, 0x04, 0x49, 0x08, 0x70, 0xC8, 0x70, 0x08, 0x74,
	0x88, 0x72, 0x14, 0x20, 0x88, 0x81, 0x70, 0x47, 0xC0, 0x98, 0x08, 0x20,
	0xC8, 0x98, 0x08, 0x20, 0xF8, 0xB5, 0x4C, 0x4D, 0x0E, 0x21, 0xA8, 0x7A,
	0x69, 0x5E, 0x00, 0x24, 0x4A, 0x4B, 0x00, 0x28, 0x33, 0xD0, 0xD8, 0x69,
	0xE0, 0x30, 0x00, 0x7F, 0x00, 0x28, 0x2F, 0xD1, 0x18, 0x8A, 0x40, 0x1C,
	0x82, 0xB2, 0x46, 0x48, 0x1A, 0x82, 0xC0, 0x7A, 0x01, 0x28, 0x28, 0xD0,
	0xA8, 0x89, 0x82, 0x42, 0x24, 0xD3, 0x43, 0x48, 0x1C, 0x82, 0x80, 0x7F,
	0x00, 0x28, 0x1F, 0xD1, 0x41, 0x4A, 0x42, 0x4B, 0x10, 0x78, 0x01, 0x24,
	0x9C, 0x46, 0x00, 0x90, 0x01, 0x28, 0x2F, 0xD3, 0xD8, 0x7C, 0x55, 0x78,
	0x80, 0x1C, 0x86, 0x46, 0x01, 0x20, 0x01, 0x2D, 0x23, 0xD3, 0x76, 0x46,
	0x66, 0x43, 0x32, 0x18, 0x3A, 0x4B, 0x52, 0x00, 0xD7, 0x18, 0x00, 0x23,
	0xFB, 0x5E, 0x8B, 0x42, 0x09, 0xDD, 0x38, 0x4B, 0xD2, 0x18, 0x13, 0x88,
	0x5B, 0x1A, 0x13, 0x80, 0x0F, 0xE0, 0x1C, 0x82, 0xF8, 0xBD, 0x00, 0x20,
	0xD5, 0xE7, 0xCB, 0x42, 0x04, 0xD5, 0x32, 0x4B, 0xD2, 0x18, 0x13, 0x88,
	0x5B, 0x18, 0x03, 0xE0, 0x2F, 0x4F, 0xD2, 0x19, 0x17, 0x88, 0xFB, 0x1A,
	0x13, 0x80, 0x40, 0x1C, 0xC0, 0xB2, 0x85, 0x42, 0xDD, 0xD2, 0x64, 0x1C,
	0x00, 0x98, 0xE4, 0xB2, 0xA0, 0x42, 0xD3, 0xD2, 0x29, 0x48, 0x00, 0x7A,
	0x00, 0x28, 0xE3, 0xD0, 0x60, 0x46, 0x80, 0x7E, 0x00, 0x28, 0xDF, 0xD1,
	0x1E, 0x49, 0x26, 0x4F, 0xCC, 0x69, 0x7D, 0x79, 0xA0, 0x34, 0x00, 0x2D,
	0x17, 0xD9, 0x24, 0x4E, 0x24, 0x49, 0x42, 0x00, 0x51, 0x18, 0x2C, 0x23,
	0xCB, 0x5E, 0xE1, 0x79, 0xC9, 0x00, 0x8B, 0x42, 0x03, 0xDD, 0x92, 0x19,
	0x93, 0x8D, 0x59, 0x18, 0x04, 0xE0, 0xCB, 0x42, 0x03, 0xD5, 0x92, 0x19,
	0x93, 0x8D, 0x59, 0x1A, 0x91, 0x85, 0x40, 0x1C, 0xC0, 0xB2, 0x85, 0x42,
	0xE8, 0xD8, 0x3D, 0x79, 0x00, 0x20, 0x00, 0x2D, 0xBC, 0xD9, 0x18, 0x4F,
	0x18, 0x4E, 0x42, 0x00, 0xD1, 0x19, 0x38, 0x23, 0xCB, 0x5E, 0xE1, 0x79,
	0xC9, 0x00, 0x8B, 0x42, 0x03, 0xDD, 0x92, 0x19, 0x93, 0x8E, 0x59, 0x18,
	0x04, 0xE0, 0xCB, 0x42, 0x03, 0xD5, 0x92, 0x19, 0x93, 0x8E, 0x59, 0x1A,
	0x91, 0x86, 0x40, 0x1C, 0xC0, 0xB2, 0x85, 0x42, 0xE9, 0xD8, 0xF8, 0xBD,
	0xC8, 0x98, 0x08, 0x20, 0xD8, 0x90, 0x08, 0x20, 0x51, 0x94, 0x08, 0x20,
	0x4C, 0xAC, 0x08, 0x20, 0x88, 0xA9, 0x08, 0x20, 0xF1, 0x93, 0x08, 0x20,
	0x00, 0x50, 0x02, 0x20, 0x00, 0x60, 0x02, 0x20, 0xD1, 0x93, 0x08, 0x20,
	0xB1, 0x92, 0x08, 0x20, 0x80, 0x6D, 0x02, 0x20, 0x00, 0x6E, 0x02, 0x20,
	0x40, 0x6E, 0x02, 0x20, 0xC0, 0x6D, 0x02, 0x20, 0x10, 0xB4, 0x04, 0x46,
	0x01, 0x22, 0x64, 0x43, 0x49, 0x43, 0x0F, 0x23, 0x00, 0x20, 0xD2, 0x03,
	0x09, 0x19, 0x01, 0x29, 0x02, 0xD8, 0x10, 0xBC, 0x88, 0xB2, 0x70, 0x47,
	0x44, 0x00, 0xA4, 0x18, 0x9C, 0x40, 0x5B, 0x1E, 0x9B, 0xB2, 0xA1, 0x42,
	0x02, 0xD3, 0x80, 0x18, 0x80, 0xB2, 0x09, 0x1B, 0x52, 0x08, 0xF3, 0xD1,
	0x10, 0xBC, 0x70, 0x47, 0x70, 0xB5, 0xFF, 0x39, 0xFF, 0x39, 0x02, 0x39,
	0x01, 0x25, 0x6D, 0x02, 0x8C, 0xB2, 0xA8, 0x42, 0x1A, 0xD2, 0x00, 0x2A,
	0x1D, 0x49, 0x1E, 0x4A, 0x08, 0xD0, 0xFF, 0x31, 0xC1, 0x31, 0x0B, 0x7F,
	0x93, 0x75, 0x4B, 0x7F, 0xD3, 0x75, 0x89, 0x7F, 0x11, 0x76, 0x07, 0xE0,
	0xFF, 0x31, 0xC7, 0x31, 0x0B, 0x7F, 0x93, 0x75, 0x4B, 0x7F, 0xD3, 0x75,
	0x89, 0x7F, 0x11, 0x76, 0x28, 0x1A, 0x80, 0xB2, 0x00, 0xF0, 0x04, 0xFC,
	0x28, 0x1A, 0x1B, 0xE0, 0xA0, 0x42, 0x1A, 0xD9, 0x00, 0x2A, 0x0F, 0x49,
	0x0F, 0x4A, 0x08, 0xD0, 0xFF, 0x31, 0xC4, 0x31, 0x0B, 0x7F, 0x93, 0x75,
	0x4B, 0x7F, 0xD3, 0x75, 0x89, 0x7F, 0x11, 0x76, 0x07, 0xE0, 0xFF, 0x31,
	0xCA, 0x31, 0x0B, 0x7F, 0x93, 0x75, 0x4B, 0x7F, 0xD3, 0x75, 0x89, 0x7F,
	0x11, 0x76, 0x00, 0x1B, 0x80, 0xB2, 0x00, 0xF0, 0xE7, 0xFB, 0x00, 0x19,
	0x80, 0xB2, 0x00, 0x28, 0x00, 0xD1, 0x01, 0x20, 0x70, 0xBD, 0x00, 0x00,
	0xB1, 0x92, 0x08, 0x20, 0xD8, 0x90, 0x08, 0x20, 0xF0, 0xB5, 0xA5, 0xB0,
	0xFE, 0x48, 0x0D, 0x90, 0xC0, 0x7C, 0x00, 0x28, 0x7E, 0xD0, 0x0D, 0x98,
	0x80, 0x7B, 0x00, 0x28, 0x7A, 0xD0, 0xFB, 0x48, 0x41, 0x78, 0x00, 0x20,
	0x0F, 0x90, 0xFA, 0x48, 0x19, 0x90, 0x80, 0x7F, 0x00, 0x28, 0x71, 0xD9,
	0x50, 0x20, 0x41, 0x43, 0xF7, 0x48, 0x08, 0x18, 0x15, 0x90, 0x00, 0x20,
	0x13, 0x90, 0x12, 0x90, 0x0F, 0x99, 0x0A, 0x20, 0x41, 0x43, 0xF3, 0x4B,
	0x1B, 0x20, 0xCD, 0x18, 0x13, 0x21, 0x49, 0x01, 0x69, 0x18, 0x0C, 0x78,
	0x80, 0x01, 0x19, 0x19, 0x08, 0x18, 0x01, 0x90, 0x80, 0x7D, 0x01, 0x28,
	0x04, 0xD0, 0x02, 0x28, 0x35, 0xD0, 0x03, 0x28, 0x33, 0xD0, 0x96, 0xE3,
	0x2A, 0x20, 0x26, 0x46, 0xE9, 0x4F, 0x46, 0x43, 0xB8, 0x5D, 0x05, 0x28,
	0x01, 0xD2, 0x40, 0x1C, 0xB8, 0x55, 0xE7, 0x48, 0x41, 0x89, 0x0F, 0x98,
	0x82, 0x00, 0x0D, 0x20, 0xD2, 0x18, 0xC0, 0x01, 0x10, 0x18, 0x00, 0x90,
	0x00, 0x8B, 0x00, 0x22, 0xFF, 0xF7, 0x6E, 0xFF, 0xF6, 0x19, 0x70, 0x80,
	0xDF, 0x48, 0x01, 0x22, 0x81, 0x89, 0x00, 0x98, 0x40, 0x8B, 0xFF, 0xF7,
	0x65, 0xFF, 0xB0, 0x80, 0x2A, 0x21, 0x30, 0x46, 0xFE, 0xF7, 0x99, 0xFD,
	0x06, 0x20, 0xDA, 0x49, 0x60, 0x43, 0x41, 0x18, 0x00, 0x20, 0x08, 0x80,
	0x48, 0x80, 0x09, 0x20, 0x80, 0x01, 0x28, 0x18, 0x41, 0x8C, 0xF1, 0x82,
	0x80, 0x8C, 0x30, 0x83, 0x51, 0xE0, 0x15, 0x98, 0xE1, 0x00, 0x41, 0x18,
	0x0F, 0x20, 0x80, 0x01, 0x08, 0x18, 0x00, 0x7A, 0x02, 0x28, 0x48, 0xD0,
	0x20, 0x46, 0x2A, 0x21, 0x48, 0x43, 0xCB, 0x4F, 0x00, 0x90, 0xC6, 0x19,
	0x70, 0x78, 0x00, 0x28, 0x09, 0xD0, 0x30, 0x46, 0xFE, 0xF7, 0x75, 0xFD,
	0x06, 0x20, 0xC8, 0x49, 0x60, 0x43, 0x41, 0x18, 0x00, 0x20, 0x08, 0x80,
	0x48, 0x80, 0x00, 0x98, 0x38, 0x5C, 0x05, 0x28, 0x04, 0xD2, 0x00, 0xE0,
	0x4B, 0xE3, 0x00, 0x99, 0x40, 0x1C, 0x78, 0x54, 0x04, 0x21, 0x88, 0x00,
	0x30, 0x18, 0x83, 0x1E, 0x82, 0x1C, 0x1B, 0x88, 0x43, 0x80, 0x03, 0x88,
	0x83, 0x80, 0x40, 0x8A, 0x90, 0x82, 0x49, 0x1E, 0x50, 0x8A, 0x09, 0x06,
	0xD0, 0x82, 0x09, 0x0E, 0xEF, 0xD1, 0xB7, 0x48, 0x41, 0x89, 0x0F, 0x98,
	0x82, 0x00, 0xB3, 0x48, 0x12, 0x18, 0x0D, 0x20, 0xC0, 0x01, 0x17, 0x18,
	0x38, 0x8B, 0x00, 0x22, 0xFF, 0xF7, 0x0E, 0xFF, 0x70, 0x80, 0xB0, 0x48,
	0x01, 0x22, 0x81, 0x89, 0x78, 0x8B, 0xFF, 0xF7, 0x07, 0xFF, 0xB0, 0x80,
	0x09, 0x20, 0x80, 0x01, 0x28, 0x18, 0x41, 0x8C, 0xF1, 0x82, 0x80, 0x8C,
	0x30, 0x83, 0x01, 0x98, 0x80, 0x7D, 0x02, 0x28, 0x7E, 0xD1, 0x15, 0x98,
	0xE1, 0x00, 0x41, 0x18, 0x0F, 0x20, 0x80, 0x01, 0x08, 0x18, 0x00, 0x7A,
	0x02, 0x28, 0x75, 0xD1, 0x20, 0x46, 0x2A, 0x21, 0x48, 0x43, 0xA0, 0x49,
	0x14, 0x90, 0x08, 0x5C, 0x05, 0x28, 0x6E, 0xD3, 0x9D, 0x48, 0x14, 0x99,
	0x08, 0x18, 0x0E, 0x90, 0x40, 0x78, 0x00, 0x28, 0x67, 0xD1, 0x0B, 0xA8,
	0x06, 0x90, 0x2A, 0x22, 0x1A, 0xA8, 0x0E, 0x99, 0xFE, 0xF7, 0xAF, 0xFC,
	0x00, 0x20, 0x05, 0x27, 0x04, 0x97, 0x84, 0x46, 0x6E, 0x46, 0x05, 0x90,
	0x7F, 0x1E, 0x82, 0x00, 0x1A, 0xA9, 0x51, 0x18, 0xCA, 0x8A, 0x4B, 0x8B,
	0xD3, 0x1A, 0x42, 0x00, 0xB3, 0x52, 0x0B, 0x8B, 0x89, 0x8B, 0x40, 0x1C,
	0x59, 0x1A, 0x02, 0xAB, 0xC0, 0xB2, 0x99, 0x52, 0xB8, 0x42, 0xEE, 0xDB,
	0x04, 0x99, 0x00, 0x22, 0x89, 0x1E, 0x00, 0x29, 0x12, 0xDD, 0x07, 0xAF,
	0x50, 0x00, 0x6B, 0x46, 0x1E, 0x5A, 0xC3, 0x18, 0x5B, 0x88, 0x52, 0x1C,
	0xF3, 0x1A, 0x3B, 0x52, 0x02, 0xAB, 0x1E, 0x5A, 0xC3, 0x18, 0x5B, 0x88,
	0xD2, 0xB2, 0xF3, 0x1A, 0x09, 0xAE, 0x33, 0x52, 0x8A, 0x42, 0xED, 0xDB,
	0x00, 0x20, 0x00, 0x29, 0x0F, 0xDD, 0x07, 0xAF, 0x42, 0x00, 0xBB, 0x5A,
	0x40, 0x1C, 0x63, 0x44, 0x1B, 0xB2, 0x9C, 0x46, 0x09, 0xAB, 0x9A, 0x5A,
	0x05, 0x9B, 0xC0, 0xB2, 0xD2, 0x18, 0x12, 0xB2, 0x05, 0x92, 0x88, 0x42,
	0xF0, 0xDB, 0x04, 0x99, 0x60, 0x46, 0x89, 0x1E, 0xFE, 0xF7, 0xDF, 0xFC,
	0x6B, 0x46, 0x19, 0x88, 0x40, 0x18, 0x06, 0x99, 0x08, 0x70, 0x00, 0x0A,
	0x48, 0x70, 0x04, 0x99, 0x05, 0x98, 0x89, 0x1E, 0xFE, 0xF7, 0xD3, 0xFC,
	0x6B, 0x46, 0x19, 0x89, 0x40, 0x18, 0x06, 0x99, 0x88, 0x70, 0x00, 0x0A,
	0xC8, 0x70, 0x0C, 0xA8, 0x10, 0x90, 0x2A, 0x22, 0x68, 0x46, 0x01, 0xE0,
	0x8D, 0xE2, 0xCC, 0xE1, 0x0E, 0x99, 0xFE, 0xF7, 0x4A, 0xFC, 0x05, 0x20,
	0x00, 0x27, 0x11, 0x90, 0x80, 0x1E, 0x17, 0x90, 0xB9, 0x00, 0x68, 0x46,
	0x0E, 0x18, 0x16, 0x91, 0x02, 0x20, 0x06, 0x21, 0x30, 0x5E, 0x71, 0x5E,
	0x40, 0x18, 0x0A, 0x21, 0x71, 0x5E, 0x40, 0x18, 0x03, 0x21, 0xFE, 0xF7,
	0xAE, 0xFC, 0x16, 0x99, 0x1A, 0xAA, 0x50, 0x52, 0x04, 0x20, 0x08, 0x21,
	0x30, 0x5E, 0x71, 0x5E, 0x40, 0x18, 0x0C, 0x21, 0x71, 0x5E, 0x40, 0x18,
	0x03, 0x21, 0xFE, 0xF7, 0xA0, 0xFC, 0x16, 0x99, 0x1A, 0xAA, 0x89, 0x18,
	0x48, 0x80, 0x7F, 0x1C, 0x17, 0x98, 0xFF, 0xB2, 0x87, 0x42, 0xD9, 0xDB,
	0x00, 0x22, 0x10, 0x46, 0x10, 0x43, 0x81, 0xB2, 0x10, 0x04, 0x11, 0x9B,
	0x01, 0x43, 0xDB, 0x1E, 0x10, 0x46, 0x00, 0x2B, 0x16, 0xDD, 0x82, 0x00,
	0x1A, 0xAF, 0xBE, 0x5A, 0xD2, 0x19, 0x97, 0x88, 0x40, 0x1C, 0xF6, 0x1B,
	0x76, 0x18, 0x09, 0x0C, 0x09, 0x04, 0xB6, 0xB2, 0x31, 0x43, 0x56, 0x88,
	0xD2, 0x88, 0xC0, 0xB2, 0xB2, 0x1A, 0x0E, 0x14, 0x92, 0x19, 0x89, 0xB2,
	0x12, 0x04, 0x11, 0x43, 0x98, 0x42, 0xE8, 0xDB, 0x83, 0x00, 0x1A, 0xA8,
	0xC6, 0x5A, 0x18, 0x18, 0x72, 0x18, 0x16, 0xB2, 0x10, 0x9A, 0x37, 0x0A,
	0x16, 0x70, 0x57, 0x70, 0x40, 0x88, 0x09, 0x14, 0x40, 0x18, 0x00, 0xB2,
	0x10, 0x99, 0x02, 0x0A, 0x88, 0x70, 0xCA, 0x70, 0x16, 0x90, 0x6A, 0x46,
	0x11, 0x98, 0x02, 0x21, 0x87, 0x00, 0x51, 0x5E, 0xB8, 0x18, 0x17, 0x91,
	0x40, 0x38, 0x3E, 0x22, 0x82, 0x5E, 0x88, 0x1A, 0x11, 0x99, 0x49, 0x1E,
	0xFE, 0xF7, 0x53, 0xFC, 0x17, 0x99, 0x6A, 0x46, 0x40, 0x18, 0x00, 0xB2,
	0x04, 0x21, 0x17, 0x90, 0x51, 0x5E, 0x18, 0x91, 0xD0, 0x5F, 0x08, 0x1A,
	0x11, 0x99, 0x49, 0x1E, 0xFE, 0xF7, 0x45, 0xFC, 0x18, 0x99, 0x40, 0x18,
	0x01, 0xB2, 0x01, 0x2E, 0x02, 0xDB, 0x17, 0x98, 0x01, 0x28, 0x05, 0xDA,
	0x10, 0x98, 0x01, 0x22, 0x02, 0x70, 0x00, 0x22, 0x42, 0x70, 0x0B, 0xE0,
	0x1F, 0x48, 0x40, 0x89, 0x40, 0x1E, 0x86, 0x42, 0x02, 0xDC, 0x17, 0x9A,
	0x82, 0x42, 0x03, 0xDD, 0x10, 0x9A, 0x10, 0x70, 0x00, 0x0A, 0x50, 0x70,
	0x16, 0x98, 0x01, 0x28, 0x01, 0xDB, 0x01, 0x29, 0x05, 0xDA, 0x10, 0x98,
	0x01, 0x21, 0x81, 0x70, 0x00, 0x21, 0xC1, 0x70, 0x0B, 0xE0, 0x02, 0x46,
	0x13, 0x48, 0x80, 0x89, 0x40, 0x1E, 0x82, 0x42, 0x01, 0xDC, 0x81, 0x42,
	0x03, 0xDD, 0x10, 0x99, 0x88, 0x70, 0x00, 0x0A, 0xC8, 0x70, 0x68, 0x46,
	0x2C, 0x26, 0x86, 0x5F, 0x30, 0x46, 0x0A, 0x30, 0x14, 0x28, 0x6A, 0xD9,
	0x68, 0x46, 0x30, 0x21, 0x41, 0x5E, 0x20, 0x29, 0x32, 0xDA, 0x0D, 0x98,
	0x16, 0x22, 0x81, 0x7B, 0x0E, 0x98, 0x82, 0x5E, 0x01, 0x20, 0x0D, 0xE0,
	0x31, 0x93, 0x08, 0x20, 0xCC, 0xB0, 0x08, 0x20, 0x4C, 0xAC, 0x08, 0x20,
	0x0C, 0xAA, 0x08, 0x20, 0xE6, 0x96, 0x08, 0x20, 0x88, 0xA9, 0x08, 0x20,
	0x8A, 0x98, 0x08, 0x20, 0x80, 0x1A, 0xFE, 0xF7, 0xF0, 0xFB, 0x01, 0xB2,
	0x06, 0x20, 0x22, 0x46, 0x42, 0x43, 0xE0, 0x48, 0x02, 0x23, 0x10, 0x18,
	0x01, 0x80, 0x03, 0x71, 0x9B, 0x03, 0x0F, 0x46, 0x32, 0x46, 0x1F, 0x40,
	0x1A, 0x40, 0x97, 0x42, 0x3D, 0xD1, 0x00, 0x2E, 0x01, 0xDB, 0x32, 0x46,
	0x00, 0xE0, 0x72, 0x42, 0x00, 0x29, 0x00, 0xDA, 0x49, 0x42, 0x8A, 0x42,
	0x29, 0xDC, 0x32, 0xE0, 0xD5, 0x48, 0x40, 0x89, 0x02, 0x46, 0x20, 0x3A,
	0x91, 0x42, 0x24, 0xDD, 0x0E, 0x99, 0x16, 0x22, 0x8A, 0x5E, 0x0D, 0x99,
	0x80, 0x1A, 0x89, 0x7B, 0x40, 0x1E, 0xFE, 0xF7, 0xC6, 0xFB, 0x01, 0xB2,
	0x22, 0x46, 0x06, 0x20, 0x42, 0x43, 0xCB, 0x48, 0x02, 0x23, 0x10, 0x18,
	0x01, 0x80, 0x03, 0x71, 0x9B, 0x03, 0x0F, 0x46, 0x32, 0x46, 0x1F, 0x40,
	0x1A, 0x40, 0x97, 0x42, 0x13, 0xD1, 0x00, 0x2E, 0x01, 0xDB, 0x32, 0x46,
	0x00, 0xE0, 0x72, 0x42, 0x00, 0x29, 0x00, 0xDA, 0x49, 0x42, 0x8A, 0x42,
	0x09, 0xDD, 0x06, 0x80, 0x07, 0xE0, 0x06, 0x20, 0x22, 0x46, 0x42, 0x43,
	0xBD, 0x48, 0x01, 0x21, 0x10, 0x18, 0x01, 0x71, 0x06, 0x80, 0x68, 0x46,
	0x2E, 0x27, 0xC7, 0x5F, 0x38, 0x46, 0x0A, 0x30, 0x14, 0x28, 0x5C, 0xD9,
	0x68, 0x46, 0x32, 0x21, 0x41, 0x5E, 0x20, 0x29, 0x28, 0xDA, 0x06, 0x20,
	0x21, 0x46, 0x41, 0x43, 0xB3, 0x48, 0x02, 0x23, 0x09, 0x18, 0x00, 0x91,
	0x01, 0x91, 0x4B, 0x71, 0x0D, 0x98, 0x18, 0x22, 0x81, 0x7B, 0x0E, 0x98,
	0x82, 0x5E, 0x01, 0x20, 0x80, 0x1A, 0xFE, 0xF7, 0x84, 0xFB, 0x00, 0xB2,
	0x01, 0x99, 0x03, 0x46, 0x48, 0x80, 0x01, 0x21, 0xC9, 0x03, 0x0B, 0x40,
	0x39, 0x40, 0x8B, 0x42, 0x3B, 0xD1, 0x00, 0x2F, 0x01, 0xDB, 0x39, 0x46,
	0x00, 0xE0, 0x79, 0x42, 0x00, 0x28, 0x00, 0xDA, 0x40, 0x42, 0x81, 0x42,
	0x31, 0xDD, 0x00, 0x98, 0x47, 0x80, 0x2E, 0xE0, 0xA1, 0x48, 0x80, 0x89,
	0x02, 0x46, 0x20, 0x3A, 0x91, 0x42, 0x32, 0xDD, 0x06, 0x21, 0x22, 0x46,
	0x4A, 0x43, 0x9C, 0x49, 0x02, 0x23, 0x51, 0x18, 0x00, 0x91, 0x01, 0x91,
	0x4B, 0x71, 0x0E, 0x99, 0x18, 0x22, 0x8A, 0x5E, 0x0D, 0x99, 0x80, 0x1A,
	0x89, 0x7B, 0x40, 0x1E, 0xFE, 0xF7, 0x55, 0xFB, 0x00, 0xB2, 0x01, 0x99,
	0x03, 0x46, 0x48, 0x80, 0x01, 0x21, 0xC9, 0x03, 0x3A, 0x46, 0x0B, 0x40,
	0x0A, 0x40, 0x93, 0x42, 0x0B, 0xD1, 0x00, 0x2F, 0x01, 0xDB, 0x39, 0x46,
	0x00, 0xE0, 0x79, 0x42, 0x00, 0x28, 0x00, 0xDA, 0x40, 0x42, 0x81, 0x42,
	0x01, 0xDD, 0x00, 0x98, 0x47, 0x80, 0x06, 0x20, 0x21, 0x46, 0x41, 0x43,
	0x87, 0x48, 0x08, 0x18, 0x00, 0x90, 0x00, 0x79, 0x02, 0x28, 0x08, 0xD0,
	0x0B, 0xE0, 0x06, 0x20, 0x22, 0x46, 0x42, 0x43, 0x82, 0x48, 0x01, 0x21,
	0x10, 0x18, 0x41, 0x71, 0xEC, 0xE7, 0x00, 0x99, 0x49, 0x79, 0x01, 0x29,
	0x04, 0xD0, 0x00, 0x99, 0x49, 0x79, 0x02, 0x29, 0x15, 0xD0, 0x2A, 0xE0,
	0x00, 0x2E, 0x28, 0xD0, 0x00, 0x98, 0x00, 0x22, 0x82, 0x5E, 0x03, 0x46,
	0x02, 0x20, 0x18, 0x5E, 0x31, 0x46, 0x00, 0x2A, 0x00, 0xDA, 0x52, 0x42,
	0x50, 0x43, 0x00, 0x29, 0x00, 0xDA, 0x71, 0x42, 0xFE, 0xF7, 0x11, 0xFB,
	0x00, 0x99, 0x48, 0x80, 0x15, 0xE0, 0x01, 0x28, 0x13, 0xD1, 0x00, 0x2F,
	0x11, 0xD0, 0x00, 0x98, 0x02, 0x22, 0x82, 0x5E, 0x03, 0x46, 0x00, 0x20,
	0x18, 0x5E, 0x39, 0x46, 0x00, 0x2A, 0x00, 0xDA, 0x52, 0x42, 0x50, 0x43,
	0x00, 0x29, 0x00, 0xDA, 0x79, 0x42, 0xFE, 0xF7, 0xFA, 0xFA, 0x00, 0x99,
	0x08, 0x80, 0x68, 0x4A, 0x14, 0x98, 0x80, 0x18, 0x04, 0x90, 0x41, 0x78,
	0x49, 0x1C, 0xCB, 0xB2, 0x43, 0x70, 0x00, 0x93, 0x16, 0x23, 0xC3, 0x5E,
	0x06, 0x20, 0x44, 0x43, 0x5F, 0x48, 0x03, 0x93, 0x24, 0x18, 0x00, 0x20,
	0x05, 0x94, 0x20, 0x5E, 0x01, 0x90, 0x18, 0x18, 0x01, 0x28, 0x02, 0xDC,
	0x01, 0x26, 0x30, 0x46, 0x06, 0xE0, 0x5A, 0x49, 0x49, 0x89, 0x49, 0x1E,
	0x88, 0x42, 0x03, 0xDB, 0x0E, 0xB2, 0x02, 0x20, 0x13, 0x90, 0x00, 0xE0,
	0x06, 0xB2, 0x04, 0x99, 0x18, 0x20, 0x08, 0x5E, 0x02, 0x27, 0x02, 0x90,
	0xE7, 0x5F, 0xC0, 0x19, 0x01, 0x28, 0x02, 0xDC, 0x01, 0x24, 0x20, 0x46,
	0x06, 0xE0, 0x4F, 0x49, 0x89, 0x89, 0x49, 0x1E, 0x88, 0x42, 0x03, 0xDB,
	0x0C, 0xB2, 0x02, 0x20, 0x12, 0x90, 0x00, 0xE0, 0x04, 0xB2, 0x01, 0x98,
	0x00, 0x28, 0x1A, 0xD0, 0x13, 0x98, 0x01, 0x28, 0x02, 0xD0, 0x02, 0x28,
	0x0A, 0xD0, 0x14, 0xE0, 0x01, 0x21, 0xC8, 0x1A, 0x78, 0x43, 0x01, 0x99,
	0xFE, 0xF7, 0xAF, 0xFA, 0x02, 0x99, 0x40, 0x18, 0x04, 0xB2, 0x0A, 0xE0,
	0x40, 0x48, 0x41, 0x89, 0xC8, 0x1A, 0x40, 0x1E, 0x78, 0x43, 0x01, 0x99,
	0xFE, 0xF7, 0xA3, 0xFA, 0x02, 0x99, 0x40, 0x18, 0x04, 0xB2, 0x00, 0x2F,
	0x1E, 0xD0, 0x12, 0x98, 0x01, 0x28, 0x02, 0xD0, 0x02, 0x28, 0x0C, 0xD0,
	0x18, 0xE0, 0x02, 0x98, 0x01, 0x21, 0x08, 0x1A, 0x01, 0x99, 0x48, 0x43,
	0x39, 0x46, 0xFE, 0xF7, 0x90, 0xFA, 0x03, 0x99, 0x40, 0x18, 0x06, 0xB2,
	0x0C, 0xE0, 0x31, 0x48, 0x81, 0x89, 0x02, 0x98, 0x08, 0x1A, 0x01, 0x99,
	0x40, 0x1E, 0x48, 0x43, 0x39, 0x46, 0xFE, 0xF7, 0x82, 0xFA, 0x03, 0x99,
	0x40, 0x18, 0x06, 0xB2, 0x2B, 0x48, 0x14, 0x99, 0x40, 0x5C, 0x05, 0x28,
	0x34, 0xD3, 0x01, 0x2E, 0x05, 0xDA, 0x09, 0x20, 0x01, 0x21, 0x80, 0x01,
	0x28, 0x18, 0x41, 0x84, 0x0D, 0xE0, 0x24, 0x48, 0x40, 0x89, 0x40, 0x1E,
	0xB0, 0x42, 0x04, 0xDA, 0x09, 0x21, 0x89, 0x01, 0x69, 0x18, 0x48, 0x84,
	0x03, 0xE0, 0x09, 0x20, 0x80, 0x01, 0x28, 0x18, 0x46, 0x84, 0x01, 0x2C,
	0x05, 0xDA, 0x09, 0x20, 0x01, 0x21, 0x80, 0x01, 0x28, 0x18, 0x81, 0x84,
	0x0D, 0xE0, 0x19, 0x48, 0x80, 0x89, 0x40, 0x1E, 0xA0, 0x42, 0x04, 0xDA,
	0x09, 0x21, 0x89, 0x01, 0x69, 0x18, 0x88, 0x84, 0x03, 0xE0, 0x09, 0x20,
	0x80, 0x01, 0x28, 0x18, 0x84, 0x84, 0x09, 0x20, 0x80, 0x01, 0x28, 0x18,
	0x04, 0x99, 0x42, 0x8C, 0xCA, 0x82, 0x81, 0x8C, 0x04, 0x98, 0x01, 0x83,
	0x0D, 0x99, 0x00, 0x98, 0x89, 0x7B, 0x88, 0x42, 0x07, 0xD1, 0x2A, 0x21,
	0x04, 0x98, 0xFE, 0xF7, 0x2A, 0xFA, 0x05, 0x98, 0x00, 0x21, 0x01, 0x80,
	0x41, 0x80, 0x0F, 0x98, 0x40, 0x1C, 0xC0, 0xB2, 0x0F, 0x90, 0x19, 0x98,
	0x81, 0x7F, 0x0F, 0x98, 0x81, 0x42, 0x00, 0xD9, 0x45, 0xE4, 0x25, 0xB0,
	0xF0, 0xBD, 0x00, 0x00, 0x8A, 0x98, 0x08, 0x20, 0x88, 0xA9, 0x08, 0x20,
	0xE6, 0x96, 0x08, 0x20, 0xF8, 0xB5, 0x14, 0x49, 0xFF, 0x26, 0x00, 0x24,
	0x01, 0x36, 0x13, 0x4D, 0xCF, 0x7E, 0xB0, 0x42, 0x08, 0xD9, 0xAA, 0x78,
	0x80, 0x1B, 0x50, 0x43, 0x39, 0x46, 0xFE, 0xF7, 0x16, 0xFA, 0x84, 0xB2,
	0x30, 0x46, 0x01, 0xE0, 0x80, 0x28, 0x08, 0xD9, 0x6A, 0x78, 0x80, 0x38,
	0x50, 0x43, 0x39, 0x46, 0xFE, 0xF7, 0x0B, 0xFA, 0x00, 0x19, 0x84, 0xB2,
	0x80, 0x20, 0x2A, 0x78, 0x39, 0x46, 0x50, 0x43, 0xFE, 0xF7, 0xF5, 0xF9,
	0x00, 0x19, 0x01, 0x21, 0x80, 0xB2, 0x49, 0x02, 0x88, 0x42, 0x00, 0xD9,
	0x08, 0x46, 0xF8, 0xBD, 0x71, 0x94, 0x08, 0x20, 0xEE, 0x90, 0x08, 0x20,
	0xF3, 0xB5, 0x0E, 0x21, 0x48, 0x43, 0x48, 0x49, 0x00, 0x25, 0x41, 0x18,
	0x0F, 0x20, 0x80, 0x01, 0x08, 0x18, 0x01, 0x7C, 0xC2, 0x7C, 0x83, 0x7C,
	0x8E, 0x46, 0x41, 0x7C, 0x94, 0x46, 0xD0, 0x1A, 0x42, 0x4A, 0x83, 0xB0,
	0x2E, 0x46, 0x2C, 0x46, 0x02, 0x28, 0x0A, 0xDC, 0x10, 0x79, 0x67, 0x46,
	0x60, 0x45, 0x02, 0xD9, 0x78, 0x1C, 0xC0, 0xB2, 0x84, 0x46, 0x01, 0x2B,
	0x01, 0xD9, 0x5B, 0x1E, 0xDB, 0xB2, 0x70, 0x46, 0x08, 0x1A, 0x02, 0x28,
	0x0A, 0xDC, 0x50, 0x79, 0x88, 0x42, 0x01, 0xD9, 0x49, 0x1C, 0xC9, 0xB2,
	0x70, 0x46, 0x01, 0x28, 0x02, 0xD9, 0x40, 0x1E, 0xC0, 0xB2, 0x86, 0x46,
	0x63, 0x45, 0x29, 0xD8, 0x32, 0x48, 0xC0, 0x7C, 0x80, 0x1C, 0x02, 0x90,
	0x70, 0x46, 0x8E, 0x45, 0x1E, 0xD8, 0x5A, 0x00, 0x52, 0x1E, 0x01, 0x92,
	0x02, 0x9A, 0x5A, 0x43, 0x00, 0x92, 0x12, 0x18, 0x57, 0x00, 0x2C, 0x4A,
	0xBF, 0x18, 0x00, 0x22, 0xBA, 0x5E, 0x00, 0x2A, 0x0A, 0xDD, 0x01, 0x9F,
	0x92, 0x00, 0xBF, 0xB2, 0x57, 0x43, 0xF6, 0x19, 0x47, 0x00, 0x7F, 0x1E,
	0xBF, 0xB2, 0x57, 0x43, 0xED, 0x19, 0xA4, 0x18, 0x40, 0x1C, 0xC0, 0xB2,
	0x88, 0x42, 0x01, 0xD8, 0x00, 0x9A, 0xE6, 0xE7, 0x5B, 0x1C, 0xDB, 0xB2,
	0x63, 0x45, 0xD9, 0xD9, 0x04, 0x98, 0x1F, 0x49, 0x0A, 0x23, 0xEA, 0x01,
	0x58, 0x43, 0xF6, 0x01, 0x45, 0x18, 0x00, 0x2C, 0x09, 0xD0, 0x21, 0x46,
	0x10, 0x46, 0xFE, 0xF7, 0x80, 0xF9, 0xA8, 0x80, 0x21, 0x46, 0x30, 0x46,
	0xFE, 0xF7, 0x7B, 0xF9, 0xE8, 0x80, 0x17, 0x48, 0x81, 0x6A, 0x04, 0x98,
	0x88, 0x47, 0x16, 0x48, 0xC0, 0x69, 0xFF, 0x30, 0x01, 0x30, 0xC0, 0x7A,
	0x02, 0x28, 0x01, 0xD0, 0x04, 0x28, 0x10, 0xD1, 0xE8, 0x88, 0xFF, 0x21,
	0x01, 0x31, 0x88, 0x42, 0x01, 0xD8, 0x40, 0x08, 0x0C, 0xE0, 0x0F, 0x49,
	0x89, 0x89, 0x88, 0x42, 0x07, 0xD3, 0x40, 0x1A, 0x00, 0x04, 0x40, 0x0C,
	0x40, 0x18, 0x80, 0x38, 0xE8, 0x80, 0x05, 0xB0, 0xF0, 0xBD, 0x80, 0x38,
	0xE8, 0x80, 0x05, 0xB0, 0xF0, 0xBD, 0x00, 0x00, 0xE4, 0xA1, 0x08, 0x20,
	0xB1, 0x92, 0x08, 0x20, 0xF1, 0x93, 0x08, 0x20, 0x00, 0x50, 0x02, 0x20,
	0x0C, 0xAA, 0x08, 0x20, 0x44, 0x90, 0x08, 0x20, 0xD8, 0x90, 0x08, 0x20,
	0x88, 0xA9, 0x08, 0x20, 0xF0, 0xB5, 0x4C, 0x49, 0x93, 0xB0, 0x00, 0x20,
	0x08, 0x70, 0x4B, 0x49, 0x01, 0x91, 0x48, 0x81, 0x00, 0x90, 0x02, 0x90,
	0x03, 0x90, 0x04, 0x90, 0x05, 0x90, 0x06, 0x90, 0x07, 0x90, 0x08, 0x90,
	0x09, 0x90, 0x0A, 0x90, 0x0B, 0x90, 0x45, 0x4A, 0x0C, 0x90, 0x0D, 0x90,
	0x0E, 0x90, 0x0F, 0x90, 0x10, 0x90, 0x11, 0x78, 0x00, 0x29, 0x0F, 0xD9,
	0x0F, 0x23, 0x0C, 0xAF, 0x9B, 0x01, 0x0E, 0x24, 0x44, 0x43, 0x38, 0x54,
	0xA4, 0x18, 0xE4, 0x18, 0x46, 0x00, 0xA5, 0x8A, 0x40, 0x1C, 0x02, 0xAC,
	0xC0, 0xB2, 0xA5, 0x53, 0x81, 0x42, 0xF2, 0xD8, 0x11, 0x91, 0x49, 0x08,
	0x02, 0xAC, 0x0C, 0xAB, 0x00, 0x29, 0x28, 0xDD, 0x11, 0x98, 0x0A, 0x46,
	0x81, 0x42, 0x21, 0xDA, 0x48, 0x00, 0x86, 0x46, 0x50, 0x00, 0x20, 0x5E,
	0x84, 0x46, 0x98, 0x5C, 0x12, 0x90, 0x50, 0x1A, 0x06, 0xE0, 0x2F, 0x19,
	0x75, 0x46, 0x7E, 0x53, 0x1E, 0x5C, 0x1F, 0x18, 0x7E, 0x54, 0x40, 0x1A,
	0x00, 0x28, 0x03, 0xDB, 0x45, 0x00, 0x66, 0x5F, 0x66, 0x45, 0xF2, 0xDB,
	0x46, 0x00, 0x65, 0x46, 0x36, 0x19, 0x77, 0x46, 0xF5, 0x53, 0x18, 0x18,
	0x12, 0x9D, 0x45, 0x54, 0x11, 0x98, 0x52, 0x1C, 0x82, 0x42, 0xDF, 0xDB,
	0x49, 0x10, 0x00, 0x29, 0xD6, 0xDC, 0x21, 0x4D, 0x00, 0x24, 0x28, 0x78,
	0x00, 0x28, 0x37, 0xD9, 0xFF, 0x27, 0x0F, 0x26, 0xB6, 0x01, 0x0C, 0xAA,
	0x10, 0x5D, 0x0E, 0x21, 0x41, 0x43, 0x49, 0x19, 0x89, 0x19, 0x89, 0x8A,
	0x00, 0x29, 0x26, 0xD0, 0x00, 0x99, 0xFF, 0xF7, 0xED, 0xFE, 0x20, 0x46,
	0x0A, 0x21, 0x48, 0x43, 0x13, 0x4B, 0x0C, 0xA9, 0xC0, 0x18, 0x87, 0x70,
	0x09, 0x5D, 0x0E, 0x22, 0x51, 0x43, 0x49, 0x19, 0x89, 0x19, 0x8A, 0x8A,
	0x02, 0x81, 0x49, 0x8B, 0x41, 0x81, 0x0E, 0x21, 0x61, 0x43, 0x01, 0x98,
	0x49, 0x19, 0x89, 0x19, 0x40, 0x89, 0x49, 0x8B, 0x88, 0x42, 0x01, 0xD2,
	0x01, 0x98, 0x41, 0x81, 0x18, 0x78, 0x40, 0x1C, 0x18, 0x70, 0x00, 0x98,
	0x40, 0x1C, 0xC0, 0xB2, 0x00, 0x90, 0x0A, 0x28, 0x04, 0xD2, 0x64, 0x1C,
	0x28, 0x78, 0xE4, 0xB2, 0xA0, 0x42, 0xCA, 0xD8, 0x13, 0xB0, 0xF0, 0xBD,
	0x0C, 0xAA, 0x08, 0x20, 0x4C, 0xB1, 0x08, 0x20, 0xE4, 0xA1, 0x08, 0x20,
	0xF8, 0xB5, 0x17, 0x4E, 0x70, 0x7C, 0x17, 0x4F, 0x01, 0x28, 0x05, 0xD0,
	0x70, 0x7C, 0x03, 0x28, 0x20, 0xD0, 0x02, 0x20, 0x30, 0x74, 0xF8, 0xBD,
	0x13, 0x48, 0x04, 0x69, 0xC5, 0x68, 0x00, 0x20, 0xB8, 0x60, 0xFC, 0x60,
	0x11, 0x48, 0x01, 0x21, 0x01, 0x70, 0x01, 0x79, 0xC9, 0x07, 0x05, 0xD0,
	0x05, 0xF0, 0x3C, 0xFA, 0x0D, 0x48, 0x00, 0x79, 0xC0, 0x07, 0xF9, 0xD1,
	0xF8, 0x69, 0xA8, 0x42, 0x01, 0xD0, 0x02, 0x20, 0x30, 0x74, 0xBC, 0x62,
	0xFD, 0x62, 0x09, 0x48, 0x04, 0x60, 0x45, 0x60, 0x03, 0x20, 0xDF, 0xE7,
	0x06, 0x48, 0x01, 0x68, 0xB9, 0x62, 0x40, 0x68, 0xF8, 0x62, 0xF8, 0xBD,
	0x00, 0x00, 0x04, 0x40, 0x00, 0x06, 0x04, 0x40, 0x00, 0xE0, 0x0A, 0x20,
	0x20, 0x06, 0x04, 0x40, 0x00, 0x64, 0x02, 0x20, 0xF8, 0xB5, 0x32, 0x4C,
	0x20, 0x78, 0x00, 0x28, 0x36, 0xD1, 0x20, 0x79, 0x00, 0x28, 0x33, 0xD0,
	0x00, 0x26, 0x2F, 0x4D, 0x66, 0x71, 0x69, 0x78, 0x09, 0x06, 0x2C, 0xD4,
	0x2D, 0x49, 0x09, 0x78, 0x00, 0x29, 0x03, 0xD1, 0x02, 0x28, 0x01, 0xD9,
	0x26, 0x71, 0x24, 0xE0, 0x6A, 0x7C, 0x21, 0x89, 0x8A, 0x42, 0xF9, 0xD8,
	0x6A, 0x8A, 0x8A, 0x42, 0xF6, 0xD3, 0x01, 0x28, 0x02, 0xD0, 0x03, 0x28,
	0x03, 0xD0, 0x18, 0xE0, 0x02, 0x20, 0x20, 0x71, 0x15, 0xE0, 0x23, 0x48,
	0x23, 0x4A, 0x41, 0x88, 0x53, 0x88, 0x00, 0x88, 0x12, 0x88, 0xC9, 0x1A,
	0x80, 0x1A, 0x09, 0xB2, 0x00, 0xB2, 0xFF, 0xF7, 0xE1, 0xF9, 0x29, 0x7D,
	0x88, 0x42, 0x01, 0xD2, 0x50, 0x20, 0x60, 0x71, 0x26, 0x71, 0x60, 0x79,
	0x00, 0x90, 0x50, 0x28, 0x01, 0xD0, 0x66, 0x71, 0xF8, 0xBD, 0x01, 0x20,
	0x20, 0x70, 0xA8, 0x88, 0x60, 0x81, 0x12, 0x48, 0x16, 0x4F, 0x42, 0x8A,
	0x3A, 0x80, 0x81, 0x8A, 0x79, 0x80, 0xC3, 0x8A, 0xBB, 0x80, 0x11, 0x4B,
	0x04, 0x26, 0x5E, 0x71, 0x3B, 0x46, 0xDA, 0x80, 0x19, 0x81, 0xC0, 0x8A,
	0x58, 0x81, 0x20, 0x8B, 0xB8, 0x81, 0x60, 0x8B, 0xF8, 0x81, 0xA0, 0x8B,
	0x38, 0x82, 0x0B, 0x49, 0x0C, 0x48, 0x05, 0xF0, 0x61, 0xFB, 0x0C, 0x48,
	0xAE, 0x72, 0x00, 0x78, 0x00, 0x28, 0xDB, 0xD0, 0x0A, 0xA0, 0x00, 0x99,
	0x05, 0xF0, 0x28, 0xFC, 0xF8, 0xBD, 0x00, 0x00, 0x1E, 0x91, 0x08, 0x20,
	0x2E, 0x90, 0x08, 0x20, 0x2A, 0x91, 0x08, 0x20, 0x30, 0x91, 0x08, 0x20,
	0x36, 0x91, 0x08, 0x20, 0x1C, 0xB2, 0x08, 0x20, 0x2E, 0xB2, 0x08, 0x20,
	0x2D, 0x90, 0x08, 0x20, 0x72, 0x65, 0x73, 0x75, 0x6C, 0x74, 0x3A, 0x20,
	0x25, 0x78, 0x3B, 0x0A, 0x00, 0x00, 0x00, 0x00, 0x70, 0xB5, 0x05, 0x46,
	0x00, 0x20, 0x0C, 0x46, 0x00, 0x2D, 0x23, 0xD0, 0x08, 0x46, 0x64, 0x21,
	0x48, 0x43, 0x29, 0x46, 0xFD, 0xF7, 0xEF, 0xFF, 0x00, 0x28, 0x00, 0xDA,
	0x40, 0x42, 0x02, 0x46, 0x10, 0x49, 0x00, 0x20, 0x43, 0x00, 0xCB, 0x5A,
	0x93, 0x42, 0x03, 0xDC, 0x40, 0x1C, 0xC0, 0xB2, 0x2D, 0x28, 0xF7, 0xD3,
	0x00, 0x2D, 0x04, 0xDD, 0x00, 0x2C, 0x07, 0xDC, 0xB4, 0x21, 0x08, 0x1A,
	0x06, 0xE0, 0x00, 0x2C, 0x03, 0xDD, 0x5A, 0x21, 0x08, 0x1A, 0xC0, 0xB2,
	0x70, 0xBD, 0x5A, 0x30, 0xC0, 0xB2, 0x70, 0xBD, 0x00, 0x2C, 0x01, 0xDD,
	0x2D, 0x20, 0x70, 0xBD, 0x00, 0x29, 0xFC, 0xDA, 0x87, 0x20, 0x70, 0xBD,
	0x30, 0x7D, 0x00, 0x00, 0xF8, 0xB5, 0x40, 0x21, 0x39, 0x48, 0xFD, 0xF7,
	0xB0, 0xFF, 0xE0, 0x21, 0x38, 0x48, 0xFD, 0xF7, 0xAC, 0xFF, 0x09, 0x21,
	0x37, 0x48, 0xFD, 0xF7, 0xA8, 0xFF, 0x34, 0x4E, 0x00, 0x25, 0x35, 0x70,
	0x75, 0x70, 0xB5, 0x70, 0x75, 0x71, 0x20, 0x20, 0x70, 0x72, 0x89, 0x21,
	0xB1, 0x72, 0x06, 0x21, 0xF1, 0x72, 0x30, 0x73, 0x03, 0x20, 0x70, 0x73,
	0xB5, 0x73, 0xF5, 0x73, 0x2E, 0x4C, 0x65, 0x76, 0xA5, 0x77, 0x04, 0x20,
	0x01, 0xF0, 0xB8, 0xF9, 0x07, 0x46, 0x08, 0x20, 0x01, 0xF0, 0xB4, 0xF9,
	0x01, 0x01, 0x39, 0x43, 0x31, 0x74, 0x00, 0x2F, 0x06, 0xD1, 0x04, 0x20,
	0x01, 0xF0, 0xE4, 0xF9, 0x00, 0x21, 0x04, 0x20, 0x01, 0xF0, 0x9A, 0xFA,
	0xB5, 0x71, 0xF5, 0x71, 0x01, 0x27, 0x37, 0x72, 0x1E, 0x48, 0x22, 0x49,
	0xC1, 0x74, 0x0A, 0x0A, 0x02, 0x75, 0x0A, 0x0C, 0x42, 0x75, 0x09, 0x0E,
	0x81, 0x75, 0x1F, 0x49, 0x21, 0x71, 0x0A, 0x0A, 0x62, 0x71, 0x0A, 0x0C,
	0xA2, 0x71, 0x09, 0x0E, 0xE1, 0x71, 0x1C, 0x49, 0x21, 0x72, 0x0A, 0x0A,
	0x62, 0x72, 0x0A, 0x0C, 0xA2, 0x72, 0x09, 0x0E, 0xE1, 0x72, 0x1A, 0x49,
	0x18, 0x4A, 0x0A, 0x75, 0x13, 0x0A, 0x4B, 0x75, 0x13, 0x0C, 0x8B, 0x75,
	0x12, 0x0E, 0xCA, 0x75, 0xC5, 0x75, 0x29, 0x0A, 0x01, 0x76, 0x29, 0x0C,
	0x41, 0x76, 0x29, 0x0E, 0x81, 0x76, 0xF5, 0x76, 0x35, 0x77, 0x0B, 0x48,
	0x29, 0x0A, 0x45, 0x71, 0x81, 0x71, 0x29, 0x0C, 0xC1, 0x71, 0x29, 0x0E,
	0x01, 0x72, 0x22, 0x20, 0xB0, 0x77, 0x30, 0x7C, 0x22, 0x28, 0x03, 0xD0,
	0xF5, 0x77, 0xE5, 0x74, 0x25, 0x75, 0xF8, 0xBD, 0xF7, 0x77, 0xFA, 0xE7,
	0x88, 0x91, 0x08, 0x20, 0xC8, 0x91, 0x08, 0x20, 0xA8, 0x92, 0x08, 0x20,
	0xA8, 0x91, 0x08, 0x20, 0x00, 0x58, 0x02, 0x20, 0x00, 0x40, 0x02, 0x20,
	0x00, 0x48, 0x02, 0x20, 0x2C, 0x6E, 0x02, 0x20, 0xA9, 0x91, 0x08, 0x20,
	0xF8, 0xB5, 0x00, 0x20, 0x04, 0xF0, 0x0A, 0xFB, 0x34, 0x48, 0x00, 0x27,
	0x87, 0x70, 0x47, 0x71, 0x47, 0x70, 0x00, 0x78, 0x02, 0x28, 0x5C, 0xD1,
	0x31, 0x4C, 0x01, 0x25, 0x20, 0x46, 0x20, 0x30, 0xFF, 0x34, 0xAD, 0x07,
	0x81, 0x34, 0x00, 0x90, 0x05, 0xF0, 0xCC, 0xF8, 0x2D, 0x48, 0x01, 0x23,
	0x03, 0x73, 0x2D, 0x4E, 0x02, 0x21, 0x31, 0x77, 0x00, 0x99, 0x49, 0x78,
	0x4A, 0x08, 0x20, 0x21, 0x0A, 0x43, 0x72, 0x77, 0x29, 0x4A, 0x04, 0x21,
	0x11, 0x75, 0x07, 0x82, 0x28, 0x49, 0x41, 0x82, 0x28, 0x4E, 0x30, 0x7E,
	0x30, 0x21, 0x98, 0x43, 0x08, 0x43, 0x08, 0x43, 0x30, 0x76, 0x26, 0x4A,
	0x90, 0x88, 0x91, 0x15, 0x08, 0x43, 0x90, 0x80, 0x24, 0x48, 0x41, 0x68,
	0x5A, 0x03, 0x91, 0x43, 0x41, 0x60, 0x81, 0x68, 0xA9, 0x43, 0x81, 0x60,
	0x21, 0x49, 0x0B, 0x76, 0x21, 0x4A, 0x17, 0x70, 0x0F, 0x77, 0xC2, 0x68,
	0x0F, 0x21, 0x09, 0x04, 0x8A, 0x43, 0xC2, 0x60, 0x22, 0x7F, 0xA1, 0x7F,
	0x30, 0x7E, 0x00, 0x2A, 0x07, 0xD0, 0x00, 0x09, 0x00, 0x01, 0x49, 0x00,
	0x01, 0x43, 0x30, 0x20, 0x01, 0x43, 0xC8, 0xB2, 0x02, 0xE0, 0x18, 0x43,
	0xCF, 0x21, 0x08, 0x40, 0x30, 0x76, 0x0B, 0x4E, 0xB3, 0x70, 0xB0, 0x78,
	0x00, 0x28, 0x07, 0xD0, 0x05, 0xF0, 0x84, 0xF8, 0x30, 0x78, 0x02, 0x28,
	0x02, 0xD1, 0xB0, 0x78, 0x00, 0x28, 0xF7, 0xD1, 0x05, 0xF0, 0xA2, 0xF9,
	0x30, 0x78, 0x02, 0x28, 0xAA, 0xD0, 0x02, 0x48, 0x87, 0x70, 0x01, 0x21,
	0x41, 0x70, 0xF8, 0xBD, 0x88, 0x91, 0x08, 0x20, 0xB1, 0x92, 0x08, 0x20,
	0xA0, 0x08, 0x04, 0x40, 0x40, 0x08, 0x04, 0x40, 0x60, 0x08, 0x04, 0x40,
	0xFF, 0x3F, 0x00, 0x00, 0x80, 0x01, 0x04, 0x40, 0x00, 0x00, 0x04, 0x40,
	0x00, 0x01, 0x04, 0x40, 0x20, 0x01, 0x04, 0x40, 0x40, 0x01, 0x04, 0x40,
	0xFF, 0xB5, 0x8F, 0xB0, 0x01, 0x90, 0x88, 0x48, 0x0E, 0x46, 0x0A, 0x90,
	0x41, 0x7A, 0x02, 0x7A, 0x08, 0x02, 0x10, 0x43, 0x01, 0x21, 0x40, 0x1D,
	0x81, 0x40, 0x88, 0xB2, 0x02, 0x90, 0x00, 0x20, 0x00, 0x90, 0x01, 0x98,
	0x18, 0x9C, 0x00, 0x28, 0x7E, 0xD9, 0x70, 0x08, 0x0C, 0x90, 0x7F, 0x48,
	0x0B, 0x90, 0x00, 0x22, 0x11, 0x46, 0x94, 0x46, 0x10, 0x46, 0x00, 0x2E,
	0x2E, 0xD9, 0x12, 0x9D, 0x00, 0x9B, 0x6B, 0x43, 0x11, 0x9D, 0x5B, 0x00,
	0x5D, 0x19, 0x00, 0x2C, 0x02, 0xD0, 0x01, 0x2C, 0x05, 0xD0, 0x08, 0xE0,
	0x76, 0x4B, 0x1B, 0x5C, 0x01, 0x2B, 0x18, 0xD0, 0x03, 0xE0, 0x74, 0x4B,
	0x1B, 0x5C, 0x02, 0x2B, 0x13, 0xD0, 0x43, 0x00, 0xEB, 0x5E, 0x00, 0x2B,
	0x00, 0xDA, 0x5B, 0x42, 0x02, 0x9F, 0x1B, 0xB2, 0xBB, 0x42, 0x01, 0xDB,
	0x52, 0x1C, 0xD2, 0xB2, 0x08, 0x2B, 0x01, 0xDA, 0x49, 0x1C, 0xC9, 0xB2,
	0x0C, 0x9B, 0x9A, 0x42, 0x7E, 0xD2, 0x99, 0x42, 0x7C, 0xD2, 0x40, 0x1C,
	0xC0, 0xB2, 0xB0, 0x42, 0xD9, 0xD3, 0x60, 0x46, 0x00, 0x28, 0x75, 0xD1,
	0x00, 0x20, 0x04, 0x90, 0x05, 0x90, 0x06, 0x90, 0x05, 0x46, 0x07, 0x90,
	0x00, 0x2E, 0x28, 0xD9, 0x12, 0x99, 0x00, 0x98, 0x48, 0x43, 0x11, 0x99,
	0x40, 0x00, 0x47, 0x18, 0x00, 0x2C, 0x02, 0xD0, 0x01, 0x2C, 0x05, 0xD0,
	0x08, 0xE0, 0x5B, 0x48, 0x40, 0x5D, 0x01, 0x28, 0x15, 0xD0, 0x03, 0xE0,
	0x58, 0x48, 0x40, 0x5D, 0x02, 0x28, 0x10, 0xD0, 0x69, 0x00, 0x78, 0x5E,
	0x00, 0x28, 0x01, 0xDB, 0x01, 0x46, 0x00, 0xE0, 0x41, 0x42, 0x02, 0x9A,
	0x91, 0x42, 0x06, 0xDA, 0x11, 0x46, 0x03, 0xF0, 0x0F, 0xFA, 0x04, 0xA9,
	0x0A, 0x5C, 0x52, 0x1C, 0x0A, 0x54, 0x6D, 0x1C, 0xED, 0xB2, 0xB5, 0x42,
	0xDC, 0xD3, 0x69, 0x46, 0x10, 0x20, 0x08, 0x56, 0x08, 0x90, 0x00, 0x20,
	0x09, 0x90, 0x01, 0x20, 0x04, 0xAA, 0x11, 0x56, 0x08, 0x9B, 0x99, 0x42,
	0x01, 0xDD, 0x08, 0x91, 0x09, 0x90, 0x40, 0x1C, 0xC0, 0xB2, 0x10, 0x28,
	0xF5, 0xD3, 0x00, 0x25, 0x2F, 0x46, 0x00, 0xE0, 0x76, 0xE0, 0x00, 0x2E,
	0x2B, 0xD9, 0x12, 0x99, 0x00, 0x98, 0x48, 0x43, 0x11, 0x99, 0x40, 0x00,
	0x40, 0x18, 0x0D, 0x90, 0x00, 0x2C, 0x02, 0xD0, 0x01, 0x2C, 0x05, 0xD0,
	0x08, 0xE0, 0x3A, 0x48, 0xC0, 0x5D, 0x01, 0x28, 0x17, 0xD0, 0x03, 0xE0,
	0x37, 0x48, 0xC0, 0x5D, 0x02, 0x28, 0x12, 0xD0, 0x0D, 0x98, 0x79, 0x00,
	0x40, 0x5E, 0x03, 0x90, 0x00, 0x28, 0x00, 0xDA, 0x40, 0x42, 0x02, 0x99,
	0x88, 0x42, 0x08, 0xDA, 0x03, 0x98, 0x03, 0xF0, 0xCD, 0xF9, 0x01, 0x46,
	0x09, 0x98, 0x81, 0x42, 0x01, 0xD1, 0x03, 0x98, 0x2D, 0x18, 0x7F, 0x1C,
	0xFF, 0xB2, 0xB7, 0x42, 0xDA, 0xD3, 0x00, 0xE0, 0x3E, 0xE0, 0x08, 0x98,
	0x00, 0x28, 0x04, 0xD0, 0x01, 0x46, 0x28, 0x46, 0xFD, 0xF7, 0xEF, 0xFD,
	0x05, 0x46, 0x0B, 0x98, 0x80, 0x7D, 0x00, 0x28, 0x03, 0xD1, 0x0A, 0x98,
	0xC0, 0x78, 0xA8, 0x42, 0x2E, 0xDB, 0x00, 0x20, 0x00, 0x2E, 0x2B, 0xD9,
	0x12, 0x9A, 0x00, 0x99, 0x51, 0x43, 0x11, 0x9A, 0x49, 0x00, 0x8F, 0x18,
	0x00, 0x2C, 0x02, 0xD0, 0x01, 0x2C, 0x05, 0xD0, 0x08, 0xE0, 0x1A, 0x49,
	0x09, 0x5C, 0x01, 0x29, 0x18, 0xD0, 0x03, 0xE0, 0x17, 0x49, 0x09, 0x5C,
	0x02, 0x29, 0x13, 0xD0, 0x41, 0x00, 0x7A, 0x18, 0x00, 0x21, 0x51, 0x5E,
	0x00, 0x2D, 0x05, 0xDD, 0x49, 0x1B, 0x09, 0xB2, 0x00, 0x29, 0x1B, 0xDD,
	0x11, 0x80, 0x07, 0xE0, 0x00, 0x29, 0x13, 0xDB, 0x0A, 0x9B, 0xDB, 0x78,
	0x8B, 0x42, 0x01, 0xDA, 0x49, 0x1B, 0x11, 0x80, 0x40, 0x1C, 0xC0, 0xB2,
	0xB0, 0x42, 0xD9, 0xD3, 0x00, 0x98, 0x01, 0x99, 0x40, 0x1C, 0xC0, 0xB2,
	0x00, 0x90, 0x88, 0x42, 0x00, 0xD2, 0x0C, 0xE7, 0x13, 0xB0, 0xF0, 0xBD,
	0x49, 0x1B, 0x09, 0xB2, 0x00, 0x29, 0xE3, 0xDB, 0x00, 0x21, 0xE1, 0xE7,
	0x11, 0x93, 0x08, 0x20, 0x71, 0x94, 0x08, 0x20, 0xE8, 0x98, 0x08, 0x20,
	0xF7, 0xB5, 0x88, 0xB0, 0x00, 0x25, 0x0A, 0x9A, 0x2C, 0x46, 0x00, 0x2A,
	0x36, 0xD9, 0x09, 0x07, 0x0C, 0x26, 0x00, 0x07, 0x05, 0x90, 0x1A, 0x48,
	0x06, 0x91, 0x04, 0x90, 0x19, 0x48, 0x1A, 0x4A, 0xC0, 0x69, 0x84, 0x46,
	0xFF, 0x30, 0x41, 0x30, 0xC1, 0x7C, 0x56, 0x70, 0x49, 0x00, 0x69, 0x43,
	0xC9, 0x04, 0xC9, 0x0C, 0x8E, 0x46, 0xC7, 0x7C, 0x06, 0x9A, 0x3B, 0x04,
	0x1A, 0x43, 0x11, 0x43, 0x05, 0x9A, 0x00, 0x27, 0x1A, 0x43, 0x73, 0x46,
	0x1A, 0x43, 0x01, 0x97, 0x03, 0x96, 0x00, 0x92, 0x02, 0x91, 0x00, 0x7D,
	0x06, 0x22, 0x01, 0x04, 0x01, 0x20, 0x00, 0x07, 0x0B, 0x18, 0x60, 0x46,
	0x41, 0x79, 0x04, 0x98, 0x80, 0x78, 0xFE, 0xF7, 0x3F, 0xF9, 0x04, 0x98,
	0x64, 0x1C, 0x80, 0x78, 0xE4, 0xB2, 0x40, 0x19, 0xC5, 0xB2, 0x0A, 0x98,
	0x84, 0x42, 0xCF, 0xD3, 0x0B, 0xB0, 0xF0, 0xBD, 0xA8, 0xA9, 0x08, 0x20,
	0xD8, 0x90, 0x08, 0x20, 0x00, 0x0A, 0x04, 0x40, 0x70, 0x47, 0x00, 0x00,
	0xF0, 0xB5, 0x9D, 0x48, 0x01, 0x27, 0xC1, 0x69, 0x67, 0x20, 0x40, 0x5C,
	0x9B, 0x4D, 0x8F, 0xB0, 0x00, 0x28, 0x15, 0xD0, 0x9A, 0x48, 0x00, 0x24,
	0x9A, 0x4B, 0x84, 0x62, 0x1C, 0x77, 0xDC, 0x76, 0x4A, 0x79, 0x20, 0x46,
	0x00, 0x2A, 0x1B, 0xD9, 0x02, 0x26, 0x97, 0x4A, 0x12, 0x18, 0x20, 0x32,
	0x52, 0x78, 0xD2, 0x07, 0x0B, 0xD0, 0x1F, 0x54, 0x1A, 0x7F, 0x52, 0x1C,
	0x1A, 0x77, 0x0A, 0xE0, 0xFF, 0x31, 0xC1, 0x31, 0x08, 0x7E, 0x00, 0x28,
	0x2F, 0xD1, 0x0F, 0xB0, 0xF0, 0xBD, 0x1E, 0x54, 0xDA, 0x7E, 0x52, 0x1C,
	0xDA, 0x76, 0x40, 0x1C, 0x4A, 0x79, 0xC0, 0xB2, 0x82, 0x42, 0xE4, 0xD8,
	0xFF, 0x31, 0x00, 0x94, 0x41, 0x31, 0xC8, 0x7C, 0x89, 0x4E, 0x80, 0x1C,
	0xC3, 0xB2, 0xE8, 0x7C, 0x81, 0x4C, 0x41, 0x00, 0x85, 0x48, 0x0A, 0x18,
	0x71, 0x78, 0x30, 0x78, 0xFF, 0xF7, 0x5E, 0xFE, 0x00, 0x97, 0xE0, 0x69,
	0xFF, 0x30, 0x41, 0x30, 0xC0, 0x7C, 0x80, 0x1C, 0xC3, 0xB2, 0xE8, 0x7C,
	0x41, 0x00, 0x7E, 0x48, 0x0A, 0x18, 0x71, 0x78, 0x30, 0x78, 0xFF, 0xF7,
	0x4F, 0xFE, 0xE0, 0x69, 0xFF, 0x30, 0xC1, 0x30, 0x00, 0x7E, 0x00, 0x28,
	0xCF, 0xD0, 0xE9, 0x7C, 0x78, 0x48, 0x4A, 0x00, 0x76, 0x49, 0x04, 0x78,
	0x56, 0x18, 0x70, 0x49, 0x40, 0x78, 0xC9, 0x69, 0xFF, 0x31, 0x41, 0x31,
	0xC9, 0x7C, 0x01, 0x90, 0x89, 0x1C, 0x73, 0x48, 0xCD, 0xB2, 0x41, 0x7E,
	0x02, 0x7E, 0x08, 0x02, 0x10, 0x43, 0x40, 0x1D, 0x87, 0x40, 0xB8, 0xB2,
	0x02, 0x90, 0x00, 0x20, 0x00, 0x90, 0x01, 0x98, 0x00, 0x28, 0xB2, 0xD9,
	0x60, 0x08, 0x0D, 0x90, 0x67, 0x48, 0x01, 0x46, 0xFF, 0x31, 0xC1, 0x31,
	0x60, 0x30, 0x0C, 0x91, 0x0B, 0x90, 0x00, 0x22, 0x11, 0x46, 0x96, 0x46,
	0x10, 0x46, 0x00, 0x2C, 0x21, 0xD9, 0x00, 0x9B, 0x5B, 0x00, 0x9C, 0x46,
	0x03, 0x46, 0x6B, 0x43, 0x5B, 0x00, 0x9B, 0x19, 0x67, 0x46, 0xDB, 0x5F,
	0x00, 0x2B, 0x00, 0xDA, 0x5B, 0x42, 0x02, 0x9F, 0x1B, 0xB2, 0xBB, 0x42,
	0x01, 0xDB, 0x52, 0x1C, 0xD2, 0xB2, 0x08, 0x2B, 0x01, 0xDA, 0x49, 0x1C,
	0xC9, 0xB2, 0x0D, 0x9B, 0x9A, 0x42, 0x7D, 0xD2, 0x99, 0x42, 0x7B, 0xD2,
	0x40, 0x1C, 0xC0, 0xB2, 0xA0, 0x42, 0xE3, 0xD3, 0x70, 0x46, 0x00, 0x28,
	0x74, 0xD1, 0x00, 0x20, 0x04, 0x90, 0x05, 0x90, 0x06, 0x90, 0x07, 0x46,
	0x07, 0x90, 0x00, 0x2C, 0x1B, 0xD9, 0x00, 0x98, 0x40, 0x00, 0x03, 0x90,
	0x38, 0x46, 0x68, 0x43, 0x40, 0x00, 0x81, 0x19, 0x03, 0x98, 0x08, 0x5E,
	0x00, 0x28, 0x01, 0xDB, 0x01, 0x46, 0x00, 0xE0, 0x41, 0x42, 0x02, 0x9A,
	0x91, 0x42, 0x06, 0xDA, 0x11, 0x46, 0x03, 0xF0, 0x65, 0xF8, 0x04, 0xA9,
	0x0A, 0x5C, 0x52, 0x1C, 0x0A, 0x54, 0x7F, 0x1C, 0xFF, 0xB2, 0xA7, 0x42,
	0xE6, 0xD3, 0x69, 0x46, 0x10, 0x20, 0x08, 0x56, 0x0A, 0x90, 0x00, 0x20,
	0x08, 0x90, 0x01, 0x20, 0x04, 0xAA, 0x11, 0x56, 0x0A, 0x9B, 0x99, 0x42,
	0x01, 0xDD, 0x0A, 0x91, 0x08, 0x90, 0x40, 0x1C, 0xC0, 0xB2, 0x10, 0x28,
	0xF5, 0xD3, 0x00, 0x20, 0x07, 0x46, 0x09, 0x90, 0x00, 0x2C, 0x1D, 0xD9,
	0x00, 0x98, 0x40, 0x00, 0x0E, 0x90, 0x38, 0x46, 0x68, 0x43, 0x40, 0x00,
	0x81, 0x19, 0x0E, 0x98, 0x08, 0x5E, 0x03, 0x90, 0x00, 0x28, 0x00, 0xDA,
	0x40, 0x42, 0x02, 0x99, 0x88, 0x42, 0x09, 0xDA, 0x03, 0x98, 0x03, 0xF0,
	0x33, 0xF8, 0x08, 0x99, 0x88, 0x42, 0x03, 0xD1, 0x03, 0x99, 0x09, 0x98,
	0x40, 0x18, 0x09, 0x90, 0x7F, 0x1C, 0xFF, 0xB2, 0xA7, 0x42, 0xE4, 0xD3,
	0x0A, 0x99, 0x09, 0x98, 0xFD, 0xF7, 0x59, 0xFC, 0x0C, 0x99, 0xC9, 0x7D,
	0x00, 0x29, 0x03, 0xD1, 0x0B, 0x99, 0xC9, 0x78, 0x81, 0x42, 0x28, 0xDB,
	0x00, 0x23, 0x00, 0x2C, 0x25, 0xD9, 0x00, 0x99, 0x49, 0x00, 0x8C, 0x46,
	0x19, 0x46, 0x69, 0x43, 0x49, 0x00, 0x8A, 0x19, 0x62, 0x44, 0x00, 0x21,
	0x51, 0x5E, 0x00, 0x28, 0x07, 0xDD, 0x00, 0xE0, 0x17, 0xE0, 0x09, 0x1A,
	0x09, 0xB2, 0x00, 0x29, 0x0E, 0xDC, 0x00, 0x21, 0x0C, 0xE0, 0x00, 0x29,
	0x06, 0xDB, 0x0B, 0x9F, 0xFF, 0x78, 0x8F, 0x42, 0x07, 0xDA, 0x09, 0x1A,
	0x11, 0x80, 0x04, 0xE0, 0x09, 0x1A, 0x09, 0xB2, 0x00, 0x29, 0xF0, 0xDA,
	0x11, 0x80, 0x5B, 0x1C, 0xDB, 0xB2, 0xA3, 0x42, 0xDC, 0xD3, 0x00, 0x98,
	0x01, 0x99, 0x40, 0x1C, 0xC0, 0xB2, 0x00, 0x90, 0x88, 0x42, 0x00, 0xD2,
	0x41, 0xE7, 0x0F, 0xB0, 0xF0, 0xBD, 0x00, 0x00, 0xD8, 0x90, 0x08, 0x20,
	0xF1, 0x93, 0x08, 0x20, 0xC0, 0x98, 0x08, 0x20, 0xE8, 0x98, 0x08, 0x20,
	0xB1, 0x92, 0x08, 0x20, 0x06, 0x50, 0x02, 0x20, 0x88, 0xA9, 0x08, 0x20,
	0x72, 0x94, 0x08, 0x20, 0xF0, 0xB5, 0x5A, 0x4F, 0x62, 0x21, 0xF8, 0x69,
	0x85, 0xB0, 0x09, 0x5C, 0x00, 0x25, 0xFF, 0x30, 0x00, 0x95, 0x02, 0x95,
	0x41, 0x30, 0x03, 0x95, 0x01, 0x91, 0xC0, 0x7C, 0x56, 0x4E, 0x01, 0x04,
	0x53, 0x48, 0x0B, 0x22, 0x0B, 0x18, 0x53, 0x48, 0x71, 0x78, 0x40, 0x79,
	0x40, 0x00, 0x80, 0x1D, 0x03, 0x43, 0x30, 0x78, 0xFD, 0xF7, 0xC4, 0xFF,
	0x50, 0x48, 0xC0, 0x6A, 0x50, 0x4C, 0xE0, 0x61, 0xF8, 0x69, 0x03, 0x46,
	0xA2, 0x30, 0x41, 0x78, 0x02, 0x78, 0x09, 0x06, 0x09, 0x14, 0x11, 0x43,
	0xFF, 0x33, 0x00, 0x95, 0x02, 0x95, 0x41, 0x33, 0x03, 0x95, 0x01, 0x91,
	0xD8, 0x7C, 0x0C, 0x22, 0x01, 0x04, 0x43, 0x48, 0x0B, 0x18, 0x43, 0x48,
	0x71, 0x78, 0x40, 0x79, 0x40, 0x00, 0x80, 0x1D, 0x03, 0x43, 0x30, 0x78,
	0xFD, 0xF7, 0xA4, 0xFF, 0x40, 0x48, 0xC0, 0x6A, 0x20, 0x62, 0xF8, 0x69,
	0x61, 0x21, 0x09, 0x5C, 0xFF, 0x30, 0x00, 0x95, 0x02, 0x95, 0x41, 0x30,
	0x03, 0x95, 0x01, 0x91, 0xC0, 0x7C, 0x09, 0x22, 0x01, 0x04, 0x36, 0x48,
	0x0B, 0x18, 0x36, 0x48, 0x71, 0x78, 0x40, 0x79, 0x40, 0x00, 0x80, 0x1D,
	0x03, 0x43, 0x30, 0x78, 0xFD, 0xF7, 0x8A, 0xFF, 0x33, 0x48, 0xC0, 0x6A,
	0xA0, 0x62, 0xF8, 0x69, 0x01, 0x46, 0xA2, 0x30, 0x42, 0x78, 0x00, 0x78,
	0x12, 0x06, 0x12, 0x14, 0x02, 0x43, 0xFF, 0x31, 0x00, 0x95, 0x02, 0x95,
	0x41, 0x31, 0x03, 0x95, 0x01, 0x92, 0xC8, 0x7C, 0x0A, 0x22, 0x01, 0x04,
	0x26, 0x48, 0x0B, 0x18, 0x26, 0x48, 0x71, 0x78, 0x40, 0x79, 0x40, 0x00,
	0x80, 0x1D, 0x03, 0x43, 0x30, 0x78, 0xFD, 0xF7, 0x6B, 0xFF, 0x24, 0x48,
	0xC0, 0x6A, 0x00, 0x28, 0x00, 0xDA, 0x40, 0x42, 0xE0, 0x62, 0xF8, 0x69,
	0x60, 0x21, 0x09, 0x5C, 0xFF, 0x30, 0x00, 0x95, 0x02, 0x95, 0x41, 0x30,
	0x03, 0x95, 0x01, 0x91, 0xC0, 0x7C, 0x0B, 0x22, 0x01, 0x04, 0x18, 0x48,
	0x0B, 0x18, 0x18, 0x48, 0x71, 0x78, 0x40, 0x79, 0x40, 0x00, 0x80, 0x1D,
	0x03, 0x43, 0x30, 0x78, 0xFD, 0xF7, 0x4E, 0xFF, 0x15, 0x48, 0xC0, 0x6A,
	0x60, 0x62, 0xA2, 0x6A, 0x38, 0x6A, 0x80, 0x1A, 0x00, 0xD5, 0x40, 0x42,
	0x13, 0x49, 0xC8, 0x28, 0x11, 0xDA, 0xE0, 0x6A, 0x7B, 0x6A, 0x18, 0x1A,
	0x00, 0xD5, 0x40, 0x42, 0xC8, 0x28, 0x0A, 0xDA, 0xB8, 0x78, 0x14, 0x28,
	0x03, 0xD9, 0x01, 0x20, 0x48, 0x72, 0x05, 0xB0, 0xF0, 0xBD, 0x40, 0x1C,
	0xB8, 0x70, 0x05, 0xB0, 0xF0, 0xBD, 0xBD, 0x70, 0x4D, 0x72, 0x3A, 0x62,
	0xE0, 0x6A, 0x78, 0x62, 0x05, 0xB0, 0xF0, 0xBD, 0xD8, 0x90, 0x08, 0x20,
	0x00, 0x00, 0x02, 0x40, 0xB1, 0x92, 0x08, 0x20, 0x88, 0xA9, 0x08, 0x20,
	0x00, 0x0A, 0x04, 0x40, 0x0C, 0xB1, 0x08, 0x20, 0x4C, 0xB1, 0x08, 0x20,
	0x0B, 0x48, 0x0E, 0x21, 0x41, 0x5E, 0x0B, 0x48, 0xC0, 0x78, 0xC1, 0x42,
	0x03, 0xD5, 0x0A, 0x48, 0x00, 0x78, 0x00, 0x28, 0x08, 0xD0, 0x09, 0x48,
	0xC0, 0x7E, 0x00, 0x28, 0x04, 0xD0, 0x08, 0x48, 0x80, 0x7A, 0x00, 0x28,
	0x01, 0xD0, 0x00, 0x20, 0x70, 0x47, 0x01, 0x20, 0x70, 0x47, 0x00, 0x00,
	0x4C, 0xB1, 0x08, 0x20, 0x11, 0x93, 0x08, 0x20, 0xE4, 0xA1, 0x08, 0x20,
	0x2C, 0xB1, 0x08, 0x20, 0xCC, 0xAA, 0x08, 0x20, 0x23, 0x48, 0x00, 0x22,
	0xC0, 0x69, 0x60, 0x30, 0x84, 0x46, 0x80, 0x7D, 0x00, 0x28, 0x3D, 0xD0,
	0xF0, 0xB5, 0x20, 0x4B, 0x01, 0x21, 0x58, 0x78, 0x86, 0x46, 0x01, 0x28,
	0x22, 0xD3, 0x1E, 0x48, 0x1C, 0x78, 0xC6, 0x7C, 0xB6, 0x1C, 0x01, 0x20,
	0x01, 0x2C, 0x17, 0xD3, 0x63, 0x46, 0x5D, 0x7E, 0x1B, 0x7E, 0x2D, 0x02,
	0x1D, 0x43, 0x33, 0x46, 0x43, 0x43, 0x5B, 0x18, 0x5F, 0x00, 0x17, 0x4B,
	0xFF, 0x18, 0x00, 0x23, 0xFB, 0x5E, 0x00, 0x2B, 0x00, 0xDA, 0x5B, 0x42,
	0xAB, 0x42, 0x01, 0xDD, 0x52, 0x1C, 0xD2, 0xB2, 0x40, 0x1C, 0xC0, 0xB2,
	0x84, 0x42, 0xEC, 0xD2, 0x49, 0x1C, 0xC9, 0xB2, 0x8E, 0x45, 0xE0, 0xD2,
	0x60, 0x46, 0xC0, 0x7D, 0x09, 0x49, 0x90, 0x42, 0x0B, 0xD8, 0x08, 0x78,
	0x40, 0x1C, 0xC0, 0xB2, 0x08, 0x70, 0x03, 0x28, 0x04, 0xD9, 0x09, 0x48,
	0x01, 0x7A, 0x49, 0x08, 0x49, 0x00, 0x01, 0x72, 0xF0, 0xBD, 0x00, 0x20,
	0x08, 0x70, 0xF0, 0xBD, 0x70, 0x47, 0x00, 0x00, 0xD8, 0x90, 0x08, 0x20,
	0x88, 0xA9, 0x08, 0x20, 0xF1, 0x93, 0x08, 0x20, 0x00, 0x50, 0x02, 0x20,
	0x00, 0x00, 0x04, 0x40, 0xF8, 0xB5, 0x00, 0x20, 0x03, 0xF0, 0xA0, 0xFE,
	0x1A, 0x4D, 0x00, 0x27, 0xAF, 0x70, 0x6F, 0x71, 0x19, 0x4C, 0x27, 0x74,
	0x67, 0x76, 0x6F, 0x70, 0x03, 0xF0, 0x64, 0xF8, 0x04, 0xF0, 0x20, 0xFC,
	0x03, 0xF0, 0xFC, 0xF8, 0x28, 0x78, 0x01, 0x26, 0x01, 0x28, 0x1B, 0xD1,
	0x04, 0xF0, 0x60, 0xFC, 0x26, 0x74, 0x04, 0xF0, 0x15, 0xFC, 0x03, 0xF0,
	0xF1, 0xF8, 0x04, 0xF0, 0xFF, 0xFB, 0x02, 0xF0, 0x19, 0xF8, 0x04, 0xF0,
	0x7B, 0xFD, 0xAE, 0x70, 0xA8, 0x78, 0x00, 0x28, 0x07, 0xD0, 0x04, 0xF0,
	0x4F, 0xFC, 0x28, 0x78, 0x01, 0x28, 0x02, 0xD1, 0xA8, 0x78, 0x00, 0x28,
	0xF7, 0xD1, 0x28, 0x78, 0x01, 0x28, 0xE3, 0xD0, 0x6E, 0x70, 0xAF, 0x70,
	0x04, 0x48, 0x01, 0x7C, 0x89, 0x07, 0xFC, 0xD5, 0xF8, 0xBD, 0x00, 0x00,
	0x88, 0x91, 0x08, 0x20, 0xA8, 0x91, 0x08, 0x20, 0x60, 0x08, 0x04, 0x40,
	0xF8, 0xB5, 0x15, 0x4E, 0x00, 0x25, 0xB0, 0x7F, 0x2C, 0x46, 0x00, 0x28,
	0x22, 0xD9, 0x13, 0x4F, 0x0A, 0x20, 0x60, 0x43, 0x13, 0x22, 0xC0, 0x19,
	0x52, 0x01, 0x81, 0x18, 0x08, 0x78, 0x3B, 0x18, 0x1B, 0x20, 0x80, 0x01,
	0x18, 0x18, 0x80, 0x7D, 0x01, 0x28, 0x03, 0xD0, 0x02, 0x28, 0x01, 0xD0,
	0x03, 0x28, 0x0A, 0xD1, 0xA5, 0x42, 0x06, 0xD0, 0x0A, 0x20, 0x68, 0x43,
	0xC0, 0x19, 0x80, 0x18, 0x0A, 0x22, 0xFD, 0xF7, 0xFA, 0xF9, 0x6D, 0x1C,
	0xED, 0xB2, 0x64, 0x1C, 0xB0, 0x7F, 0xE4, 0xB2, 0xA0, 0x42, 0xDD, 0xD8,
	0xB5, 0x77, 0xF8, 0xBD, 0x4C, 0xAC, 0x08, 0x20, 0x0C, 0xAA, 0x08, 0x20,
	0xF0, 0xB5, 0x87, 0xB0, 0xFE, 0xF7, 0x1E, 0xF8, 0x04, 0xF0, 0xE0, 0xF9,
	0xFD, 0xF7, 0xE0, 0xFE, 0x01, 0xF0, 0x54, 0xFC, 0x19, 0x27, 0x0F, 0x26,
	0x00, 0x20, 0x7F, 0x01, 0xB6, 0x01, 0x1B, 0x25, 0xE1, 0x4B, 0xAD, 0x01,
	0x19, 0x18, 0x49, 0x19, 0x8A, 0x7D, 0x01, 0x2A, 0x0C, 0xD1, 0x89, 0x78,
	0x50, 0x22, 0x51, 0x43, 0xCA, 0x18, 0xC1, 0x00, 0x52, 0x18, 0x92, 0x19,
	0xC9, 0x18, 0xD4, 0x68, 0xC9, 0x19, 0x92, 0x68, 0xCC, 0x60, 0x8A, 0x60,
	0x40, 0x1C, 0xC0, 0xB2, 0x0A, 0x28, 0xE9, 0xD3, 0xD6, 0x4F, 0x00, 0x24,
	0xD4, 0x48, 0x05, 0x19, 0x1B, 0x20, 0x80, 0x01, 0x28, 0x18, 0x80, 0x7D,
	0x02, 0x28, 0x06, 0xD0, 0x03, 0x28, 0x04, 0xD0, 0x01, 0x28, 0x59, 0xD0,
	0x04, 0x28, 0x57, 0xD0, 0x5B, 0xE0, 0x78, 0x78, 0x50, 0x21, 0x48, 0x43,
	0xCB, 0x49, 0x3A, 0x78, 0x41, 0x18, 0xE0, 0x00, 0x0B, 0x18, 0x0F, 0x21,
	0x89, 0x01, 0x5E, 0x18, 0x00, 0x90, 0xB3, 0x89, 0x71, 0x89, 0x9C, 0x46,
	0x50, 0x23, 0x5A, 0x43, 0xC4, 0x4B, 0xD2, 0x18, 0x12, 0x18, 0x0F, 0x20,
	0x80, 0x01, 0x12, 0x18, 0x50, 0x89, 0x63, 0x46, 0x08, 0x1A, 0x91, 0x89,
	0x00, 0xB2, 0x59, 0x1A, 0x09, 0xB2, 0xFE, 0xF7, 0xA5, 0xFB, 0x01, 0xB2,
	0xBE, 0x48, 0xC0, 0x69, 0x83, 0x30, 0x42, 0x7E, 0x03, 0x7E, 0x10, 0x02,
	0x18, 0x43, 0x88, 0x42, 0x05, 0xDA, 0x37, 0x21, 0x02, 0x20, 0x49, 0x01,
	0x69, 0x18, 0x08, 0x75, 0x2B, 0xE0, 0x37, 0x20, 0x40, 0x01, 0x2D, 0x18,
	0x28, 0x7D, 0xB3, 0x49, 0x02, 0x28, 0x02, 0xD0, 0x00, 0x28, 0x03, 0xD0,
	0x21, 0xE0, 0x01, 0x20, 0x28, 0x75, 0x1E, 0xE0, 0x00, 0x9B, 0x70, 0x89,
	0x5B, 0x18, 0x03, 0x21, 0x09, 0x02, 0x59, 0x18, 0x4B, 0x8D, 0xB2, 0x89,
	0x89, 0x8D, 0xC0, 0x1A, 0x51, 0x1A, 0x00, 0xB2, 0x09, 0xB2, 0xFE, 0xF7,
	0x79, 0xFB, 0x01, 0xB2, 0xA8, 0x48, 0xC0, 0x69, 0x83, 0x30, 0x42, 0x7E,
	0x03, 0x7E, 0x10, 0x02, 0x18, 0x43, 0x88, 0x42, 0xE3, 0xDB, 0x04, 0xE0,
	0x37, 0x21, 0x00, 0x20, 0x49, 0x01, 0x69, 0x18, 0x08, 0x75, 0x64, 0x1C,
	0xE4, 0xB2, 0x0A, 0x2C, 0x90, 0xD3, 0xA0, 0x48, 0x00, 0x68, 0x80, 0x47,
	0x00, 0xF0, 0xBC, 0xF9, 0x9E, 0x4C, 0x00, 0x25, 0xA0, 0x7F, 0x00, 0x28,
	0x23, 0xD9, 0x9D, 0x4F, 0x0A, 0x20, 0x97, 0x4A, 0x68, 0x43, 0x13, 0x21,
	0x80, 0x18, 0x49, 0x01, 0x41, 0x18, 0x09, 0x78, 0x52, 0x18, 0x1B, 0x21,
	0x89, 0x01, 0x51, 0x18, 0x89, 0x7D, 0x04, 0x29, 0x0E, 0xD0, 0x09, 0x22,
	0x92, 0x01, 0x86, 0x18, 0x79, 0x89, 0x70, 0x8C, 0x00, 0x22, 0xFE, 0xF7,
	0x5F, 0xFB, 0x70, 0x84, 0xB9, 0x89, 0xB0, 0x8C, 0x01, 0x22, 0xFE, 0xF7,
	0x59, 0xFB, 0xB0, 0x84, 0x6D, 0x1C, 0xA0, 0x7F, 0xED, 0xB2, 0xA8, 0x42,
	0xDC, 0xD8, 0x89, 0x48, 0xC0, 0x69, 0x80, 0x47, 0x86, 0x48, 0xC0, 0x69,
	0xFF, 0x30, 0x01, 0x30, 0x01, 0x7B, 0x02, 0x29, 0x66, 0xD3, 0x05, 0x29,
	0x01, 0xD9, 0x05, 0x21, 0x01, 0x73, 0xA0, 0x7F, 0x00, 0x27, 0x00, 0x28,
	0x5E, 0xD9, 0x0A, 0x20, 0x7C, 0x49, 0x78, 0x43, 0x40, 0x18, 0x13, 0x22,
	0x52, 0x01, 0x01, 0x90, 0x80, 0x18, 0x00, 0x90, 0x05, 0x78, 0x48, 0x19,
	0x1B, 0x21, 0x89, 0x01, 0x41, 0x18, 0x89, 0x7D, 0x01, 0x29, 0x74, 0xD0,
	0x04, 0x29, 0x46, 0xD0, 0x37, 0x21, 0x49, 0x01, 0x40, 0x18, 0x80, 0x7F,
	0x01, 0x28, 0x40, 0xD0, 0x32, 0x20, 0x29, 0x46, 0x41, 0x43, 0x75, 0x48,
	0x0A, 0x22, 0x08, 0x18, 0x74, 0x49, 0x04, 0x90, 0x49, 0x5D, 0x51, 0x43,
	0x40, 0x18, 0x00, 0x99, 0xFD, 0xF7, 0xED, 0xF8, 0x6B, 0x49, 0x00, 0x22,
	0xC9, 0x69, 0x16, 0x46, 0xFF, 0x31, 0x01, 0x31, 0x03, 0x91, 0x09, 0x7B,
	0x10, 0x46, 0x02, 0x91, 0x00, 0x29, 0x0C, 0xD9, 0x0A, 0x23, 0x43, 0x43,
	0x04, 0x99, 0x40, 0x1C, 0xC9, 0x18, 0x4B, 0x88, 0x89, 0x88, 0x9A, 0x18,
	0x8E, 0x19, 0x02, 0x99, 0xC0, 0xB2, 0x81, 0x42, 0xF2, 0xD8, 0x10, 0x46,
	0xFD, 0xF7, 0x49, 0xF9, 0x00, 0x90, 0x30, 0x46, 0x02, 0x99, 0xFD, 0xF7,
	0x44, 0xF9, 0x09, 0x21, 0x01, 0x9B, 0x89, 0x01, 0x59, 0x18, 0x00, 0x9A,
	0x4A, 0x84, 0x88, 0x84, 0x5C, 0x49, 0x48, 0x5D, 0x40, 0x1C, 0xC0, 0xB2,
	0x48, 0x55, 0x03, 0x9A, 0x12, 0x7B, 0x90, 0x42, 0x01, 0xD3, 0x00, 0x20,
	0x48, 0x55, 0x7F, 0x1C, 0xA0, 0x7F, 0xFF, 0xB2, 0xB8, 0x42, 0xA0, 0xD8,
	0xFE, 0xF7, 0x2A, 0xFB, 0x4E, 0x48, 0xC0, 0x69, 0x80, 0x30, 0x05, 0x90,
	0xC1, 0x7F, 0xA2, 0x7F, 0x00, 0x20, 0x00, 0x2A, 0x71, 0xD9, 0x49, 0x43,
	0x03, 0x91, 0x4F, 0x4A, 0x4F, 0x49, 0x04, 0x92, 0x02, 0x91, 0x0A, 0x21,
	0x44, 0x4F, 0x41, 0x43, 0xC9, 0x19, 0x13, 0x22, 0x52, 0x01, 0x01, 0x91,
	0x89, 0x18, 0x0A, 0x78, 0x1B, 0x25, 0xB9, 0x18, 0xAD, 0x01, 0x00, 0x91,
	0x49, 0x19, 0x8C, 0x46, 0x89, 0x7D, 0x02, 0x29, 0x23, 0xD0, 0x01, 0x29,
	0x64, 0xD0, 0x66, 0xE0, 0xFF, 0xE7, 0x00, 0x20, 0x40, 0x49, 0x06, 0x46,
	0x48, 0x55, 0x3A, 0x48, 0xC1, 0x69, 0xFF, 0x31, 0x01, 0x31, 0x09, 0x7B,
	0x00, 0x29, 0xC8, 0xD9, 0x3A, 0x49, 0x32, 0x20, 0x45, 0x43, 0x6D, 0x18,
	0x0A, 0x20, 0x70, 0x43, 0x28, 0x18, 0x0A, 0x22, 0x00, 0x99, 0xFD, 0xF7,
	0x78, 0xF8, 0x31, 0x48, 0x76, 0x1C, 0xC0, 0x69, 0xF6, 0xB2, 0xFF, 0x30,
	0x01, 0x30, 0x00, 0x7B, 0xB0, 0x42, 0xEF, 0xD8, 0xB3, 0xE7, 0x04, 0x9D,
	0x00, 0x21, 0x2D, 0x7D, 0x00, 0x2D, 0x0D, 0xD9, 0x0A, 0x26, 0x4E, 0x43,
	0xF6, 0x19, 0xFF, 0x36, 0x81, 0x36, 0xB6, 0x7D, 0x96, 0x42, 0x01, 0xD1,
	0x0B, 0x46, 0x03, 0xE0, 0x49, 0x1C, 0xC9, 0xB2, 0x8D, 0x42, 0xF1, 0xD8,
	0x8D, 0x42, 0x30, 0xD0, 0x09, 0x21, 0x01, 0x9A, 0x89, 0x01, 0x52, 0x18,
	0x91, 0x8C, 0x3D, 0x46, 0x8E, 0x46, 0x0A, 0x21, 0x59, 0x43, 0x49, 0x19,
	0xFF, 0x31, 0x81, 0x31, 0x57, 0x8C, 0x0E, 0x8B, 0x4D, 0x8B, 0xBE, 0x1B,
	0x77, 0x46, 0x7D, 0x1B, 0x36, 0xB2, 0x2D, 0xB2, 0x76, 0x43, 0x6D, 0x43,
	0x75, 0x19, 0x03, 0x9E, 0xAE, 0x42, 0x07, 0xD2, 0x07, 0x25, 0x00, 0x9A,
	0x00, 0x21, 0x2D, 0x02, 0x52, 0x19, 0x51, 0x73, 0x0F, 0xE0, 0x14, 0xE0,
	0x03, 0x25, 0x66, 0x46, 0xB5, 0x75, 0x05, 0x9D, 0x6D, 0x7F, 0x00, 0x2D,
	0x07, 0xD0, 0x0D, 0x8B, 0x55, 0x84, 0x49, 0x8B, 0x91, 0x84, 0x02, 0xE0,
	0x02, 0x9D, 0x00, 0x21, 0x51, 0x55, 0x40, 0x1C, 0xA1, 0x7F, 0xC0, 0xB2,
	0x81, 0x42, 0x00, 0xD9, 0x7D, 0xE7, 0x03, 0xF0, 0x4B, 0xFF, 0x06, 0x48,
	0x40, 0x68, 0x80, 0x47, 0xFE, 0xF7, 0x8A, 0xF8, 0x07, 0xB0, 0xF0, 0xBD,
	0x0C, 0xAA, 0x08, 0x20, 0xCC, 0xB0, 0x08, 0x20, 0xD8, 0x90, 0x08, 0x20,
	0x44, 0x90, 0x08, 0x20, 0x4C, 0xAC, 0x08, 0x20, 0x88, 0xA9, 0x08, 0x20,
	0xE8, 0x94, 0x08, 0x20, 0xDC, 0x96, 0x08, 0x20, 0x8C, 0xAB, 0x08, 0x20,
	0x19, 0xB1, 0x08, 0x20, 0x30, 0xB4, 0x0F, 0x4A, 0x01, 0x23, 0x03, 0x28,
	0x02, 0xD0, 0x01, 0x28, 0x05, 0xD0, 0x08, 0xE0, 0x02, 0x20, 0x10, 0x70,
	0x51, 0x60, 0x13, 0x74, 0x03, 0xE0, 0x03, 0x20, 0x10, 0x70, 0x51, 0x60,
	0x13, 0x74, 0x08, 0x48, 0x08, 0x4C, 0x05, 0x25, 0x15, 0x70, 0x94, 0x60,
	0x13, 0x74, 0x01, 0x79, 0xC9, 0x07, 0xFC, 0xD1, 0x21, 0x78, 0xC9, 0x07,
	0xF6, 0xD1, 0x30, 0xBC, 0x70, 0x47, 0x00, 0x00, 0x00, 0x06, 0x04, 0x40,
	0x20, 0x06, 0x04, 0x40, 0x00, 0x48, 0x02, 0x20, 0x10, 0xB4, 0x06, 0x4B,
	0x01, 0x24, 0x1C, 0x70, 0x59, 0x60, 0x98, 0x60, 0xDA, 0x60, 0x1C, 0x74,
	0x03, 0x48, 0x01, 0x79, 0xC9, 0x07, 0xFC, 0xD1, 0x10, 0xBC, 0x70, 0x47,
	0x00, 0x06, 0x04, 0x40, 0x20, 0x06, 0x04, 0x40, 0xF0, 0xB4, 0xFF, 0x23,
	0xC4, 0xB2, 0x01, 0x33, 0x1C, 0x1B, 0x00, 0x2A, 0x29, 0xD0, 0x16, 0x4F,
	0x16, 0x4E, 0x17, 0x4D, 0x04, 0x23, 0x3B, 0x70, 0x78, 0x60, 0xB9, 0x60,
	0x00, 0x2C, 0x04, 0xD0, 0xA2, 0x42, 0x04, 0xD9, 0x23, 0x46, 0x00, 0x24,
	0x06, 0xE0, 0xFF, 0x2A, 0x02, 0xD8, 0x93, 0xB2, 0x00, 0x22, 0x01, 0xE0,
	0xFF, 0x23, 0x01, 0x33, 0xBB, 0x81, 0x00, 0x2A, 0x02, 0xD0, 0xC0, 0x18,
	0xC9, 0x18, 0xD2, 0x1A, 0x01, 0x23, 0x3B, 0x74, 0x05, 0x23, 0x3B, 0x70,
	0xBD, 0x60, 0x01, 0x23, 0x3B, 0x74, 0x33, 0x79, 0xDB, 0x07, 0xFC, 0xD1,
	0x2B, 0x78, 0xDB, 0x07, 0xF4, 0xD1, 0x00, 0x2A, 0xD8, 0xD1, 0xF0, 0xBC,
	0x70, 0x47, 0x00, 0x00, 0x00, 0x06, 0x04, 0x40, 0x20, 0x06, 0x04, 0x40,
	0x00, 0x48, 0x02, 0x20, 0xF0, 0xB5, 0x5B, 0x49, 0x87, 0xB0, 0xCA, 0x69,
	0x11, 0x46, 0x80, 0x31, 0x05, 0x91, 0xC9, 0x7D, 0x00, 0x29, 0x76, 0xD0,
	0x57, 0x49, 0x81, 0x32, 0x0B, 0x78, 0x49, 0x78, 0x01, 0x92, 0x56, 0x4A,
	0x00, 0x24, 0x12, 0x7E, 0x04, 0x92, 0x64, 0x22, 0x51, 0x43, 0x54, 0x4A,
	0x89, 0x18, 0x06, 0x91, 0x64, 0x21, 0x4B, 0x43, 0x11, 0x46, 0x59, 0x18,
	0x02, 0x91, 0x0A, 0x22, 0x27, 0x46, 0x06, 0x99, 0x57, 0x43, 0xCA, 0x19,
	0x05, 0x21, 0x09, 0x02, 0x51, 0x18, 0x03, 0x91, 0xC9, 0x89, 0x05, 0x22,
	0x52, 0x02, 0x00, 0x91, 0x91, 0x42, 0x07, 0xD9, 0x48, 0x4A, 0x04, 0x21,
	0x13, 0x19, 0x1B, 0x22, 0x92, 0x01, 0x9A, 0x18, 0x91, 0x75, 0x65, 0xE0,
	0x44, 0x49, 0x0A, 0x19, 0x1B, 0x21, 0x89, 0x01, 0x56, 0x18, 0xB1, 0x7D,
	0x02, 0x29, 0x01, 0xD0, 0x03, 0x29, 0x5B, 0xD1, 0x37, 0x21, 0x49, 0x01,
	0x55, 0x18, 0xA9, 0x7F, 0x00, 0x29, 0x02, 0xD0, 0x01, 0x29, 0x1D, 0xD0,
	0x52, 0xE0, 0x01, 0x99, 0x00, 0x9A, 0x4B, 0x7E, 0x09, 0x7E, 0x1B, 0x02,
	0x0B, 0x43, 0x9A, 0x42, 0x4A, 0xD9, 0x04, 0x99, 0x00, 0x29, 0x04, 0xD0,
	0x05, 0x98, 0x01, 0x7E, 0x10, 0x46, 0xFC, 0xF7, 0xA6, 0xFF, 0x02, 0x99,
	0xCA, 0x19, 0x05, 0x21, 0x09, 0x02, 0x51, 0x18, 0xC9, 0x89, 0x42, 0x08,
	0x91, 0x42, 0x37, 0xD3, 0x81, 0x42, 0x32, 0xD2, 0x01, 0x21, 0x31, 0xE0,
	0x04, 0x99, 0x00, 0x29, 0x09, 0xD0, 0x02, 0x98, 0xC1, 0x19, 0x05, 0x20,
	0x00, 0x02, 0x08, 0x18, 0x05, 0x99, 0xC0, 0x89, 0x09, 0x7E, 0xFC, 0xF7,
	0x8C, 0xFF, 0x05, 0x21, 0x00, 0x9A, 0x09, 0x02, 0x82, 0x42, 0x21, 0xD3,
	0x02, 0x9A, 0xD2, 0x19, 0x53, 0x18, 0x0A, 0x21, 0x59, 0x5E, 0x0C, 0x22,
	0x9A, 0x5E, 0x00, 0x29, 0x02, 0xDB, 0x0B, 0x46, 0x01, 0xE0, 0x32, 0xE0,
	0x4B, 0x42, 0x17, 0x1E, 0x00, 0xDA, 0x57, 0x42, 0xBB, 0x42, 0x06, 0xDD,
	0x03, 0x9A, 0x0A, 0x23, 0xD3, 0x5E, 0x59, 0x43, 0x00, 0x29, 0x06, 0xDC,
	0x08, 0xE0, 0x03, 0x99, 0x0C, 0x23, 0xCB, 0x5E, 0x5A, 0x43, 0x00, 0x2A,
	0x02, 0xDD, 0x02, 0x21, 0xA9, 0x77, 0x01, 0xE0, 0x04, 0x21, 0xB1, 0x75,
	0x64, 0x1C, 0xE4, 0xB2, 0x0A, 0x2C, 0x00, 0xD2, 0x7D, 0xE7, 0x00, 0x20,
	0x1B, 0x23, 0x9B, 0x01, 0x0D, 0x4C, 0x37, 0x25, 0x06, 0x46, 0x6D, 0x01,
	0x21, 0x18, 0xCA, 0x18, 0x92, 0x7D, 0x01, 0x2A, 0x01, 0xD0, 0x04, 0x2A,
	0x01, 0xD1, 0x49, 0x19, 0x8E, 0x77, 0x40, 0x1C, 0xC0, 0xB2, 0x0A, 0x28,
	0xF2, 0xD3, 0xFF, 0xF7, 0xC1, 0xFC, 0x07, 0xB0, 0xF0, 0xBD, 0x00, 0x00,
	0xD8, 0x90, 0x08, 0x20, 0xCC, 0xB0, 0x08, 0x20, 0x31, 0x93, 0x08, 0x20,
	0x0C, 0xAA, 0x08, 0x20, 0x10, 0xB5, 0x0D, 0x4C, 0x00, 0x21, 0x21, 0x71,
	0x61, 0x78, 0xFD, 0x22, 0x11, 0x40, 0x61, 0x70, 0x61, 0x78, 0xFB, 0x22,
	0x11, 0x40, 0x61, 0x70, 0xA0, 0x71, 0x61, 0x78, 0x01, 0x20, 0x01, 0x43,
	0x61, 0x70, 0x20, 0x70, 0x06, 0x20, 0x04, 0xF0, 0x80, 0xFA, 0x60, 0x78,
	0x40, 0x08, 0x40, 0x00, 0x60, 0x70, 0x10, 0x20, 0x20, 0x70, 0x10, 0xBD,
	0x20, 0x00, 0x04, 0x40, 0xF8, 0xB5, 0x1D, 0x4D, 0x00, 0x26, 0xAE, 0x70,
	0x03, 0x20, 0x68, 0x71, 0x6E, 0x70, 0x00, 0xF0, 0x47, 0xFC, 0x00, 0xF0,
	0xB5, 0xF8, 0x28, 0x78, 0x18, 0x4C, 0x01, 0x27, 0x03, 0x28, 0x1F, 0xD1,
	0x04, 0xF0, 0xBE, 0xF8, 0x68, 0x7C, 0x00, 0x28, 0x02, 0xD0, 0x00, 0xF0,
	0xA9, 0xF8, 0x6E, 0x74, 0x00, 0xF0, 0x1A, 0xFD, 0x00, 0xF0, 0xA0, 0xF8,
	0x20, 0x74, 0x01, 0x0A, 0x61, 0x74, 0x01, 0x0C, 0xA1, 0x74, 0x00, 0x0E,
	0xE0, 0x74, 0xAF, 0x70, 0x01, 0xE0, 0x04, 0xF0, 0xA9, 0xF8, 0xA8, 0x78,
	0x00, 0x28, 0x02, 0xD0, 0x28, 0x78, 0x03, 0x28, 0xF7, 0xD0, 0x28, 0x78,
	0x03, 0x28, 0xDF, 0xD0, 0x07, 0x48, 0x20, 0x74, 0x01, 0x0A, 0x61, 0x74,
	0x01, 0x0C, 0xA1, 0x74, 0x00, 0x0E, 0xE0, 0x74, 0x6F, 0x70, 0xAE, 0x70,
	0xF8, 0xBD, 0x00, 0x00, 0x88, 0x91, 0x08, 0x20, 0x8B, 0x91, 0x08, 0x20,
	0x00, 0x58, 0x02, 0x20, 0x01, 0x48, 0x00, 0x78, 0x70, 0x47, 0x00, 0x00,
	0xC8, 0x98, 0x08, 0x20, 0x10, 0xB5, 0x70, 0x21, 0x02, 0x48, 0xFC, 0xF7,
	0xCE, 0xFE, 0x01, 0x48, 0x10, 0xBD, 0x00, 0x00, 0xC8, 0x91, 0x08, 0x20,
	0x10, 0xB5, 0x03, 0x48, 0x70, 0x21, 0x04, 0x46, 0xFC, 0xF7, 0xC3, 0xFE,
	0x20, 0x46, 0x10, 0xBD, 0x38, 0x92, 0x08, 0x20, 0xF8, 0xB5, 0x8C, 0x46,
	0x25, 0x49, 0x00, 0x25, 0x57, 0x18, 0x01, 0x21, 0xC9, 0x02, 0x06, 0x9E,
	0x9E, 0x46, 0x2C, 0x46, 0x8F, 0x42, 0x02, 0xD2, 0x02, 0x25, 0xBC, 0xB2,
	0x1A, 0xE0, 0x20, 0x4F, 0xD7, 0x19, 0x8F, 0x42, 0x01, 0xD2, 0x03, 0x25,
	0x08, 0xE0, 0x1E, 0x4F, 0xD7, 0x19, 0x8F, 0x42, 0x03, 0xD3, 0x1D, 0x4B,
	0xD3, 0x18, 0x8B, 0x42, 0x02, 0xD2, 0x04, 0x25, 0xBC, 0xB2, 0x09, 0xE0,
	0x1A, 0x4F, 0xD7, 0x19, 0x8F, 0x42, 0x03, 0xD3, 0x19, 0x4B, 0xD2, 0x18,
	0x8A, 0x42, 0x01, 0xD2, 0x05, 0x25, 0xF3, 0xE7, 0x24, 0x05, 0x29, 0x03,
	0x24, 0x0D, 0x63, 0x46, 0x21, 0x43, 0x9C, 0x06, 0x14, 0x4B, 0xA4, 0x0E,
	0x72, 0x46, 0x5C, 0x71, 0x80, 0x06, 0x80, 0x0E, 0x98, 0x71, 0x90, 0x06,
	0x80, 0x0E, 0xD8, 0x71, 0x1E, 0x80, 0x59, 0x80, 0x0F, 0x4C, 0x60, 0x6A,
	0x03, 0x21, 0x08, 0x43, 0x60, 0x62, 0x01, 0x20, 0x04, 0xF0, 0xD7, 0xF9,
	0x0C, 0x48, 0x41, 0x7D, 0x89, 0x07, 0xFC, 0xD4, 0x61, 0x6A, 0x02, 0x22,
	0x91, 0x43, 0x61, 0x62, 0xC0, 0x6A, 0xF8, 0xBD, 0x00, 0xC0, 0xFD, 0xDF,
	0x00, 0xB8, 0xFD, 0xDF, 0x00, 0xB0, 0xFD, 0xDF, 0x00, 0xA8, 0xFD, 0xDF,
	0x00, 0xA0, 0xFD, 0xDF, 0x00, 0x98, 0xFD, 0xDF, 0x60, 0x0A, 0x04, 0x40,
	0x40, 0x0A, 0x04, 0x40, 0x00, 0x0A, 0x04, 0x40, 0x00, 0x48, 0x70, 0x47,
	0xC6, 0xB1, 0x08, 0x20, 0x70, 0xB5, 0x27, 0x48, 0x84, 0xB0, 0x00, 0x78,
	0x7D, 0x25, 0x26, 0x4E, 0x26, 0x4C, 0xED, 0x00, 0x03, 0x28, 0x0C, 0xD0,
	0x20, 0x7C, 0x80, 0x07, 0x07, 0xD4, 0xFD, 0xF7, 0x25, 0xFE, 0x28, 0x46,
	0x04, 0xF0, 0xA5, 0xF9, 0x20, 0x7C, 0x80, 0x07, 0xF7, 0xD5, 0xF0, 0x6C,
	0x80, 0x47, 0x02, 0xF0, 0x8D, 0xFC, 0x20, 0x7C, 0x80, 0x07, 0x07, 0xD4,
	0xFD, 0xF7, 0x16, 0xFE, 0x28, 0x46, 0x04, 0xF0, 0x96, 0xF9, 0x20, 0x7C,
	0x80, 0x07, 0xF7, 0xD5, 0xF0, 0x6C, 0x80, 0x47, 0x17, 0x48, 0x01, 0x22,
	0xC1, 0x69, 0xFF, 0x20, 0x54, 0x30, 0x40, 0x5C, 0x92, 0x07, 0x00, 0x04,
	0x82, 0x18, 0x00, 0x23, 0x02, 0x92, 0x03, 0x24, 0x24, 0x07, 0x01, 0x93,
	0x03, 0x93, 0x01, 0x22, 0x04, 0x19, 0x52, 0x07, 0x83, 0x18, 0x00, 0x94,
	0x49, 0x79, 0x07, 0x22, 0x01, 0x20, 0xFD, 0xF7, 0x01, 0xFA, 0x0C, 0x49,
	0x00, 0x20, 0x4B, 0x78, 0x00, 0x2B, 0x09, 0xD9, 0x0A, 0x4A, 0x0B, 0x4C,
	0x41, 0x00, 0x8D, 0x18, 0x40, 0x1C, 0x2D, 0x88, 0xC0, 0xB2, 0x65, 0x52,
	0x83, 0x42, 0xF7, 0xD8, 0x04, 0xB0, 0x70, 0xBD, 0x88, 0x91, 0x08, 0x20,
	0x44, 0x90, 0x08, 0x20, 0x60, 0x08, 0x04, 0x40, 0xD8, 0x90, 0x08, 0x20,
	0x88, 0xA9, 0x08, 0x20, 0x00, 0x50, 0x02, 0x20, 0x7E, 0xB1, 0x08, 0x20,
	0x10, 0xB5, 0xFF, 0xF7, 0x27, 0xFF, 0x10, 0xBD, 0x10, 0xB5, 0xFF, 0xF7,
	0x2D, 0xFF, 0x10, 0xBD, 0x10, 0xB5, 0x0A, 0x4A, 0x1E, 0x20, 0x50, 0x75,
	0x10, 0x7D, 0x01, 0x21, 0x08, 0x43, 0x10, 0x75, 0xFF, 0x21, 0x91, 0x31,
	0x00, 0x20, 0x00, 0xBF, 0x40, 0x1C, 0x88, 0x42, 0xFB, 0xD3, 0xD1, 0x8A,
	0x03, 0x48, 0xFC, 0xF7, 0xE6, 0xFD, 0x03, 0x49, 0xC8, 0x60, 0x10, 0xBD,
	0x20, 0x00, 0x04, 0x40, 0x00, 0x4B, 0xB6, 0x67, 0x00, 0x90, 0x08, 0x20,
	0xF1, 0xB5, 0x1A, 0x4F, 0x3C, 0x69, 0x7D, 0x69, 0xBE, 0x69, 0x00, 0x98,
	0x00, 0xF0, 0x30, 0xF8, 0x00, 0x21, 0x00, 0x98, 0x00, 0xF0, 0xE6, 0xF8,
	0x00, 0x98, 0x01, 0x28, 0x05, 0xD0, 0x02, 0x28, 0x03, 0xD0, 0x04, 0x28,
	0x01, 0xD0, 0x08, 0x28, 0x05, 0xD1, 0x39, 0x7E, 0x81, 0x43, 0x39, 0x76,
	0xB9, 0x7E, 0x01, 0x43, 0xB9, 0x76, 0x64, 0x20, 0x04, 0xF0, 0x17, 0xF9,
	0x00, 0x98, 0x00, 0xF0, 0xB1, 0xF8, 0x00, 0x28, 0x0D, 0xD0, 0x00, 0x98,
	0x02, 0xF0, 0x40, 0xFE, 0x64, 0x20, 0x04, 0xF0, 0x0C, 0xF9, 0x00, 0x98,
	0x00, 0xF0, 0xA6, 0xF8, 0x00, 0x28, 0x01, 0xD0, 0x01, 0x20, 0x00, 0xE0,
	0x02, 0x20, 0x3C, 0x61, 0x7D, 0x61, 0xBE, 0x61, 0xF8, 0xBD, 0x00, 0x00,
	0x00, 0x04, 0x04, 0x40, 0x01, 0x28, 0x07, 0xD0, 0x02, 0x28, 0x05, 0xD0,
	0x04, 0x28, 0x03, 0xD0, 0x08, 0x28, 0x01, 0xD0, 0x00, 0x20, 0x70, 0x47,
	0x02, 0x49, 0x0A, 0x79, 0x82, 0x43, 0x0A, 0x71, 0x01, 0x20, 0x70, 0x47,
	0x00, 0x04, 0x04, 0x40, 0xF8, 0xB5, 0x3A, 0x4E, 0x71, 0x68, 0x3A, 0x48,
	0x01, 0x60, 0x31, 0x69, 0x41, 0x60, 0xB1, 0x69, 0x81, 0x60, 0x02, 0x20,
	0xFF, 0xF7, 0xE2, 0xFF, 0x00, 0x21, 0x02, 0x20, 0x00, 0xF0, 0x98, 0xF8,
	0x04, 0x20, 0xFF, 0xF7, 0xDB, 0xFF, 0x00, 0x21, 0x04, 0x20, 0x00, 0xF0,
	0x91, 0xF8, 0x00, 0x25, 0x01, 0x27, 0x38, 0x46, 0xA8, 0x40, 0xC4, 0xB2,
	0x02, 0x2C, 0x4E, 0xD0, 0x04, 0x2C, 0x4C, 0xD0, 0x01, 0x2C, 0x01, 0xD0,
	0x08, 0x2C, 0x2B, 0xD1, 0x20, 0x46, 0xFF, 0xF7, 0xC7, 0xFF, 0x00, 0x21,
	0x20, 0x46, 0x00, 0xF0, 0x7D, 0xF8, 0x20, 0x46, 0x01, 0x2C, 0x01, 0xD0,
	0x08, 0x28, 0x05, 0xD1, 0x31, 0x7E, 0x81, 0x43, 0x31, 0x76, 0xB1, 0x7E,
	0x21, 0x43, 0xB1, 0x76, 0x64, 0x20, 0x04, 0xF0, 0xB2, 0xF8, 0x20, 0x46,
	0x00, 0xF0, 0x4C, 0xF8, 0x00, 0x28, 0x20, 0x46, 0x0E, 0xD0, 0x02, 0xF0,
	0xDB, 0xFD, 0x64, 0x20, 0x04, 0xF0, 0xA7, 0xF8, 0x20, 0x46, 0x00, 0xF0,
	0x41, 0xF8, 0x00, 0x28, 0x06, 0xD1, 0x01, 0x2C, 0x09, 0xD0, 0x08, 0x2C,
	0x0A, 0xD1, 0x06, 0xE0, 0x02, 0xF0, 0xCC, 0xFD, 0x01, 0x2C, 0x17, 0xD0,
	0x08, 0x2C, 0x18, 0xD1, 0x14, 0xE0, 0x30, 0x7C, 0x20, 0x43, 0x30, 0x74,
	0x01, 0x2C, 0x01, 0xD0, 0x08, 0x2C, 0x02, 0xD1, 0x70, 0x7C, 0xA0, 0x43,
	0x70, 0x74, 0x01, 0x2C, 0x01, 0xD0, 0x08, 0x2C, 0x09, 0xD1, 0xB0, 0x7E,
	0xA0, 0x43, 0xB0, 0x76, 0x30, 0x7E, 0x20, 0x43, 0x30, 0x76, 0x02, 0xE0,
	0x30, 0x7C, 0xA0, 0x43, 0x30, 0x74, 0x6D, 0x1C, 0xED, 0xB2, 0x03, 0x2D,
	0xA7, 0xD9, 0x30, 0x7E, 0x30, 0x21, 0x08, 0x43, 0x30, 0x76, 0xF8, 0xBD,
	0x00, 0x04, 0x04, 0x40, 0x3C, 0x91, 0x08, 0x20, 0x04, 0x48, 0x05, 0x49,
	0x02, 0x68, 0x4A, 0x60, 0x42, 0x68, 0x0A, 0x61, 0x80, 0x68, 0x88, 0x61,
	0x70, 0x47, 0x00, 0x00, 0x3C, 0x91, 0x08, 0x20, 0x00, 0x04, 0x04, 0x40,
	0x01, 0x28, 0x07, 0xD0, 0x02, 0x28, 0x05, 0xD0, 0x04, 0x28, 0x03, 0xD0,
	0x08, 0x28, 0x01, 0xD0, 0xFF, 0x20, 0x70, 0x47, 0x03, 0x49, 0x89, 0x7C,
	0x01, 0x42, 0x01, 0xD0, 0x01, 0x20, 0x70, 0x47, 0x00, 0x20, 0x70, 0x47,
	0x00, 0x04, 0x04, 0x40, 0x03, 0x48, 0xC0, 0x7D, 0xC0, 0x07, 0x02, 0xD0,
	0x02, 0x49, 0x01, 0x20, 0xC8, 0x70, 0x70, 0x47, 0x00, 0x04, 0x04, 0x40,
	0x16, 0x90, 0x08, 0x20, 0x01, 0x28, 0x07, 0xD0, 0x02, 0x28, 0x05, 0xD0,
	0x04, 0x28, 0x03, 0xD0, 0x08, 0x28, 0x01, 0xD0, 0x00, 0x20, 0x70, 0x47,
	0x04, 0x4A, 0x00, 0x29, 0x11, 0x7C, 0x01, 0xD0, 0x01, 0x43, 0x00, 0xE0,
	0x81, 0x43, 0x11, 0x74, 0x01, 0x20, 0x70, 0x47, 0x00, 0x04, 0x04, 0x40,
	0x01, 0x28, 0x07, 0xD0, 0x02, 0x28, 0x05, 0xD0, 0x04, 0x28, 0x03, 0xD0,
	0x08, 0x28, 0x01, 0xD0, 0x00, 0x20, 0x70, 0x47, 0x04, 0x4A, 0x00, 0x29,
	0x51, 0x7C, 0x01, 0xD0, 0x01, 0x43, 0x00, 0xE0, 0x81, 0x43, 0x51, 0x74,
	0x01, 0x20, 0x70, 0x47, 0x00, 0x04, 0x04, 0x40, 0x70, 0x47, 0x00, 0x00,
	0x05, 0x4A, 0xD2, 0x7C, 0x92, 0x1C, 0x42, 0x43, 0x50, 0x18, 0x04, 0x49,
	0x40, 0x00, 0x41, 0x18, 0x00, 0x20, 0x08, 0x5E, 0x70, 0x47, 0x00, 0x00,
	0xF1, 0x93, 0x08, 0x20, 0x00, 0x50, 0x02, 0x20, 0x70, 0x47, 0x70, 0x47,
	0x70, 0x47, 0x00, 0x00, 0x10, 0xB5, 0x0B, 0x4C, 0x20, 0x46, 0x03, 0xF0,
	0xEB, 0xFF, 0x01, 0x20, 0x20, 0x70, 0x0A, 0x21, 0xA1, 0x70, 0x00, 0x21,
	0x61, 0x70, 0xE0, 0x70, 0x61, 0x71, 0xE0, 0x71, 0x40, 0x21, 0x05, 0x48,
	0xFC, 0xF7, 0x93, 0xFC, 0xFE, 0xF7, 0xDC, 0xFC, 0x00, 0xF0, 0xBC, 0xFB,
	0x10, 0xBD, 0x00, 0x00, 0x16, 0x90, 0x08, 0x20, 0x48, 0x91, 0x08, 0x20,
	0x70, 0xB5, 0x12, 0x49, 0x01, 0x20, 0x08, 0x70, 0x11, 0x4C, 0x02, 0x20,
	0x11, 0x4D, 0xE0, 0x70, 0x28, 0x7E, 0x80, 0x07, 0x18, 0xD0, 0x29, 0x7D,
	0xA0, 0x78, 0xE2, 0x78, 0x90, 0x42, 0x0A, 0xD2, 0x00, 0x28, 0x06, 0xD0,
	0x22, 0x78, 0x12, 0x02, 0x51, 0x18, 0x21, 0x80, 0x40, 0x1C, 0xA0, 0x70,
	0x07, 0xE0, 0x21, 0x80, 0xFA, 0xE7, 0x20, 0x88, 0x03, 0xF0, 0x30, 0xFE,
	0x20, 0x88, 0x40, 0x1C, 0x20, 0x80, 0x28, 0x7E, 0x80, 0x07, 0xE6, 0xD1,
	0x70, 0xBD, 0x00, 0x00, 0x16, 0x90, 0x08, 0x20, 0x1E, 0x90, 0x08, 0x20,
	0x00, 0x0E, 0x04, 0x40, 0x70, 0xB5, 0x11, 0x49, 0x02, 0x20, 0x08, 0x70,
	0x10, 0x4C, 0x11, 0x4D, 0xE0, 0x70, 0x28, 0x7E, 0x80, 0x07, 0x18, 0xD0,
	0x29, 0x7D, 0xA0, 0x78, 0xE2, 0x78, 0x90, 0x42, 0x0A, 0xD2, 0x00, 0x28,
	0x06, 0xD0, 0x22, 0x78, 0x12, 0x02, 0x51, 0x18, 0x21, 0x80, 0x40, 0x1C,
	0xA0, 0x70, 0x07, 0xE0, 0x21, 0x80, 0xFA, 0xE7, 0x20, 0x88, 0x03, 0xF0,
	0x87, 0xFF, 0x20, 0x88, 0x40, 0x1C, 0x20, 0x80, 0x28, 0x7E, 0x80, 0x07,
	0xE6, 0xD1, 0x70, 0xBD, 0x16, 0x90, 0x08, 0x20, 0x1E, 0x90, 0x08, 0x20,
	0x00, 0x0E, 0x04, 0x40, 0x10, 0xB5, 0x05, 0x4C, 0x20, 0x88, 0x01, 0xF0,
	0xBD, 0xFA, 0x04, 0x49, 0x08, 0x74, 0x20, 0x88, 0x40, 0x1C, 0x20, 0x80,
	0x10, 0xBD, 0x00, 0x00, 0x1E, 0x90, 0x08, 0x20, 0x00, 0x0E, 0x04, 0x40,
	0x10, 0xB5, 0x05, 0x4C, 0x20, 0x88, 0x01, 0xF0, 0xD1, 0xFC, 0x04, 0x49,
	0x08, 0x74, 0x20, 0x88, 0x40, 0x1C, 0x20, 0x80, 0x10, 0xBD, 0x00, 0x00,
	0x1E, 0x90, 0x08, 0x20, 0x00, 0x0E, 0x04, 0x40, 0x10, 0xB4, 0xFF, 0x21,
	0x14, 0x48, 0x79, 0x31, 0x01, 0x80, 0xFF, 0x21, 0x49, 0x31, 0x81, 0x80,
	0x12, 0x49, 0x01, 0x23, 0x4B, 0x76, 0x4B, 0x77, 0x0A, 0x78, 0xFB, 0x24,
	0x22, 0x40, 0x0A, 0x70, 0x0F, 0x49, 0x81, 0x81, 0x03, 0x21, 0x81, 0x73,
	0x0E, 0x48, 0x00, 0x22, 0x03, 0x60, 0x0E, 0x49, 0x02, 0x23, 0x0A, 0x80,
	0xCB, 0x70, 0x8A, 0x70, 0x0A, 0x71, 0x40, 0x21, 0x01, 0x60, 0x80, 0x21,
	0x01, 0x60, 0x04, 0x21, 0x10, 0x22, 0x02, 0x60, 0x20, 0x22, 0x02, 0x60,
	0x03, 0x60, 0x01, 0x60, 0x08, 0x21, 0x01, 0x60, 0x10, 0xBC, 0x70, 0x47,
	0x20, 0x0E, 0x04, 0x40, 0x00, 0x0E, 0x04, 0x40, 0x4F, 0x12, 0x00, 0x00,
	0x00, 0xE1, 0x00, 0xE0, 0x1E, 0x90, 0x08, 0x20, 0x08, 0x4A, 0x01, 0x20,
	0x50, 0x71, 0x08, 0x49, 0x00, 0x20, 0x0B, 0x79, 0x00, 0x2B, 0x02, 0xD0,
	0x06, 0x4B, 0x58, 0x77, 0x08, 0x71, 0x88, 0x70, 0x51, 0x78, 0x00, 0x29,
	0x00, 0xD0, 0x50, 0x70, 0x70, 0x47, 0x00, 0x00, 0x16, 0x90, 0x08, 0x20,
	0x1E, 0x90, 0x08, 0x20, 0x00, 0x0E, 0x04, 0x40, 0x70, 0xB5, 0x05, 0x48,
	0x00, 0x25, 0x45, 0x71, 0x04, 0x4C, 0x20, 0x7E, 0x80, 0x07, 0x01, 0xD0,
	0xFF, 0xF7, 0x32, 0xFF, 0x65, 0x77, 0x70, 0xBD, 0x16, 0x90, 0x08, 0x20,
	0x00, 0x0E, 0x04, 0x40, 0x70, 0xB5, 0x05, 0x48, 0x00, 0x25, 0x45, 0x71,
	0x04, 0x4C, 0x20, 0x7E, 0x80, 0x07, 0x01, 0xD0, 0xFF, 0xF7, 0x4E, 0xFF,
	0x65, 0x77, 0x70, 0xBD, 0x16, 0x90, 0x08, 0x20, 0x00, 0x0E, 0x04, 0x40,
	0x00, 0xB5, 0x06, 0x48, 0x01, 0x7A, 0xEF, 0x22, 0x11, 0x40, 0x01, 0x72,
	0x01, 0x7A, 0x10, 0x22, 0x11, 0x43, 0x01, 0x72, 0xFF, 0xF7, 0x86, 0xFF,
	0x00, 0xBD, 0x00, 0x00, 0x00, 0x00, 0x04, 0x40, 0xF0, 0xB5, 0x58, 0x4B,
	0x83, 0xB0, 0x56, 0x48, 0x98, 0x81, 0x40, 0x42, 0xD8, 0x81, 0x56, 0x49,
	0x55, 0x48, 0x4A, 0x79, 0xFF, 0x31, 0x41, 0x31, 0xC9, 0x7C, 0x00, 0x79,
	0x00, 0x25, 0x89, 0x1C, 0x2C, 0x46, 0x84, 0x46, 0x8E, 0x46, 0x00, 0x28,
	0x34, 0xD9, 0x00, 0x20, 0x00, 0x2A, 0x2D, 0xD9, 0x4E, 0x4E, 0x21, 0x46,
	0x4C, 0x27, 0x79, 0x43, 0x89, 0x19, 0x01, 0x91, 0x71, 0x46, 0x66, 0x1C,
	0x71, 0x43, 0x00, 0x91, 0x01, 0x99, 0x46, 0x00, 0x89, 0x19, 0x4E, 0x26,
	0x8E, 0x5F, 0x00, 0x99, 0x09, 0x18, 0x4F, 0x00, 0x46, 0x49, 0x7F, 0x18,
	0x02, 0x21, 0x79, 0x5E, 0x8E, 0x1B, 0x37, 0x46, 0x00, 0xD5, 0x7E, 0x42,
	0xAE, 0x42, 0x03, 0xDD, 0x00, 0x2F, 0x00, 0xDA, 0x7F, 0x42, 0xBD, 0xB2,
	0x0C, 0x26, 0x9E, 0x5F, 0xB1, 0x42, 0x00, 0xDD, 0x99, 0x81, 0x0E, 0x26,
	0x9E, 0x5F, 0xB1, 0x42, 0x00, 0xDA, 0xD9, 0x81, 0x40, 0x1C, 0xC0, 0xB2,
	0x82, 0x42, 0xDB, 0xD8, 0x64, 0x1C, 0xE4, 0xB2, 0xA4, 0x45, 0xCA, 0xD8,
	0x37, 0x48, 0x5D, 0x82, 0x37, 0x49, 0x43, 0x7D, 0x08, 0x7F, 0x00, 0x2B,
	0x01, 0xD0, 0x05, 0x28, 0x22, 0xD2, 0x40, 0x1C, 0x08, 0x77, 0x00, 0x21,
	0x60, 0x46, 0x00, 0x28, 0x1A, 0xD9, 0x2F, 0x4F, 0x00, 0x20, 0x00, 0x2A,
	0x12, 0xD9, 0x2C, 0x4C, 0x4C, 0x23, 0x4B, 0x43, 0x1B, 0x19, 0x76, 0x46,
	0x4C, 0x1C, 0x66, 0x43, 0x34, 0x18, 0x45, 0x00, 0x64, 0x00, 0xE4, 0x19,
	0x5D, 0x19, 0x40, 0x35, 0x40, 0x1C, 0x64, 0x88, 0xC0, 0xB2, 0xEC, 0x81,
	0x82, 0x42, 0xF3, 0xD8, 0x49, 0x1C, 0xC9, 0xB2, 0x8C, 0x45, 0xE5, 0xD8,
	0x03, 0xB0, 0xF0, 0xBD, 0xE8, 0x04, 0x00, 0x0E, 0x0E, 0x28, 0x00, 0xD9,
	0x0E, 0x20, 0x21, 0x49, 0x08, 0x5C, 0x80, 0x21, 0x00, 0x90, 0x08, 0x1A,
	0xC4, 0xB2, 0x00, 0x21, 0x60, 0x46, 0x00, 0x28, 0xEE, 0xD9, 0x00, 0x20,
	0x00, 0x2A, 0x20, 0xD9, 0x16, 0x4D, 0x4C, 0x23, 0x4B, 0x43, 0x5B, 0x19,
	0x02, 0x93, 0x73, 0x46, 0x4D, 0x1C, 0x6B, 0x43, 0x01, 0x93, 0x02, 0x9B,
	0x45, 0x00, 0x5F, 0x19, 0x40, 0x37, 0x0E, 0x25, 0x7D, 0x5F, 0x00, 0x9B,
	0x5D, 0x43, 0x01, 0x9B, 0x1B, 0x18, 0x5E, 0x00, 0x0D, 0x4B, 0x40, 0x1C,
	0xF3, 0x18, 0x02, 0x26, 0x9E, 0x5F, 0xC0, 0xB2, 0x66, 0x43, 0xAD, 0x19,
	0xED, 0x11, 0x5D, 0x80, 0xFD, 0x81, 0x82, 0x42, 0xE7, 0xD8, 0x49, 0x1C,
	0xC9, 0xB2, 0x8C, 0x45, 0xD7, 0xD8, 0x03, 0xB0, 0xF0, 0xBD, 0x00, 0x00,
	0x18, 0xFC, 0xFF, 0xFF, 0x4C, 0xB1, 0x08, 0x20, 0xB1, 0x92, 0x08, 0x20,
	0x42, 0x99, 0x08, 0x20, 0x00, 0x50, 0x02, 0x20, 0x71, 0x94, 0x08, 0x20,
	0xC8, 0x98, 0x08, 0x20, 0x0E, 0x91, 0x08, 0x20, 0x62, 0xB6, 0x01, 0x21,
	0x02, 0x48, 0x09, 0x03, 0x01, 0x60, 0x49, 0x00, 0x01, 0x60, 0x70, 0x47,
	0x00, 0xE1, 0x00, 0xE0, 0xF8, 0xB5, 0x4E, 0x48, 0x00, 0x25, 0x41, 0x79,
	0x4E, 0x4F, 0x4D, 0x4A, 0xFE, 0x69, 0x30, 0x46, 0x43, 0x30, 0x43, 0x7B,
	0x04, 0x7B, 0x18, 0x02, 0x20, 0x43, 0x4B, 0x4C, 0x01, 0x29, 0x78, 0xD0,
	0x4A, 0x49, 0x00, 0x23, 0x09, 0x88, 0x48, 0x43, 0xC1, 0x17, 0xFC, 0xF7,
	0xCD, 0xF9, 0x80, 0xB2, 0x01, 0x21, 0x89, 0x02, 0x88, 0x42, 0x00, 0xD9,
	0x08, 0x46, 0x45, 0x4B, 0xE9, 0x18, 0x0A, 0x78, 0x44, 0x49, 0x4A, 0x55,
	0x6D, 0x1C, 0xED, 0xB2, 0x0E, 0x2D, 0xF7, 0xD3, 0x32, 0x79, 0x00, 0x21,
	0x00, 0x2A, 0x19, 0xD9, 0x3B, 0x4A, 0x01, 0x26, 0xD2, 0x69, 0x52, 0x18,
	0x92, 0x79, 0x1B, 0x2A, 0x0B, 0xD8, 0x93, 0x08, 0x3A, 0x4D, 0x92, 0x07,
	0x5B, 0x19, 0x52, 0x0F, 0x03, 0x25, 0x1F, 0x78, 0x95, 0x40, 0xAF, 0x43,
	0x96, 0x40, 0x37, 0x43, 0x1F, 0x70, 0x32, 0x4A, 0x49, 0x1C, 0xD2, 0x69,
	0xC9, 0xB2, 0x12, 0x79, 0x8A, 0x42, 0xE5, 0xD8, 0x33, 0x4A, 0x93, 0x7E,
	0x31, 0x49, 0x8B, 0x73, 0xD3, 0x7E, 0xCB, 0x73, 0x13, 0x7D, 0x4B, 0x74,
	0x53, 0x8A, 0x1B, 0x0A, 0x8B, 0x74, 0x53, 0x8A, 0xCB, 0x74, 0x2E, 0x4B,
	0x1D, 0x88, 0x2D, 0x0A, 0x0D, 0x75, 0x1D, 0x88, 0x4D, 0x75, 0x15, 0x8A,
	0x2D, 0x0A, 0x8D, 0x75, 0x15, 0x8A, 0xCD, 0x75, 0x9D, 0x88, 0x2D, 0x0A,
	0x0D, 0x76, 0x9D, 0x88, 0x4D, 0x76, 0x55, 0x78, 0x8D, 0x76, 0x5D, 0x88,
	0x2D, 0x0A, 0xCD, 0x76, 0x5D, 0x88, 0x24, 0x4E, 0x0D, 0x77, 0xF5, 0x7C,
	0x4D, 0x77, 0x01, 0x25, 0x95, 0x76, 0x00, 0x21, 0xD1, 0x76, 0x11, 0x75,
	0x19, 0x60, 0x20, 0x49, 0x0D, 0x72, 0x10, 0x82, 0x14, 0x49, 0x49, 0x79,
	0x10, 0x25, 0x01, 0x29, 0x51, 0x78, 0x19, 0xD0, 0x1C, 0x4C, 0x09, 0x09,
	0x24, 0x78, 0x09, 0x01, 0x21, 0x43, 0x51, 0x70, 0x1A, 0x49, 0x09, 0x78,
	0x29, 0x43, 0xF1, 0x74, 0x50, 0x82, 0x98, 0x80, 0xD8, 0x80, 0xF8, 0xBD,
	0xFF, 0xE7, 0x61, 0x7B, 0x23, 0x7B, 0x09, 0x02, 0x19, 0x43, 0x48, 0x43,
	0xC1, 0x17, 0x00, 0x23, 0xFC, 0xF7, 0x52, 0xF9, 0x80, 0xB2, 0x83, 0xE7,
	0x09, 0x09, 0xA7, 0x7B, 0x09, 0x01, 0x39, 0x43, 0x51, 0x70, 0xE1, 0x7B,
	0x29, 0x43, 0xF1, 0x74, 0xE6, 0xE7, 0x00, 0x00, 0x88, 0x91, 0x08, 0x20,
	0x49, 0x03, 0x00, 0x00, 0xD8, 0x90, 0x08, 0x20, 0x51, 0x94, 0x08, 0x20,
	0x10, 0x90, 0x08, 0x20, 0x00, 0x00, 0x02, 0x20, 0x60, 0xB1, 0x08, 0x20,
	0x40, 0x08, 0x04, 0x40, 0x00, 0x09, 0x04, 0x40, 0xA0, 0x01, 0x04, 0x40,
	0x60, 0x08, 0x04, 0x40, 0x12, 0x90, 0x08, 0x20, 0x13, 0x90, 0x08, 0x20,
	0xAF, 0x20, 0x00, 0x03, 0x00, 0x88, 0x0C, 0x49, 0x0A, 0x88, 0x0C, 0x4B,
	0x89, 0x1C, 0x82, 0x18, 0x9A, 0x42, 0x0A, 0xD1, 0x00, 0x28, 0x0B, 0xD0,
	0x0A, 0x68, 0x0B, 0x79, 0x13, 0x70, 0x40, 0x1E, 0x08, 0x31, 0x00, 0x04,
	0x00, 0x0C, 0xF7, 0xD1, 0x02, 0xE0, 0x05, 0x49, 0x20, 0x20, 0x08, 0x70,
	0x04, 0x49, 0x00, 0x20, 0x48, 0x61, 0x70, 0x47, 0x02, 0xF0, 0x0A, 0x00,
	0xFF, 0xFF, 0x00, 0x00, 0x20, 0x01, 0x04, 0x00, 0x00, 0x06, 0x04, 0x40,
	0x02, 0x48, 0x01, 0x7A, 0xF7, 0x22, 0x11, 0x40, 0x01, 0x72, 0x70, 0x47,
	0x00, 0x00, 0x04, 0x40, 0xF0, 0xB5, 0x85, 0xB0, 0x02, 0xF0, 0x2E, 0xF8,
	0x49, 0x4C, 0x20, 0x7C, 0x80, 0x07, 0x09, 0xD4, 0x7D, 0x25, 0xED, 0x00,
	0xFD, 0xF7, 0xB4, 0xF9, 0x28, 0x46, 0x03, 0xF0, 0x34, 0xFD, 0x21, 0x7C,
	0x89, 0x07, 0xF7, 0xD5, 0x43, 0x48, 0x44, 0x4C, 0x40, 0x7B, 0x00, 0x28,
	0x1E, 0xD0, 0x43, 0x48, 0x40, 0x79, 0x01, 0x28, 0x1A, 0xD1, 0x42, 0x48,
	0xC0, 0x6C, 0x80, 0x47, 0x42, 0x4A, 0x41, 0x4B, 0x12, 0x7E, 0x19, 0x78,
	0x55, 0x07, 0x01, 0x20, 0x6D, 0x0F, 0x01, 0x2D, 0x08, 0xD9, 0x42, 0x00,
	0x9A, 0x5A, 0x8A, 0x42, 0x00, 0xD9, 0xD1, 0xB2, 0x40, 0x1C, 0xC0, 0xB2,
	0x85, 0x42, 0xF6, 0xD8, 0xE0, 0x69, 0xFF, 0x30, 0x21, 0x30, 0x80, 0x79,
	0x88, 0x42, 0x4D, 0xD3, 0x32, 0x48, 0x01, 0x23, 0xC1, 0x69, 0xFF, 0x20,
	0x54, 0x30, 0x40, 0x5C, 0x9B, 0x07, 0x00, 0x04, 0xC4, 0x18, 0x00, 0x22,
	0x03, 0x23, 0x1B, 0x07, 0x01, 0x92, 0x03, 0x92, 0xC3, 0x18, 0x00, 0x93,
	0x01, 0x22, 0x52, 0x07, 0x83, 0x18, 0x02, 0x94, 0x49, 0x79, 0x07, 0x22,
	0x01, 0x20, 0xFC, 0xF7, 0x7D, 0xFD, 0x2B, 0x4B, 0x00, 0x22, 0x5B, 0x78,
	0x11, 0x46, 0x10, 0x46, 0x9C, 0x46, 0x00, 0x2B, 0x1E, 0xD9, 0x22, 0x4B,
	0xDF, 0x69, 0xFF, 0x37, 0x01, 0x37, 0xFB, 0x7A, 0x03, 0x2B, 0x28, 0xD0,
	0x05, 0x2B, 0x26, 0xD0, 0x23, 0x4C, 0x43, 0x00, 0xE5, 0x5A, 0x23, 0x4C,
	0x1C, 0x19, 0x24, 0x88, 0x2C, 0x1B, 0x22, 0x4D, 0xEC, 0x52, 0x21, 0x4B,
	0x44, 0x00, 0x1B, 0x5F, 0x93, 0x42, 0x00, 0xDD, 0x1A, 0x46, 0x8B, 0x42,
	0x00, 0xDA, 0x19, 0x46, 0x40, 0x1C, 0xC0, 0xB2, 0x84, 0x45, 0xE4, 0xD8,
	0x13, 0x48, 0x40, 0x79, 0x01, 0x28, 0x17, 0xD0, 0x10, 0x48, 0xC0, 0x69,
	0xFF, 0x30, 0x21, 0x30, 0x80, 0x7D, 0x43, 0x42, 0x99, 0x42, 0x01, 0xDB,
	0x82, 0x42, 0x10, 0xDD, 0x01, 0x20, 0x05, 0xB0, 0xF0, 0xBD, 0x10, 0x4C,
	0x43, 0x00, 0xE5, 0x5A, 0x0F, 0x4C, 0x86, 0x00, 0x34, 0x19, 0x24, 0x88,
	0x2C, 0x1B, 0x0E, 0x4D, 0xEC, 0x52, 0xD6, 0xE7, 0x0D, 0x48, 0x00, 0x7C,
	0xE9, 0xE7, 0x00, 0x20, 0x05, 0xB0, 0xF0, 0xBD, 0x60, 0x08, 0x04, 0x40,
	0xB1, 0x93, 0x08, 0x20, 0xD8, 0x90, 0x08, 0x20, 0x88, 0x91, 0x08, 0x20,
	0x44, 0x90, 0x08, 0x20, 0xE8, 0xA8, 0x08, 0x20, 0x68, 0xA9, 0x08, 0x20,
	0x88, 0xA9, 0x08, 0x20, 0x7E, 0xB1, 0x08, 0x20, 0x00, 0x50, 0x02, 0x20,
	0xC6, 0xB1, 0x08, 0x20, 0x51, 0x94, 0x08, 0x20, 0xF8, 0xB5, 0x2B, 0x4F,
	0x00, 0x20, 0x78, 0x70, 0x78, 0x71, 0xB8, 0x74, 0xB8, 0x70, 0x29, 0x4E,
	0x70, 0x76, 0x02, 0xF0, 0x0D, 0xFD, 0x01, 0xF0, 0xD9, 0xFE, 0x03, 0xF0,
	0x95, 0xFA, 0x01, 0xF0, 0x71, 0xFF, 0x03, 0xF0, 0x7F, 0xFA, 0x00, 0xF0,
	0x99, 0xFE, 0x03, 0xF0, 0x8D, 0xFA, 0x01, 0xF0, 0x69, 0xFF, 0x03, 0xF0,
	0xCF, 0xF9, 0x38, 0x78, 0x01, 0x24, 0x00, 0x28, 0x31, 0xD1, 0xFD, 0x1C,
	0x34, 0x74, 0x03, 0xF0, 0xC9, 0xFA, 0x03, 0xF0, 0x6D, 0xFA, 0x00, 0xF0,
	0x87, 0xFE, 0x03, 0xF0, 0x7B, 0xFA, 0x64, 0x20, 0x03, 0xF0, 0x67, 0xFC,
	0x01, 0xF0, 0x54, 0xFF, 0x03, 0xF0, 0xE2, 0xFB, 0x02, 0xF0, 0x08, 0xFE,
	0x14, 0x48, 0x00, 0x78, 0x00, 0x28, 0x17, 0xD1, 0xFE, 0xF7, 0xAC, 0xFE,
	0x12, 0x48, 0x01, 0xF0, 0xB3, 0xF8, 0x00, 0xF0, 0x29, 0xF8, 0x00, 0xF0,
	0x4F, 0xFC, 0xB8, 0x7C, 0x00, 0x28, 0x0B, 0xD0, 0x0E, 0x48, 0x28, 0x74,
	0x01, 0x0A, 0x69, 0x74, 0x01, 0x0C, 0xA9, 0x74, 0x00, 0x0E, 0xE8, 0x74,
	0xBC, 0x70, 0xB8, 0x78, 0x00, 0x28, 0xFC, 0xD1, 0x38, 0x78, 0x00, 0x28,
	0xCE, 0xD0, 0x7C, 0x70, 0x07, 0x48, 0x01, 0x7C, 0x89, 0x07, 0xFC, 0xD5,
	0xF8, 0xBD, 0x00, 0x00, 0x88, 0x91, 0x08, 0x20, 0xA8, 0x91, 0x08, 0x20,
	0xD4, 0x90, 0x08, 0x20, 0x48, 0x91, 0x08, 0x20, 0x00, 0x58, 0x02, 0x20,
	0x60, 0x08, 0x04, 0x40, 0x70, 0x47, 0x00, 0x00, 0xF0, 0xB5, 0x00, 0x24,
	0xB2, 0x49, 0x83, 0xB0, 0x0C, 0x70, 0xB2, 0x48, 0x00, 0x90, 0x47, 0x7B,
	0x25, 0x46, 0x22, 0x46, 0x00, 0x2F, 0x18, 0xD9, 0x06, 0x20, 0x11, 0x46,
	0x41, 0x43, 0xAE, 0x48, 0xC3, 0x26, 0x0B, 0x18, 0xD9, 0x88, 0xF6, 0x00,
	0x98, 0x88, 0x76, 0x1A, 0x00, 0x2E, 0x00, 0xDC, 0xAA, 0x49, 0x2D, 0x26,
	0x36, 0x01, 0x36, 0x1A, 0x00, 0x2E, 0x00, 0xDC, 0xA8, 0x48, 0x52, 0x1C,
	0xD9, 0x80, 0xD2, 0xB2, 0x98, 0x80, 0x97, 0x42, 0xE6, 0xD8, 0xA6, 0x4E,
	0x70, 0x79, 0x02, 0x28, 0x2E, 0xD0, 0x19, 0x20, 0x02, 0xF0, 0x36, 0xFF,
	0x70, 0x79, 0xA3, 0x4E, 0x03, 0x28, 0x03, 0xD0, 0xA2, 0x48, 0x80, 0x7B,
	0x00, 0x28, 0x1B, 0xD0, 0x9B, 0x48, 0x01, 0x78, 0x02, 0x29, 0x1D, 0xD2,
	0x9F, 0x49, 0x8A, 0x68, 0x00, 0x21, 0x00, 0x1D, 0x90, 0x47, 0x9C, 0x49,
	0x00, 0x28, 0x88, 0x70, 0x14, 0xD0, 0x9C, 0x48, 0x01, 0x24, 0x04, 0x70,
	0x02, 0x20, 0xFF, 0xF7, 0xE9, 0xFA, 0x01, 0x21, 0x02, 0x20, 0xFF, 0xF7,
	0x9F, 0xFB, 0x00, 0x20, 0x02, 0xF0, 0x40, 0xF9, 0x8C, 0x48, 0x04, 0x70,
	0x95, 0x48, 0x01, 0x90, 0x80, 0x7F, 0x00, 0x28, 0x04, 0xD0, 0x14, 0xE0,
	0x00, 0x20, 0x70, 0x70, 0x03, 0xB0, 0xF0, 0xBD, 0x88, 0x48, 0x01, 0x78,
	0x00, 0x29, 0x0C, 0xD1, 0x41, 0x78, 0x00, 0x29, 0x09, 0xD1, 0x81, 0x78,
	0x00, 0x29, 0x06, 0xD1, 0xC0, 0x78, 0x00, 0x28, 0x03, 0xD1, 0x80, 0x48,
	0x00, 0x78, 0x00, 0x28, 0x12, 0xD0, 0xB0, 0x78, 0x0A, 0x28, 0x30, 0x78,
	0x14, 0xD0, 0x01, 0x28, 0x1A, 0xD0, 0xFF, 0xF7, 0x61, 0xFA, 0x31, 0x78,
	0x01, 0x29, 0x01, 0xD0, 0x01, 0x21, 0x31, 0x70, 0x7D, 0x49, 0x84, 0x46,
	0x09, 0x78, 0x01, 0x29, 0x11, 0xD0, 0x3D, 0xE0, 0x00, 0x20, 0x70, 0x70,
	0x02, 0xF0, 0x0C, 0xF9, 0x03, 0xB0, 0xF0, 0xBD, 0x01, 0x28, 0x02, 0xD0,
	0xFF, 0xF7, 0x50, 0xFA, 0xE9, 0xE7, 0xFF, 0xF7, 0x7D, 0xF9, 0xE6, 0xE7,
	0xFF, 0xF7, 0x70, 0xF9, 0xE3, 0xE7, 0x6E, 0x4A, 0x91, 0x78, 0x01, 0x70,
	0x00, 0x9B, 0x00, 0x21, 0x5B, 0x7B, 0x80, 0x1C, 0x00, 0x2B, 0x21, 0xD9,
	0x06, 0x22, 0x0B, 0x46, 0x53, 0x43, 0x68, 0x4A, 0x9B, 0x18, 0x5A, 0x7A,
	0x00, 0x2A, 0x13, 0xD0, 0x01, 0x70, 0x1F, 0x79, 0x47, 0x70, 0x5F, 0x79,
	0x87, 0x70, 0x9F, 0x79, 0xC7, 0x70, 0xDE, 0x79, 0x06, 0x71, 0x1B, 0x7A,
	0x43, 0x71, 0x6D, 0x1C, 0x82, 0x71, 0xC0, 0x1D, 0xED, 0xB2, 0x01, 0x2A,
	0x01, 0xD0, 0x04, 0x2A, 0x00, 0xD1, 0x01, 0x24, 0x00, 0x9A, 0x49, 0x1C,
	0x52, 0x7B, 0xC9, 0xB2, 0x8A, 0x42, 0xDD, 0xD8, 0x60, 0x46, 0x45, 0x70,
	0x57, 0x48, 0x5B, 0x4F, 0x81, 0x78, 0xC1, 0x70, 0x00, 0x25, 0xC8, 0x20,
	0x03, 0xF0, 0x69, 0xFB, 0x78, 0x79, 0x00, 0x28, 0x03, 0xD0, 0x6D, 0x1C,
	0xED, 0xB2, 0xC8, 0x2D, 0xF5, 0xD3, 0xB8, 0x78, 0x0A, 0x28, 0x13, 0xD0,
	0x0A, 0x20, 0xB8, 0x70, 0x01, 0x20, 0x78, 0x70, 0x01, 0x98, 0x80, 0x7F,
	0x7D, 0x25, 0xED, 0x00, 0x00, 0x28, 0x0B, 0xD0, 0x00, 0x24, 0xBC, 0x71,
	0x01, 0x20, 0x02, 0xF0, 0xB1, 0xF8, 0xFC, 0x71, 0xF8, 0x79, 0x00, 0x28,
	0x7C, 0xD0, 0x73, 0xE0, 0x0B, 0x20, 0xEA, 0xE7, 0x00, 0x2C, 0x5E, 0xD0,
	0x40, 0x4E, 0x00, 0x25, 0x70, 0x78, 0x00, 0x28, 0x4B, 0xD9, 0x01, 0x20,
	0x02, 0xF0, 0xA0, 0xF8, 0x30, 0x78, 0x01, 0x28, 0x08, 0xD0, 0x01, 0x24,
	0x00, 0x20, 0x38, 0x71, 0x02, 0xF0, 0x2E, 0xFC, 0x38, 0x79, 0x00, 0x28,
	0x15, 0xD0, 0x1A, 0xE0, 0x05, 0x24, 0x00, 0x20, 0x38, 0x71, 0x02, 0xF0,
	0x25, 0xFC, 0x38, 0x79, 0x00, 0x28, 0x05, 0xD1, 0x78, 0x78, 0x00, 0x28,
	0x31, 0xD0, 0x38, 0x79, 0x00, 0x28, 0xF9, 0xD0, 0x03, 0xF0, 0x7C, 0xF9,
	0x64, 0x1E, 0x24, 0x06, 0x24, 0x0E, 0xEC, 0xD1, 0x0B, 0xE0, 0x78, 0x78,
	0x00, 0x28, 0x24, 0xD0, 0x38, 0x79, 0x00, 0x28, 0xF9, 0xD0, 0x03, 0xF0,
	0x6F, 0xF9, 0x64, 0x1E, 0x24, 0x06, 0x24, 0x0E, 0xD6, 0xD1, 0x00, 0x20,
	0x02, 0xF0, 0x70, 0xF8, 0x01, 0x24, 0x00, 0x20, 0x38, 0x71, 0x02, 0xF0,
	0x01, 0xFC, 0x38, 0x79, 0x00, 0x28, 0x05, 0xD1, 0x78, 0x78, 0x00, 0x28,
	0x0D, 0xD0, 0x38, 0x79, 0x00, 0x28, 0xF9, 0xD0, 0x03, 0xF0, 0x58, 0xF9,
	0x64, 0x1E, 0x24, 0x06, 0x24, 0x0E, 0xEC, 0xD1, 0x6D, 0x1C, 0x70, 0x78,
	0xED, 0xB2, 0x85, 0x42, 0xB3, 0xD3, 0x00, 0x20, 0x02, 0xF0, 0x54, 0xF8,
	0x1D, 0x48, 0x80, 0x7B, 0x00, 0x28, 0x02, 0xD0, 0x1F, 0x48, 0x03, 0xF0,
	0xEC, 0xFA, 0x1F, 0x49, 0x00, 0x20, 0x88, 0x61, 0x13, 0xE0, 0x00, 0x20,
	0xB8, 0x71, 0x01, 0x20, 0x02, 0xF0, 0x44, 0xF8, 0x04, 0xE0, 0xFC, 0xF7,
	0x5D, 0xFF, 0x28, 0x46, 0x03, 0xF0, 0xDD, 0xFA, 0xF8, 0x78, 0x00, 0x28,
	0x02, 0xD1, 0xB8, 0x79, 0x00, 0x28, 0xF4, 0xD0, 0x00, 0x20, 0x02, 0xF0,
	0x35, 0xF8, 0x00, 0x20, 0xB8, 0x71, 0x03, 0xB0, 0xF0, 0xBD, 0xFF, 0xE7,
	0xFC, 0xF7, 0x4A, 0xFF, 0x28, 0x46, 0x03, 0xF0, 0xCA, 0xFA, 0xF9, 0x79,
	0x00, 0x29, 0xF7, 0xD0, 0xEE, 0xE7, 0x00, 0x00, 0x14, 0x90, 0x08, 0x20,
	0xF1, 0x92, 0x08, 0x20, 0x48, 0x91, 0x08, 0x20, 0x17, 0x06, 0x00, 0x00,
	0xCF, 0x02, 0x00, 0x00, 0x88, 0x91, 0x08, 0x20, 0x16, 0x90, 0x08, 0x20,
	0x2E, 0x90, 0x08, 0x20, 0xC4, 0x90, 0x08, 0x20, 0x1E, 0x91, 0x08, 0x20,
	0xA8, 0x91, 0x08, 0x20, 0x80, 0x38, 0x01, 0x00, 0x00, 0x02, 0x04, 0x40,
	0x10, 0xB5, 0xB3, 0x20, 0x00, 0x03, 0x00, 0x68, 0x07, 0x49, 0x08, 0x4A,
	0x88, 0x42, 0x05, 0xD1, 0x09, 0x21, 0x49, 0x03, 0x06, 0x48, 0xFE, 0xF7,
	0xFD, 0xFE, 0x10, 0xBD, 0x05, 0x49, 0x04, 0x48, 0xFB, 0xF7, 0xD7, 0xFE,
	0x10, 0xBD, 0x00, 0x00, 0x5A, 0xA5, 0x66, 0x6A, 0x0D, 0x02, 0x00, 0x00,
	0xB1, 0x92, 0x08, 0x20, 0x8A, 0x7D, 0x00, 0x00, 0xF0, 0xB5, 0x6B, 0x48,
	0x87, 0xB0, 0xC0, 0x7A, 0x05, 0x28, 0x7D, 0xD0, 0x06, 0x28, 0x7B, 0xD0,
	0x00, 0x20, 0x68, 0x4C, 0x68, 0x4D, 0xE1, 0x69, 0x0A, 0x79, 0x2A, 0x70,
	0x49, 0x79, 0x69, 0x70, 0x66, 0x49, 0x49, 0x69, 0x88, 0x47, 0x66, 0x4E,
	0x70, 0x78, 0x07, 0x02, 0x77, 0x81, 0xE4, 0x69, 0xFF, 0x20, 0x0C, 0x30,
	0x00, 0x5D, 0x02, 0x28, 0x67, 0xD0, 0x04, 0x28, 0x65, 0xD0, 0x30, 0x78,
	0x00, 0x02, 0xB0, 0x81, 0x20, 0x46, 0x80, 0x30, 0x05, 0x90, 0x81, 0x78,
	0x04, 0x91, 0xC2, 0x78, 0x89, 0x18, 0xFF, 0x39, 0x01, 0x39, 0x79, 0x18,
	0x89, 0xB2, 0x03, 0x91, 0x01, 0x79, 0x00, 0x91, 0x40, 0x79, 0x09, 0x18,
	0xB0, 0x89, 0xFF, 0x39, 0x01, 0x39, 0x01, 0x90, 0x40, 0x18, 0x03, 0x99,
	0x80, 0xB2, 0x02, 0x90, 0x00, 0x29, 0x7D, 0xD0, 0x00, 0x28, 0x7B, 0xD0,
	0x61, 0x78, 0x22, 0x78, 0x04, 0x98, 0x09, 0x02, 0x11, 0x43, 0x80, 0x30,
	0x48, 0x43, 0x03, 0x99, 0xFB, 0xF7, 0xEF, 0xFE, 0xF0, 0x81, 0x04, 0x98,
	0x61, 0x78, 0xC0, 0x19, 0x22, 0x78, 0x09, 0x02, 0xFF, 0x38, 0x11, 0x43,
	0x81, 0x38, 0x48, 0x43, 0x03, 0x99, 0xFB, 0xF7, 0xE2, 0xFE, 0x30, 0x82,
	0xE1, 0x78, 0xA2, 0x78, 0x00, 0x98, 0x09, 0x02, 0x11, 0x43, 0x80, 0x30,
	0x48, 0x43, 0x02, 0x99, 0xFB, 0xF7, 0xD7, 0xFE, 0x70, 0x82, 0x01, 0x99,
	0x00, 0x98, 0xA2, 0x78, 0x40, 0x18, 0xE1, 0x78, 0xFF, 0x38, 0x09, 0x02,
	0x11, 0x43, 0x81, 0x38, 0x48, 0x43, 0x02, 0x99, 0xFB, 0xF7, 0xC9, 0xFE,
	0xB0, 0x82, 0x05, 0x98, 0x23, 0x46, 0x41, 0x7D, 0x02, 0x7D, 0x08, 0x02,
	0x10, 0x43, 0xF0, 0x82, 0x30, 0x83, 0x39, 0x1A, 0x71, 0x83, 0x01, 0x99,
	0xFF, 0x33, 0x08, 0x1A, 0xB0, 0x83, 0x41, 0x33, 0x99, 0x7C, 0x00, 0x20,
	0x00, 0x29, 0x0C, 0xD9, 0x21, 0x18, 0x01, 0xE0, 0x4A, 0xE0, 0x4B, 0xE0,
	0x8A, 0x79, 0x31, 0x18, 0x40, 0x31, 0x8A, 0x70, 0x40, 0x1C, 0x99, 0x7C,
	0xC0, 0xB2, 0x81, 0x42, 0xF2, 0xD8, 0x20, 0x46, 0xFF, 0x30, 0x77, 0x89,
	0x21, 0x30, 0x01, 0x90, 0x41, 0x7E, 0x02, 0x7E, 0x08, 0x02, 0x10, 0x43,
	0x61, 0x78, 0x22, 0x78, 0x09, 0x02, 0x78, 0x43, 0x11, 0x43, 0xFB, 0xF7,
	0xA6, 0xFE, 0x68, 0x87, 0x20, 0x46, 0xFF, 0x30, 0xB6, 0x89, 0x23, 0x30,
	0x00, 0x90, 0x41, 0x7E, 0x02, 0x7E, 0x08, 0x02, 0x10, 0x43, 0xE1, 0x78,
	0xA2, 0x78, 0x09, 0x02, 0x70, 0x43, 0x11, 0x43, 0xFB, 0xF7, 0x95, 0xFE,
	0xA8, 0x87, 0x01, 0x98, 0x41, 0x7F, 0x02, 0x7F, 0x08, 0x02, 0x10, 0x43,
	0x78, 0x43, 0x61, 0x78, 0x22, 0x78, 0x00, 0xE0, 0x12, 0xE0, 0x09, 0x02,
	0x11, 0x43, 0xFB, 0xF7, 0x86, 0xFE, 0xE8, 0x87, 0x00, 0x99, 0xA2, 0x78,
	0x48, 0x7F, 0x09, 0x7F, 0x00, 0x02, 0x08, 0x43, 0xE1, 0x78, 0x70, 0x43,
	0x09, 0x02, 0x11, 0x43, 0xFB, 0xF7, 0x79, 0xFE, 0x0A, 0x49, 0x08, 0x80,
	0x07, 0xB0, 0xF0, 0xBD, 0x02, 0x20, 0x36, 0xE7, 0x30, 0x78, 0x00, 0x02,
	0xFF, 0x38, 0x01, 0x38, 0x49, 0xE7, 0x00, 0x00, 0xB1, 0x93, 0x08, 0x20,
	0xD8, 0x90, 0x08, 0x20, 0xC8, 0xA9, 0x08, 0x20, 0x44, 0x90, 0x08, 0x20,
	0x88, 0xA9, 0x08, 0x20, 0x08, 0xAA, 0x08, 0x20, 0xF8, 0xB5, 0x00, 0x24,
	0x01, 0x26, 0x35, 0x46, 0xA5, 0x40, 0xE8, 0xB2, 0xFF, 0xF7, 0xA6, 0xF8,
	0xE8, 0xB2, 0x01, 0x21, 0xFF, 0xF7, 0x5C, 0xF9, 0xE8, 0xB2, 0x00, 0x21,
	0xFF, 0xF7, 0x6E, 0xF9, 0x64, 0x1C, 0xE4, 0xB2, 0x04, 0x2C, 0xEE, 0xD3,
	0x1D, 0x4C, 0xA0, 0x7C, 0x01, 0xF0, 0xDA, 0xFE, 0x02, 0x20, 0xFF, 0xF7,
	0x93, 0xF8, 0x01, 0x21, 0x02, 0x20, 0xFF, 0xF7, 0x49, 0xF9, 0x19, 0x48,
	0xC0, 0x7E, 0x00, 0x28, 0x06, 0xD1, 0xE0, 0x7B, 0x00, 0x28, 0x24, 0xD0,
	0x00, 0x21, 0x02, 0x20, 0xFF, 0xF7, 0x54, 0xF9, 0xFF, 0xF7, 0x10, 0xFA,
	0x13, 0x4F, 0x20, 0x7C, 0xF9, 0x68, 0x48, 0x43, 0x7D, 0x21, 0xC9, 0x00,
	0xFB, 0xF7, 0x1F, 0xFE, 0x10, 0x4D, 0x68, 0x60, 0xE0, 0x7C, 0x02, 0xF0,
	0x13, 0xFF, 0x00, 0x20, 0xF8, 0x80, 0xFF, 0xF7, 0x3D, 0xFB, 0x10, 0x21,
	0x03, 0x20, 0x02, 0xF0, 0xCB, 0xFF, 0x28, 0x7C, 0x02, 0x21, 0x08, 0x43,
	0x28, 0x74, 0x28, 0x7C, 0x30, 0x43, 0x28, 0x74, 0x07, 0x48, 0xC6, 0x70,
	0xF8, 0xBD, 0x01, 0x21, 0x02, 0x20, 0xFF, 0xF7, 0x2F, 0xF9, 0xD9, 0xE7,
	0x51, 0x93, 0x08, 0x20, 0x88, 0x91, 0x08, 0x20, 0x00, 0x90, 0x08, 0x20,
	0x00, 0x02, 0x04, 0x40, 0x16, 0x90, 0x08, 0x20, 0xF0, 0xB5, 0x9F, 0x49,
	0x64, 0x24, 0x0B, 0x78, 0x9E, 0x4E, 0x5C, 0x43, 0x8B, 0xB0, 0x49, 0x78,
	0xA4, 0x19, 0x00, 0x94, 0x64, 0x24, 0x4C, 0x43, 0xA4, 0x19, 0x50, 0x26,
	0x73, 0x43, 0x99, 0x4E, 0x00, 0x25, 0x9B, 0x19, 0x9C, 0x46, 0x50, 0x23,
	0x59, 0x43, 0x33, 0x46, 0xC9, 0x18, 0x28, 0x46, 0x2A, 0x46, 0x03, 0x91,
	0x93, 0x49, 0x8B, 0x18, 0x1B, 0x21, 0x89, 0x01, 0x59, 0x18, 0x89, 0x7D,
	0x02, 0x29, 0x01, 0xD0, 0x03, 0x29, 0x28, 0xD1, 0x03, 0x99, 0xD3, 0x00,
	0x0F, 0x27, 0xCE, 0x18, 0xBF, 0x01, 0xF1, 0x19, 0x0E, 0x7A, 0x00, 0x2E,
	0x1F, 0xD1, 0x02, 0x26, 0x63, 0x44, 0x0E, 0x72, 0xDB, 0x19, 0x5E, 0x89,
	0x4E, 0x81, 0x9B, 0x89, 0x8B, 0x81, 0x37, 0x23, 0x1B, 0x01, 0xCB, 0x81,
	0x0A, 0x23, 0x53, 0x43, 0x00, 0x99, 0xE7, 0x18, 0xCE, 0x18, 0x05, 0x21,
	0x09, 0x02, 0x71, 0x18, 0x05, 0x23, 0x01, 0x26, 0x1B, 0x02, 0xFB, 0x18,
	0x1E, 0x72, 0x4E, 0x89, 0x5E, 0x81, 0x8E, 0x89, 0x9E, 0x81, 0xCE, 0x89,
	0xDE, 0x81, 0x09, 0x7C, 0x19, 0x74, 0x52, 0x1C, 0xD2, 0xB2, 0x0A, 0x2A,
	0xC8, 0xD3, 0x79, 0x49, 0x0A, 0x91, 0x79, 0x49, 0x79, 0x4B, 0xC9, 0x69,
	0x00, 0x22, 0x80, 0x31, 0x09, 0x91, 0x59, 0x89, 0x0C, 0x46, 0xFF, 0x3C,
	0x80, 0x39, 0x81, 0x3C, 0x89, 0xB2, 0x08, 0x94, 0x07, 0x91, 0x99, 0x89,
	0x0B, 0x46, 0xFF, 0x3B, 0x81, 0x3B, 0x80, 0x39, 0x89, 0xB2, 0x06, 0x93,
	0x05, 0x91, 0x6C, 0x4B, 0x1B, 0x21, 0x9C, 0x18, 0x89, 0x01, 0x64, 0x18,
	0xA1, 0x7D, 0x01, 0x29, 0x03, 0xD0, 0x02, 0x29, 0x01, 0xD0, 0x03, 0x29,
	0x36, 0xD1, 0x21, 0x7B, 0x04, 0x91, 0xD1, 0x00, 0x03, 0x9E, 0x02, 0x91,
	0x76, 0x18, 0x0F, 0x21, 0x89, 0x01, 0x71, 0x18, 0x0E, 0x7A, 0x02, 0x2E,
	0x01, 0xD1, 0x0A, 0x9E, 0x30, 0x74, 0xA6, 0x7D, 0x01, 0x2E, 0x2D, 0xD0,
	0x0A, 0x26, 0x5D, 0x4B, 0x46, 0x43, 0xF3, 0x18, 0x13, 0x26, 0x76, 0x01,
	0x9E, 0x19, 0x09, 0x27, 0xBF, 0x01, 0x32, 0x70, 0xDB, 0x19, 0x4E, 0x89,
	0x5E, 0x84, 0x8E, 0x89, 0x9E, 0x84, 0xC9, 0x89, 0xD9, 0x84, 0x55, 0x49,
	0x87, 0x00, 0x7F, 0x18, 0x0D, 0x21, 0xC9, 0x01, 0x5E, 0x8C, 0x79, 0x18,
	0x0E, 0x83, 0x9B, 0x8C, 0x4B, 0x83, 0x21, 0x7B, 0xA1, 0x70, 0x49, 0x1C,
	0xC9, 0xB2, 0x21, 0x73, 0x04, 0x29, 0x01, 0xD3, 0x00, 0x21, 0x21, 0x73,
	0x40, 0x1C, 0xC0, 0xB2, 0x52, 0x1C, 0xD2, 0xB2, 0x0A, 0x2A, 0xB8, 0xD3,
	0x4C, 0x49, 0x88, 0x77, 0x0B, 0xB0, 0xF0, 0xBD, 0x0A, 0x26, 0x46, 0x4B,
	0x46, 0x43, 0xF3, 0x18, 0x13, 0x26, 0x76, 0x01, 0x01, 0x93, 0x9B, 0x19,
	0x1A, 0x70, 0x09, 0x9B, 0xDB, 0x7B, 0x00, 0x2B, 0x48, 0xD0, 0x04, 0x9E,
	0x50, 0x23, 0x5E, 0x43, 0x3E, 0x4B, 0x0C, 0x27, 0xF6, 0x18, 0x02, 0x9B,
	0xF6, 0x18, 0x0F, 0x23, 0x9B, 0x01, 0xF3, 0x18, 0xDF, 0x5F, 0x0A, 0x26,
	0xBC, 0x46, 0x9E, 0x5F, 0x4F, 0x89, 0xF6, 0x1B, 0x00, 0xD5, 0x76, 0x42,
	0x36, 0xB2, 0x00, 0x96, 0x8E, 0x89, 0x67, 0x46, 0xBE, 0x1B, 0x00, 0xD5,
	0x76, 0x42, 0x36, 0xB2, 0xB4, 0x46, 0x01, 0x26, 0x00, 0x9F, 0xB6, 0x02,
	0xB7, 0x42, 0x02, 0xDC, 0x67, 0x46, 0xB4, 0x45, 0x01, 0xDD, 0x00, 0x25,
	0x43, 0xE0, 0x00, 0x9E, 0x64, 0x2E, 0x01, 0xDC, 0x64, 0x2F, 0x1D, 0xDD,
	0x00, 0x9E, 0x66, 0x45, 0x0C, 0xDD, 0x5E, 0x89, 0xFF, 0x27, 0x81, 0x37,
	0xBE, 0x42, 0x01, 0xD8, 0x80, 0x21, 0x03, 0xE0, 0x08, 0x9F, 0xBE, 0x42,
	0x10, 0xDB, 0x07, 0x99, 0x59, 0x81, 0x0B, 0xE0, 0x9E, 0x89, 0xFF, 0x27,
	0x81, 0x37, 0xBE, 0x42, 0x01, 0xD8, 0x80, 0x21, 0x03, 0xE0, 0x06, 0x9F,
	0xBE, 0x42, 0x03, 0xDB, 0x05, 0x99, 0x99, 0x81, 0x01, 0x25, 0x01, 0xE0,
	0x00, 0x2D, 0x1E, 0xD0, 0x04, 0x99, 0x50, 0x23, 0x59, 0x43, 0x19, 0x4B,
	0x01, 0x9F, 0xCB, 0x18, 0x02, 0x99, 0x5B, 0x18, 0x0F, 0x21, 0x89, 0x01,
	0x5B, 0x18, 0x09, 0x21, 0x89, 0x01, 0x79, 0x18, 0x5E, 0x89, 0x4E, 0x84,
	0x9E, 0x89, 0x8E, 0x84, 0xDB, 0x89, 0xCB, 0x84, 0x10, 0x4B, 0x87, 0x00,
	0xFF, 0x18, 0x0D, 0x23, 0xDB, 0x01, 0x4E, 0x8C, 0xFB, 0x18, 0x1E, 0x83,
	0x89, 0x8C, 0x59, 0x83, 0x75, 0xE7, 0x09, 0x23, 0x01, 0x9F, 0x9B, 0x01,
	0xFB, 0x18, 0x4E, 0x89, 0x5E, 0x84, 0x8E, 0x89, 0x9E, 0x84, 0xC9, 0x89,
	0xD9, 0x84, 0x06, 0x49, 0x87, 0x00, 0x7F, 0x18, 0x0D, 0x21, 0xC9, 0x01,
	0x5E, 0x8C, 0x79, 0x18, 0x0E, 0x83, 0x9B, 0x8C, 0x4B, 0x83, 0x60, 0xE7,
	0xCC, 0xB0, 0x08, 0x20, 0x0C, 0xAA, 0x08, 0x20, 0x4C, 0xB1, 0x08, 0x20,
	0xD8, 0x90, 0x08, 0x20, 0x88, 0xA9, 0x08, 0x20, 0x4C, 0xAC, 0x08, 0x20,
	0xF8, 0xB5, 0xF6, 0x4E, 0xF6, 0x48, 0x31, 0x78, 0xF6, 0x4C, 0x00, 0x90,
	0x60, 0x79, 0x03, 0x29, 0x03, 0xD0, 0x03, 0x28, 0x07, 0xD1, 0x28, 0x20,
	0x03, 0xE0, 0x03, 0x28, 0x03, 0xD0, 0x00, 0x98, 0xC0, 0x7C, 0x02, 0xF0,
	0x93, 0xFD, 0xEF, 0x48, 0x41, 0x79, 0x31, 0x70, 0x41, 0x79, 0xEF, 0x4C,
	0xED, 0x48, 0x27, 0x46, 0xFF, 0x34, 0x40, 0x37, 0xED, 0x4D, 0xA1, 0x34,
	0x00, 0x29, 0x26, 0xD0, 0xE8, 0x49, 0x49, 0x79, 0x01, 0x29, 0x7D, 0xD0,
	0xE6, 0x4C, 0x61, 0x79, 0x02, 0x29, 0x7A, 0xD0, 0x61, 0x79, 0x03, 0x29,
	0x40, 0xD1, 0x01, 0x21, 0x01, 0x70, 0x00, 0x24, 0xE5, 0x48, 0x04, 0x27,
	0xC4, 0x73, 0xE5, 0x48, 0x25, 0x46, 0xC7, 0x74, 0x28, 0x20, 0x02, 0xF0,
	0x6F, 0xFD, 0xE3, 0x48, 0x01, 0x78, 0x00, 0x29, 0x68, 0xD0, 0xF5, 0x80,
	0x40, 0x78, 0x00, 0x28, 0x72, 0xD0, 0xB0, 0x88, 0x40, 0x1C, 0x80, 0xB2,
	0xB0, 0x80, 0xA0, 0x28, 0x26, 0xD3, 0x01, 0x24, 0x74, 0xE1, 0x00, 0x21,
	0x01, 0x70, 0xFE, 0xF7, 0x27, 0xF9, 0x00, 0x28, 0x1E, 0xD0, 0xE8, 0x7F,
	0x00, 0x28, 0x1B, 0xD1, 0xD6, 0x4A, 0x10, 0x78, 0x00, 0x28, 0x10, 0xD0,
	0x00, 0x20, 0x70, 0x70, 0x7B, 0x7B, 0x00, 0x2B, 0x0B, 0xD9, 0x06, 0x21,
	0x41, 0x43, 0x89, 0x18, 0x49, 0x7A, 0x00, 0x29, 0x01, 0xD0, 0x04, 0x29,
	0x0A, 0xD1, 0x40, 0x1C, 0xC0, 0xB2, 0x83, 0x42, 0xF3, 0xD8, 0x90, 0x78,
	0x00, 0x28, 0x04, 0xD0, 0x00, 0x20, 0xE0, 0x72, 0xF0, 0x80, 0xA0, 0x72,
	0xF8, 0xBD, 0xE0, 0x7A, 0x01, 0x28, 0x20, 0xD0, 0xC7, 0x49, 0x0A, 0x78,
	0x10, 0x46, 0x4A, 0x78, 0x12, 0x02, 0x10, 0x43, 0x8A, 0x78, 0xC9, 0x78,
	0x12, 0x04, 0x10, 0x43, 0x09, 0x06, 0x08, 0x43, 0x71, 0x78, 0x40, 0x18,
	0x70, 0x70, 0xF0, 0x88, 0x40, 0x1C, 0xF0, 0x80, 0xFE, 0xF7, 0x4C, 0xFD,
	0x00, 0x28, 0x18, 0xD0, 0x00, 0x98, 0x71, 0x78, 0x00, 0x7D, 0x88, 0x42,
	0x13, 0xD2, 0xB3, 0x49, 0x01, 0x20, 0x48, 0x71, 0x00, 0x20, 0xA0, 0x72,
	0x0D, 0xE0, 0xA0, 0x7A, 0x41, 0x1C, 0xA1, 0x72, 0x21, 0x7A, 0x62, 0x7A,
	0x89, 0x18, 0x88, 0x42, 0x05, 0xD3, 0x00, 0x20, 0xE0, 0x72, 0xA0, 0x72,
	0xAA, 0x49, 0x01, 0x20, 0x48, 0x71, 0xA9, 0x48, 0x40, 0x79, 0x02, 0xE0,
	0x0F, 0xE0, 0xA9, 0xE0, 0x0E, 0xE1, 0x01, 0x28, 0xC4, 0xD1, 0x02, 0xF0,
	0x5B, 0xFD, 0xFF, 0xF7, 0x33, 0xF9, 0xFE, 0xF7, 0xA1, 0xFD, 0x02, 0xF0,
	0x23, 0xFC, 0x01, 0xF0, 0x43, 0xFA, 0xF8, 0xBD, 0xFE, 0xE0, 0x9D, 0x49,
	0x00, 0x20, 0xA4, 0x4E, 0xC8, 0x80, 0x30, 0x78, 0x00, 0x28, 0x0F, 0xD0,
	0x7A, 0x7B, 0x00, 0x20, 0x00, 0x2A, 0x0B, 0xD9, 0x06, 0x21, 0x41, 0x43,
	0x89, 0x19, 0x49, 0x7A, 0x00, 0x29, 0x01, 0xD0, 0x04, 0x29, 0x0D, 0xD1,
	0x40, 0x1C, 0xC0, 0xB2, 0x82, 0x42, 0xF3, 0xD8, 0xFE, 0xF7, 0xA6, 0xF8,
	0x00, 0x28, 0x05, 0xD0, 0xB0, 0x78, 0x00, 0x28, 0x02, 0xD1, 0xE8, 0x7F,
	0x00, 0x28, 0x05, 0xD0, 0x8C, 0x49, 0x00, 0x20, 0xC8, 0x80, 0x8D, 0x49,
	0x48, 0x71, 0xF8, 0xBD, 0x1E, 0x20, 0x02, 0xF0, 0xC9, 0xFC, 0x02, 0xF0,
	0x25, 0xFD, 0xFF, 0xF7, 0xFD, 0xF8, 0x90, 0x4F, 0x00, 0x26, 0x44, 0xE0,
	0xFF, 0xF7, 0xDC, 0xF9, 0x00, 0x28, 0x01, 0xD0, 0xA6, 0x72, 0x45, 0xE0,
	0xA0, 0x7A, 0x41, 0x1C, 0xA1, 0x72, 0x21, 0x7A, 0x88, 0x42, 0x02, 0xD3,
	0x01, 0x20, 0xE0, 0x72, 0x3C, 0xE0, 0x88, 0x48, 0x00, 0x78, 0x01, 0x28,
	0x01, 0xD1, 0x87, 0x48, 0xC6, 0x70, 0x86, 0x4B, 0x80, 0x4A, 0xD8, 0x78,
	0x00, 0x28, 0x22, 0xD0, 0x24, 0xE0, 0x56, 0x70, 0x16, 0x71, 0x10, 0x20,
	0x10, 0x70, 0x82, 0x48, 0x10, 0x81, 0x0A, 0x21, 0x00, 0x20, 0x00, 0xBF,
	0x40, 0x1C, 0x88, 0x42, 0xFB, 0xD3, 0x7F, 0x48, 0x00, 0x79, 0x80, 0x07,
	0xEB, 0xD4, 0x01, 0x20, 0x38, 0x71, 0x0A, 0x21, 0x00, 0x20, 0x00, 0xBF,
	0x40, 0x1C, 0x88, 0x42, 0xFB, 0xD3, 0x03, 0x20, 0x38, 0x71, 0x0A, 0x21,
	0x00, 0x20, 0x00, 0xBF, 0x40, 0x1C, 0x88, 0x42, 0xFB, 0xD3, 0x16, 0x81,
	0xD9, 0xE7, 0xE8, 0x7F, 0x00, 0x28, 0xDA, 0xD0, 0xDE, 0x70, 0x02, 0xF0,
	0x37, 0xFD, 0x65, 0x48, 0x86, 0x74, 0x64, 0x48, 0x01, 0x78, 0x00, 0x29,
	0x02, 0xD1, 0x40, 0x79, 0x01, 0x28, 0xB3, 0xD0, 0xA6, 0x72, 0x02, 0xF0,
	0x9F, 0xFB, 0x01, 0xF0, 0xBF, 0xF9, 0x5E, 0x48, 0x41, 0x79, 0x01, 0x29,
	0x02, 0xD1, 0x5A, 0x49, 0xCE, 0x80, 0x46, 0x71, 0x40, 0x79, 0x00, 0x28,
	0x08, 0xD0, 0x5E, 0x49, 0x08, 0x20, 0xC8, 0x74, 0x00, 0x98, 0xC0, 0x7C,
	0x40, 0x08, 0x02, 0xF0, 0x5F, 0xFC, 0xF8, 0xBD, 0x59, 0x49, 0x04, 0x20,
	0xC8, 0x74, 0x00, 0x98, 0xC0, 0x7C, 0xF6, 0xE7, 0xFE, 0xF7, 0xCA, 0xFD,
	0x55, 0x4A, 0x08, 0x20, 0xD0, 0x70, 0x5C, 0x48, 0x01, 0x7C, 0x89, 0x07,
	0xFC, 0xD5, 0x5C, 0x48, 0x5A, 0x49, 0x81, 0x62, 0x5B, 0x49, 0x01, 0x25,
	0x4D, 0x71, 0x0B, 0x21, 0xC1, 0x75, 0xB1, 0x78, 0x02, 0x27, 0x59, 0x48,
	0x20, 0x29, 0x4B, 0xD0, 0x2A, 0x21, 0x41, 0x71, 0x81, 0x68, 0x01, 0x23,
	0xDB, 0x07, 0x19, 0x43, 0x81, 0x60, 0x81, 0x68, 0x5B, 0x08, 0x19, 0x43,
	0x81, 0x60, 0x3F, 0x21, 0x81, 0x73, 0x52, 0x48, 0x00, 0x7F, 0x00, 0x28,
	0x06, 0xD0, 0x4D, 0x49, 0x08, 0x7E, 0xCF, 0x23, 0x28, 0x43, 0x18, 0x40,
	0x18, 0x40, 0x08, 0x76, 0x00, 0x20, 0x10, 0x71, 0x50, 0x78, 0x40, 0x08,
	0x40, 0x00, 0x50, 0x70, 0x50, 0x78, 0xFD, 0x21, 0x08, 0x40, 0x50, 0x70,
	0x50, 0x78, 0xFB, 0x21, 0x08, 0x40, 0x50, 0x70, 0x15, 0x70, 0x00, 0xF0,
	0xED, 0xFE, 0x45, 0x48, 0x45, 0x49, 0x02, 0x68, 0x4A, 0x60, 0x42, 0x68,
	0x0A, 0x61, 0x80, 0x68, 0x88, 0x61, 0x64, 0x21, 0x00, 0x20, 0x00, 0xBF,
	0x40, 0x1C, 0x88, 0x42, 0xFB, 0xD3, 0xFC, 0xF7, 0xEB, 0xFB, 0x3F, 0x48,
	0x01, 0x7C, 0x39, 0x43, 0x01, 0x74, 0x01, 0x7C, 0x29, 0x43, 0x01, 0x74,
	0x30, 0x49, 0xCD, 0x70, 0x01, 0x78, 0x39, 0x43, 0x01, 0x70, 0x01, 0x78,
	0x29, 0x43, 0x01, 0x70, 0x00, 0x20, 0x60, 0x71, 0xF0, 0x80, 0xF8, 0xBD,
	0x47, 0x71, 0xB3, 0xE7, 0xB5, 0x80, 0xF8, 0xBD, 0xF0, 0x88, 0x40, 0x1C,
	0x80, 0xB2, 0xF0, 0x80, 0x50, 0x28, 0x07, 0xD3, 0x01, 0x24, 0xF5, 0x80,
	0xFE, 0xF7, 0x5C, 0xFD, 0x02, 0xF0, 0x44, 0xFC, 0xFF, 0xF7, 0x1C, 0xF8,
	0xB0, 0x88, 0xA0, 0x28, 0x0D, 0xD3, 0xFF, 0xF7, 0xFB, 0xF8, 0x00, 0x28,
	0x08, 0xD0, 0x21, 0x20, 0xFE, 0xF7, 0xA4, 0xFB, 0x02, 0xF0, 0x90, 0xFC,
	0xFF, 0xF7, 0xF2, 0xF8, 0x00, 0x28, 0xF6, 0xD1, 0xB5, 0x80, 0x00, 0x2C,
	0xDD, 0xD0, 0xFE, 0xF7, 0x77, 0xFC, 0x12, 0x48, 0xC7, 0x74, 0xFF, 0xF7,
	0xE7, 0xF8, 0x00, 0x28, 0x08, 0xD1, 0x21, 0x20, 0xFE, 0xF7, 0x90, 0xFB,
	0x02, 0xF0, 0x7C, 0xFC, 0xFF, 0xF7, 0xDE, 0xF8, 0x00, 0x28, 0xF6, 0xD0,
	0xFE, 0xF7, 0xAC, 0xFD, 0x02, 0xF0, 0xE8, 0xFA, 0x01, 0xF0, 0x08, 0xF9,
	0xF8, 0xBD, 0x00, 0x00, 0x00, 0x90, 0x08, 0x20, 0x51, 0x93, 0x08, 0x20,
	0x88, 0x91, 0x08, 0x20, 0x0E, 0xB2, 0x08, 0x20, 0xB1, 0x92, 0x08, 0x20,
	0xA8, 0x91, 0x08, 0x20, 0x31, 0x93, 0x08, 0x20, 0x20, 0x00, 0x04, 0x40,
	0x48, 0x91, 0x08, 0x20, 0xC2, 0x91, 0x08, 0x20, 0x00, 0x00, 0x04, 0x40,
	0x08, 0x90, 0x08, 0x20, 0x16, 0x90, 0x08, 0x20, 0x01, 0x07, 0x00, 0x00,
	0x00, 0x0E, 0x04, 0x40, 0x60, 0x08, 0x04, 0x40, 0xFF, 0xFF, 0x3F, 0x00,
	0x80, 0x01, 0x04, 0x40, 0x40, 0x01, 0x04, 0x40, 0x00, 0x01, 0x04, 0x40,
	0x31, 0x94, 0x08, 0x20, 0x3C, 0x91, 0x08, 0x20, 0x00, 0x04, 0x04, 0x40,
	0x00, 0x02, 0x04, 0x40, 0x70, 0x47, 0x70, 0x47, 0xF0, 0xB5, 0x84, 0x4E,
	0x85, 0xB0, 0xF1, 0x69, 0x0C, 0x46, 0x40, 0x31, 0x88, 0x7B, 0x01, 0x28,
	0x06, 0xD0, 0x03, 0x28, 0x1F, 0xD0, 0x00, 0x28, 0x7E, 0xD0, 0x02, 0x28,
	0x7C, 0xD0, 0xD5, 0xE0, 0x20, 0x79, 0x00, 0x25, 0x00, 0x28, 0x0B, 0xD0,
	0x4A, 0x7D, 0x82, 0x42, 0x01, 0xD9, 0x01, 0x46, 0x00, 0xE0, 0x11, 0x46,
	0x40, 0x1A, 0x6D, 0x1C, 0xC0, 0xB2, 0xED, 0xB2, 0x00, 0x28, 0xF4, 0xD1,
	0x02, 0x20, 0x04, 0x21, 0x2A, 0x46, 0xFD, 0xF7, 0xD5, 0xFC, 0x03, 0x20,
	0x02, 0x21, 0x2A, 0x46, 0xFD, 0xF7, 0xD0, 0xFC, 0xA3, 0xE0, 0x22, 0x79,
	0x4C, 0x7D, 0xD3, 0x07, 0x50, 0x08, 0xDB, 0x0F, 0xC0, 0x18, 0x12, 0x1A,
	0x40, 0x1E, 0xD5, 0xB2, 0x20, 0x18, 0x21, 0x46, 0xFB, 0xF7, 0x63, 0xFA,
	0x07, 0x46, 0x6D, 0x1E, 0x60, 0x19, 0x21, 0x46, 0xFB, 0xF7, 0x5D, 0xFA,
	0x38, 0x18, 0xC0, 0xB2, 0x04, 0x90, 0x02, 0x20, 0x04, 0x21, 0x04, 0x9A,
	0xFD, 0xF7, 0xB4, 0xFC, 0xFF, 0x20, 0xF1, 0x69, 0x54, 0x30, 0x47, 0x5C,
	0x0F, 0x23, 0x38, 0x04, 0x5F, 0x4A, 0x1B, 0x07, 0x00, 0x93, 0x00, 0x25,
	0x82, 0x18, 0x02, 0x92, 0x01, 0x23, 0x01, 0x95, 0x03, 0x95, 0x9B, 0x07,
	0x5B, 0x4C, 0x03, 0x43, 0xE0, 0x7F, 0x55, 0x22, 0x52, 0x5C, 0x84, 0x46,
	0x50, 0x43, 0x7F, 0x00, 0x78, 0x43, 0xC0, 0x04, 0xC0, 0x0C, 0x03, 0x43,
	0x67, 0x78, 0x60, 0x46, 0x38, 0x1A, 0x50, 0x43, 0xC0, 0xB2, 0x49, 0x79,
	0x04, 0x22, 0xFB, 0xF7, 0x03, 0xFE, 0xFF, 0x20, 0xF1, 0x69, 0x54, 0x30,
	0x42, 0x5C, 0xA0, 0x7F, 0x17, 0x04, 0x52, 0x00, 0x01, 0x23, 0x42, 0x43,
	0x9B, 0x07, 0xD2, 0x04, 0x3B, 0x43, 0xD2, 0x0C, 0x13, 0x43, 0x0F, 0x22,
	0x12, 0x07, 0x01, 0x95, 0x03, 0x95, 0x02, 0x93, 0x00, 0x92, 0x0A, 0x79,
	0x49, 0x79, 0x10, 0x1A, 0x44, 0x4A, 0xC0, 0xB2, 0xBB, 0x18, 0x04, 0x22,
	0xFB, 0xF7, 0xE6, 0xFD, 0x03, 0x20, 0x02, 0x21, 0x04, 0x9A, 0x00, 0xE0,
	0x44, 0xE0, 0xFD, 0xF7, 0x6B, 0xFC, 0xFF, 0x20, 0xF1, 0x69, 0x54, 0x30,
	0x47, 0x5C, 0x0F, 0x23, 0x38, 0x04, 0x3B, 0x4A, 0x1B, 0x07, 0x00, 0x93,
	0x82, 0x18, 0x02, 0x92, 0x01, 0x23, 0x01, 0x95, 0x03, 0x95, 0x5B, 0x07,
	0x55, 0x22, 0x03, 0x43, 0x52, 0x5C, 0xE0, 0x7F, 0x94, 0x46, 0x42, 0x43,
	0x7F, 0x00, 0x7A, 0x43, 0xD2, 0x04, 0xD2, 0x0C, 0x13, 0x43, 0x62, 0x78,
	0x49, 0x79, 0x10, 0x1A, 0x62, 0x46, 0x50, 0x43, 0xC0, 0xB2, 0x04, 0x22,
	0xFB, 0xF7, 0xBC, 0xFD, 0xFF, 0x20, 0xF1, 0x69, 0x54, 0x30, 0x40, 0x5C,
	0xA4, 0x7F, 0x02, 0x04, 0x40, 0x00, 0x01, 0x23, 0x60, 0x43, 0x5B, 0x07,
	0xC0, 0x04, 0x13, 0x43, 0xC0, 0x0C, 0x03, 0x43, 0x02, 0x93, 0x0F, 0x20,
	0x00, 0x07, 0x01, 0x95, 0x03, 0x95, 0x00, 0x90, 0x08, 0x79, 0x22, 0x4B,
	0x00, 0x1B, 0xD3, 0x18, 0xC0, 0xB2, 0x49, 0x79, 0x04, 0x22, 0xFB, 0xF7,
	0x9F, 0xFD, 0x01, 0xF0, 0xD7, 0xFD, 0x13, 0xE0, 0xFF, 0x20, 0x54, 0x30,
	0x00, 0x5D, 0x00, 0x21, 0x00, 0x04, 0x1A, 0x4A, 0x1B, 0x4B, 0x01, 0x91,
	0x03, 0x91, 0x82, 0x18, 0xC3, 0x18, 0x1A, 0x49, 0x00, 0x93, 0x02, 0x92,
	0x43, 0x18, 0x61, 0x79, 0x20, 0x79, 0x07, 0x22, 0xFB, 0xF7, 0x88, 0xFD,
	0x16, 0x4C, 0x08, 0x21, 0x61, 0x70, 0xFF, 0x22, 0xF0, 0x69, 0x54, 0x32,
	0x12, 0x5C, 0x0F, 0x25, 0x13, 0x04, 0x0E, 0x4A, 0x2D, 0x07, 0x9B, 0x18,
	0x00, 0x22, 0x01, 0x92, 0x00, 0x95, 0x02, 0x93, 0x03, 0x91, 0x41, 0x79,
	0x00, 0x79, 0x0D, 0x22, 0xFB, 0xF7, 0x72, 0xFD, 0x0C, 0x20, 0x60, 0x70,
	0x0B, 0x4C, 0x20, 0x6A, 0x80, 0x47, 0xE0, 0x6C, 0x80, 0x47, 0x60, 0x6C,
	0x80, 0x47, 0xFF, 0xF7, 0xF8, 0xFE, 0x00, 0x20, 0x05, 0xB0, 0xF0, 0xBD,
	0xD8, 0x90, 0x08, 0x20, 0x00, 0x08, 0x00, 0x40, 0xA8, 0xA9, 0x08, 0x20,
	0x00, 0x08, 0x00, 0x30, 0x00, 0x08, 0x00, 0x20, 0x00, 0x0A, 0x04, 0x40,
	0x44, 0x90, 0x08, 0x20, 0x30, 0xB4, 0x40, 0x28, 0x02, 0xD2, 0x7C, 0x49,
	0x08, 0x18, 0x5C, 0xE0, 0x01, 0x25, 0x2D, 0x03, 0x41, 0x1B, 0x6C, 0x10,
	0x01, 0x23, 0xA1, 0x42, 0x23, 0xD2, 0x08, 0x04, 0x77, 0x49, 0x00, 0x0C,
	0x09, 0xD0, 0x48, 0x28, 0x11, 0xD2, 0x8B, 0x78, 0x75, 0x4A, 0x0A, 0x2B,
	0x05, 0xD0, 0x89, 0x78, 0x0B, 0x29, 0x05, 0xD0, 0xDD, 0xE0, 0x8B, 0x71,
	0xF5, 0xE7, 0x10, 0x5C, 0x30, 0xBC, 0x70, 0x47, 0x10, 0x18, 0x60, 0x30,
	0x00, 0x7C, 0x30, 0xBC, 0x70, 0x47, 0xCA, 0x79, 0x00, 0x2A, 0x03, 0xD1,
	0x6C, 0x4A, 0x90, 0x42, 0x00, 0xD3, 0xCB, 0x71, 0x6B, 0x49, 0x40, 0x18,
	0x00, 0x7E, 0x30, 0xBC, 0x70, 0x47, 0x01, 0x21, 0x49, 0x03, 0x41, 0x1A,
	0xA1, 0x42, 0x0F, 0xD2, 0x8B, 0xB2, 0x67, 0x49, 0x0A, 0x78, 0x10, 0x46,
	0x4A, 0x78, 0x12, 0x02, 0x10, 0x43, 0x8A, 0x78, 0xC9, 0x78, 0x12, 0x04,
	0x10, 0x43, 0x09, 0x06, 0x08, 0x43, 0xC0, 0x5C, 0x30, 0xBC, 0x70, 0x47,
	0x09, 0x21, 0x09, 0x03, 0x41, 0x1A, 0x7E, 0x29, 0x0F, 0xD2, 0x8B, 0xB2,
	0x5D, 0x49, 0x0A, 0x78, 0x10, 0x46, 0x4A, 0x78, 0x12, 0x02, 0x10, 0x43,
	0x8A, 0x78, 0xC9, 0x78, 0x12, 0x04, 0x10, 0x43, 0x09, 0x06, 0x08, 0x43,
	0xC0, 0x5C, 0x30, 0xBC, 0x70, 0x47, 0x03, 0x21, 0x09, 0x03, 0x41, 0x1A,
	0xA1, 0x42, 0x05, 0xD2, 0x88, 0xB2, 0x54, 0x49, 0x40, 0x18, 0x00, 0x78,
	0x30, 0xBC, 0x70, 0x47, 0x05, 0x21, 0x09, 0x03, 0x42, 0x1A, 0x51, 0x49,
	0xA2, 0x42, 0x0F, 0xD2, 0x93, 0xB2, 0x09, 0x1D, 0x0A, 0x78, 0x10, 0x46,
	0x4A, 0x78, 0x12, 0x02, 0x10, 0x43, 0x8A, 0x78, 0xC9, 0x78, 0x12, 0x04,
	0x10, 0x43, 0x09, 0x06, 0x08, 0x43, 0xC0, 0x5C, 0x30, 0xBC, 0x70, 0x47,
	0x03, 0x22, 0x52, 0x03, 0x82, 0x1A, 0xA2, 0x42, 0x10, 0xD2, 0x08, 0x20,
	0x93, 0xB2, 0x09, 0x18, 0x0A, 0x78, 0x10, 0x46, 0x4A, 0x78, 0x12, 0x02,
	0x10, 0x43, 0x8A, 0x78, 0xC9, 0x78, 0x12, 0x04, 0x10, 0x43, 0x09, 0x06,
	0x08, 0x43, 0xC0, 0x5C, 0x30, 0xBC, 0x70, 0x47, 0x07, 0x21, 0x09, 0x03,
	0x41, 0x1A, 0xA9, 0x42, 0x1D, 0xD2, 0x08, 0x04, 0x3A, 0x49, 0x00, 0x0C,
	0x09, 0xD0, 0x01, 0x28, 0x0A, 0xD0, 0xFF, 0x22, 0x81, 0x1E, 0x81, 0x32,
	0x91, 0x42, 0x08, 0xD2, 0x88, 0xB2, 0x36, 0x49, 0x0C, 0xE0, 0x88, 0x78,
	0x30, 0xBC, 0x70, 0x47, 0x88, 0x7A, 0x40, 0x1C, 0x26, 0xE0, 0x07, 0x21,
	0x49, 0x02, 0x40, 0x1A, 0x40, 0x28, 0x48, 0xD2, 0x30, 0x49, 0x80, 0xB2,
	0x08, 0x5C, 0x30, 0xBC, 0x70, 0x47, 0x01, 0x21, 0xC9, 0x03, 0x2E, 0x4A,
	0x41, 0x1A, 0x91, 0x42, 0x1D, 0xD2, 0x88, 0xB2, 0x2C, 0x49, 0x0A, 0x18,
	0x2C, 0x49, 0xC9, 0x7A, 0x03, 0x29, 0x01, 0xD0, 0x05, 0x29, 0x04, 0xD1,
	0x28, 0x4B, 0x04, 0x28, 0x04, 0xD0, 0x05, 0x28, 0x0B, 0xD0, 0x10, 0x78,
	0x30, 0xBC, 0x70, 0x47, 0x24, 0x48, 0x00, 0x79, 0x40, 0x00, 0x05, 0x29,
	0x00, 0xD1, 0x80, 0x1E, 0x30, 0xBC, 0xC0, 0xB2, 0x70, 0x47, 0x58, 0x79,
	0x30, 0xBC, 0x40, 0x08, 0x70, 0x47, 0x0F, 0x21, 0x09, 0x03, 0x40, 0x1A,
	0x09, 0x28, 0x1A, 0xD2, 0x1D, 0x49, 0x80, 0xB2, 0x09, 0x18, 0x04, 0x28,
	0x02, 0xD0, 0x08, 0x78, 0x30, 0xBC, 0x70, 0x47, 0x19, 0x49, 0x0A, 0x78,
	0x10, 0x46, 0x4A, 0x78, 0x12, 0x02, 0x10, 0x43, 0x8A, 0x78, 0xC9, 0x78,
	0x12, 0x04, 0x10, 0x43, 0x09, 0x06, 0x08, 0x43, 0x14, 0x49, 0x88, 0x42,
	0x00, 0xD0, 0x6C, 0xE7, 0x02, 0x49, 0x4B, 0x74, 0x69, 0xE7, 0x30, 0xBC,
	0xFF, 0x20, 0x70, 0x47, 0x88, 0x91, 0x08, 0x20, 0x16, 0x90, 0x08, 0x20,
	0xC8, 0x91, 0x08, 0x20, 0xAD, 0x03, 0x00, 0x00, 0xA0, 0x4F, 0x02, 0x20,
	0x9B, 0x91, 0x08, 0x20, 0xBD, 0x91, 0x08, 0x20, 0x00, 0x50, 0x02, 0x20,
	0xA8, 0x91, 0x08, 0x20, 0x2E, 0x90, 0x08, 0x20, 0x1C, 0xB2, 0x08, 0x20,
	0x9C, 0xB3, 0x08, 0x20, 0x0D, 0x02, 0x00, 0x00, 0xB1, 0x92, 0x08, 0x20,
	0xB1, 0x93, 0x08, 0x20, 0xA8, 0x92, 0x08, 0x20, 0xFF, 0xFF, 0x04, 0x00,
	0x02, 0x48, 0xC0, 0x78, 0x02, 0x49, 0x88, 0x70, 0x70, 0x47, 0x00, 0x00,
	0x00, 0x00, 0x04, 0x40, 0x00, 0x90, 0x08, 0x20, 0xF0, 0xB5, 0x04, 0x46,
	0x73, 0x4B, 0x09, 0x20, 0x73, 0x4D, 0x80, 0x01, 0x59, 0x7E, 0x28, 0x18,
	0x85, 0xB0, 0x02, 0x90, 0x00, 0x29, 0x17, 0xD0, 0x00, 0x26, 0x86, 0x77,
	0x30, 0x46, 0x04, 0x27, 0x1B, 0x21, 0x2A, 0x18, 0x89, 0x01, 0x51, 0x18,
	0x8A, 0x7D, 0x01, 0x2A, 0x04, 0xD0, 0x02, 0x2A, 0x04, 0xD0, 0x03, 0x2A,
	0x02, 0xD0, 0x02, 0xE0, 0x8E, 0x75, 0x00, 0xE0, 0x8F, 0x75, 0x40, 0x1C,
	0xC0, 0xB2, 0x0A, 0x28, 0xEC, 0xD3, 0x5E, 0x76, 0x02, 0x98, 0x1B, 0x22,
	0x80, 0x7F, 0x20, 0x70, 0x62, 0x48, 0x03, 0x90, 0x00, 0x7D, 0x60, 0x70,
	0x61, 0x48, 0x00, 0x7A, 0xA0, 0x70, 0x00, 0x20, 0x92, 0x01, 0x5D, 0x49,
	0x09, 0x18, 0x89, 0x18, 0x8B, 0x7D, 0x06, 0x21, 0x41, 0x43, 0x09, 0x19,
	0x40, 0x1C, 0xC0, 0xB2, 0x4B, 0x72, 0x0A, 0x28, 0xF3, 0xD3, 0x02, 0x98,
	0x00, 0x26, 0x80, 0x7F, 0x00, 0x28, 0x7D, 0xD9, 0x0A, 0x20, 0x54, 0x49,
	0x70, 0x43, 0x13, 0x22, 0x40, 0x18, 0x52, 0x01, 0x82, 0x18, 0x15, 0x78,
	0x4A, 0x19, 0x1B, 0x21, 0x89, 0x01, 0x51, 0x18, 0x89, 0x7D, 0x00, 0x29,
	0x6D, 0xD0, 0x09, 0x21, 0x89, 0x01, 0x40, 0x18, 0x00, 0x90, 0x01, 0x90,
	0x41, 0x8C, 0x4D, 0x48, 0x42, 0x78, 0x03, 0x78, 0x10, 0x02, 0x18, 0x43,
	0x48, 0x43, 0x4B, 0x49, 0x49, 0x89, 0xFA, 0xF7, 0xEC, 0xFF, 0x07, 0x46,
	0x01, 0x98, 0x81, 0x8C, 0x46, 0x48, 0xC2, 0x78, 0x83, 0x78, 0x10, 0x02,
	0x18, 0x43, 0x48, 0x43, 0x44, 0x49, 0x89, 0x89, 0xFA, 0xF7, 0xDF, 0xFF,
	0x43, 0x49, 0xC9, 0x69, 0x4A, 0x78, 0x0B, 0x78, 0x12, 0x02, 0x1A, 0x43,
	0x53, 0x1E, 0xBB, 0x42, 0x00, 0xD2, 0x57, 0x1E, 0xCA, 0x78, 0x8B, 0x78,
	0x12, 0x02, 0x1A, 0x43, 0x53, 0x1E, 0x83, 0x42, 0x00, 0xD2, 0x18, 0x46,
	0xA0, 0x31, 0x89, 0x7B, 0x39, 0x4A, 0x00, 0x29, 0x05, 0xD0, 0x06, 0x21,
	0x69, 0x43, 0x09, 0x19, 0x88, 0x80, 0xCF, 0x80, 0x04, 0xE0, 0x06, 0x21,
	0x69, 0x43, 0x09, 0x19, 0x8F, 0x80, 0xC8, 0x80, 0x11, 0x46, 0xD0, 0x69,
	0xFF, 0x22, 0xE9, 0x32, 0x12, 0x5C, 0x00, 0x2A, 0x09, 0xD0, 0x42, 0x78,
	0x00, 0x78, 0x12, 0x02, 0x02, 0x43, 0x06, 0x20, 0x68, 0x43, 0x00, 0x19,
	0x83, 0x88, 0xD2, 0x1A, 0x82, 0x80, 0xC8, 0x69, 0xFF, 0x21, 0xEA, 0x31,
	0x09, 0x5C, 0x00, 0x29, 0x09, 0xD0, 0xC1, 0x78, 0x80, 0x78, 0x09, 0x02,
	0x01, 0x43, 0x06, 0x20, 0x68, 0x43, 0x00, 0x19, 0xC2, 0x88, 0x89, 0x1A,
	0xC1, 0x80, 0x00, 0x98, 0x26, 0x21, 0x41, 0x5E, 0xFF, 0x29, 0x02, 0xDD,
	0x00, 0x99, 0xFF, 0x20, 0xC8, 0x84, 0x00, 0x98, 0x06, 0x21, 0x4D, 0x43,
	0xC0, 0x8C, 0x29, 0x19, 0x08, 0x72, 0x00, 0xE0, 0x06, 0xE0, 0x02, 0x98,
	0x76, 0x1C, 0x80, 0x7F, 0xF6, 0xB2, 0xB0, 0x42, 0x00, 0xD9, 0x79, 0xE7,
	0x03, 0x99, 0x00, 0x20, 0x09, 0x7D, 0x00, 0x29, 0x14, 0xD9, 0x0F, 0x4A,
	0x00, 0x23, 0x0A, 0x21, 0x41, 0x43, 0x89, 0x18, 0xFF, 0x31, 0x81, 0x31,
	0x89, 0x7D, 0x06, 0x25, 0x69, 0x43, 0x09, 0x19, 0x4D, 0x7A, 0x04, 0x2D,
	0x00, 0xD1, 0x0B, 0x72, 0x03, 0x99, 0x40, 0x1C, 0x09, 0x7D, 0xC0, 0xB2,
	0x81, 0x42, 0xEC, 0xD8, 0xCA, 0x22, 0x0A, 0x49, 0x0A, 0x48, 0xFA, 0xF7,
	0xFC, 0xFE, 0x05, 0xB0, 0xF0, 0xBD, 0x00, 0x00, 0x2C, 0xB1, 0x08, 0x20,
	0x0C, 0xAA, 0x08, 0x20, 0x8C, 0xAB, 0x08, 0x20, 0x0C, 0xB1, 0x08, 0x20,
	0xB1, 0x92, 0x08, 0x20, 0x88, 0xA9, 0x08, 0x20, 0xD8, 0x90, 0x08, 0x20,
	0x6A, 0xAC, 0x08, 0x20, 0xA0, 0xAB, 0x08, 0x20, 0x10, 0xB5, 0xFF, 0xF7,
	0xD9, 0xFD, 0x10, 0xBD, 0xF0, 0xB5, 0x6F, 0x48, 0x00, 0x26, 0x00, 0x7B,
	0x8F, 0xB0, 0x35, 0x46, 0x00, 0x28, 0x6F, 0xD0, 0x00, 0x20, 0x01, 0x90,
	0x6B, 0x49, 0x6C, 0x48, 0x0A, 0x78, 0x40, 0x7B, 0x06, 0x90, 0x6A, 0x48,
	0x00, 0x2A, 0x80, 0x7B, 0x00, 0x90, 0x7D, 0xD9, 0x68, 0x4A, 0xAE, 0x20,
	0x80, 0x5C, 0x08, 0x90, 0x10, 0x79, 0x05, 0x90, 0x80, 0x1E, 0x0B, 0x90,
	0x05, 0x98, 0x40, 0x1E, 0x09, 0x90, 0x50, 0x79, 0x03, 0x90, 0x80, 0x1E,
	0x0D, 0x90, 0x03, 0x98, 0x40, 0x1E, 0x07, 0x90, 0x01, 0x98, 0x0E, 0x21,
	0x48, 0x43, 0x5C, 0x49, 0x41, 0x18, 0x0F, 0x20, 0x80, 0x01, 0x0C, 0x18,
	0xA0, 0x8A, 0x00, 0x28, 0x45, 0xD0, 0x08, 0x98, 0x00, 0x28, 0x44, 0xD0,
	0xE7, 0x7C, 0xA0, 0x7C, 0x04, 0x90, 0x39, 0x1A, 0x0A, 0x91, 0x60, 0x7C,
	0x22, 0x7C, 0x49, 0x1C, 0x80, 0x1A, 0x02, 0x90, 0x40, 0x1C, 0xFA, 0xF7,
	0x1A, 0xFF, 0xC0, 0xB2, 0x03, 0x2F, 0x19, 0xD9, 0x0B, 0x9A, 0x04, 0x99,
	0x91, 0x42, 0x6E, 0xDB, 0x02, 0x21, 0x0D, 0x43, 0x03, 0x28, 0x05, 0xD3,
	0x01, 0x2F, 0x1B, 0xD0, 0x05, 0x99, 0x04, 0x98, 0x88, 0x42, 0x15, 0xD0,
	0x02, 0x98, 0x40, 0x1C, 0x04, 0x28, 0x60, 0xDB, 0x0A, 0x98, 0x40, 0x1C,
	0x02, 0x28, 0x5C, 0xDC, 0x04, 0x98, 0x01, 0x28, 0x02, 0xD0, 0x03, 0xE0,
	0x01, 0x21, 0xE8, 0xE7, 0x02, 0x2F, 0x07, 0xD0, 0x09, 0x99, 0x88, 0x42,
	0x51, 0xD1, 0x05, 0x98, 0x87, 0x42, 0x4E, 0xD1, 0x03, 0x2F, 0x05, 0xD2,
	0x01, 0x20, 0x06, 0x43, 0x06, 0x98, 0x00, 0x28, 0x05, 0xD0, 0x46, 0xE0,
	0x02, 0x20, 0x06, 0x43, 0x00, 0x98, 0x00, 0x28, 0x41, 0xD1, 0x00, 0x20,
	0xA0, 0x82, 0x3E, 0xE0, 0x5C, 0xE0, 0x67, 0x7C, 0x20, 0x7C, 0x02, 0x90,
	0x39, 0x1A, 0x0A, 0x91, 0xE0, 0x7C, 0xA2, 0x7C, 0x49, 0x1C, 0x80, 0x1A,
	0x04, 0x90, 0x40, 0x1C, 0xFA, 0xF7, 0xD5, 0xFE, 0xC0, 0xB2, 0x03, 0x2F,
	0x1B, 0xD9, 0x0D, 0x9A, 0x02, 0x99, 0x91, 0x42, 0x29, 0xDB, 0x02, 0x21,
	0x0D, 0x43, 0x03, 0x28, 0x07, 0xD3, 0x00, 0xE0, 0x2D, 0xE0, 0x01, 0x2F,
	0x19, 0xD0, 0x03, 0x99, 0x02, 0x98, 0x88, 0x42, 0x15, 0xD0, 0x04, 0x98,
	0x40, 0x1C, 0x04, 0x28, 0x19, 0xDB, 0x0A, 0x98, 0x40, 0x1C, 0x02, 0x28,
	0x15, 0xDC, 0x02, 0x98, 0x01, 0x28, 0x02, 0xD0, 0x03, 0xE0, 0x01, 0x21,
	0xE6, 0xE7, 0x02, 0x2F, 0x05, 0xD0, 0x07, 0x99, 0x88, 0x42, 0x0A, 0xD1,
	0x03, 0x98, 0x87, 0x42, 0x07, 0xD1, 0x00, 0x20, 0xA0, 0x82, 0x03, 0x2F,
	0x01, 0xD2, 0x01, 0x20, 0x00, 0xE0, 0x02, 0x20, 0x06, 0x43, 0x01, 0x98,
	0x40, 0x1C, 0xC0, 0xB2, 0x01, 0x90, 0x13, 0x48, 0x01, 0x78, 0x01, 0x98,
	0x81, 0x42, 0x00, 0xD9, 0x64, 0xE7, 0x28, 0x46, 0xB0, 0x43, 0xC0, 0x07,
	0x0A, 0x22, 0x00, 0x28, 0x02, 0xD0, 0x0E, 0x48, 0x42, 0x73, 0x05, 0xE0,
	0x06, 0x98, 0x0C, 0x49, 0x00, 0x28, 0x01, 0xD0, 0x40, 0x1E, 0x48, 0x73,
	0xA8, 0x07, 0x05, 0xD5, 0xB0, 0x07, 0x03, 0xD4, 0x07, 0x48, 0x82, 0x73,
	0x0F, 0xB0, 0xF0, 0xBD, 0x00, 0x98, 0x05, 0x49, 0x00, 0x28, 0xF9, 0xD0,
	0x40, 0x1E, 0x88, 0x73, 0x0F, 0xB0, 0xF0, 0xBD, 0xB1, 0x94, 0x08, 0x20,
	0xE4, 0xA1, 0x08, 0x20, 0xD8, 0x90, 0x08, 0x20, 0xB1, 0x92, 0x08, 0x20,
	0x70, 0xB4, 0x11, 0x4C, 0x00, 0x21, 0x20, 0x78, 0x00, 0x28, 0x1A, 0xD9,
	0x0F, 0x25, 0xAD, 0x01, 0x0E, 0x20, 0x48, 0x43, 0x00, 0x19, 0x40, 0x19,
	0x43, 0x7C, 0x02, 0x7C, 0x9E, 0x1A, 0x01, 0x2E, 0x02, 0xDD, 0xD2, 0x18,
	0x52, 0x08, 0xC2, 0x73, 0xC2, 0x7C, 0x83, 0x7C, 0xD6, 0x1A, 0x01, 0x2E,
	0x02, 0xDD, 0x9A, 0x18, 0x52, 0x08, 0x82, 0x73, 0x49, 0x1C, 0x20, 0x78,
	0xC9, 0xB2, 0x88, 0x42, 0xE6, 0xD8, 0x70, 0xBC, 0x70, 0x47, 0x00, 0x00,
	0xE4, 0xA1, 0x08, 0x20, 0x70, 0xB4, 0x0E, 0x23, 0x13, 0x4C, 0x43, 0x43,
	0x1D, 0x19, 0x0F, 0x23, 0x9B, 0x01, 0xEB, 0x18, 0xDD, 0x8A, 0x12, 0x4E,
	0x6D, 0x1C, 0xDD, 0x82, 0x5D, 0x8B, 0x6D, 0x1C, 0x5D, 0x83, 0x99, 0x73,
	0x0D, 0x4D, 0xDA, 0x73, 0xED, 0x7C, 0xAD, 0x1C, 0x4D, 0x43, 0xAD, 0x18,
	0x6D, 0x00, 0xAD, 0x19, 0x2D, 0x88, 0x9D, 0x82, 0x24, 0x25, 0x4D, 0x43,
	0x2D, 0x19, 0xAD, 0x18, 0x40, 0x3D, 0x28, 0x77, 0x1A, 0x74, 0x5A, 0x74,
	0x99, 0x74, 0xD9, 0x74, 0x20, 0x78, 0x40, 0x1C, 0x20, 0x70, 0x70, 0xBC,
	0x70, 0x47, 0x00, 0x00, 0xE4, 0xA1, 0x08, 0x20, 0xF1, 0x93, 0x08, 0x20,
	0x00, 0x50, 0x02, 0x20, 0xF0, 0xB5, 0x33, 0x48, 0x83, 0xB0, 0x00, 0x24,
	0x04, 0x74, 0x84, 0x46, 0x44, 0x74, 0x31, 0x48, 0x80, 0x7E, 0x00, 0x28,
	0x54, 0xD0, 0x30, 0x4F, 0x00, 0x20, 0x39, 0x78, 0x00, 0x29, 0x51, 0xD9,
	0x2E, 0x4B, 0x19, 0x46, 0x61, 0x31, 0x4A, 0x7F, 0x0D, 0x7F, 0x11, 0x02,
	0x1A, 0x46, 0x29, 0x43, 0x63, 0x32, 0x02, 0x91, 0x51, 0x7E, 0x12, 0x7E,
	0x09, 0x02, 0x11, 0x43, 0x65, 0x46, 0x01, 0x91, 0x69, 0x7B, 0x2A, 0x7B,
	0x09, 0x02, 0x11, 0x43, 0xFF, 0x33, 0xC3, 0x33, 0x00, 0x91, 0x59, 0x7B,
	0x1A, 0x7B, 0x09, 0x02, 0x11, 0x43, 0x8E, 0x46, 0x0E, 0x21, 0x41, 0x43,
	0xCA, 0x19, 0x0F, 0x21, 0x89, 0x01, 0x51, 0x18, 0x4A, 0x7C, 0x0B, 0x7C,
	0x8D, 0x7C, 0xD2, 0x1A, 0xCB, 0x7C, 0x52, 0x1C, 0x5B, 0x1B, 0x5B, 0x1C,
	0x02, 0x9D, 0xDB, 0xB2, 0xD2, 0xB2, 0x9D, 0x42, 0x09, 0xD3, 0x01, 0x9D,
	0x95, 0x42, 0x06, 0xD3, 0xCE, 0x8A, 0x00, 0x9D, 0xAE, 0x42, 0x02, 0xD8,
	0x5A, 0x43, 0x72, 0x45, 0x02, 0xD9, 0x00, 0x22, 0x8A, 0x82, 0x01, 0x24,
	0x40, 0x1C, 0x39, 0x78, 0xC0, 0xB2, 0x81, 0x42, 0xDA, 0xD8, 0x00, 0x2C,
	0x0E, 0xD0, 0x0E, 0x49, 0x08, 0x7B, 0x02, 0x28, 0x01, 0xD2, 0x40, 0x1C,
	0x0A, 0xE0, 0x01, 0x20, 0x61, 0x46, 0x08, 0x74, 0x00, 0x22, 0x4A, 0x74,
	0x09, 0x49, 0x48, 0x76, 0x03, 0xB0, 0xF0, 0xBD, 0x06, 0x49, 0x00, 0x20,
	0x08, 0x73, 0x03, 0xB0, 0xF0, 0xBD, 0x00, 0x00, 0x71, 0x94, 0x08, 0x20,
	0x11, 0x93, 0x08, 0x20, 0xE4, 0xA1, 0x08, 0x20, 0xB1, 0x92, 0x08, 0x20,
	0xD8, 0x90, 0x08, 0x20, 0x2C, 0xB1, 0x08, 0x20, 0xF1, 0xB5, 0x83, 0x49,
	0x82, 0xB0, 0x08, 0x79, 0x00, 0x28, 0x7B, 0xD0, 0x81, 0x4E, 0x82, 0x4C,
	0x30, 0x46, 0xFF, 0x30, 0x41, 0x30, 0x01, 0x90, 0xA0, 0x38, 0xF7, 0x1D,
	0xFF, 0x37, 0xFA, 0x37, 0x00, 0x90, 0x7B, 0x49, 0x08, 0x79, 0x40, 0x1E,
	0xC0, 0xB2, 0x08, 0x71, 0x40, 0x00, 0x40, 0x18, 0xC0, 0x88, 0x02, 0x0A,
	0x22, 0x75, 0xC0, 0xB2, 0x60, 0x75, 0x01, 0x9B, 0xDB, 0x7C, 0x9B, 0x1C,
	0x5A, 0x43, 0x10, 0x18, 0x42, 0x00, 0x75, 0x48, 0x12, 0x18, 0x00, 0x20,
	0x10, 0x5E, 0xC2, 0x17, 0x12, 0x0F, 0x12, 0x18, 0x13, 0x11, 0x00, 0x9A,
	0x52, 0x7B, 0x53, 0x43, 0xC0, 0x1A, 0x00, 0xB2, 0xA0, 0x80, 0xC2, 0x10,
	0x80, 0x1A, 0x00, 0xB2, 0xE0, 0x80, 0xC2, 0x10, 0x80, 0x1A, 0x60, 0x81,
	0x06, 0x20, 0x20, 0x5E, 0x40, 0x10, 0xA0, 0x81, 0x04, 0x20, 0x20, 0x5E,
	0xBA, 0x7A, 0x43, 0x11, 0x53, 0x43, 0x40, 0x10, 0xC0, 0x1A, 0xE0, 0x81,
	0x06, 0x20, 0x20, 0x5E, 0xC2, 0x17, 0x12, 0x0F, 0x12, 0x18, 0x13, 0x11,
	0xFA, 0x7A, 0x53, 0x43, 0xC0, 0x1A, 0x00, 0xB2, 0xE0, 0x80, 0x80, 0x10,
	0x20, 0x81, 0x00, 0x25, 0xFF, 0x20, 0x60, 0x74, 0xE0, 0x74, 0x20, 0x74,
	0xA0, 0x74, 0x08, 0x2D, 0x46, 0xD2, 0x28, 0x00, 0x78, 0x44, 0x00, 0x79,
	0x00, 0x18, 0x87, 0x44, 0x03, 0x13, 0x24, 0x33, 0x42, 0x56, 0x6B, 0x7F,
	0x20, 0x7D, 0x31, 0x79, 0x88, 0x42, 0x39, 0xD2, 0x40, 0x1C, 0xA0, 0x75,
	0x61, 0x7D, 0xE1, 0x75, 0x40, 0x1C, 0x20, 0x74, 0x61, 0x74, 0x4D, 0x49,
	0x02, 0x98, 0x00, 0xF0, 0x47, 0xFC, 0x7D, 0xE0, 0x60, 0x7D, 0x71, 0x79,
	0x88, 0x42, 0x79, 0xD2, 0x21, 0x7D, 0xA1, 0x75, 0x40, 0x1C, 0xE0, 0x75,
	0x21, 0x74, 0x40, 0x1C, 0x60, 0x74, 0x45, 0x49, 0x02, 0x98, 0x00, 0xF0,
	0x37, 0xFC, 0x6D, 0xE0, 0x75, 0xE0, 0x20, 0x7D, 0x01, 0x28, 0x69, 0xD9,
	0x40, 0x1E, 0xA0, 0x75, 0x61, 0x7D, 0xE1, 0x75, 0x40, 0x1E, 0x20, 0x74,
	0x61, 0x74, 0x3D, 0x49, 0x02, 0x98, 0x00, 0xF0, 0x27, 0xFC, 0x5D, 0xE0,
	0x60, 0x7D, 0x01, 0x28, 0x5A, 0xD9, 0x21, 0x7D, 0xA1, 0x75, 0x40, 0x1E,
	0xE0, 0x75, 0x21, 0x74, 0x40, 0x1E, 0x60, 0x74, 0x35, 0x49, 0x02, 0x98,
	0x00, 0xF0, 0x18, 0xFC, 0x4E, 0xE0, 0x21, 0x7D, 0x30, 0x79, 0x81, 0x42,
	0x4A, 0xD2, 0x60, 0x7D, 0x01, 0x28, 0x47, 0xD9, 0x4B, 0x1C, 0xA3, 0x75,
	0x42, 0x1E, 0xE2, 0x75, 0x23, 0x74, 0x60, 0x74, 0xA1, 0x74, 0xE2, 0x74,
	0x2B, 0x49, 0x02, 0x98, 0x00, 0xF0, 0x7A, 0xFB, 0x3A, 0xE0, 0x21, 0x7D,
	0x30, 0x79, 0x81, 0x42, 0x36, 0xD2, 0x60, 0x7D, 0x72, 0x79, 0x90, 0x42,
	0x32, 0xD2, 0x4B, 0x1C, 0xA3, 0x75, 0x42, 0x1C, 0xE2, 0x75, 0x23, 0x74,
	0x60, 0x74, 0xA1, 0x74, 0xE2, 0x74, 0x21, 0x49, 0x02, 0x98, 0x00, 0xF0,
	0x65, 0xFB, 0x25, 0xE0, 0x21, 0x7D, 0x01, 0x29, 0x22, 0xD9, 0x60, 0x7D,
	0x72, 0x79, 0x90, 0x42, 0x1E, 0xD2, 0x4B, 0x1E, 0xA3, 0x75, 0x42, 0x1C,
	0xE2, 0x75, 0x23, 0x74, 0x60, 0x74, 0xA1, 0x74, 0xE2, 0x74, 0x17, 0x49,
	0x02, 0x98, 0x00, 0xF0, 0x51, 0xFB, 0x11, 0xE0, 0x21, 0x7D, 0x01, 0x29,
	0x0E, 0xD9, 0x60, 0x7D, 0x01, 0x28, 0x0B, 0xD9, 0x4B, 0x1E, 0xA3, 0x75,
	0x42, 0x1E, 0xE2, 0x75, 0x23, 0x74, 0x60, 0x74, 0xA1, 0x74, 0xE2, 0x74,
	0x0D, 0x49, 0x02, 0x98, 0x00, 0xF0, 0x3E, 0xFB, 0x0B, 0x48, 0x00, 0x79,
	0xFA, 0x28, 0x06, 0xD9, 0x87, 0x21, 0x89, 0x00, 0x08, 0x48, 0xFA, 0xF7,
	0xA0, 0xFC, 0x03, 0xB0, 0xF0, 0xBD, 0x6D, 0x1C, 0xED, 0xB2, 0x08, 0x2D,
	0x00, 0xD2, 0x51, 0xE7, 0x03, 0x48, 0x00, 0x79, 0x00, 0x28, 0x00, 0xD0,
	0x0B, 0xE7, 0x03, 0xB0, 0xF0, 0xBD, 0x00, 0x00, 0xCC, 0xA6, 0x08, 0x20,
	0xB1, 0x92, 0x08, 0x20, 0xCC, 0xA8, 0x08, 0x20, 0x00, 0x50, 0x02, 0x20,
	0x70, 0xB4, 0x17, 0x49, 0x17, 0x4A, 0x88, 0x78, 0xC9, 0x78, 0xD2, 0x79,
	0x00, 0x2A, 0x04, 0xD0, 0x15, 0x48, 0xC0, 0x69, 0x60, 0x30, 0x01, 0x79,
	0x0A, 0xE0, 0x14, 0x4A, 0x12, 0x7D, 0x00, 0x2A, 0x06, 0xD0, 0x13, 0x4A,
	0x0C, 0x21, 0x51, 0x5E, 0x49, 0x10, 0x81, 0x42, 0x00, 0xDA, 0x01, 0x46,
	0x10, 0x4C, 0x00, 0x20, 0x22, 0x78, 0x00, 0x2A, 0x10, 0xD9, 0x00, 0x26,
	0x0F, 0x25, 0xAD, 0x01, 0x0E, 0x22, 0x42, 0x43, 0x12, 0x19, 0x52, 0x19,
	0x14, 0x23, 0xD3, 0x5E, 0x8B, 0x42, 0x00, 0xDA, 0x96, 0x82, 0x40, 0x1C,
	0x22, 0x78, 0xC0, 0xB2, 0x82, 0x42, 0xF1, 0xD8, 0x70, 0xBC, 0x70, 0x47,
	0x11, 0x93, 0x08, 0x20, 0x88, 0x91, 0x08, 0x20, 0xD8, 0x90, 0x08, 0x20,
	0x8C, 0xAB, 0x08, 0x20, 0x4C, 0xB1, 0x08, 0x20, 0xE4, 0xA1, 0x08, 0x20,
	0x0E, 0x23, 0x58, 0x43, 0x0B, 0x4B, 0xC3, 0x18, 0x0F, 0x20, 0x80, 0x01,
	0x18, 0x18, 0xC3, 0x7C, 0x8B, 0x42, 0x01, 0xD2, 0xC1, 0x74, 0x03, 0xE0,
	0x83, 0x7C, 0x8B, 0x42, 0x00, 0xD9, 0x81, 0x74, 0x41, 0x7C, 0x91, 0x42,
	0x01, 0xD2, 0x42, 0x74, 0x70, 0x47, 0x01, 0x7C, 0x91, 0x42, 0xFB, 0xD9,
	0x02, 0x74, 0x70, 0x47, 0xE4, 0xA1, 0x08, 0x20, 0x10, 0xB5, 0x04, 0x48,
	0x41, 0x68, 0x82, 0x15, 0x91, 0x43, 0x41, 0x60, 0xFB, 0xF7, 0x34, 0xF8,
	0x10, 0xBD, 0x00, 0x00, 0x40, 0x01, 0x04, 0x40, 0xFF, 0x23, 0x01, 0x33,
	0xCA, 0x1A, 0x99, 0x42, 0x20, 0xD0, 0x06, 0xDC, 0x20, 0x29, 0x29, 0xD0,
	0x40, 0x29, 0x23, 0xD0, 0x80, 0x29, 0x0F, 0xD1, 0x1C, 0xE0, 0xFF, 0x3A,
	0x52, 0x1E, 0x11, 0xD0, 0xFF, 0x3A, 0xFF, 0x3A, 0x92, 0x1E, 0x09, 0xD0,
	0x01, 0x21, 0x89, 0x02, 0x8A, 0x42, 0x03, 0xD1, 0x00, 0x12, 0x08, 0x30,
	0xC0, 0xB2, 0x70, 0x47, 0x00, 0x20, 0x70, 0x47, 0xC0, 0x11, 0x08, 0x30,
	0xC0, 0xB2, 0x70, 0x47, 0x80, 0x11, 0x08, 0x30, 0xC0, 0xB2, 0x70, 0x47,
	0x40, 0x11, 0x08, 0x30, 0xC0, 0xB2, 0x70, 0x47, 0x00, 0x11, 0x08, 0x30,
	0xC0, 0xB2, 0x70, 0x47, 0xC0, 0x10, 0x08, 0x30, 0xC0, 0xB2, 0x70, 0x47,
	0x80, 0x10, 0x08, 0x30, 0xC0, 0xB2, 0x70, 0x47, 0x10, 0xB5, 0x01, 0xF0,
	0x4F, 0xFF, 0x00, 0x28, 0x27, 0xD1, 0x14, 0x48, 0x81, 0x88, 0x82, 0x15,
	0x91, 0x43, 0x81, 0x80, 0x12, 0x48, 0x01, 0x21, 0x01, 0x70, 0x12, 0x48,
	0x00, 0x22, 0x02, 0x76, 0x01, 0x77, 0x11, 0x48, 0xC2, 0x68, 0x0F, 0x23,
	0x1B, 0x04, 0x1A, 0x43, 0xC2, 0x60, 0x42, 0x68, 0x4B, 0x03, 0x1A, 0x43,
	0x42, 0x60, 0x82, 0x68, 0x83, 0x05, 0x1A, 0x43, 0x82, 0x60, 0x0B, 0x48,
	0x02, 0x7F, 0x00, 0x2A, 0x09, 0xD0, 0x40, 0x7F, 0x00, 0x28, 0x06, 0xD0,
	0x08, 0x4A, 0x10, 0x7E, 0x08, 0x43, 0xCF, 0x21, 0x08, 0x40, 0x08, 0x40,
	0x10, 0x76, 0x10, 0xBD, 0x00, 0x00, 0x04, 0x40, 0x40, 0x01, 0x04, 0x40,
	0x20, 0x01, 0x04, 0x40, 0x00, 0x01, 0x04, 0x40, 0x31, 0x94, 0x08, 0x20,
	0x80, 0x01, 0x04, 0x40, 0xF8, 0xB5, 0xA1, 0x4E, 0x4E, 0x21, 0xF0, 0x69,
	0x00, 0x24, 0x02, 0x46, 0x0B, 0x5C, 0x43, 0x30, 0x41, 0x7B, 0x00, 0x7B,
	0x09, 0x02, 0x41, 0x32, 0x01, 0x43, 0x50, 0x7C, 0x15, 0x7C, 0x02, 0x02,
	0x2A, 0x43, 0x02, 0x2B, 0x54, 0xD0, 0x03, 0x2B, 0x52, 0xD0, 0x02, 0x20,
	0x00, 0xF0, 0x74, 0xFC, 0xF0, 0x69, 0x01, 0x46, 0x41, 0x30, 0x42, 0x7C,
	0x00, 0x7C, 0x12, 0x02, 0x02, 0x43, 0x08, 0x46, 0x43, 0x30, 0x41, 0x7B,
	0x00, 0x7B, 0x09, 0x02, 0x01, 0x43, 0x02, 0x20, 0x00, 0xF0, 0xE0, 0xFB,
	0xF5, 0x69, 0x28, 0x46, 0x43, 0x30, 0x41, 0x7B, 0x00, 0x7B, 0x09, 0x02,
	0x01, 0x43, 0x12, 0x20, 0x41, 0x43, 0x8A, 0x48, 0xFA, 0xF7, 0x83, 0xFB,
	0x89, 0x4F, 0xB8, 0x80, 0x40, 0x35, 0xA8, 0x7B, 0x00, 0xF0, 0x74, 0xFC,
	0xF0, 0x69, 0x87, 0x49, 0x40, 0x30, 0xC0, 0x7D, 0x00, 0x28, 0x00, 0xD0,
	0x11, 0x20, 0xC8, 0x70, 0x01, 0x20, 0xB8, 0x71, 0x82, 0x48, 0x0C, 0x22,
	0x82, 0x70, 0x81, 0x78, 0x49, 0x08, 0x49, 0x00, 0x81, 0x70, 0x12, 0x21,
	0x7F, 0x48, 0xFA, 0xF7, 0x66, 0xFB, 0x12, 0x21, 0x7E, 0x48, 0xFA, 0xF7,
	0x62, 0xFB, 0xF0, 0x69, 0x00, 0x25, 0x42, 0x79, 0x2B, 0x46, 0x29, 0x46,
	0x00, 0x2A, 0x46, 0xD9, 0x42, 0x18, 0x20, 0x32, 0x52, 0x78, 0xD6, 0x07,
	0x34, 0xD0, 0x57, 0x08, 0x6D, 0x1C, 0x40, 0x26, 0x74, 0x4A, 0x0E, 0x43,
	0xBA, 0x18, 0xED, 0xB2, 0x16, 0x75, 0x33, 0xE0, 0x00, 0x20, 0x00, 0xF0,
	0x21, 0xFC, 0xF0, 0x69, 0x43, 0x30, 0x41, 0x7C, 0x03, 0x7C, 0x0A, 0x02,
	0x41, 0x7B, 0x00, 0x7B, 0x09, 0x02, 0x01, 0x43, 0x1A, 0x43, 0x01, 0x20,
	0x00, 0xF0, 0x14, 0xFC, 0xF0, 0x69, 0x01, 0x46, 0x41, 0x30, 0x42, 0x7C,
	0x00, 0x7C, 0x12, 0x02, 0x02, 0x43, 0x08, 0x46, 0x43, 0x30, 0x41, 0x7B,
	0x00, 0x7B, 0x09, 0x02, 0x01, 0x43, 0x00, 0x20, 0x00, 0xF0, 0x80, 0xFB,
	0xF0, 0x69, 0x43, 0x30, 0x41, 0x7C, 0x03, 0x7C, 0x0A, 0x02, 0x41, 0x7B,
	0x00, 0x7B, 0x09, 0x02, 0x1A, 0x43, 0x01, 0x43, 0x01, 0x20, 0x91, 0xE7,
	0x57, 0x08, 0x5B, 0x1C, 0x40, 0x26, 0x5A, 0x4A, 0x0E, 0x43, 0xBA, 0x18,
	0xDB, 0xB2, 0x16, 0x70, 0x49, 0x1C, 0x42, 0x79, 0x89, 0xB2, 0x8A, 0x42,
	0xB8, 0xD8, 0x02, 0x46, 0xFF, 0x32, 0x41, 0x32, 0x91, 0x7E, 0x00, 0x29,
	0x36, 0xD0, 0x06, 0x79, 0x00, 0x21, 0xB4, 0x46, 0x00, 0x2E, 0x0D, 0xD9,
	0x46, 0x18, 0xB6, 0x79, 0x16, 0x2E, 0x05, 0xD9, 0x1A, 0x27, 0xBF, 0x1B,
	0x01, 0x26, 0xBE, 0x40, 0x26, 0x43, 0xF4, 0xB2, 0x49, 0x1C, 0x89, 0xB2,
	0x8C, 0x45, 0xF1, 0xD8, 0xD6, 0x7E, 0x00, 0x21, 0xB4, 0x46, 0x00, 0x2E,
	0x0F, 0xD9, 0x46, 0x18, 0xFF, 0x36, 0x41, 0x36, 0x76, 0x7F, 0x16, 0x2E,
	0x05, 0xD9, 0x1A, 0x27, 0xBF, 0x1B, 0x01, 0x26, 0xBE, 0x40, 0x26, 0x43,
	0xF4, 0xB2, 0x49, 0x1C, 0x89, 0xB2, 0x8C, 0x45, 0xEF, 0xD8, 0x40, 0x49,
	0x0C, 0x72, 0x29, 0x02, 0xC9, 0x18, 0x3F, 0x4B, 0x19, 0x83, 0x3B, 0x49,
	0x08, 0x25, 0xCD, 0x62, 0x01, 0x46, 0x40, 0x31, 0x8C, 0x7D, 0x02, 0x2C,
	0x14, 0xD0, 0x1E, 0xE0, 0x06, 0x79, 0x00, 0x21, 0xB4, 0x46, 0x00, 0x2E,
	0xEB, 0xD9, 0x46, 0x18, 0xB6, 0x79, 0x16, 0x2E, 0x05, 0xD9, 0x1A, 0x27,
	0xBF, 0x1B, 0x01, 0x26, 0xBE, 0x40, 0x26, 0x43, 0xF4, 0xB2, 0x49, 0x1C,
	0x89, 0xB2, 0x8C, 0x45, 0xF1, 0xD8, 0xDC, 0xE7, 0x30, 0x4C, 0x64, 0x7B,
	0x00, 0x2C, 0x1C, 0x68, 0x03, 0xD0, 0x2F, 0x4D, 0x2C, 0x43, 0x1C, 0x60,
	0x01, 0xE0, 0x2C, 0x43, 0x1C, 0x60, 0x1C, 0x78, 0x02, 0x25, 0x2C, 0x43,
	0x1C, 0x70, 0x5C, 0x78, 0x0D, 0x7E, 0x2C, 0x43, 0x24, 0x07, 0x24, 0x0F,
	0x5C, 0x70, 0x21, 0x4B, 0x1C, 0x7A, 0x01, 0x25, 0x2C, 0x43, 0x1C, 0x72,
	0x00, 0x24, 0x9C, 0x72, 0x9C, 0x7A, 0x9C, 0x72, 0x24, 0x4B, 0x23, 0x4C,
	0xDC, 0x60, 0x0A, 0x24, 0x1C, 0x76, 0x23, 0x4B, 0x1C, 0x6B, 0x2D, 0x07,
	0x2C, 0x43, 0x1C, 0x63, 0x09, 0x7F, 0x0B, 0x02, 0xC9, 0x18, 0x20, 0x4B,
	0x99, 0x83, 0x00, 0x21, 0x95, 0x7C, 0x1F, 0x4C, 0x0B, 0x46, 0x00, 0x2D,
	0x0B, 0xD9, 0x45, 0x18, 0xC0, 0x35, 0x2D, 0x7F, 0x1E, 0x19, 0x35, 0x72,
	0x9B, 0x1C, 0x49, 0x1C, 0x95, 0x7C, 0x89, 0xB2, 0x9B, 0xB2, 0x8D, 0x42,
	0xF3, 0xD8, 0x00, 0x21, 0xD5, 0x7C, 0x0B, 0x46, 0x00, 0x2D, 0x0B, 0xD9,
	0x45, 0x18, 0xA0, 0x35, 0x2D, 0x7E, 0x1E, 0x19, 0x75, 0x72, 0x9B, 0x1C,
	0x49, 0x1C, 0xD5, 0x7C, 0x89, 0xB2, 0x9B, 0xB2, 0x8D, 0x42, 0xF3, 0xD8,
	0xF8, 0xBD, 0x00, 0x00, 0xD8, 0x90, 0x08, 0x20, 0x80, 0xC3, 0xC9, 0x01,
	0xC0, 0x08, 0x04, 0x40, 0x60, 0x08, 0x04, 0x40, 0x00, 0x08, 0x04, 0x40,
	0x14, 0x08, 0x04, 0x40, 0x40, 0x01, 0x04, 0x40, 0x40, 0x08, 0x04, 0x40,
	0xB1, 0x93, 0x08, 0x20, 0x08, 0x00, 0x08, 0x00, 0x84, 0x03, 0x58, 0x02,
	0x80, 0x08, 0x04, 0x40, 0x80, 0x01, 0x04, 0x40, 0x20, 0x09, 0x04, 0x40,
	0x80, 0x21, 0x02, 0x20, 0x10, 0xB5, 0x3C, 0x48, 0x41, 0x7A, 0xFD, 0x22,
	0x11, 0x40, 0x41, 0x72, 0x41, 0x7A, 0x02, 0x22, 0x11, 0x43, 0x41, 0x72,
	0x38, 0x4C, 0xE0, 0x69, 0xFF, 0x30, 0x41, 0x30, 0x81, 0x7C, 0xC0, 0x7C,
	0x41, 0x43, 0x49, 0x00, 0x35, 0x48, 0xFA, 0xF7, 0x3C, 0xFA, 0xE0, 0x69,
	0xFF, 0x30, 0x41, 0x30, 0x81, 0x7C, 0xC0, 0x7C, 0x41, 0x43, 0x49, 0x00,
	0x31, 0x48, 0xFA, 0xF7, 0x32, 0xFA, 0xE0, 0x69, 0xFF, 0x30, 0x41, 0x30,
	0x81, 0x7C, 0xC0, 0x7C, 0x89, 0x1C, 0x80, 0x1C, 0x41, 0x43, 0x49, 0x00,
	0x2C, 0x48, 0xFA, 0xF7, 0x26, 0xFA, 0xE0, 0x69, 0xFF, 0x30, 0x41, 0x30,
	0x81, 0x7C, 0xC0, 0x7C, 0x89, 0x1C, 0x80, 0x1C, 0x41, 0x43, 0x49, 0x00,
	0x27, 0x48, 0xFA, 0xF7, 0x1A, 0xFA, 0xE0, 0x69, 0xFF, 0x30, 0x41, 0x30,
	0x81, 0x7C, 0xC0, 0x7C, 0x41, 0x43, 0x49, 0x00, 0x23, 0x48, 0xFA, 0xF7,
	0x10, 0xFA, 0xE0, 0x69, 0xFF, 0x30, 0x41, 0x30, 0x00, 0x7D, 0x40, 0x43,
	0x41, 0x00, 0x20, 0x48, 0xFA, 0xF7, 0x07, 0xFA, 0x82, 0x21, 0x1F, 0x48,
	0xFA, 0xF7, 0x03, 0xFA, 0x1E, 0x48, 0x00, 0x7A, 0x00, 0x28, 0x04, 0xD0,
	0xFF, 0x21, 0x03, 0x31, 0x1C, 0x48, 0xFA, 0xF7, 0xFC, 0xF9, 0xFE, 0xF7,
	0xC5, 0xFA, 0xFF, 0xF7, 0x43, 0xFE, 0xFA, 0xF7, 0x01, 0xFE, 0x19, 0x48,
	0xC0, 0x6B, 0x80, 0x47, 0x18, 0x49, 0x01, 0x20, 0xC8, 0x76, 0x18, 0x49,
	0x00, 0x20, 0x88, 0x60, 0xC8, 0x60, 0x08, 0x61, 0x48, 0x61, 0x88, 0x61,
	0xC8, 0x61, 0x08, 0x62, 0x48, 0x62, 0x14, 0x49, 0x14, 0x22, 0x08, 0x70,
	0xC8, 0x70, 0x08, 0x74, 0x88, 0x72, 0x8A, 0x81, 0x11, 0x49, 0x48, 0x61,
	0x88, 0x15, 0x11, 0x49, 0x08, 0x60, 0x10, 0xBD, 0x00, 0x00, 0x04, 0x40,
	0xD8, 0x90, 0x08, 0x20, 0x00, 0x40, 0x02, 0x20, 0x00, 0x48, 0x02, 0x20,
	0x00, 0x60, 0x02, 0x20, 0x00, 0x50, 0x02, 0x20, 0x00, 0x58, 0x02, 0x20,
	0x00, 0x20, 0x02, 0x20, 0x88, 0xA9, 0x08, 0x20, 0xD1, 0x93, 0x08, 0x20,
	0x2C, 0x6E, 0x02, 0x20, 0x44, 0x90, 0x08, 0x20, 0x2C, 0xB1, 0x08, 0x20,
	0xC0, 0x98, 0x08, 0x20, 0xC8, 0x98, 0x08, 0x20, 0x00, 0x06, 0x04, 0x40,
	0x00, 0xE1, 0x00, 0xE0, 0x70, 0xB5, 0x1D, 0x49, 0x88, 0x88, 0x8A, 0x15,
	0x10, 0x43, 0x88, 0x80, 0x32, 0x20, 0x01, 0xF0, 0x08, 0xFD, 0x1A, 0x4A,
	0x01, 0x25, 0x15, 0x76, 0x19, 0x48, 0x00, 0x21, 0x01, 0x70, 0x19, 0x48,
	0x30, 0x26, 0x86, 0x73, 0x11, 0x77, 0x18, 0x4C, 0x21, 0x7D, 0x0A, 0x22,
	0x11, 0x40, 0x21, 0x75, 0x11, 0x21, 0xA1, 0x75, 0x41, 0x68, 0x15, 0x4A,
	0x11, 0x40, 0x41, 0x60, 0x81, 0x68, 0x82, 0x05, 0x91, 0x43, 0x81, 0x60,
	0x0A, 0x20, 0x01, 0xF0, 0xEC, 0xFC, 0x11, 0x48, 0xC0, 0x69, 0xFF, 0x30,
	0x81, 0x30, 0x01, 0x7F, 0x00, 0x29, 0x07, 0xD0, 0x40, 0x7F, 0x00, 0x28,
	0x04, 0xD0, 0x20, 0x7E, 0xA8, 0x43, 0x30, 0x43, 0x30, 0x43, 0x20, 0x76,
	0x0A, 0x48, 0x05, 0x75, 0x05, 0x74, 0x0A, 0x20, 0x01, 0xF0, 0xD7, 0xFC,
	0x70, 0xBD, 0x00, 0x00, 0x00, 0x00, 0x04, 0x40, 0x20, 0x01, 0x04, 0x40,
	0x40, 0x01, 0x04, 0x40, 0x00, 0x01, 0x04, 0x40, 0x80, 0x01, 0x04, 0x40,
	0xFC, 0xDF, 0xFF, 0xFF, 0xD8, 0x90, 0x08, 0x20, 0x60, 0x08, 0x04, 0x40,
	0xF0, 0xB5, 0xCC, 0x1D, 0xFF, 0x34, 0xFA, 0x34, 0xE1, 0x7D, 0x3E, 0x4A,
	0xA3, 0x7D, 0x8D, 0x18, 0x24, 0x22, 0x5A, 0x43, 0x24, 0x3A, 0x94, 0x46,
	0xAA, 0x5C, 0xAE, 0x46, 0xFF, 0x2A, 0x5D, 0xD1, 0x39, 0x4A, 0x3A, 0x4E,
	0xD2, 0x7C, 0x65, 0x7C, 0x92, 0x1C, 0x53, 0x43, 0x59, 0x18, 0x49, 0x00,
	0x8B, 0x19, 0x00, 0x21, 0x59, 0x5E, 0x23, 0x7C, 0xE7, 0x7C, 0x53, 0x43,
	0x5B, 0x19, 0x5B, 0x00, 0x9B, 0x19, 0x00, 0x25, 0x5D, 0x5F, 0xA3, 0x7C,
	0x53, 0x43, 0xDB, 0x19, 0x5B, 0x00, 0x9F, 0x19, 0x00, 0x23, 0xFB, 0x5E,
	0x27, 0x7D, 0x57, 0x43, 0x62, 0x7D, 0xBA, 0x18, 0x52, 0x00, 0x96, 0x19,
	0x00, 0x22, 0xB2, 0x5E, 0xAA, 0x42, 0x39, 0xDD, 0x9A, 0x42, 0x37, 0xDD,
	0xEA, 0x18, 0x0E, 0x23, 0xE3, 0x5E, 0x52, 0x10, 0x93, 0x42, 0x31, 0xDA,
	0x0E, 0x26, 0x02, 0x46, 0x72, 0x43, 0x21, 0x4E, 0x0A, 0x25, 0x0F, 0x23,
	0x65, 0x5F, 0x9B, 0x01, 0x92, 0x19, 0xD2, 0x18, 0x8D, 0x42, 0x26, 0xDA,
	0x14, 0x25, 0x55, 0x5F, 0x33, 0x46, 0x8D, 0x42, 0x00, 0xDA, 0x91, 0x82,
	0xD1, 0x8A, 0x24, 0x25, 0x49, 0x1C, 0xD1, 0x82, 0x51, 0x8B, 0x49, 0x1C,
	0x51, 0x83, 0xE1, 0x7D, 0xCB, 0x18, 0xA1, 0x7D, 0x69, 0x43, 0x24, 0x39,
	0x58, 0x54, 0x11, 0x8B, 0xC9, 0x1C, 0x11, 0x83, 0xE2, 0x7D, 0xA1, 0x7D,
	0xFF, 0xF7, 0xBC, 0xFC, 0xA0, 0x7D, 0xE1, 0x7D, 0x00, 0x02, 0x41, 0x18,
	0x10, 0x48, 0x02, 0x79, 0x52, 0x00, 0x12, 0x18, 0xD1, 0x80, 0x01, 0x79,
	0x49, 0x1C, 0x01, 0x71, 0xF0, 0xBD, 0x0C, 0x23, 0xE3, 0x5E, 0x8B, 0x42,
	0xFA, 0xDA, 0x71, 0x46, 0x63, 0x46, 0xC8, 0x54, 0x11, 0x8B, 0x49, 0x1C,
	0x11, 0x83, 0x51, 0x8B, 0x49, 0x1C, 0x51, 0x83, 0xE2, 0x7D, 0xA1, 0x7D,
	0xFF, 0xF7, 0x9E, 0xFC, 0xF0, 0xBD, 0x00, 0x00, 0xE4, 0xA1, 0x08, 0x20,
	0xF1, 0x93, 0x08, 0x20, 0x00, 0x50, 0x02, 0x20, 0xCC, 0xA6, 0x08, 0x20,
	0xF0, 0xB5, 0xCC, 0x1D, 0xFF, 0x34, 0xFA, 0x34, 0xE3, 0x7D, 0x3B, 0x49,
	0x24, 0x22, 0x5D, 0x18, 0xA1, 0x7D, 0x4A, 0x43, 0x24, 0x3A, 0xAA, 0x5C,
	0xFF, 0x2A, 0x48, 0xD1, 0x37, 0x4A, 0x38, 0x4D, 0xD2, 0x7C, 0x66, 0x7D,
	0x92, 0x1C, 0x51, 0x43, 0xC9, 0x18, 0x49, 0x00, 0x4B, 0x19, 0x00, 0x21,
	0x59, 0x5E, 0x23, 0x7D, 0x0F, 0x27, 0x53, 0x43, 0x9B, 0x19, 0x5B, 0x00,
	0x5B, 0x19, 0x00, 0x25, 0x5D, 0x5F, 0x0E, 0x26, 0x03, 0x46, 0x73, 0x43,
	0x2B, 0x4E, 0xBF, 0x01, 0x9B, 0x19, 0xDB, 0x19, 0x8D, 0x42, 0x02, 0xDA,
	0x1D, 0x8B, 0xED, 0x1C, 0x1D, 0x83, 0x06, 0x25, 0x65, 0x5F, 0x8D, 0x42,
	0x26, 0xDA, 0x14, 0x25, 0x5D, 0x5F, 0x24, 0x4A, 0x8D, 0x42, 0x00, 0xDA,
	0x99, 0x82, 0x19, 0x8B, 0x24, 0x25, 0xC9, 0x1C, 0x19, 0x83, 0xE1, 0x7D,
	0x8A, 0x18, 0xA1, 0x7D, 0x69, 0x43, 0x24, 0x39, 0x50, 0x54, 0xD9, 0x8A,
	0x49, 0x1C, 0xD9, 0x82, 0x59, 0x8B, 0x49, 0x1C, 0x59, 0x83, 0xE2, 0x7D,
	0xA1, 0x7D, 0xFF, 0xF7, 0x49, 0xFC, 0xA0, 0x7D, 0xE1, 0x7D, 0x00, 0x02,
	0x41, 0x18, 0x19, 0x48, 0x02, 0x79, 0x52, 0x00, 0x12, 0x18, 0xD1, 0x80,
	0x01, 0x79, 0x49, 0x1C, 0x01, 0x71, 0xF0, 0xBD, 0x08, 0x25, 0x65, 0x5F,
	0x8D, 0x42, 0xFA, 0xDA, 0x65, 0x7C, 0xFF, 0x2D, 0x09, 0xD0, 0x26, 0x7C,
	0x56, 0x43, 0x72, 0x19, 0x55, 0x00, 0x0E, 0x4A, 0xAD, 0x18, 0x00, 0x22,
	0xAA, 0x5E, 0x8A, 0x42, 0xED, 0xDA, 0xE2, 0x7D, 0x08, 0x49, 0x24, 0x25,
	0x52, 0x18, 0xA1, 0x7D, 0x69, 0x43, 0x24, 0x39, 0x50, 0x54, 0x19, 0x8B,
	0x49, 0x1C, 0x19, 0x83, 0x59, 0x8B, 0x49, 0x1C, 0x59, 0x83, 0xE2, 0x7D,
	0xA1, 0x7D, 0xFF, 0xF7, 0x19, 0xFC, 0xF0, 0xBD, 0xE4, 0xA1, 0x08, 0x20,
	0xF1, 0x93, 0x08, 0x20, 0x00, 0x50, 0x02, 0x20, 0xCC, 0xA6, 0x08, 0x20,
	0xF0, 0xB5, 0x87, 0xB0, 0x00, 0x26, 0x4E, 0x49, 0x4E, 0x48, 0xFA, 0xF7,
	0x56, 0xF8, 0xF3, 0x21, 0xFF, 0x22, 0x89, 0x00, 0x4C, 0x48, 0xFA, 0xF7,
	0x29, 0xF8, 0x4C, 0x48, 0x01, 0x25, 0x01, 0x79, 0x01, 0x29, 0x6F, 0xD3,
	0x4A, 0x48, 0x05, 0x90, 0x4A, 0x4F, 0x4B, 0x48, 0x04, 0x90, 0x47, 0x48,
	0x01, 0x24, 0x40, 0x79, 0x01, 0x28, 0x5F, 0xD3, 0x28, 0x46, 0x24, 0x21,
	0x48, 0x43, 0x41, 0x49, 0x40, 0x18, 0x03, 0x90, 0x68, 0x1C, 0x02, 0x90,
	0x68, 0x1E, 0x01, 0x90, 0x28, 0x02, 0x00, 0x90, 0x04, 0x98, 0xC1, 0x7C,
	0x89, 0x1C, 0x0A, 0x46, 0x6A, 0x43, 0x10, 0x19, 0x40, 0x00, 0xC3, 0x19,
	0x00, 0x20, 0x9C, 0x46, 0x18, 0x5E, 0x05, 0x9B, 0x5B, 0x78, 0x98, 0x42,
	0x3E, 0xDD, 0x03, 0x9B, 0x1B, 0x19, 0x40, 0x3B, 0x1B, 0x7F, 0xFF, 0x2B,
	0x38, 0xD1, 0x13, 0x46, 0x62, 0x1E, 0x9A, 0x18, 0x52, 0x00, 0xD3, 0x19,
	0x00, 0x22, 0x9A, 0x5E, 0x90, 0x42, 0x2F, 0xDB, 0x02, 0x9A, 0x4A, 0x43,
	0x12, 0x19, 0x52, 0x00, 0xD3, 0x19, 0x00, 0x22, 0x9A, 0x5E, 0x90, 0x42,
	0x26, 0xDD, 0x62, 0x46, 0x02, 0x23, 0xD3, 0x5E, 0x98, 0x42, 0x21, 0xDD,
	0x01, 0x9A, 0x51, 0x43, 0x09, 0x19, 0x49, 0x00, 0xCA, 0x19, 0x00, 0x21,
	0x51, 0x5E, 0x88, 0x42, 0x05, 0xDC, 0x88, 0x42, 0x16, 0xD1, 0x02, 0x21,
	0x51, 0x5E, 0x88, 0x42, 0x12, 0xDD, 0x00, 0x98, 0x24, 0x49, 0x00, 0x19,
	0xC8, 0x80, 0x01, 0x20, 0x08, 0x71, 0x22, 0x46, 0x29, 0x46, 0x30, 0x46,
	0xFF, 0xF7, 0xB2, 0xF9, 0x30, 0x46, 0xFF, 0xF7, 0x53, 0xFA, 0x30, 0x46,
	0x76, 0x1C, 0xF6, 0xB2, 0x14, 0x28, 0x27, 0xD2, 0x17, 0x48, 0x64, 0x1C,
	0x40, 0x79, 0xE4, 0xB2, 0xA0, 0x42, 0xAB, 0xD2, 0x14, 0x48, 0x6D, 0x1C,
	0x00, 0x79, 0xED, 0xB2, 0xA8, 0x42, 0x94, 0xD2, 0xFF, 0xF7, 0x76, 0xF9,
	0xFF, 0xF7, 0x4E, 0xFB, 0xFF, 0xF7, 0xC8, 0xF9, 0xFF, 0xF7, 0x88, 0xF8,
	0x0B, 0x4B, 0x00, 0x22, 0x1C, 0x78, 0x10, 0x46, 0x00, 0x2C, 0x0D, 0xD9,
	0x0F, 0x25, 0xAD, 0x01, 0x0E, 0x21, 0x41, 0x43, 0xC9, 0x18, 0x49, 0x19,
	0xC9, 0x8A, 0x91, 0x42, 0x00, 0xD9, 0x0A, 0x46, 0x40, 0x1C, 0xC0, 0xB2,
	0x84, 0x42, 0xF3, 0xD8, 0x07, 0xB0, 0xF0, 0xBD, 0xE6, 0x04, 0x00, 0x00,
	0xE4, 0xA1, 0x08, 0x20, 0xE5, 0xA1, 0x08, 0x20, 0xB1, 0x92, 0x08, 0x20,
	0x11, 0x93, 0x08, 0x20, 0x00, 0x50, 0x02, 0x20, 0xF1, 0x93, 0x08, 0x20,
	0xCC, 0xA6, 0x08, 0x20, 0x10, 0xB5, 0x04, 0x46, 0x08, 0x46, 0x50, 0x43,
	0xC1, 0x17, 0x16, 0x4A, 0x00, 0x23, 0xF9, 0xF7, 0xBB, 0xFE, 0x01, 0x21,
	0x80, 0xB2, 0x89, 0x02, 0x88, 0x42, 0x00, 0xD9, 0x08, 0x46, 0x12, 0x49,
	0x00, 0x2C, 0x0C, 0xD0, 0x01, 0x2C, 0x0C, 0xD0, 0x02, 0x2C, 0x0C, 0xD0,
	0x21, 0x1F, 0x0F, 0x4A, 0x1D, 0x29, 0x0B, 0xD8, 0x09, 0x06, 0xC9, 0x0D,
	0x89, 0x18, 0x08, 0x80, 0x10, 0xBD, 0x88, 0x80, 0x10, 0xBD, 0xC8, 0x80,
	0x10, 0xBD, 0x88, 0x80, 0xC8, 0x80, 0x10, 0xBD, 0x22, 0x2C, 0xFC, 0xD1,
	0x00, 0x21, 0x4B, 0x00, 0x9B, 0x18, 0x18, 0x80, 0x49, 0x1C, 0xC9, 0xB2,
	0x1E, 0x29, 0xF8, 0xD3, 0x10, 0xBD, 0x00, 0x00, 0x49, 0x03, 0x00, 0x00,
	0x00, 0x09, 0x04, 0x40, 0xC0, 0x09, 0x04, 0x40, 0x01, 0x28, 0x07, 0xD0,
	0x02, 0x28, 0x05, 0xD0, 0x04, 0x28, 0x03, 0xD0, 0x08, 0x28, 0x01, 0xD0,
	0x00, 0x20, 0x70, 0x47, 0x04, 0x49, 0x8A, 0x7E, 0x82, 0x43, 0x8A, 0x76,
	0x0A, 0x7E, 0x02, 0x43, 0x0A, 0x76, 0x01, 0x20, 0x70, 0x47, 0x00, 0x00,
	0x00, 0x04, 0x04, 0x40, 0x0B, 0x49, 0x00, 0x28, 0x08, 0x7E, 0x09, 0xD0,
	0x10, 0x22, 0x10, 0x43, 0x40, 0x08, 0x40, 0x00, 0x08, 0x76, 0x08, 0x7E,
	0xDF, 0x22, 0x10, 0x40, 0x08, 0x76, 0x70, 0x47, 0x01, 0x22, 0x10, 0x43,
	0xEF, 0x22, 0x10, 0x40, 0x08, 0x76, 0x08, 0x7E, 0x20, 0x22, 0x10, 0x43,
	0xF4, 0xE7, 0x00, 0x00, 0x40, 0x01, 0x04, 0x40, 0x10, 0xB5, 0x0B, 0x49,
	0xC9, 0x7E, 0x00, 0x29, 0x09, 0xD1, 0x0A, 0x49, 0x00, 0x28, 0xC9, 0x7B,
	0x0B, 0xD0, 0x00, 0x29, 0x04, 0xD1, 0x00, 0x21, 0x02, 0x20, 0xFD, 0xF7,
	0x63, 0xFA, 0x10, 0xBD, 0x01, 0x21, 0x02, 0x20, 0xFD, 0xF7, 0x5E, 0xFA,
	0x10, 0xBD, 0x00, 0x29, 0xF8, 0xD0, 0xF2, 0xE7, 0x88, 0x91, 0x08, 0x20,
	0x51, 0x93, 0x08, 0x20, 0x10, 0xB5, 0x04, 0x46, 0x08, 0x46, 0x50, 0x43,
	0xC1, 0x17, 0x0C, 0x4A, 0x00, 0x23, 0xF9, 0xF7, 0x37, 0xFE, 0x01, 0x21,
	0x80, 0xB2, 0x89, 0x02, 0x88, 0x42, 0x00, 0xD9, 0x08, 0x46, 0x08, 0x49,
	0x00, 0x2C, 0x06, 0xD0, 0x01, 0x2C, 0x06, 0xD0, 0x02, 0x2C, 0x01, 0xD1,
	0x08, 0x82, 0x48, 0x82, 0x10, 0xBD, 0x08, 0x82, 0x10, 0xBD, 0x48, 0x82,
	0x10, 0xBD, 0x00, 0x00, 0x49, 0x03, 0x00, 0x00, 0x40, 0x08, 0x04, 0x40,
	0xF1, 0xB5, 0xFF, 0x4D, 0x00, 0x24, 0xE8, 0x69, 0x8E, 0xB0, 0xFF, 0x30,
	0x41, 0x30, 0x80, 0x7C, 0x40, 0x1C, 0x11, 0xD0, 0xFB, 0x4E, 0xE8, 0x69,
	0xFF, 0x30, 0x41, 0x30, 0x01, 0x7D, 0xE0, 0x00, 0x80, 0x19, 0xF9, 0xF7,
	0xF4, 0xFE, 0xE8, 0x69, 0x64, 0x1C, 0xFF, 0x30, 0x41, 0x30, 0x80, 0x7C,
	0xE4, 0xB2, 0x40, 0x1C, 0xA0, 0x42, 0xEE, 0xD8, 0xF1, 0x48, 0xF4, 0x4D,
	0xC1, 0x69, 0x08, 0x79, 0xC3, 0x07, 0x42, 0x08, 0xDB, 0x0F, 0xD2, 0x18,
	0x80, 0x1A, 0xC0, 0xB2, 0x01, 0x90, 0xEE, 0x48, 0x00, 0x92, 0x40, 0x7D,
	0xA8, 0x70, 0x0E, 0x9A, 0x00, 0x2A, 0x7D, 0xD0, 0x02, 0x24, 0x02, 0x2A,
	0x7B, 0xD0, 0x13, 0x46, 0xEA, 0x4A, 0x01, 0x2B, 0x78, 0xD0, 0x03, 0x2B,
	0x77, 0xD1, 0xE9, 0x4B, 0x1C, 0x75, 0x43, 0x1C, 0x43, 0x43, 0x5B, 0x08,
	0x9A, 0x18, 0x10, 0x1A, 0x00, 0x26, 0x00, 0x9A, 0x08, 0x96, 0x09, 0x90,
	0x06, 0x92, 0xAA, 0x77, 0x00, 0x9A, 0x01, 0x98, 0x03, 0x90, 0x02, 0x92,
	0x30, 0x46, 0x00, 0x2A, 0x0C, 0xD9, 0xE0, 0x4F, 0x3B, 0x6B, 0x0A, 0x18,
	0x94, 0x79, 0x01, 0x22, 0xA2, 0x40, 0x93, 0x43, 0x3B, 0x63, 0x40, 0x1C,
	0x00, 0x9A, 0xC0, 0xB2, 0x90, 0x42, 0xF3, 0xD3, 0x0A, 0x79, 0x82, 0x42,
	0x0C, 0xD9, 0xD8, 0x4F, 0x3B, 0x6B, 0x0A, 0x18, 0x94, 0x79, 0x01, 0x22,
	0xA2, 0x40, 0x13, 0x43, 0x3B, 0x63, 0x40, 0x1C, 0x0A, 0x79, 0xC0, 0xB2,
	0x82, 0x42, 0xF3, 0xD8, 0x03, 0x99, 0x02, 0x98, 0x08, 0x43, 0x7D, 0xD0,
	0xC9, 0x4A, 0x02, 0x99, 0xD0, 0x69, 0x40, 0x30, 0x40, 0x7D, 0x88, 0x42,
	0x00, 0xD8, 0x01, 0x46, 0x05, 0x91, 0x03, 0x99, 0x88, 0x42, 0x00, 0xD9,
	0x08, 0x46, 0x07, 0x90, 0xA8, 0x78, 0x00, 0x27, 0x00, 0x28, 0x7C, 0xD9,
	0x09, 0x98, 0x04, 0x90, 0x05, 0x98, 0x00, 0x24, 0x00, 0x28, 0x35, 0xD9,
	0xB8, 0x19, 0x00, 0x06, 0x40, 0x0D, 0x0B, 0x90, 0xA9, 0x78, 0x38, 0x19,
	0x0A, 0x91, 0x0C, 0x90, 0xF9, 0xF7, 0x7B, 0xFE, 0x0A, 0x99, 0x48, 0x43,
	0x0C, 0x99, 0x09, 0x1A, 0x04, 0x98, 0x40, 0x5C, 0x01, 0x28, 0x08, 0x98,
	0x78, 0xD0, 0x20, 0x18, 0x81, 0x19, 0xBA, 0x48, 0x08, 0x18, 0x40, 0x30,
	0x80, 0x78, 0x02, 0x21, 0x8C, 0x46, 0x1B, 0x28, 0x13, 0xD8, 0x0B, 0x99,
	0x82, 0x08, 0x8A, 0x18, 0xAE, 0x49, 0x80, 0x07, 0x51, 0x18, 0x40, 0x0F,
	0x03, 0x22, 0x82, 0x40, 0x0B, 0x78, 0x03, 0xE0, 0x83, 0xE0, 0xAB, 0xE0,
	0x04, 0xE1, 0xD7, 0xE1, 0x93, 0x43, 0x62, 0x46, 0x82, 0x40, 0x13, 0x43,
	0x0B, 0x70, 0x64, 0x1C, 0x05, 0x98, 0xE4, 0xB2, 0x84, 0x42, 0xCD, 0xD3,
	0x09, 0x98, 0x04, 0x90, 0x07, 0x98, 0x00, 0x24, 0x00, 0x28, 0x35, 0xD9,
	0xB8, 0x19, 0x00, 0x06, 0x40, 0x0D, 0x0B, 0x90, 0xA8, 0x78, 0x0A, 0x90,
	0x38, 0x19, 0x0C, 0x90, 0x0A, 0x99, 0xF9, 0xF7, 0x3E, 0xFE, 0x01, 0x46,
	0x0A, 0x98, 0x41, 0x43, 0x0C, 0x98, 0x41, 0x1A, 0x04, 0x98, 0x40, 0x5C,
	0x01, 0x28, 0x06, 0x98, 0x7E, 0xD0, 0x20, 0x18, 0x81, 0x19, 0x9B, 0x48,
	0x08, 0x18, 0x40, 0x30, 0x80, 0x78, 0x02, 0x21, 0x8C, 0x46, 0x1B, 0x28,
	0x11, 0xD8, 0x0B, 0x99, 0x82, 0x08, 0x8A, 0x18, 0x8F, 0x49, 0x80, 0x07,
	0x51, 0x18, 0x40, 0x0F, 0x03, 0x22, 0x82, 0x40, 0x0B, 0x78, 0x01, 0xE0,
	0x25, 0xE0, 0x0E, 0xE0, 0x93, 0x43, 0x62, 0x46, 0x82, 0x40, 0x13, 0x43,
	0x0B, 0x70, 0x64, 0x1C, 0x07, 0x98, 0xE4, 0xB2, 0x84, 0x42, 0xCD, 0xD3,
	0x7F, 0x1C, 0xA8, 0x78, 0xFF, 0xB2, 0xB8, 0x42, 0x82, 0xD8, 0x05, 0x99,
	0x02, 0x98, 0x40, 0x1A, 0xC0, 0xB2, 0x02, 0x90, 0x07, 0x99, 0x03, 0x98,
	0x40, 0x1A, 0xC0, 0xB2, 0x03, 0x90, 0x7D, 0x48, 0x03, 0x99, 0xC0, 0x69,
	0x40, 0x30, 0x40, 0x7D, 0x80, 0x19, 0xC6, 0xB2, 0x02, 0x98, 0x08, 0x43,
	0x01, 0xD0, 0x5B, 0xE7, 0x1C, 0xE1, 0x77, 0x48, 0xAA, 0x7F, 0xC4, 0x69,
	0x40, 0x34, 0x61, 0x7D, 0x50, 0x18, 0x40, 0x1E, 0xF9, 0xF7, 0xFD, 0xFD,
	0xE8, 0x77, 0x64, 0x7D, 0x00, 0x98, 0x21, 0x46, 0x40, 0x1E, 0x20, 0x18,
	0xF9, 0xF7, 0xF5, 0xFD, 0x06, 0x46, 0x01, 0x98, 0x21, 0x46, 0x40, 0x1E,
	0x20, 0x18, 0xF9, 0xF7, 0xEE, 0xFD, 0x30, 0x18, 0x68, 0x70, 0x0E, 0x98,
	0x01, 0x28, 0x7D, 0xD0, 0x03, 0x28, 0x7B, 0xD0, 0x46, 0xE1, 0x6C, 0x4A,
	0x00, 0x20, 0x10, 0x75, 0x09, 0x79, 0x00, 0x29, 0x1B, 0xD9, 0x65, 0x4F,
	0x6A, 0x49, 0x01, 0x23, 0x09, 0x18, 0x40, 0x31, 0x89, 0x78, 0x1B, 0x29,
	0x0C, 0xD8, 0x8C, 0x08, 0xC2, 0x00, 0x12, 0x19, 0xD2, 0x19, 0x89, 0x07,
	0x49, 0x0F, 0x03, 0x24, 0x16, 0x78, 0x8C, 0x40, 0xA6, 0x43, 0x8B, 0x40,
	0x1E, 0x43, 0x16, 0x70, 0x59, 0x49, 0x40, 0x1C, 0xC9, 0x69, 0xC0, 0xB2,
	0x09, 0x79, 0x81, 0x42, 0xE4, 0xD8, 0x00, 0xE0, 0xE4, 0xE0, 0x55, 0x48,
	0xC0, 0x69, 0x00, 0x79, 0xA8, 0x77, 0xD0, 0xE7, 0x57, 0x48, 0x04, 0x75,
	0x00, 0x99, 0x00, 0x20, 0x00, 0x29, 0x23, 0xD9, 0x50, 0x4F, 0x56, 0x49,
	0x01, 0x23, 0x09, 0x18, 0x40, 0x31, 0x89, 0x78, 0x1B, 0x29, 0x0C, 0xD8,
	0x8C, 0x08, 0xC2, 0x00, 0x12, 0x19, 0xD2, 0x19, 0x89, 0x07, 0x49, 0x0F,
	0x03, 0x24, 0x16, 0x78, 0x8C, 0x40, 0xA6, 0x43, 0x8B, 0x40, 0x1E, 0x43,
	0x16, 0x70, 0x4B, 0x4B, 0x1A, 0x6B, 0x44, 0x49, 0xC9, 0x69, 0x09, 0x18,
	0x8C, 0x79, 0x01, 0x21, 0xA1, 0x40, 0x8A, 0x43, 0x1A, 0x63, 0x40, 0x1C,
	0x00, 0x99, 0xC0, 0xB2, 0x88, 0x42, 0xDC, 0xD3, 0x3D, 0x4A, 0x00, 0x98,
	0xD3, 0x69, 0x00, 0x21, 0x1B, 0x79, 0x83, 0x42, 0x9F, 0xD9, 0x41, 0x4A,
	0x02, 0x24, 0x12, 0x18, 0x40, 0x32, 0x92, 0x78, 0x1B, 0x2A, 0x0D, 0xD8,
	0xCB, 0x00, 0x96, 0x08, 0x9E, 0x19, 0x36, 0x4B, 0x92, 0x07, 0xF3, 0x18,
	0x52, 0x0F, 0x03, 0x26, 0x1F, 0x78, 0x96, 0x40, 0xB7, 0x43, 0x94, 0x40,
	0x27, 0x43, 0x1F, 0x70, 0x35, 0x4E, 0x34, 0x6B, 0x2E, 0x4A, 0xD2, 0x69,
	0x13, 0x18, 0x9F, 0x79, 0x01, 0x23, 0xBB, 0x40, 0x1C, 0x43, 0x34, 0x63,
	0x49, 0x1C, 0x00, 0xE0, 0x7F, 0xE0, 0x40, 0x1C, 0x12, 0x79, 0xC0, 0xB2,
	0xC9, 0xB2, 0x82, 0x42, 0xD7, 0xD8, 0x76, 0xE7, 0x04, 0x20, 0x08, 0x56,
	0x29, 0x49, 0x00, 0x27, 0x02, 0x90, 0x0F, 0x75, 0x02, 0x98, 0x00, 0x28,
	0x6F, 0xDD, 0xA8, 0x78, 0x41, 0x1C, 0x41, 0x43, 0x4A, 0x08, 0x23, 0x49,
	0x51, 0x18, 0x09, 0x1A, 0x07, 0x91, 0x02, 0x99, 0x88, 0x42, 0x00, 0xDC,
	0x01, 0x46, 0xC9, 0xB2, 0x00, 0x26, 0x05, 0x91, 0x00, 0x28, 0x4A, 0xD9,
	0x05, 0x98, 0x00, 0x24, 0x00, 0x28, 0x41, 0xD9, 0xF0, 0x19, 0x00, 0x06,
	0x40, 0x0D, 0x04, 0x90, 0xA8, 0x78, 0x03, 0x90, 0x30, 0x19, 0x06, 0x90,
	0x03, 0x99, 0xF9, 0xF7, 0x2C, 0xFD, 0x01, 0x46, 0x03, 0x98, 0x41, 0x43,
	0x06, 0x98, 0x41, 0x1A, 0x07, 0x98, 0x40, 0x5C, 0x01, 0x28, 0x3C, 0xD0,
	0x13, 0x48, 0x39, 0x19, 0x08, 0x18, 0x40, 0x30, 0x80, 0x78, 0x02, 0x21,
	0x8C, 0x46, 0x1B, 0x28, 0x0E, 0xD8, 0x04, 0x99, 0x82, 0x08, 0x8A, 0x18,
	0x07, 0x49, 0x80, 0x07, 0x51, 0x18, 0x40, 0x0F, 0x03, 0x22, 0x0B, 0x78,
	0x82, 0x40, 0x93, 0x43, 0x62, 0x46, 0x82, 0x40, 0x13, 0x43, 0x0B, 0x70,
	0x64, 0x1C, 0x0F, 0xE0, 0xD8, 0x90, 0x08, 0x20, 0x00, 0x00, 0x02, 0x20,
	0xF1, 0x92, 0x08, 0x20, 0xA8, 0xA9, 0x08, 0x20, 0xA0, 0x7F, 0x00, 0x00,
	0x40, 0x08, 0x04, 0x40, 0x00, 0x01, 0x04, 0x40, 0x88, 0xA9, 0x08, 0x20,
	0x05, 0x98, 0xE4, 0xB2, 0x84, 0x42, 0xC1, 0xD3, 0x76, 0x1C, 0xA8, 0x78,
	0xF6, 0xB2, 0xB0, 0x42, 0xB4, 0xD8, 0x02, 0x99, 0xC0, 0xB2, 0x09, 0x1A,
	0x49, 0xB2, 0xC0, 0x19, 0xC7, 0xB2, 0x02, 0x91, 0x00, 0x29, 0x9A, 0xDC,
	0x07, 0xE7, 0x5B, 0x48, 0x39, 0x19, 0x08, 0x18, 0x40, 0x30, 0x80, 0x78,
	0x01, 0x21, 0x8C, 0x46, 0x1B, 0x28, 0xD1, 0xD8, 0xC1, 0xE7, 0x17, 0xE0,
	0x20, 0x18, 0x81, 0x19, 0x54, 0x48, 0x08, 0x18, 0x40, 0x30, 0x80, 0x78,
	0x01, 0x21, 0x8C, 0x46, 0x1B, 0x28, 0x00, 0xD9, 0x7B, 0xE6, 0x66, 0xE6,
	0x20, 0x18, 0x81, 0x19, 0x4E, 0x48, 0x08, 0x18, 0x40, 0x30, 0x80, 0x78,
	0x01, 0x21, 0x8C, 0x46, 0x1B, 0x28, 0x00, 0xD9, 0xAB, 0xE6, 0x98, 0xE6,
	0xAE, 0x78, 0x4A, 0x49, 0x70, 0x1C, 0x70, 0x43, 0x40, 0x08, 0x40, 0x00,
	0x40, 0x18, 0x71, 0x00, 0x40, 0x1A, 0x00, 0x27, 0x04, 0x90, 0x00, 0x2E,
	0x1F, 0xD9, 0x00, 0x24, 0x00, 0x2E, 0x18, 0xD9, 0x38, 0x46, 0x1C, 0x21,
	0x48, 0x43, 0x42, 0x49, 0x40, 0x18, 0x03, 0x90, 0x38, 0x19, 0x31, 0x46,
	0x02, 0x90, 0xF9, 0xF7, 0xA8, 0xFC, 0x01, 0x46, 0x02, 0x98, 0x71, 0x43,
	0x40, 0x1A, 0x41, 0x00, 0x04, 0x98, 0x62, 0x00, 0x41, 0x5A, 0x03, 0x98,
	0x64, 0x1C, 0xE4, 0xB2, 0x81, 0x52, 0xA6, 0x42, 0xEC, 0xD8, 0x7F, 0x1C,
	0xFF, 0xB2, 0xBE, 0x42, 0xDF, 0xD8, 0x0E, 0x98, 0x03, 0x28, 0x13, 0xD0,
	0x01, 0x28, 0x2B, 0xD0, 0x02, 0x28, 0x45, 0xD0, 0x00, 0x28, 0x0B, 0xD1,
	0x31, 0x49, 0x08, 0x80, 0x48, 0x80, 0x31, 0x48, 0xFF, 0x22, 0xC0, 0x69,
	0x54, 0x32, 0x12, 0x5C, 0x0A, 0x72, 0x01, 0x79, 0x2E, 0x48, 0x81, 0x76,
	0x0F, 0xB0, 0xF0, 0xBD, 0x2A, 0x4B, 0x00, 0x20, 0x18, 0x80, 0x2A, 0x48,
	0xE9, 0x7F, 0xC2, 0x69, 0x0E, 0x46, 0x14, 0x46, 0x40, 0x34, 0x60, 0x7D,
	0xFF, 0x32, 0x46, 0x43, 0x41, 0x32, 0xD0, 0x7C, 0x46, 0x43, 0x5E, 0x80,
	0x68, 0x78, 0x41, 0x1A, 0x60, 0x7D, 0x41, 0x43, 0x22, 0x48, 0x81, 0x76,
	0xD0, 0x7C, 0x18, 0x72, 0x0F, 0xB0, 0xF0, 0xBD, 0x1E, 0x48, 0x31, 0x46,
	0xC4, 0x69, 0x25, 0x79, 0x28, 0x46, 0xF9, 0xF7, 0x5E, 0xFC, 0x01, 0x46,
	0x70, 0x43, 0xA8, 0x42, 0x01, 0xD1, 0x08, 0x46, 0x01, 0xE0, 0x48, 0x1C,
	0xC0, 0xB2, 0x16, 0x49, 0x00, 0x22, 0x0A, 0x80, 0x4A, 0x80, 0xFF, 0x34,
	0x41, 0x34, 0xE2, 0x7C, 0x0A, 0x72, 0x46, 0x43, 0x13, 0x48, 0x86, 0x76,
	0x0F, 0xB0, 0xF0, 0xBD, 0x0F, 0x49, 0x00, 0x20, 0x08, 0x80, 0x0F, 0x48,
	0x00, 0x9B, 0xC0, 0x69, 0xFF, 0x30, 0x41, 0x30, 0xC2, 0x7C, 0x5A, 0x43,
	0x4A, 0x80, 0x01, 0x9B, 0x00, 0x9A, 0x9A, 0x42, 0x02, 0xD9, 0x0A, 0x4B,
	0x9A, 0x76, 0x02, 0xE0, 0x1A, 0x46, 0x08, 0x4B, 0x9A, 0x76, 0xC0, 0x7C,
	0x08, 0x72, 0x0F, 0xB0, 0xF0, 0xBD, 0x00, 0x00, 0x88, 0xA9, 0x08, 0x20,
	0x0A, 0x80, 0x00, 0x00, 0x00, 0x20, 0x02, 0x20, 0x00, 0x09, 0x04, 0x40,
	0xD8, 0x90, 0x08, 0x20, 0x40, 0x08, 0x04, 0x40, 0x01, 0x1E, 0x10, 0xB5,
	0x07, 0x48, 0x06, 0x4A, 0xC0, 0x7C, 0x05, 0xD0, 0x08, 0x21, 0xD1, 0x74,
	0x40, 0x08, 0x00, 0xF0, 0x11, 0xFD, 0x10, 0xBD, 0x04, 0x21, 0xD1, 0x74,
	0xF9, 0xE7, 0x00, 0x00, 0x20, 0x00, 0x04, 0x40, 0x51, 0x93, 0x08, 0x20,
	0x12, 0x4A, 0x10, 0x28, 0x05, 0xD0, 0x01, 0x07, 0x10, 0x7F, 0x09, 0x0F,
	0x00, 0x28, 0x11, 0xD0, 0x11, 0xE0, 0x0F, 0x48, 0xC1, 0x69, 0x5C, 0x20,
	0x40, 0x5C, 0x03, 0x02, 0xC0, 0x18, 0x90, 0x83, 0x00, 0x20, 0xFF, 0x31,
	0x41, 0x31, 0x89, 0x7C, 0x01, 0xE0, 0x40, 0x1C, 0xC0, 0xB2, 0x81, 0x42,
	0xFB, 0xD8, 0x70, 0x47, 0x40, 0x20, 0x89, 0x00, 0x81, 0x42, 0x03, 0xD2,
	0x40, 0x1A, 0x01, 0x02, 0x40, 0x18, 0x01, 0xE0, 0xFF, 0x20, 0x02, 0x30,
	0x90, 0x83, 0x70, 0x47, 0x20, 0x09, 0x04, 0x40, 0xD8, 0x90, 0x08, 0x20,
	0x70, 0xB5, 0x17, 0x4D, 0xFF, 0x21, 0xE8, 0x69, 0x54, 0x31, 0x09, 0x5C,
	0x84, 0xB0, 0x09, 0x04, 0x03, 0x26, 0x36, 0x07, 0x8A, 0x19, 0x01, 0x23,
	0x5B, 0x07, 0x02, 0x92, 0xCB, 0x18, 0x01, 0x22, 0x00, 0x24, 0x00, 0x93,
	0x92, 0x07, 0x8B, 0x18, 0x01, 0x94, 0x03, 0x94, 0x41, 0x79, 0x00, 0x79,
	0x07, 0x22, 0xF9, 0xF7, 0xAB, 0xFF, 0xFF, 0x21, 0xE8, 0x69, 0x54, 0x31,
	0x09, 0x5C, 0x09, 0x4A, 0x09, 0x04, 0x0F, 0x23, 0x8A, 0x18, 0x1B, 0x07,
	0x00, 0x93, 0x02, 0x92, 0x01, 0x94, 0x03, 0x94, 0x8B, 0x19, 0x41, 0x79,
	0x00, 0x79, 0x04, 0x22, 0xF9, 0xF7, 0x98, 0xFF, 0x04, 0xB0, 0x70, 0xBD,
	0xD8, 0x90, 0x08, 0x20, 0x00, 0x08, 0x00, 0x40, 0x04, 0x48, 0x01, 0x78,
	0x02, 0x22, 0x11, 0x43, 0x01, 0x70, 0x01, 0x78, 0x01, 0x22, 0x11, 0x43,
	0x01, 0x70, 0x70, 0x47, 0x00, 0x02, 0x04, 0x40, 0x05, 0x48, 0x01, 0x78,
	0xFD, 0x22, 0x11, 0x40, 0x01, 0x70, 0x01, 0x78, 0x49, 0x08, 0x49, 0x00,
	0x01, 0x70, 0x00, 0x21, 0x81, 0x60, 0x70, 0x47, 0x00, 0x02, 0x04, 0x40,
	0x01, 0x49, 0x04, 0x20, 0xC8, 0x74, 0x70, 0x47, 0x20, 0x00, 0x04, 0x40,
	0x02, 0x49, 0x01, 0x48, 0x08, 0x60, 0x70, 0x47, 0x80, 0xC3, 0xC9, 0x01,
	0xD0, 0x90, 0x08, 0x20, 0x10, 0xB5, 0xFF, 0xF7, 0xE1, 0xFF, 0x00, 0x20,
	0xFF, 0xF7, 0x3C, 0xFC, 0x01, 0x49, 0x01, 0x20, 0x08, 0x71, 0x10, 0xBD,
	0x16, 0x90, 0x08, 0x20, 0x30, 0xB4, 0x37, 0x49, 0x01, 0x20, 0xC8, 0x70,
	0x36, 0x48, 0x40, 0x69, 0x36, 0x4B, 0x80, 0x0A, 0x59, 0x88, 0x40, 0x18,
	0x80, 0xB2, 0x35, 0x49, 0x58, 0x80, 0x64, 0x28, 0x1A, 0xD9, 0x58, 0x88,
	0x64, 0x38, 0x85, 0xB2, 0x14, 0x20, 0x5D, 0x80, 0x0A, 0x18, 0x14, 0x78,
	0x20, 0x46, 0x54, 0x78, 0x24, 0x02, 0x20, 0x43, 0x94, 0x78, 0xD2, 0x78,
	0x24, 0x04, 0x20, 0x43, 0x12, 0x06, 0x10, 0x43, 0x40, 0x1C, 0x08, 0x75,
	0x02, 0x0A, 0x4A, 0x75, 0x02, 0x0C, 0x8A, 0x75, 0x00, 0x0E, 0xC8, 0x75,
	0x64, 0x2D, 0xE4, 0xD8, 0x14, 0x20, 0x0A, 0x18, 0x14, 0x78, 0x20, 0x46,
	0x54, 0x78, 0x24, 0x02, 0x20, 0x43, 0x94, 0x78, 0xD2, 0x78, 0x24, 0x04,
	0x20, 0x43, 0x12, 0x06, 0x10, 0x43, 0x5A, 0x68, 0x82, 0x1A, 0x1F, 0x48,
	0x02, 0x76, 0x14, 0x0A, 0x44, 0x76, 0x14, 0x0C, 0x84, 0x76, 0x12, 0x0E,
	0xC2, 0x76, 0x14, 0x20, 0x0A, 0x18, 0x14, 0x78, 0x20, 0x46, 0x54, 0x78,
	0x24, 0x02, 0x20, 0x43, 0x94, 0x78, 0xD2, 0x78, 0x24, 0x04, 0x20, 0x43,
	0x12, 0x06, 0x10, 0x43, 0x58, 0x60, 0x18, 0x78, 0x14, 0x4A, 0x40, 0x1C,
	0xC0, 0xB2, 0x18, 0x70, 0xD2, 0x7C, 0x82, 0x42, 0x16, 0xD8, 0x00, 0x20,
	0x18, 0x70, 0x14, 0x20, 0x0A, 0x18, 0x13, 0x78, 0x18, 0x46, 0x53, 0x78,
	0x1B, 0x02, 0x18, 0x43, 0x93, 0x78, 0xD2, 0x78, 0x1B, 0x04, 0x18, 0x43,
	0x12, 0x06, 0x10, 0x43, 0x40, 0x1C, 0x08, 0x75, 0x02, 0x0A, 0x4A, 0x75,
	0x02, 0x0C, 0x8A, 0x75, 0x00, 0x0E, 0xC8, 0x75, 0x30, 0xBC, 0x70, 0x47,
	0x16, 0x90, 0x08, 0x20, 0x00, 0x02, 0x04, 0x40, 0x24, 0x90, 0x08, 0x20,
	0x8B, 0x91, 0x08, 0x20, 0xAA, 0x91, 0x08, 0x20, 0x51, 0x93, 0x08, 0x20,
	0xF0, 0xB5, 0x85, 0xB0, 0xA6, 0x48, 0x04, 0x90, 0x80, 0x79, 0x00, 0x24,
	0x00, 0x28, 0x04, 0xD0, 0xA4, 0x48, 0xC0, 0x6D, 0x80, 0x47, 0x04, 0x98,
	0x84, 0x71, 0x01, 0x21, 0xC9, 0x02, 0xA2, 0x48, 0xF9, 0xF7, 0xED, 0xFA,
	0xA1, 0x48, 0xA2, 0x49, 0xC0, 0x69, 0x00, 0x22, 0xFF, 0x30, 0x41, 0x30,
	0xC0, 0x7C, 0xA1, 0x4C, 0x00, 0x04, 0x43, 0x18, 0x9E, 0x49, 0x04, 0x19,
	0x49, 0x79, 0x01, 0x92, 0x49, 0x00, 0x89, 0x1D, 0x03, 0x92, 0x0B, 0x43,
	0x9C, 0x4A, 0x02, 0x93, 0x00, 0x94, 0x83, 0x18, 0x9B, 0x4C, 0x0B, 0x43,
	0x61, 0x78, 0x20, 0x78, 0x01, 0x22, 0xF9, 0xF7, 0xB3, 0xFE, 0x99, 0x48,
	0x06, 0x7D, 0x00, 0x2E, 0x21, 0xD0, 0x20, 0x78, 0x01, 0x21, 0x00, 0x90,
	0x01, 0x28, 0x1C, 0xD3, 0x95, 0x48, 0x65, 0x78, 0xC0, 0x7C, 0x80, 0x1C,
	0x84, 0x46, 0x01, 0x20, 0x01, 0x2D, 0x0F, 0xD3, 0x67, 0x46, 0x4F, 0x43,
	0x3A, 0x18, 0x53, 0x00, 0x87, 0x4A, 0x40, 0x1C, 0x9B, 0x18, 0x00, 0x22,
	0x9A, 0x5E, 0xC0, 0xB2, 0xD4, 0x10, 0x74, 0x43, 0xA2, 0x18, 0x1A, 0x80,
	0x85, 0x42, 0xF1, 0xD2, 0x49, 0x1C, 0x00, 0x98, 0xC9, 0xB2, 0x88, 0x42,
	0xE7, 0xD2, 0x7E, 0x4C, 0x60, 0x6A, 0x80, 0x47, 0x86, 0x48, 0x01, 0x27,
	0x40, 0x7B, 0x00, 0x28, 0x11, 0xD0, 0x85, 0x48, 0x41, 0x7F, 0x4A, 0x06,
	0x0D, 0xD5, 0x7A, 0x4B, 0x5A, 0x78, 0x52, 0x1C, 0x12, 0x06, 0x12, 0x0E,
	0x5A, 0x70, 0x06, 0xD0, 0xBF, 0x22, 0x11, 0x40, 0x41, 0x77, 0x04, 0x98,
	0x87, 0x71, 0x00, 0x20, 0x58, 0x70, 0xFB, 0xF7, 0x43, 0xFD, 0x70, 0x48,
	0x00, 0x6D, 0x80, 0x47, 0xFB, 0xF7, 0x40, 0xFD, 0xFC, 0xF7, 0xF0, 0xFE,
	0x79, 0x4C, 0x78, 0x4A, 0xE0, 0x78, 0x79, 0x4E, 0x41, 0x00, 0x41, 0x18,
	0x0E, 0x23, 0x4D, 0x42, 0xD3, 0x5E, 0x31, 0x46, 0x22, 0x31, 0xAB, 0x42,
	0x07, 0xDB, 0x0C, 0x25, 0x55, 0x5F, 0xA4, 0x78, 0xA5, 0x42, 0x77, 0xDA,
	0x44, 0x42, 0xA3, 0x42, 0x74, 0xDA, 0x18, 0x23, 0xCC, 0x18, 0x25, 0x78,
	0x2B, 0x46, 0x65, 0x78, 0x2D, 0x02, 0x2B, 0x43, 0xA5, 0x78, 0xE4, 0x78,
	0x2D, 0x04, 0x2B, 0x43, 0x24, 0x06, 0x23, 0x43, 0x5D, 0x4C, 0x65, 0x8A,
	0x5B, 0x19, 0x1B, 0xB2, 0x63, 0x82, 0x03, 0x2B, 0x00, 0xDD, 0x77, 0x74,
	0x43, 0x08, 0xC0, 0x18, 0x12, 0x23, 0xD3, 0x5E, 0x98, 0x42, 0x5D, 0xDD,
	0x63, 0x48, 0x00, 0x6A, 0x05, 0x28, 0x59, 0xD9, 0x18, 0x20, 0x09, 0x18,
	0x0A, 0x78, 0x10, 0x46, 0x4A, 0x78, 0x12, 0x02, 0x10, 0x43, 0x8A, 0x78,
	0xC9, 0x78, 0x12, 0x04, 0x10, 0x43, 0x09, 0x06, 0x08, 0x43, 0x4E, 0x49,
	0x8A, 0x8A, 0x80, 0x18, 0x00, 0xB2, 0x88, 0x82, 0x0A, 0x28, 0x00, 0xDD,
	0x77, 0x74, 0xFB, 0xF7, 0x3F, 0xFE, 0x47, 0x48, 0x00, 0x69, 0x80, 0x47,
	0xFF, 0xF7, 0xDA, 0xF9, 0xFB, 0xF7, 0xF2, 0xF8, 0xFB, 0xF7, 0x1C, 0xFF,
	0x44, 0x48, 0xC0, 0x69, 0x60, 0x30, 0xC0, 0x7F, 0x00, 0x28, 0x7B, 0xD0,
	0x4F, 0x48, 0x00, 0x24, 0x01, 0x78, 0x00, 0x29, 0x76, 0xD9, 0x0A, 0x20,
	0x4C, 0x49, 0x60, 0x43, 0x43, 0x18, 0x4C, 0x4D, 0x9A, 0x88, 0x68, 0x68,
	0x2D, 0x78, 0x01, 0x27, 0x00, 0x21, 0x9B, 0x1C, 0xAC, 0x46, 0x00, 0x2D,
	0x0C, 0xD9, 0x06, 0x78, 0xBE, 0x42, 0x05, 0xD1, 0x46, 0x88, 0x96, 0x42,
	0x02, 0xD8, 0x86, 0x88, 0x96, 0x42, 0x04, 0xD2, 0x10, 0x30, 0x49, 0x1C,
	0x8C, 0x45, 0xF2, 0xD8, 0x00, 0x20, 0x00, 0x28, 0x1F, 0xD0, 0x01, 0x89,
	0x85, 0x79, 0x49, 0x1E, 0x11, 0x40, 0xE9, 0x40, 0xC5, 0x68, 0x69, 0x56,
	0x00, 0x29, 0x16, 0xD0, 0x0A, 0xDB, 0x0D, 0x46, 0x09, 0xE0, 0xFF, 0xE7,
	0x29, 0x4C, 0x00, 0x23, 0x63, 0x82, 0x9B, 0xE7, 0x27, 0x49, 0x00, 0x20,
	0x88, 0x82, 0xB6, 0xE7, 0x4D, 0x42, 0x40, 0x78, 0x68, 0x43, 0x00, 0x04,
	0x80, 0x0D, 0x00, 0x29, 0x01, 0xDD, 0x10, 0x18, 0x00, 0xE0, 0x10, 0x1A,
	0x82, 0xB2, 0x2F, 0x4D, 0x5A, 0x80, 0x68, 0x68, 0x2D, 0x78, 0x02, 0x27,
	0x9A, 0x88, 0x00, 0x21, 0xAC, 0x46, 0x00, 0x2D, 0x0C, 0xD9, 0x06, 0x78,
	0xBE, 0x42, 0x05, 0xD1, 0x46, 0x88, 0x96, 0x42, 0x02, 0xD8, 0x86, 0x88,
	0x96, 0x42, 0x04, 0xD2, 0x10, 0x30, 0x49, 0x1C, 0x8C, 0x45, 0xF2, 0xD8,
	0x00, 0x20, 0x00, 0x28, 0x17, 0xD0, 0x01, 0x89, 0x85, 0x79, 0x49, 0x1E,
	0x11, 0x40, 0xE9, 0x40, 0xC5, 0x68, 0x69, 0x56, 0x00, 0x29, 0x0E, 0xD0,
	0x01, 0xDB, 0x0D, 0x46, 0x00, 0xE0, 0x4D, 0x42, 0x40, 0x78, 0x68, 0x43,
	0x00, 0x04, 0x80, 0x0D, 0x00, 0x29, 0x02, 0xDD, 0x10, 0x18, 0x01, 0xE0,
	0x08, 0xE0, 0x10, 0x1A, 0x82, 0xB2, 0x15, 0x48, 0x9A, 0x80, 0x64, 0x1C,
	0x00, 0x78, 0xE4, 0xB2, 0xA0, 0x42, 0x88, 0xD8, 0x05, 0xB0, 0xF0, 0xBD,
	0x08, 0xA9, 0x08, 0x20, 0x44, 0x90, 0x08, 0x20, 0x00, 0x50, 0x02, 0x20,
	0xD8, 0x90, 0x08, 0x20, 0x00, 0x00, 0x02, 0x40, 0xB1, 0x92, 0x08, 0x20,
	0x00, 0x08, 0x00, 0x40, 0x00, 0x00, 0x02, 0x50, 0xC8, 0xA9, 0x08, 0x20,
	0x71, 0x94, 0x08, 0x20, 0xF1, 0x93, 0x08, 0x20, 0xB1, 0x93, 0x08, 0x20,
	0x68, 0xA9, 0x08, 0x20, 0x4C, 0xB1, 0x08, 0x20, 0x11, 0x93, 0x08, 0x20,
	0x88, 0x91, 0x08, 0x20, 0x0C, 0xB1, 0x08, 0x20, 0x0C, 0xAA, 0x08, 0x20,
	0x98, 0x7F, 0x00, 0x00, 0x10, 0xB5, 0x00, 0xF0, 0x01, 0xF8, 0x10, 0xBD,
	0x00, 0xB5, 0x07, 0x49, 0x01, 0x20, 0x08, 0x70, 0x06, 0x48, 0xC1, 0x79,
	0x49, 0x08, 0xC1, 0x71, 0x41, 0x7A, 0x49, 0x08, 0x41, 0x72, 0x00, 0x20,
	0x00, 0xF0, 0x06, 0xF8, 0x00, 0xBD, 0x00, 0x00, 0x1E, 0x91, 0x08, 0x20,
	0x2E, 0x90, 0x08, 0x20, 0x70, 0xB4, 0x15, 0x49, 0x4A, 0x79, 0x15, 0x4C,
	0x00, 0x26, 0xA1, 0x7B, 0x14, 0x4B, 0x03, 0x2A, 0x01, 0xD0, 0x00, 0x29,
	0x1B, 0xD0, 0x13, 0x4A, 0xFF, 0x25, 0x12, 0x78, 0x2D, 0x02, 0x00, 0x2A,
	0x05, 0xD0, 0x1A, 0x89, 0xAA, 0x42, 0x07, 0xD2, 0x12, 0x18, 0x1A, 0x81,
	0x04, 0xE0, 0x5A, 0x89, 0xAA, 0x42, 0x01, 0xD2, 0x12, 0x18, 0x5A, 0x81,
	0x1A, 0x79, 0x02, 0x2A, 0x07, 0xD1, 0xDA, 0x88, 0x10, 0x18, 0x80, 0xB2,
	0xD8, 0x80, 0x62, 0x8A, 0x82, 0x42, 0x00, 0xD2, 0x1E, 0x71, 0x00, 0x29,
	0x00, 0xD1, 0xDE, 0x70, 0x70, 0xBC, 0x70, 0x47, 0x88, 0x91, 0x08, 0x20,
	0x2E, 0x90, 0x08, 0x20, 0x1E, 0x91, 0x08, 0x20, 0x48, 0x91, 0x08, 0x20,
	0xF0, 0xB5, 0x89, 0xB0, 0x5E, 0x49, 0x04, 0x91, 0x49, 0x79, 0x00, 0x29,
	0x7E, 0xD0, 0x5D, 0x49, 0x08, 0x91, 0x4A, 0x7B, 0x5C, 0x49, 0x03, 0x91,
	0x5C, 0x49, 0x02, 0x91, 0x89, 0x7F, 0x00, 0x2A, 0x06, 0xD0, 0x03, 0x98,
	0x80, 0x7F, 0x40, 0x07, 0x2C, 0xD4, 0x01, 0x29, 0x6E, 0xD8, 0x01, 0x20,
	0x04, 0x9B, 0x57, 0x4A, 0xDB, 0x79, 0x52, 0x78, 0x5F, 0x00, 0x00, 0x23,
	0x00, 0x93, 0x00, 0x29, 0x64, 0xD9, 0x39, 0x46, 0x41, 0x43, 0x07, 0x91,
	0x39, 0x46, 0x40, 0x1E, 0x41, 0x43, 0x50, 0x20, 0x42, 0x43, 0x50, 0x48,
	0x01, 0x91, 0x10, 0x18, 0x06, 0x90, 0x00, 0x98, 0x0A, 0x21, 0x48, 0x43,
	0x4C, 0x49, 0x46, 0x18, 0x13, 0x20, 0x40, 0x01, 0x30, 0x18, 0x00, 0x78,
	0x0A, 0x18, 0x1B, 0x21, 0x89, 0x01, 0x51, 0x18, 0x89, 0x7D, 0x01, 0x29,
	0x06, 0xD0, 0x02, 0x29, 0x13, 0xD0, 0x03, 0x29, 0x11, 0xD0, 0x71, 0xE0,
	0x14, 0x20, 0xD3, 0xE7, 0x06, 0x21, 0x43, 0x4B, 0x48, 0x43, 0x00, 0x22,
	0xC1, 0x18, 0x0A, 0x71, 0x4A, 0x71, 0x09, 0x22, 0x92, 0x01, 0xB2, 0x18,
	0x54, 0x8C, 0x1C, 0x52, 0x90, 0x8C, 0x48, 0x80, 0x60, 0xE0, 0x06, 0x21,
	0x05, 0x46, 0x4D, 0x43, 0x3A, 0x49, 0x6C, 0x18, 0x62, 0x79, 0x00, 0x2A,
	0x58, 0xD1, 0x04, 0x9A, 0x21, 0x79, 0x92, 0x79, 0x91, 0x42, 0x01, 0xD9,
	0xFF, 0x21, 0x00, 0xE0, 0x49, 0x1C, 0x21, 0x71, 0x06, 0x99, 0xC0, 0x00,
	0x09, 0x18, 0x0F, 0x20, 0x80, 0x01, 0x08, 0x18, 0x42, 0x89, 0x80, 0x89,
	0x61, 0x88, 0x2F, 0x4B, 0x40, 0x1A, 0x01, 0xB2, 0x58, 0x5B, 0x10, 0x1A,
	0x00, 0xB2, 0xFA, 0xF7, 0x71, 0xFA, 0x08, 0x99, 0x49, 0x7B, 0x00, 0x29,
	0x34, 0xD0, 0xB8, 0x42, 0x0D, 0xD2, 0x21, 0x79, 0x27, 0x48, 0xFF, 0x29,
	0x34, 0xD2, 0x41, 0x5B, 0x09, 0x20, 0x80, 0x01, 0x30, 0x18, 0x41, 0x84,
	0x61, 0x88, 0x00, 0xE0, 0x36, 0xE0, 0x81, 0x84, 0x2A, 0xE0, 0x03, 0x99,
	0x89, 0x7F, 0x49, 0x07, 0x1D, 0xD5, 0x07, 0x99, 0x81, 0x42, 0x1A, 0xD9,
	0x09, 0x21, 0x89, 0x01, 0x1C, 0x4A, 0x76, 0x18, 0x71, 0x8C, 0x55, 0x5B,
	0x4A, 0x1B, 0xC1, 0x1B, 0x4A, 0x43, 0x05, 0x91, 0x10, 0x46, 0x01, 0x99,
	0xF9, 0xF7, 0xAF, 0xF8, 0x40, 0x19, 0x70, 0x84, 0xB0, 0x8C, 0x64, 0x88,
	0x05, 0x99, 0x00, 0x1B, 0x48, 0x43, 0x01, 0x99, 0xF9, 0xF7, 0xA5, 0xF8,
	0x00, 0x19, 0xB0, 0x84, 0x08, 0xE0, 0x01, 0x20, 0x60, 0x71, 0x05, 0xE0,
	0xB8, 0x42, 0xFA, 0xD2, 0x21, 0x79, 0x0D, 0x48, 0xFF, 0x29, 0xCA, 0xD3,
	0x00, 0x98, 0x40, 0x1C, 0xC0, 0xB2, 0x00, 0x90, 0x02, 0x98, 0x81, 0x7F,
	0x00, 0x98, 0x81, 0x42, 0x00, 0xD9, 0x6E, 0xE7, 0x09, 0xB0, 0xF0, 0xBD,
	0x51, 0x94, 0x08, 0x20, 0xB1, 0x93, 0x08, 0x20, 0x68, 0xA9, 0x08, 0x20,
	0x4C, 0xAC, 0x08, 0x20, 0xCC, 0xB0, 0x08, 0x20, 0x0C, 0xAA, 0x08, 0x20,
	0x06, 0x99, 0x08, 0x20, 0xF0, 0xB5, 0x46, 0x48, 0x85, 0xB0, 0x41, 0x78,
	0x01, 0x70, 0x8E, 0x46, 0x49, 0x1C, 0xC9, 0xB2, 0x00, 0x22, 0x41, 0x70,
	0x04, 0x29, 0x00, 0xD3, 0x42, 0x70, 0x43, 0x78, 0x00, 0x20, 0x40, 0x49,
	0x00, 0x90, 0x01, 0x90, 0x8C, 0x46, 0x02, 0x90, 0x89, 0x7A, 0x01, 0x24,
	0x00, 0x29, 0x1E, 0xD9, 0x50, 0x21, 0x3C, 0x4A, 0x59, 0x43, 0x8F, 0x18,
	0x0A, 0x22, 0x01, 0x46, 0x51, 0x43, 0x39, 0x4A, 0x40, 0x1C, 0x89, 0x18,
	0xC0, 0x31, 0x0A, 0x7B, 0xC0, 0xB2, 0xD5, 0x00, 0x7E, 0x19, 0x0F, 0x25,
	0xAD, 0x01, 0x75, 0x19, 0x2C, 0x72, 0xCE, 0x89, 0x6E, 0x81, 0x0E, 0x8A,
	0xAE, 0x81, 0x49, 0x8A, 0xE9, 0x81, 0x69, 0x46, 0x8C, 0x54, 0x61, 0x46,
	0x89, 0x7A, 0x81, 0x42, 0xE4, 0xD8, 0x2D, 0x49, 0x70, 0x46, 0x50, 0x22,
	0x50, 0x43, 0x40, 0x18, 0x03, 0x90, 0x64, 0x20, 0x58, 0x43, 0x00, 0x25,
	0x46, 0x18, 0x53, 0x43, 0x5F, 0x18, 0x68, 0x46, 0x40, 0x5D, 0x00, 0x28,
	0x2A, 0xD0, 0xE8, 0x00, 0x0F, 0x21, 0x3A, 0x18, 0x89, 0x01, 0x52, 0x18,
	0x13, 0x7A, 0x00, 0x2B, 0x2D, 0xD0, 0x03, 0x9B, 0x18, 0x18, 0x41, 0x18,
	0x08, 0x7A, 0x00, 0x28, 0x27, 0xD0, 0x0A, 0x23, 0x6B, 0x43, 0xF4, 0x18,
	0x05, 0x23, 0x1B, 0x02, 0x01, 0x20, 0xE4, 0x18, 0x20, 0x72, 0x50, 0x89,
	0x4B, 0x89, 0xC0, 0x1A, 0x00, 0xB2, 0x60, 0x81, 0x92, 0x89, 0x89, 0x89,
	0x51, 0x1A, 0x09, 0xB2, 0xA1, 0x81, 0xFA, 0xF7, 0xAF, 0xF9, 0xE0, 0x81,
	0x0C, 0x21, 0x0A, 0x20, 0x61, 0x5E, 0x20, 0x5E, 0xFB, 0xF7, 0x14, 0xF8,
	0x20, 0x74, 0x15, 0xE0, 0xE8, 0x00, 0x39, 0x18, 0x0F, 0x20, 0x00, 0x22,
	0x80, 0x01, 0x08, 0x18, 0x02, 0x72, 0x0D, 0x49, 0x41, 0x81, 0x81, 0x81,
	0xC2, 0x81, 0x0A, 0x20, 0x68, 0x43, 0x32, 0x18, 0x05, 0x20, 0x00, 0x21,
	0x00, 0x02, 0x10, 0x18, 0x01, 0x72, 0x41, 0x81, 0x81, 0x81, 0xC1, 0x81,
	0x6D, 0x1C, 0xED, 0xB2, 0x0A, 0x2D, 0xB6, 0xD3, 0x05, 0xB0, 0xF0, 0xBD,
	0xCC, 0xB0, 0x08, 0x20, 0xCC, 0xAA, 0x08, 0x20, 0x0C, 0xAA, 0x08, 0x20,
	0xFF, 0x7F, 0x00, 0x00, 0x10, 0xB4, 0x19, 0x49, 0x19, 0x4A, 0x00, 0x20,
	0x0B, 0x5C, 0x84, 0x18, 0x23, 0x70, 0x40, 0x1C, 0xC0, 0xB2, 0x0E, 0x28,
	0xF8, 0xD3, 0x16, 0x4A, 0x88, 0x7B, 0x90, 0x76, 0xC8, 0x7B, 0xD0, 0x76,
	0x48, 0x7C, 0x10, 0x75, 0x88, 0x7C, 0xCB, 0x7C, 0x00, 0x02, 0xC0, 0x18,
	0x50, 0x82, 0x11, 0x4B, 0xD8, 0x80, 0x08, 0x7D, 0x4C, 0x7D, 0x00, 0x02,
	0x00, 0x19, 0x18, 0x80, 0x88, 0x7D, 0xCC, 0x7D, 0x00, 0x02, 0x00, 0x19,
	0x10, 0x82, 0x08, 0x7E, 0x4C, 0x7E, 0x00, 0x02, 0x00, 0x19, 0x98, 0x80,
	0x88, 0x7E, 0x50, 0x70, 0xC8, 0x7E, 0x0A, 0x7F, 0x00, 0x02, 0x80, 0x18,
	0x58, 0x80, 0x48, 0x7F, 0x05, 0x49, 0xC8, 0x74, 0x10, 0xBC, 0x70, 0x47,
	0x60, 0xB1, 0x08, 0x20, 0x00, 0x00, 0x02, 0x20, 0x40, 0x08, 0x04, 0x40,
	0x00, 0x09, 0x04, 0x40, 0xA0, 0x01, 0x04, 0x40, 0xF8, 0xB5, 0x21, 0x4D,
	0x00, 0x20, 0x28, 0x72, 0x05, 0x20, 0x20, 0x4E, 0x00, 0x90, 0xF0, 0x69,
	0x1C, 0x4A, 0xFF, 0x30, 0x41, 0x30, 0xC3, 0x7C, 0x1D, 0x48, 0x41, 0x78,
	0x00, 0x78, 0xFC, 0xF7, 0xC9, 0xF8, 0xF1, 0x78, 0x1B, 0x4C, 0x00, 0x29,
	0x14, 0xD0, 0xF2, 0x6A, 0x12, 0x18, 0x94, 0x46, 0xF2, 0x62, 0xB2, 0x6A,
	0x82, 0x1A, 0x00, 0xD5, 0x52, 0x42, 0xF3, 0x69, 0xFF, 0x33, 0x02, 0x33,
	0x5F, 0x7A, 0x18, 0x7A, 0x3B, 0x02, 0x03, 0x43, 0xFF, 0x27, 0x93, 0x42,
	0x05, 0xDA, 0x00, 0x20, 0x28, 0x72, 0x0C, 0xE0, 0xB0, 0x62, 0xF0, 0x62,
	0x0A, 0xE0, 0x04, 0x29, 0x08, 0xD3, 0x01, 0x20, 0x28, 0x72, 0x05, 0x21,
	0x60, 0x46, 0xF8, 0xF7, 0x68, 0xFF, 0xF0, 0x62, 0x60, 0x64, 0xF7, 0x70,
	0xF0, 0x78, 0x40, 0x1C, 0xF0, 0x70, 0x21, 0x6C, 0x60, 0x6C, 0x88, 0x42,
	0x00, 0xD2, 0x20, 0x64, 0xF8, 0xBD, 0x00, 0x00, 0x00, 0x58, 0x02, 0x20,
	0x4C, 0xB1, 0x08, 0x20, 0xD8, 0x90, 0x08, 0x20, 0x88, 0xA9, 0x08, 0x20,
	0x0C, 0xB1, 0x08, 0x20, 0x10, 0xB5, 0x1A, 0x48, 0x84, 0xB0, 0x00, 0x21,
	0x01, 0x77, 0x19, 0x4C, 0x1A, 0x4B, 0xE0, 0x69, 0x5B, 0x79, 0xFF, 0x30,
	0x41, 0x30, 0xC0, 0x7C, 0x16, 0x4A, 0x00, 0x04, 0x5B, 0x00, 0x82, 0x18,
	0x9B, 0x1D, 0x1A, 0x43, 0x0F, 0x23, 0x01, 0x91, 0x03, 0x91, 0x1B, 0x07,
	0x13, 0x49, 0x00, 0x93, 0x43, 0x18, 0x02, 0x92, 0x12, 0x48, 0x04, 0x22,
	0x41, 0x78, 0x00, 0x78, 0xF9, 0xF7, 0x12, 0xFB, 0x05, 0x20, 0x00, 0x90,
	0xE0, 0x69, 0x10, 0x49, 0xFF, 0x30, 0x41, 0x30, 0xC0, 0x7C, 0x80, 0x1C,
	0xC3, 0xB2, 0x0C, 0x48, 0xC0, 0x7C, 0x40, 0x00, 0x42, 0x18, 0x0C, 0x48,
	0x41, 0x78, 0x00, 0x78, 0xFC, 0xF7, 0x5C, 0xF8, 0x0A, 0x49, 0xC8, 0x63,
	0x04, 0xB0, 0x10, 0xBD, 0xC8, 0x98, 0x08, 0x20, 0xD8, 0x90, 0x08, 0x20,
	0x00, 0x00, 0x02, 0x50, 0xB1, 0x92, 0x08, 0x20, 0x00, 0x08, 0x00, 0x40,
	0xC8, 0xA9, 0x08, 0x20, 0xF1, 0x93, 0x08, 0x20, 0x06, 0x60, 0x02, 0x20,
	0x88, 0xA9, 0x08, 0x20, 0x0C, 0xB1, 0x08, 0x20, 0x01, 0x46, 0x10, 0xB5,
	0x0A, 0x39, 0xF1, 0x29, 0x00, 0xD3, 0x50, 0x20, 0x05, 0x4A, 0x41, 0x08,
	0xD2, 0x68, 0x8A, 0x18, 0x01, 0x46, 0x10, 0x46, 0xF8, 0xF7, 0xF9, 0xFE,
	0x02, 0x49, 0x48, 0x61, 0x10, 0xBD, 0x00, 0x00, 0x00, 0x90, 0x08, 0x20,
	0x00, 0x02, 0x04, 0x40, 0x30, 0xB5, 0x1A, 0x48, 0x85, 0xB0, 0x00, 0x21,
	0x01, 0x77, 0x19, 0x4D, 0x1A, 0x4B, 0xE8, 0x69, 0x5B, 0x79, 0xFF, 0x30,
	0x41, 0x30, 0xC0, 0x7C, 0x16, 0x4A, 0x00, 0x04, 0x5B, 0x00, 0x82, 0x18,
	0x9B, 0x1D, 0x1A, 0x43, 0x0F, 0x23, 0x01, 0x91, 0x03, 0x91, 0x1B, 0x07,
	0x13, 0x49, 0x00, 0x93, 0x02, 0x92, 0x13, 0x4C, 0x43, 0x18, 0x61, 0x78,
	0x20, 0x78, 0x04, 0x22, 0xF9, 0xF7, 0xB2, 0xFA, 0x05, 0x20, 0x00, 0x90,
	0xE8, 0x69, 0x10, 0x49, 0xFF, 0x30, 0x41, 0x30, 0xC0, 0x7C, 0x80, 0x1C,
	0xC3, 0xB2, 0x0C, 0x48, 0xC0, 0x7C, 0x40, 0x00, 0x42, 0x18, 0x61, 0x78,
	0x20, 0x78, 0xFB, 0xF7, 0xFD, 0xFF, 0x0A, 0x49, 0xC8, 0x63, 0x05, 0xB0,
	0x30, 0xBD, 0x00, 0x00, 0xC8, 0x98, 0x08, 0x20, 0xD8, 0x90, 0x08, 0x20,
	0x00, 0x00, 0x02, 0x50, 0xB1, 0x92, 0x08, 0x20, 0x00, 0x08, 0x00, 0x40,
	0x88, 0xA9, 0x08, 0x20, 0xF1, 0x93, 0x08, 0x20, 0x06, 0x60, 0x02, 0x20,
	0x0C, 0xB1, 0x08, 0x20, 0x70, 0xB5, 0x07, 0x4C, 0x20, 0x7C, 0x80, 0x07,
	0x09, 0xD4, 0x7D, 0x25, 0xED, 0x00, 0xF9, 0xF7, 0x75, 0xFE, 0x28, 0x46,
	0x00, 0xF0, 0xF5, 0xF9, 0x21, 0x7C, 0x89, 0x07, 0xF7, 0xD5, 0x70, 0xBD,
	0x60, 0x08, 0x04, 0x40, 0xF0, 0xB4, 0x1D, 0x48, 0x00, 0x22, 0x00, 0x78,
	0x1C, 0x4D, 0x01, 0x28, 0x00, 0xD1, 0xEA, 0x70, 0xE8, 0x78, 0x00, 0x28,
	0x2D, 0xD1, 0x10, 0x27, 0x19, 0x4C, 0x1A, 0x4B, 0x7D, 0x26, 0xF6, 0x00,
	0x5A, 0x70, 0x1A, 0x71, 0x1F, 0x70, 0x18, 0x48, 0x18, 0x81, 0x0A, 0x21,
	0x00, 0x20, 0x00, 0xBF, 0x40, 0x1C, 0x88, 0x42, 0xFB, 0xD3, 0x15, 0x48,
	0x00, 0x79, 0x80, 0x07, 0x10, 0xD4, 0x01, 0x20, 0x20, 0x71, 0x0A, 0x21,
	0x00, 0x20, 0x00, 0xBF, 0x40, 0x1C, 0x88, 0x42, 0xFB, 0xD3, 0x03, 0x20,
	0x20, 0x71, 0x0A, 0x21, 0x00, 0x20, 0x00, 0xBF, 0x40, 0x1C, 0x88, 0x42,
	0xFB, 0xD3, 0x1A, 0x81, 0x31, 0x46, 0x00, 0x20, 0x00, 0xBF, 0x40, 0x1C,
	0x88, 0x42, 0xFB, 0xD3, 0xE8, 0x78, 0x00, 0x28, 0xD6, 0xD0, 0xEA, 0x70,
	0xF0, 0xBC, 0x70, 0x47, 0x08, 0x90, 0x08, 0x20, 0x16, 0x90, 0x08, 0x20,
	0x00, 0x00, 0x04, 0x40, 0x20, 0x00, 0x04, 0x40, 0x01, 0x07, 0x00, 0x00,
	0x00, 0x0E, 0x04, 0x40, 0x02, 0x48, 0x01, 0x21, 0x01, 0x76, 0xFE, 0x21,
	0x01, 0x76, 0x70, 0x47, 0x00, 0x00, 0x04, 0x40, 0x02, 0x4A, 0x50, 0x75,
	0x11, 0x75, 0x01, 0x20, 0x70, 0x47, 0x00, 0x00, 0x00, 0x00, 0x04, 0x40,
	0xF8, 0xB5, 0x0C, 0x46, 0x40, 0x28, 0x73, 0xD2, 0x7E, 0x4A, 0x01, 0x23,
	0x01, 0x46, 0x03, 0x28, 0x07, 0xD0, 0x07, 0xDC, 0x00, 0x29, 0x0E, 0xD0,
	0x01, 0x29, 0x02, 0xD0, 0x02, 0x28, 0x00, 0xD1, 0x94, 0x70, 0xF8, 0xBD,
	0x78, 0x48, 0x04, 0x29, 0x0B, 0xD0, 0x22, 0x29, 0x70, 0xD0, 0x23, 0x29,
	0xF7, 0xD1, 0xC4, 0x70, 0xF8, 0xBD, 0x10, 0x78, 0xA0, 0x42, 0xFB, 0xD0,
	0x53, 0x70, 0x14, 0x70, 0xF8, 0xBD, 0x72, 0x4F, 0x01, 0x2C, 0x0C, 0xD0,
	0x02, 0x21, 0x02, 0x2C, 0x0C, 0xD0, 0x04, 0x2C, 0x0C, 0xD0, 0x21, 0x46,
	0x10, 0x39, 0x06, 0x29, 0x0E, 0xD8, 0x20, 0x46, 0xFF, 0xF7, 0x00, 0xFA,
	0xA1, 0xE0, 0xFC, 0xF7, 0x19, 0xFC, 0x9E, 0xE0, 0x51, 0x71, 0x9C, 0xE0,
	0x38, 0x78, 0x03, 0x28, 0x42, 0xD1, 0x10, 0x7F, 0x08, 0x43, 0x49, 0xE0,
	0x00, 0x25, 0x20, 0x2C, 0x39, 0xD0, 0x30, 0x2C, 0x39, 0xD0, 0x55, 0x2C,
	0x39, 0xD0, 0x66, 0x2C, 0x39, 0xD0, 0x21, 0x2C, 0x39, 0xD0, 0x70, 0x2C,
	0x3A, 0xD0, 0x5F, 0x49, 0x0E, 0x46, 0xFF, 0x36, 0x21, 0x36, 0x60, 0x31,
	0x90, 0x2C, 0x38, 0xD0, 0x91, 0x2C, 0x3D, 0xD0, 0x5B, 0x49, 0xA0, 0x2C,
	0x41, 0xD0, 0xA1, 0x2C, 0x41, 0xD0, 0x05, 0x2C, 0x41, 0xD0, 0x06, 0x2C,
	0x45, 0xD0, 0x07, 0x2C, 0x49, 0xD0, 0xF0, 0x2C, 0x49, 0xD0, 0xF1, 0x2C,
	0x49, 0xD0, 0x82, 0x2C, 0x49, 0xD0, 0x83, 0x2C, 0x49, 0xD0, 0x60, 0x2C,
	0x49, 0xD0, 0x61, 0x2C, 0x49, 0xD0, 0xE0, 0x2C, 0x49, 0xD0, 0xE1, 0x2C,
	0x49, 0xD0, 0x4F, 0x4E, 0x40, 0x2C, 0x48, 0xD0, 0x41, 0x2C, 0x4A, 0xD0,
	0x4D, 0x49, 0x42, 0x2C, 0x4D, 0xD0, 0x43, 0x2C, 0x50, 0xD0, 0x5A, 0xE0,
	0x5F, 0xE0, 0x93, 0x74, 0x06, 0xE0, 0x53, 0x74, 0x55, 0xE0, 0xD3, 0x71,
	0x53, 0xE0, 0xD5, 0x71, 0x51, 0xE0, 0x95, 0x74, 0x95, 0x70, 0x4E, 0xE0,
	0x10, 0x7F, 0x18, 0x43, 0x10, 0x77, 0x4A, 0xE0, 0x4D, 0xE0, 0x23, 0x20,
	0xC8, 0x70, 0x1E, 0x20, 0x88, 0x70, 0x48, 0x70, 0xF3, 0x75, 0x42, 0xE0,
	0x5A, 0x20, 0xC8, 0x70, 0x46, 0x20, 0x88, 0x70, 0x48, 0x70, 0xF5, 0x75,
	0x3B, 0xE0, 0x0B, 0x77, 0x39, 0xE0, 0x0D, 0x77, 0x37, 0xE0, 0xD3, 0x76,
	0x01, 0x21, 0x02, 0x20, 0xFC, 0xF7, 0xCA, 0xF8, 0x31, 0xE0, 0xD3, 0x76,
	0x00, 0x21, 0x02, 0x20, 0xFC, 0xF7, 0xC4, 0xF8, 0x2B, 0xE0, 0xD5, 0x76,
	0x29, 0xE0, 0xC3, 0x74, 0x27, 0xE0, 0xC5, 0x74, 0x25, 0xE0, 0x03, 0x75,
	0x23, 0xE0, 0x05, 0x75, 0x21, 0xE0, 0x83, 0x77, 0x1F, 0xE0, 0x85, 0x77,
	0x1D, 0xE0, 0xC3, 0x77, 0x1B, 0xE0, 0xC5, 0x77, 0x19, 0xE0, 0x03, 0x20,
	0x50, 0x71, 0x33, 0x70, 0x15, 0xE0, 0x55, 0x71, 0x28, 0x48, 0xC0, 0x7C,
	0xFF, 0xF7, 0x76, 0xFE, 0x0F, 0xE0, 0x82, 0x78, 0x0A, 0x70, 0xC0, 0x78,
	0x48, 0x70, 0x0A, 0xE0, 0x33, 0x70, 0x80, 0x78, 0xC8, 0x73, 0x04, 0x28,
	0x02, 0xD9, 0x04, 0x20, 0xC8, 0x73, 0x01, 0xE0, 0x00, 0x28, 0x02, 0xD0,
	0x8B, 0x73, 0x3C, 0x70, 0xF8, 0xBD, 0x8D, 0x73, 0xFB, 0xE7, 0x84, 0x70,
	0xF8, 0xBD, 0x01, 0x21, 0xC9, 0x03, 0x1B, 0x4A, 0x41, 0x1A, 0x91, 0x42,
	0x04, 0xD2, 0x88, 0xB2, 0x13, 0x49, 0x08, 0x18, 0x04, 0x70, 0xF8, 0xBD,
	0x0F, 0x21, 0x09, 0x03, 0x40, 0x1A, 0x09, 0x28, 0xF9, 0xD2, 0x15, 0x49,
	0x80, 0xB2, 0x09, 0x18, 0x04, 0x28, 0x01, 0xD0, 0x0C, 0x70, 0xF8, 0xBD,
	0x11, 0x49, 0x0A, 0x78, 0x10, 0x46, 0x4A, 0x78, 0x12, 0x02, 0x10, 0x43,
	0x8A, 0x78, 0xC9, 0x78, 0x12, 0x04, 0x10, 0x43, 0x09, 0x06, 0x08, 0x43,
	0x2D, 0x21, 0x89, 0x02, 0x88, 0x42, 0xEE, 0xD3, 0x04, 0x70, 0xF8, 0xBD,
	0x88, 0x91, 0x08, 0x20, 0xA8, 0x91, 0x08, 0x20, 0x2C, 0x90, 0x08, 0x20,
	0xB1, 0x92, 0x08, 0x20, 0x91, 0x93, 0x08, 0x20, 0x1E, 0x91, 0x08, 0x20,
	0x2E, 0x90, 0x08, 0x20, 0x51, 0x93, 0x08, 0x20, 0x0D, 0x02, 0x00, 0x00,
	0xA8, 0x92, 0x08, 0x20, 0x30, 0xB5, 0x83, 0xB0, 0x2D, 0x48, 0x00, 0x90,
	0x2D, 0x48, 0x01, 0x90, 0x2D, 0x48, 0x01, 0x7F, 0xC9, 0x07, 0x01, 0x7F,
	0x34, 0xD0, 0x49, 0x08, 0x49, 0x00, 0x01, 0x77, 0x11, 0x24, 0x24, 0x03,
	0x21, 0x46, 0x03, 0x20, 0xFB, 0xF7, 0xA6, 0xFC, 0x01, 0x25, 0x2D, 0x04,
	0x29, 0x46, 0x03, 0x20, 0xFB, 0xF7, 0xA0, 0xFC, 0x23, 0x48, 0x24, 0x49,
	0xC1, 0x74, 0x0A, 0x0A, 0x02, 0x75, 0x0A, 0x0C, 0x42, 0x75, 0x09, 0x0E,
	0x81, 0x75, 0x21, 0x49, 0xC0, 0x1C, 0x8A, 0x7C, 0xC9, 0x7C, 0x4A, 0x43,
	0x52, 0x00, 0x10, 0x21, 0x40, 0x18, 0x03, 0x78, 0x19, 0x46, 0x43, 0x78,
	0x1B, 0x02, 0x19, 0x43, 0x83, 0x78, 0xC0, 0x78, 0x1B, 0x04, 0x19, 0x43,
	0x00, 0x06, 0x01, 0x43, 0x28, 0x46, 0xFB, 0xF7, 0xB9, 0xFC, 0x04, 0x22,
	0x01, 0xA9, 0x20, 0x46, 0xFB, 0xF7, 0xB4, 0xFC, 0x03, 0xB0, 0x30, 0xBD,
	0x89, 0x07, 0xFB, 0xD5, 0x01, 0x7F, 0xFD, 0x22, 0x11, 0x40, 0x01, 0x77,
	0x13, 0x24, 0x24, 0x03, 0x21, 0x46, 0x03, 0x20, 0xFB, 0xF7, 0x6E, 0xFC,
	0x09, 0x25, 0x6D, 0x03, 0x29, 0x46, 0x03, 0x20, 0xFB, 0xF7, 0x68, 0xFC,
	0x0A, 0x4A, 0x0B, 0x49, 0x28, 0x46, 0xFB, 0xF7, 0x9B, 0xFC, 0x04, 0x22,
	0x69, 0x46, 0x20, 0x46, 0xFB, 0xF7, 0x96, 0xFC, 0x03, 0xB0, 0x30, 0xBD,
	0x5A, 0xA5, 0x66, 0x6A, 0xAA, 0xA5, 0x55, 0x5A, 0x88, 0x91, 0x08, 0x20,
	0x00, 0x58, 0x02, 0x20, 0xF1, 0x93, 0x08, 0x20, 0x0D, 0x02, 0x00, 0x00,
	0xB1, 0x92, 0x08, 0x20, 0x10, 0xB5, 0xFF, 0xF7, 0x7B, 0xFE, 0x10, 0xBD,
	0x00, 0x21, 0x01, 0x70, 0x41, 0x70, 0x81, 0x70, 0xC1, 0x70, 0x01, 0x71,
	0x41, 0x71, 0x81, 0x71, 0xC1, 0x71, 0x70, 0x47, 0x0A, 0x88, 0x02, 0x80,
	0x4A, 0x88, 0x42, 0x80, 0x8B, 0x88, 0x83, 0x80, 0x70, 0x47, 0x00, 0x21,
	0x00, 0x28, 0x03, 0xD9, 0x00, 0xBF, 0x49, 0x1C, 0x81, 0x42, 0xFB, 0xD3,
	0x70, 0x47, 0x00, 0x00, 0x01, 0x48, 0x00, 0x78, 0x70, 0x47, 0x00, 0x00,
	0x08, 0x90, 0x08, 0x20, 0xFF, 0xB5, 0x07, 0x46, 0x00, 0x20, 0x8B, 0xB0,
	0x05, 0x46, 0x09, 0x90, 0x01, 0x20, 0x0A, 0x90, 0x00, 0x20, 0x00, 0x90,
	0x01, 0x90, 0x02, 0x90, 0x03, 0x90, 0x04, 0x90, 0x05, 0x90, 0x06, 0x90,
	0x07, 0x90, 0x08, 0x90, 0x0E, 0x98, 0x0E, 0x46, 0x00, 0x28, 0x00, 0xD1,
	0x0A, 0x90, 0x0D, 0x98, 0x6C, 0x46, 0x40, 0x1E, 0x10, 0x28, 0x06, 0xD3,
	0x2A, 0x20, 0x30, 0x70, 0x00, 0x21, 0x71, 0x70, 0xB0, 0x1C, 0x0F, 0xB0,
	0xF0, 0xBD, 0x00, 0x2F, 0x01, 0xDB, 0x09, 0x98, 0x04, 0xE0, 0x0D, 0x98,
	0x0A, 0x28, 0x04, 0xD0, 0x02, 0x20, 0x09, 0x90, 0x02, 0x28, 0x04, 0xD0,
	0x22, 0xE0, 0x01, 0x20, 0x7F, 0x42, 0x09, 0x90, 0x1E, 0xE0, 0x38, 0x09,
	0x00, 0x01, 0x78, 0x40, 0xC0, 0xB2, 0x27, 0xA2, 0x10, 0x5C, 0x20, 0x70,
	0x3F, 0x09, 0x01, 0x25, 0x64, 0x1C, 0x13, 0xE0, 0x38, 0x46, 0x0D, 0x99,
	0xF8, 0xF7, 0x57, 0xFC, 0x0D, 0x99, 0x21, 0xA2, 0x41, 0x43, 0x79, 0x1A,
	0x51, 0x5C, 0x21, 0x70, 0x07, 0x46, 0x6D, 0x1C, 0x0A, 0x98, 0x64, 0x1C,
	0xED, 0xB2, 0x00, 0x28, 0x02, 0xD0, 0x0E, 0x98, 0x85, 0x42, 0x04, 0xD2,
	0x00, 0x2F, 0xE9, 0xD1, 0x68, 0x46, 0x84, 0x42, 0xE6, 0xD0, 0x09, 0x98,
	0x01, 0x28, 0x04, 0xD1, 0x2D, 0x20, 0x6D, 0x1C, 0x20, 0x70, 0xED, 0xB2,
	0x64, 0x1C, 0x14, 0x98, 0x00, 0x28, 0x0A, 0xD0, 0x30, 0x21, 0x21, 0x70,
	0x14, 0x98, 0x6D, 0x1C, 0x40, 0x1E, 0xC0, 0xB2, 0x64, 0x1C, 0xED, 0xB2,
	0x14, 0x90, 0x00, 0x28, 0xF5, 0xD1, 0x0E, 0x98, 0x85, 0x42, 0x07, 0xD2,
	0x20, 0x21, 0x21, 0x70, 0x6D, 0x1C, 0x0E, 0x98, 0xED, 0xB2, 0x64, 0x1C,
	0x85, 0x42, 0xF8, 0xD3, 0x68, 0x46, 0x84, 0x42, 0x05, 0xD0, 0x64, 0x1E,
	0x21, 0x78, 0x31, 0x70, 0x76, 0x1C, 0x84, 0x42, 0xF9, 0xD1, 0x00, 0x20,
	0x30, 0x70, 0x30, 0x46, 0x0F, 0xB0, 0xF0, 0xBD, 0x30, 0x31, 0x32, 0x33,
	0x34, 0x35, 0x36, 0x37, 0x38, 0x39, 0x41, 0x42, 0x43, 0x44, 0x45, 0x46,
	0x00, 0x00, 0x00, 0x00, 0xFA, 0xF7, 0x62, 0xFB, 0xFD, 0xF7, 0xAE, 0xFB,
	0xFC, 0xF7, 0xEC, 0xF9, 0xFB, 0xF7, 0x08, 0xFE, 0xFF, 0xF7, 0x68, 0xF8,
	0xFC, 0xF7, 0xAA, 0xFC, 0xFB, 0xF7, 0x52, 0xFF, 0xFC, 0xF7, 0xA6, 0xFD,
	0xFF, 0xF7, 0x6C, 0xFA, 0x0A, 0x4C, 0x20, 0x78, 0x00, 0x28, 0x08, 0xD0,
	0x01, 0x28, 0x09, 0xD0, 0x02, 0x28, 0x0A, 0xD0, 0x03, 0x28, 0xF6, 0xD1,
	0xFB, 0xF7, 0xCC, 0xFC, 0xF3, 0xE7, 0xFC, 0xF7, 0xAD, 0xFA, 0xF0, 0xE7,
	0xFB, 0xF7, 0x1E, 0xF9, 0xED, 0xE7, 0xFA, 0xF7, 0xB1, 0xFC, 0xEA, 0xE7,
	0x88, 0x91, 0x08, 0x20, 0x0F, 0xB4, 0xF0, 0xB5, 0x8B, 0xB0, 0x10, 0x98,
	0x00, 0x23, 0x00, 0x78, 0x1D, 0x46, 0x11, 0xAC, 0x00, 0x28, 0x43, 0xD0,
	0x3E, 0x4E, 0x10, 0x99, 0x08, 0x78, 0x25, 0x28, 0x01, 0xD0, 0x00, 0x2B,
	0x13, 0xD0, 0x49, 0x1C, 0x10, 0x91, 0x08, 0x78, 0x37, 0x28, 0x3C, 0xD0,
	0x1C, 0xDC, 0x02, 0x46, 0x2E, 0x3A, 0x09, 0x2A, 0x26, 0xD2, 0x17, 0x00,
	0x7F, 0x44, 0x3F, 0x79, 0xFF, 0x19, 0xBF, 0x44, 0x35, 0x21, 0x21, 0x32,
	0x32, 0x32, 0x32, 0x32, 0x32, 0x00, 0x0A, 0x28, 0x04, 0xD1, 0x0D, 0x20,
	0x30, 0x71, 0x30, 0x7A, 0xC0, 0x07, 0xFC, 0xD1, 0x08, 0x78, 0x49, 0x1C,
	0x10, 0x91, 0x30, 0x71, 0x30, 0x7A, 0xC0, 0x07, 0xFC, 0xD1, 0x15, 0xE0,
	0x58, 0x28, 0x3B, 0xD0, 0x06, 0xDC, 0x38, 0x28, 0x19, 0xD0, 0x39, 0x28,
	0x17, 0xD0, 0x44, 0x28, 0x04, 0xD1, 0x1D, 0xE0, 0x64, 0x28, 0x1B, 0xD0,
	0x78, 0x28, 0x2F, 0xD0, 0x30, 0x71, 0x30, 0x7A, 0xC0, 0x07, 0xFC, 0xD1,
	0x00, 0x23, 0x10, 0x98, 0x40, 0x1C, 0x10, 0x90, 0x10, 0x98, 0x00, 0x78,
	0x00, 0x28, 0xBC, 0xD1, 0x0B, 0xB0, 0xF0, 0xBC, 0x08, 0xBC, 0x04, 0xB0,
	0x18, 0x47, 0x30, 0x38, 0xC3, 0xB2, 0xF3, 0xE7, 0x49, 0x1C, 0x10, 0x91,
	0x08, 0x78, 0x30, 0x38, 0xC5, 0xB2, 0xED, 0xE7, 0x01, 0xCC, 0x0A, 0x22,
	0x02, 0xA9, 0x00, 0x95, 0xFF, 0xF7, 0xE4, 0xFE, 0x69, 0x46, 0x09, 0x7A,
	0x00, 0x23, 0x02, 0xA8, 0x00, 0x29, 0xDE, 0xD0, 0x01, 0x78, 0x31, 0x71,
	0x31, 0x7A, 0xC9, 0x07, 0xFC, 0xD1, 0x41, 0x78, 0x40, 0x1C, 0x00, 0x29,
	0xF6, 0xD1, 0xD4, 0xE7, 0x01, 0xCC, 0x10, 0x22, 0x02, 0xA9, 0x00, 0x95,
	0xFF, 0xF7, 0xCE, 0xFE, 0x69, 0x46, 0x09, 0x7A, 0x00, 0x23, 0x02, 0xA8,
	0x00, 0x29, 0xC8, 0xD0, 0x01, 0x78, 0x31, 0x71, 0x31, 0x7A, 0xC9, 0x07,
	0xFC, 0xD1, 0x41, 0x78, 0x40, 0x1C, 0x00, 0x29, 0xF6, 0xD1, 0xBE, 0xE7,
	0x20, 0x02, 0x04, 0x40, 0x01, 0x00, 0x00, 0x00, 0x01, 0x00, 0x05, 0x00,
	0x08, 0x00, 0x0C, 0x00, 0x0F, 0x00, 0x13, 0x00, 0x17, 0x00, 0x1A, 0x00,
	0x1E, 0x00, 0x22, 0x00, 0x26, 0x00, 0x2A, 0x00, 0x2E, 0x00, 0x32, 0x00,
	0x37, 0x00, 0x3C, 0x00, 0x40, 0x00, 0x46, 0x00, 0x4B, 0x00, 0x50, 0x00,
	0x56, 0x00, 0x5D, 0x00, 0x63, 0x00, 0x6B, 0x00, 0x73, 0x00, 0x7B, 0x00,
	0x84, 0x00, 0x8E, 0x00, 0x99, 0x00, 0xA6, 0x00, 0xB4, 0x00, 0xC4, 0x00,
	0xD6, 0x00, 0xEB, 0x00, 0x04, 0x01, 0x22, 0x01, 0x47, 0x01, 0x75, 0x01,
	0xB1, 0x01, 0x02, 0x02, 0x77, 0x02, 0x2E, 0x03, 0x77, 0x04, 0x74, 0x07,
	0x60, 0x16, 0x18, 0x06, 0xD0, 0x02, 0x0D, 0x1B, 0x18, 0x17, 0x16, 0x13,
	0x12, 0x11, 0x10, 0x0C, 0x0B, 0x0A, 0x09, 0x08, 0x07, 0x00, 0x00, 0x00,
	0x00, 0x00, 0x00, 0x00, 0x00, 0x00, 0x00, 0x00, 0x00, 0x00, 0x00, 0x10,
	0x11, 0x12, 0x13, 0x14, 0x15, 0x16, 0x17, 0x18, 0x19, 0x1A, 0x1B, 0x1C,
	0x03, 0x04, 0x05, 0x06, 0x07, 0x08, 0x09, 0x0A, 0x0B, 0x0C, 0x0D, 0x0E,
	0x0F, 0x1D, 0x00, 0x00, 0x00, 0x00, 0x00, 0x00, 0x00, 0x00, 0x00, 0x00,
	0x02, 0x00, 0x00, 0x00, 0x00, 0x64, 0x50, 0x0A, 0x03, 0xD0, 0x07, 0x5A,
	0x00, 0x56, 0x00, 0x07, 0x02, 0x00, 0x04, 0x00, 0x00, 0x00, 0x35, 0x03,
	0x00, 0x00, 0x23, 0x46, 0x46, 0x5A, 0xC8, 0x02, 0x03, 0x01, 0x06, 0x00,
	0x00, 0x30, 0x01, 0x28, 0x01, 0x28, 0x00, 0x58, 0x02, 0x00, 0x00, 0x00,
	0x01, 0x04, 0xE8, 0x03, 0x01, 0x0C, 0x00, 0x07, 0x00, 0x00, 0x80, 0x01,
	0x78, 0x78, 0x78, 0x78, 0x00, 0x00, 0x00, 0x00, 0x08, 0x08, 0x08, 0x08,
	0x02, 0x01, 0x02, 0x00, 0x02, 0x01, 0x00, 0x02, 0x80, 0x01, 0x05, 0x80,
	0x01, 0x00, 0x01, 0x01, 0x0A, 0x0C, 0x10, 0x03, 0x9C, 0xFF, 0x3C, 0x00,
	0x64, 0x01, 0x01, 0x01, 0x00, 0x1E, 0x00, 0x00, 0x01, 0x00, 0x05, 0x00,
	0x01, 0x78, 0x64, 0x00, 0xD0, 0x07, 0x0C, 0x0C, 0x0C, 0x0C, 0x0C, 0x0C,
	0x0C, 0x0C, 0x0C, 0x0C, 0x0C, 0x0C, 0x0C, 0x0C, 0x0C, 0x0C, 0x0C, 0x0C,
	0x0C, 0x0C, 0x0C, 0x0C, 0x0C, 0x0C, 0x0C, 0x0C, 0x0C, 0x0C, 0x0C, 0x0C,
	0x0C, 0x0C, 0x0C, 0x0C, 0x0C, 0x0C, 0x0A, 0x0A, 0x0A, 0x0A, 0x0A, 0x0A,
	0x0A, 0x0A, 0x0A, 0x0A, 0x0A, 0x0A, 0x0A, 0x0A, 0x0A, 0x0A, 0x0A, 0x0A,
	0x0A, 0x0A, 0x0A, 0x0A, 0x0A, 0x0A, 0x0A, 0x0A, 0x0A, 0x32, 0x00, 0x05,
	0x01, 0x00, 0x00, 0x01, 0x03, 0x05, 0x07, 0x46, 0x46, 0x0F, 0x01, 0x01,
	0x00, 0x01, 0x32, 0xE8, 0x03, 0x00, 0x03, 0x00, 0xD0, 0x07, 0x09, 0x00,
	0x28, 0x00, 0x3A, 0x38, 0x41, 0x3F, 0x48, 0x46, 0x5A, 0x00, 0x3F, 0x00,
	0x38, 0x00, 0x56, 0x00, 0x41, 0x00, 0x3A, 0x00, 0x05, 0x32, 0x00, 0x01,
	0xBB, 0x00, 0x10, 0x5F, 0x07, 0x96, 0x00, 0x40, 0x00, 0x40, 0x00, 0x09,
	0x32, 0x00, 0x64, 0x00, 0xC8, 0x00, 0xF4, 0x01, 0x58, 0x02, 0x00, 0x00,
	0x13, 0x0C, 0x02, 0x03, 0x0C, 0xFF, 0xFF, 0xFF, 0xFF, 0x03, 0x05, 0x08,
	0xFF, 0xFF, 0xFF, 0xFF, 0x0D, 0x1B, 0x0E, 0x00, 0x2D, 0x05, 0x46, 0x01,
	0x00, 0x00, 0x04, 0x00, 0x00, 0x00, 0x00, 0x00, 0x00, 0x00, 0x00, 0x00,
	0x00, 0x00, 0x00, 0x00, 0x00, 0x00, 0x00, 0x00, 0x00, 0x00, 0x00, 0x00,
	0x00, 0x00, 0x00, 0x00, 0x00, 0x00, 0x00, 0x00, 0x00, 0x00, 0x00, 0x00,
	0x00, 0x00, 0x00, 0x00, 0x00, 0x00, 0x00, 0x00, 0x00, 0x00, 0x00, 0x00,
	0x00, 0x00, 0x00, 0x00, 0x00, 0x00, 0x00, 0x00, 0x00, 0x00, 0x00, 0x00,
	0x00, 0x00, 0x00, 0x00, 0x00, 0x00, 0x01, 0x01, 0x05, 0x00, 0x00, 0x00,
	0x00, 0x00, 0x00, 0x01, 0x32, 0x10, 0x1E, 0x03, 0x00, 0x00, 0x5A, 0x00,
	0x04, 0x00, 0x1E, 0x00, 0x50, 0x00, 0x00, 0x00, 0x00, 0x00, 0x03, 0x0A,
	0x0B, 0x0D, 0x00, 0x00, 0x04, 0x04, 0x04, 0x04, 0x01, 0x03, 0x0A, 0x01,
	0xFF, 0xFF, 0xFF, 0xFF, 0xFF, 0xFF, 0x1D, 0x00, 0x28, 0x00, 0x00, 0x00,
	0x05, 0x01, 0x00, 0x01, 0x01, 0x00, 0x00, 0x06, 0x00, 0x14, 0x16, 0x1C,
	0x25, 0x16, 0x1C, 0x25, 0x17, 0x1C, 0x27, 0x17, 0x1C, 0x29, 0x00, 0x00,
	0x00, 0x14, 0x64, 0x10, 0x0E, 0x5A, 0x00, 0x46, 0x00, 0x00, 0x00, 0x00,
	0x00, 0x00, 0x00, 0x00, 0x00, 0x00, 0x00, 0x00, 0x00, 0x00, 0x00, 0x00,
	0x00, 0x00, 0x00, 0x00, 0x00, 0x00, 0x00, 0x00, 0x03, 0x04, 0x00, 0x00,
	0x00, 0x00, 0x00, 0x00, 0x00, 0x00, 0x00, 0x00, 0x01, 0x01, 0x01, 0xFF,
	0xFF, 0x01, 0xFF, 0xFF, 0xFF, 0x01, 0xFF, 0xFF, 0x01, 0x01, 0xFF, 0xFF,
	0xFF, 0x01, 0xFF, 0x01, 0xFF, 0xFF, 0xFF, 0x01, 0x01, 0xFF, 0x01, 0xFF,
	0xFF, 0xFF, 0xFF, 0x01, 0x01, 0xFF, 0x01, 0xFF, 0xFF, 0xFF, 0xFF, 0xFF,
	0x01, 0xFF, 0x01, 0x01, 0x01, 0xFF, 0xFF, 0xFF, 0xFF, 0xFF, 0x01, 0xFF,
	0x01, 0x01, 0x01, 0x01, 0xFF, 0xFF, 0xFF, 0x01, 0xFF, 0xFF, 0x01, 0x01,
	0x01, 0xFF, 0xFF, 0xFF, 0xFF, 0xFF, 0x01, 0xFF, 0x01, 0x01, 0xFF, 0xFF,
	0x01, 0x01, 0xFF, 0xFF, 0xFF, 0xFF, 0x01, 0x01, 0xFF, 0x01, 0xFF, 0x01,
	0xFF, 0x01, 0x01, 0x01, 0xFF, 0xFF, 0xFF, 0xFF, 0x01, 0xFF, 0x01, 0xFF,
	0xFF, 0x01, 0x01, 0xFF, 0x01, 0x00, 0x00, 0x40, 0x00, 0x20, 0x00, 0x20,
	0x00, 0xE0, 0x00, 0xE0, 0x00, 0x00, 0x00, 0xF0, 0x00, 0xF0, 0x00, 0xF0,
	0x00, 0x10, 0x00, 0x00, 0x00, 0xE0, 0x00, 0x00, 0x00, 0x00, 0x00, 0xE0,
	0x00, 0xE8, 0x00, 0xF8, 0x00, 0x08, 0x00, 0xF8, 0x00, 0x08, 0x00, 0xF8,
	0x00, 0xF0, 0x00, 0xF0, 0x00, 0x00, 0x00, 0x00, 0x00, 0xF0, 0x00, 0x00,
	0x00, 0xF0, 0xAB, 0xFA, 0x00, 0xF0, 0xAB, 0xFA, 0x55, 0x05, 0x55, 0x05,
	0x00, 0xF0, 0x55, 0x05, 0xAB, 0xFA, 0xD8, 0xF0, 0x94, 0xF7, 0x36, 0xF4,
	0xE5, 0xF5, 0x0D, 0x05, 0x79, 0xED, 0x43, 0xF9, 0x5E, 0x03, 0x51, 0xFE,
	0x74, 0xF9, 0x2F, 0xF2, 0x46, 0xFF, 0xE9, 0xFA, 0x5D, 0xFC, 0x8C, 0x06,
	0xD1, 0xED, 0xBA, 0x00, 0x17, 0x05, 0xA3, 0x03, 0xDE, 0xF4, 0x37, 0xFD,
	0x4D, 0xEF, 0xD3, 0xFB, 0xF4, 0x06, 0xBD, 0xE9, 0x6F, 0xFA, 0x9B, 0xFE,
	0xA6, 0xF7, 0xE9, 0x0D, 0x7A, 0xF3, 0x9A, 0xF9, 0x33, 0xF7, 0x66, 0xFA,
	0xCD, 0xF4, 0x9A, 0x05, 0x33, 0xF7, 0x66, 0x06, 0xCD, 0x00, 0x9A, 0xFD,
	0x33, 0xFB, 0x66, 0x02, 0xCD, 0x00, 0x55, 0xF5, 0x55, 0xF5, 0x55, 0xF5,
	0x55, 0xF5, 0x00, 0x00, 0xFF, 0xFF, 0x55, 0xF5, 0x00, 0x00, 0x00, 0x00,
	0x00, 0x00, 0x55, 0xF5, 0x00, 0x00, 0x00, 0x00, 0x2A, 0x05, 0x81, 0xFA,
	0x9E, 0xF8, 0x66, 0xF8, 0x97, 0xF8, 0xB7, 0x03, 0xE6, 0xF9, 0x8F, 0x02,
	0x27, 0xF7, 0x74, 0xFD, 0x30, 0x03, 0xE4, 0x01, 0x64, 0xFD, 0x7B, 0xFF,
	0xFC, 0x80, 0x00, 0x00, 0x00, 0x90, 0x08, 0x20, 0x3C, 0x01, 0x00, 0x00,
	0x2A, 0x06, 0x00, 0x00, 0x68, 0x81, 0x00, 0x00, 0x3C, 0x91, 0x08, 0x20,
	0x24, 0x27, 0x00, 0x00, 0x54, 0x01, 0x00, 0x00, 0x91, 0x22, 0x78, 0x14,
	0x40, 0x42, 0x0F, 0x12, 0x5A, 0x22, 0x04, 0x02, 0x19, 0x03, 0x42, 0x0E,
	0x25, 0x1E, 0x14, 0x05, 0x0A, 0x32, 0x64, 0x12, 0x0C, 0x14, 0xF4, 0x01,
	0x96, 0x1A, 0xA9, 0x0E, 0x4B, 0x59, 0x3A, 0x04, 0x4B, 0x81, 0x06, 0x08,
	0x4B, 0x7D, 0x0B, 0x08, 0x8B, 0x35, 0x09, 0x1C, 0x1A, 0x7D, 0x04, 0x5A,
	0x5D, 0x0C, 0xA9, 0x04, 0x29, 0x18, 0x09, 0x12, 0x14, 0xA9, 0x18, 0xE9,
	0x24, 0xDA, 0x7F, 0x10, 0x1A, 0x81, 0x04, 0x23, 0xCD, 0x07, 0x05, 0x20,
	0x80, 0xC3, 0xC9, 0x01, 0x05, 0x16, 0xB1, 0x92, 0x08, 0x20, 0x10, 0x10,
	0x60, 0x47, 0x34, 0x27, 0x1C, 0x15, 0x0F, 0x0B, 0x08, 0x06, 0x05, 0x03,
	0x02, 0x02, 0x01, 0x04, 0x1B, 0x01, 0xFF, 0xFF
};

#ifdef SUPPORT_SENSOR_ID

static u8 icnt89xx_driver_builtin_firmware_00[] = {
};

static u8 icnt89xx_driver_builtin_firmware_01[] = {
};

static u8 icnt89xx_driver_builtin_firmware_02[] = {

};

static u8 icnt89xx_driver_builtin_firmware_10[] = {

};

static u8 icnt89xx_driver_builtin_firmware_11[] = {

};

static u8 icnt89xx_driver_builtin_firmware_12[] = {

};

static u8 icnt89xx_driver_builtin_firmware_20[] = {
};

static u8 icnt89xx_driver_builtin_firmware_21[] = {
};

static u8 icnt89xx_driver_builtin_firmware_22[] = {
};
#endif

