#ifndef _BL_FW_H_
#define _BL_FW_H_

unsigned BIN_CHECKSUM = 0x00fd; //0xe5e5
unsigned BIN_CHECKSUM0 = 0x00fd; //0xe5e5
unsigned BIN_CHECKSUM1 = 0x5bee;

//B7XX1_Apollo_8_4G_TMO_P0F1A2_20210517 FW01

const unsigned char fwbin[] = {
0x48,0x00,0x46,0x90,0x48,0x00,0x45,0xFC,0x48,0x00,0x45,0xFA,0x48,0x00,0x45,0xF8,  //0x0000~0x000f      H.F.H.E.H.E.H.E.
0x48,0x00,0x45,0xF6,0x48,0x00,0x45,0xF4,0x48,0x00,0x45,0xF2,0x48,0x00,0x45,0xF0,  //0x0010~0x001f      H.E.H.E.H.E.H.E.
0x48,0x00,0x45,0xEF,0x48,0x00,0x46,0x45,0x48,0x00,0x46,0x47,0x48,0x00,0x46,0x49,  //0x0020~0x002f      H.E.H.FEH.FGH.FI
0x48,0x00,0x46,0x4B,0x48,0x00,0x46,0x4D,0x48,0x00,0x46,0x4F,0x48,0x00,0x46,0x51,  //0x0030~0x003f      H.FKH.FMH.FOH.FQ
0x48,0x00,0x46,0x53,0x48,0x00,0x46,0x55,0x48,0x00,0x46,0x57,0x48,0x00,0x46,0x59,  //0x0040~0x004f      H.FSH.FUH.FWH.FY
0x48,0x00,0x46,0x5B,0x48,0x00,0x46,0x5D,0x48,0x00,0x46,0x5F,0x48,0x00,0x46,0x28,  //0x0050~0x005f      H.F[H.F]H.F_H.F(
0x48,0x00,0x46,0x26,0x48,0x00,0x46,0x24,0x48,0x00,0x46,0x22,0x48,0x00,0x46,0x20,  //0x0060~0x006f      H.F&H.F$H.F"H.F.
0x48,0x00,0x46,0x1E,0x48,0x00,0x46,0x1C,0x48,0x00,0x46,0x1A,0x48,0x00,0x46,0x18,  //0x0070~0x007f      H.F.H.F.H.F.H.F.
0x48,0x00,0x46,0x16,0x48,0x00,0x46,0x14,0x48,0x00,0x46,0x12,0x48,0x00,0x46,0x10,  //0x0080~0x008f      H.F.H.F.H.F.H.F.
0x48,0x00,0x46,0x0E,0x48,0x00,0x46,0x0C,0x48,0x00,0x46,0x0A,0x48,0x00,0x46,0x08,  //0x0090~0x009f      H.F.H.F.H.F.H.F.
0x48,0x00,0x46,0x06,0xC8,0x87,0x00,0x00,0x3A,0x5F,0x00,0x00,0xF0,0x81,0x00,0x00,  //0x00a0~0x00af      H.F.....:_......
0x60,0x8B,0x00,0x00,0x88,0x61,0x00,0x00,0x5C,0x61,0x00,0x00,0x30,0x61,0x00,0x00,  //0x00b0~0x00bf      `....a...a..0a..
0xB8,0x84,0x00,0x00,0x60,0x8B,0x00,0x00,0x60,0x8B,0x00,0x00,0xFE,0x84,0x00,0x00,  //0x00c0~0x00cf      ....`...`.......
0x56,0x88,0x00,0x00,0x6E,0x88,0x00,0x00,0x86,0x88,0x00,0x00,0x60,0x8B,0x00,0x00,  //0x00d0~0x00df      V...n.......`...
0x60,0x8B,0x00,0x00,0x60,0x8B,0x00,0x00,0x60,0x8B,0x00,0x00,0x60,0x8B,0x00,0x00,  //0x00e0~0x00ef      `...`...`...`...
0x60,0x8B,0x00,0x00,0x60,0x8B,0x00,0x00,0x60,0x8B,0x00,0x00,0x60,0x8B,0x00,0x00,  //0x00f0~0x00ff      `...`...`...`...
0x60,0x8B,0x00,0x00,0x60,0x8B,0x00,0x00,0x60,0x8B,0x00,0x00,0x60,0x8B,0x00,0x00,  //0x0100~0x010f      `...`...`...`...
0x60,0x8B,0x00,0x00,0x60,0x8B,0x00,0x00,0x60,0x8B,0x00,0x00,0x60,0x8B,0x00,0x00,  //0x0110~0x011f      `...`...`...`...
0x60,0x8B,0x00,0x00,0xDD,0x9E,0xDD,0x9E,0xDD,0x9E,0xDD,0x9E,0xDD,0x9E,0xDD,0x9E,  //0x0120~0x012f      `...............
0xDD,0x9E,0xDD,0x9E,0xFC,0x00,0x49,0x00,0x06,0xA4,0xFC,0x80,0xFC,0x00,0x49,0x00,  //0x0130~0x013f      ......I.......I.
0x06,0xB7,0xFC,0x80,0xFC,0x00,0x84,0x01,0x3E,0x07,0xFB,0x8E,0x49,0x00,0x07,0xB0,  //0x0140~0x014f      ........>...I...
0xFC,0x80,0xFC,0x00,0x49,0x00,0x06,0x6F,0xFC,0x80,0xFC,0x00,0x49,0x00,0x06,0x43,  //0x0150~0x015f      ....I..o....I..C
0xFC,0x80,0xDD,0x9E,0x44,0x11,0x00,0x44,0x84,0x1F,0xAE,0x08,0xA6,0x09,0x54,0x00,  //0x0160~0x016f      ....D..D......T.
0x00,0xF0,0x58,0x00,0x00,0x0B,0xAE,0x09,0x84,0x00,0x3C,0x0F,0xFE,0x9E,0xDD,0x9E,  //0x0170~0x017f      ..X.......<.....
0xDD,0x9E,0xDD,0x9E,0x84,0x60,0xE0,0x62,0xE8,0x09,0x38,0x50,0x0C,0x10,0x38,0x40,  //0x0180~0x018f      .....`.b..8P..8@
0x8C,0x10,0xDC,0x06,0x8C,0x61,0x96,0xDA,0xD5,0xF7,0x84,0x01,0xDD,0x9E,0x84,0x00,  //0x0190~0x019f      .....a..........
0xDD,0x9E,0x80,0x40,0x84,0x00,0x38,0x11,0x00,0x10,0xC1,0x04,0x9C,0x41,0x96,0x08,  //0x01a0~0x01af      ...@..8......A..
0xD5,0xFB,0xDD,0x9E,0x84,0x43,0x44,0x11,0x05,0xA4,0x42,0x10,0x08,0x73,0x20,0x20,  //0x01b0~0x01bf      .....CD...B..s..
0x80,0x90,0x50,0x00,0x80,0x88,0x2E,0x17,0xFE,0x25,0x20,0x00,0x00,0x09,0x42,0x01,  //0x01c0~0x01cf      ..P......%....B.
0x04,0x73,0x50,0x00,0x02,0xD8,0x44,0x14,0x00,0x00,0x38,0x00,0x81,0x11,0xDD,0x9E,  //0x01d0~0x01df      .sP...D...8.....
0x2E,0x27,0xFE,0x25,0x42,0x10,0x08,0x73,0x50,0x10,0x82,0xD8,0x44,0x04,0x00,0x00,  //0x01e0~0x01ef      .'.%B..sP...D...
0x38,0x00,0x05,0x11,0xDD,0x9E,0xFC,0x00,0x50,0x00,0x00,0x28,0x44,0x11,0x05,0xA4,  //0x01f0~0x01ff      8.......P..(D...
0x94,0x03,0x88,0x01,0xA6,0x06,0x49,0xFF,0xFF,0xD7,0xFC,0x80,0xDD,0x9E,0x5A,0x08,  //0x0200~0x020f      ......I.......Z.
0xBA,0x07,0x44,0x50,0xFC,0x00,0x44,0x10,0x04,0x00,0xD5,0x04,0x84,0xA0,0x44,0x11,  //0x0210~0x021f      ..DP..D.......D.
0x00,0x00,0x88,0x25,0x80,0x05,0x84,0x40,0x08,0x30,0x00,0x01,0x88,0x43,0x4C,0x00,  //0x0220~0x022f      ...%...@.0...CL.
0xFF,0xFD,0x84,0x00,0x08,0x32,0x80,0x01,0x88,0x03,0xD9,0xFD,0x4C,0x01,0x40,0x08,  //0x0230~0x023f      .....2......L.@.
0x96,0x01,0x40,0x10,0x20,0x09,0x3E,0x17,0xFB,0x8C,0xD5,0x05,0x44,0x0F,0xFF,0x88,  //0x0240~0x024f      ..@...>.....D...
0x3E,0x07,0xFB,0x8C,0x3E,0x07,0xFB,0x8D,0x84,0x00,0x3E,0x07,0xFB,0x59,0xDD,0x9E,  //0x0250~0x025f      >...>.....>..Y..
0x2E,0x07,0xFB,0x8B,0xE6,0x02,0xE9,0x0E,0xFC,0x00,0x44,0x1F,0xFF,0xAB,0x84,0xC1,  //0x0260~0x026f      ..........D.....
0x3E,0x17,0xFB,0x8B,0x3E,0x67,0xFB,0x59,0x49,0xFF,0xFF,0xCB,0x3E,0x67,0xFB,0x8B,  //0x0270~0x027f      >...>g.YI...>g..
0xFC,0x80,0xDD,0x9E,0x2E,0x57,0xF7,0x54,0x5A,0x58,0x01,0x3E,0x2E,0x17,0xF9,0x68,  //0x0280~0x028f      .....W.TZX.>...h
0x2E,0x07,0xF9,0x67,0x40,0x10,0xA0,0x08,0x40,0x20,0x80,0x04,0x2E,0x07,0xF9,0x69,  //0x0290~0x029f      ...g@...@......i
0x40,0x00,0x40,0x08,0x40,0x10,0x08,0x04,0x2E,0x07,0xF9,0x6A,0x40,0x00,0x60,0x08,  //0x02a0~0x02af      @.@.@......j@.`.
0xFE,0x0F,0x00,0x20,0x00,0x16,0x00,0x40,0x00,0x15,0x00,0x10,0x00,0x17,0x40,0x21,  //0x02b0~0x02bf      .......@......@!
0x20,0x08,0x40,0x31,0x10,0x04,0x40,0x10,0xC0,0x08,0x40,0x20,0x8C,0x04,0x00,0x10,  //0x02c0~0x02cf      ..@1..@...@.....
0x00,0x18,0x40,0x10,0xE0,0x08,0xFE,0x57,0x3C,0x1F,0xFE,0xC7,0x00,0x10,0x00,0x1A,  //0x02d0~0x02df      ..@....W<.......
0x00,0x30,0x00,0x19,0x40,0x10,0xA0,0x08,0x40,0x20,0x8C,0x04,0x00,0x10,0x00,0x1B,  //0x02e0~0x02ef      .0..@...@.......
0x00,0x00,0x00,0x1C,0x40,0x10,0xC0,0x08,0xFE,0x57,0x40,0x00,0x60,0x08,0xFE,0x0F,  //0x02f0~0x02ff      ....@....W@.`...
0x3C,0x0F,0xFE,0xC6,0x3E,0x57,0xFB,0x58,0xDD,0x9E,0xFC,0x00,0x2E,0x67,0xF7,0x54,  //0x0300~0x030f      <...>W.X.....g.T
0x5A,0x68,0x01,0x4E,0x2E,0x17,0xF9,0x68,0x2E,0x07,0xF9,0x67,0x40,0x10,0xA0,0x08,  //0x0310~0x031f      Zh.N...h...g@...
0x40,0x20,0x80,0x04,0x2E,0x07,0xF9,0x69,0x40,0x00,0x40,0x08,0x40,0x10,0x08,0x04,  //0x0320~0x032f      @......i@.@.@...
0x2E,0x07,0xF9,0x6A,0x40,0x00,0x60,0x08,0xFE,0x0F,0x00,0x20,0x00,0x1E,0x00,0x40,  //0x0330~0x033f      ...j@.`........@
0x00,0x1D,0x00,0x10,0x00,0x1F,0x40,0x21,0x20,0x08,0x40,0x31,0x10,0x04,0x40,0x10,  //0x0340~0x034f      ......@!..@1..@.
0xC0,0x08,0x40,0x20,0x8C,0x04,0x00,0x10,0x00,0x20,0x40,0x10,0xE0,0x08,0xFE,0x57,  //0x0350~0x035f      ..@.......@....W
0x3C,0x1F,0xFE,0xC5,0x00,0x20,0x00,0x0E,0x00,0x40,0x00,0x0D,0x00,0x10,0x00,0x0F,  //0x0360~0x036f      <........@......
0x40,0x21,0x20,0x08,0x40,0x31,0x10,0x04,0x40,0x10,0xC0,0x08,0x40,0x20,0x8C,0x04,  //0x0370~0x037f      @!..@1..@...@...
0x00,0x10,0x00,0x10,0xA6,0xC1,0x40,0x10,0xE0,0x08,0xFE,0x57,0x3C,0x1F,0xFE,0xC8,  //0x0380~0x038f      ......@....W<...
0xA6,0x42,0x40,0x10,0xA0,0x08,0x40,0x20,0x8C,0x04,0xA6,0x43,0xA6,0x04,0x40,0x10,  //0x0390~0x039f      .B@...@....C..@.
0xC0,0x08,0xFE,0x57,0x40,0x00,0x60,0x08,0xFE,0x0F,0xDD,0x20,0x3E,0x67,0xFB,0x58,  //0x03a0~0x03af      ...W@.`.....>g.X
0xFC,0x80,0x2E,0x17,0xF9,0x68,0x2E,0x07,0xF9,0x67,0x40,0x10,0xA0,0x08,0x40,0x20,  //0x03b0~0x03bf      .....h...g@...@.
0x80,0x04,0x2E,0x07,0xF9,0x69,0x40,0x00,0x40,0x08,0x40,0x10,0x08,0x04,0x2E,0x07,  //0x03c0~0x03cf      .....i@.@.@.....
0xF9,0x6A,0x40,0x00,0x60,0x08,0xFE,0x0F,0xA6,0x46,0xA6,0xC5,0x40,0x10,0xA0,0x08,  //0x03d0~0x03df      .j@.`....F..@...
0x40,0x20,0x8C,0x04,0xA6,0x47,0x00,0x00,0x00,0x08,0x40,0x10,0xC0,0x08,0xFE,0x57,  //0x03e0~0x03ef      @....G....@....W
0x40,0x00,0x60,0x08,0xFE,0x0F,0xC0,0x04,0xFC,0x00,0xDD,0x20,0xFC,0x80,0xDD,0x9E,  //0x03f0~0x03ff      @.`.............
0x2E,0x17,0xF9,0x68,0x2E,0x07,0xF9,0x67,0x40,0x10,0xA0,0x08,0x40,0x20,0x80,0x04,  //0x0400~0x040f      ...h...g@...@...
0x2E,0x07,0xF9,0x69,0x40,0x00,0x40,0x08,0x40,0x10,0x08,0x04,0x2E,0x07,0xF9,0x6A,  //0x0410~0x041f      ...i@.@.@......j
0x40,0x00,0x60,0x08,0xFE,0x0F,0x00,0x10,0x00,0x0A,0x00,0x30,0x00,0x09,0x40,0x10,  //0x0420~0x042f      @.`........0..@.
0xA0,0x08,0x40,0x20,0x8C,0x04,0x00,0x10,0x00,0x0B,0x00,0x00,0x00,0x0C,0x40,0x10,  //0x0430~0x043f      ..@...........@.
0xC0,0x08,0xFE,0x57,0x40,0x00,0x60,0x08,0xFE,0x0F,0xC0,0x04,0xFC,0x00,0xDD,0x20,  //0x0440~0x044f      ...W@.`.........
0xFC,0x80,0xDD,0x9E,0x2E,0x17,0xF9,0x68,0x2E,0x07,0xF9,0x67,0x40,0x10,0xA0,0x08,  //0x0450~0x045f      .......h...g@...
0x40,0x20,0x80,0x04,0x2E,0x07,0xF9,0x69,0x40,0x00,0x40,0x08,0x40,0x10,0x08,0x04,  //0x0460~0x046f      @......i@.@.@...
0x2E,0x07,0xF9,0x6A,0x40,0x00,0x60,0x08,0xFE,0x0F,0x00,0x10,0x00,0x2A,0x00,0x30,  //0x0470~0x047f      ...j@.`......*.0
0x00,0x29,0x40,0x10,0xA0,0x08,0x40,0x20,0x8C,0x04,0x00,0x10,0x00,0x2B,0x00,0x00,  //0x0480~0x048f      .)@...@......+..
0x00,0x2C,0x40,0x10,0xC0,0x08,0xFE,0x57,0x40,0x00,0x60,0x08,0xFE,0x0F,0xC0,0x04,  //0x0490~0x049f      .,@....W@.`.....
0xFC,0x00,0xDD,0x20,0xFC,0x80,0xDD,0x9E,0x2E,0x17,0xF9,0x68,0x2E,0x07,0xF9,0x67,  //0x04a0~0x04af      ...........h...g
0x40,0x10,0xA0,0x08,0x40,0x20,0x80,0x04,0x2E,0x07,0xF9,0x69,0x40,0x00,0x40,0x08,  //0x04b0~0x04bf      @...@......i@.@.
0x40,0x10,0x08,0x04,0x2E,0x07,0xF9,0x6A,0x40,0x00,0x60,0x08,0xFE,0x0F,0x00,0x10,  //0x04c0~0x04cf      @......j@.`.....
0x00,0x2E,0x00,0x30,0x00,0x2D,0x40,0x10,0xA0,0x08,0x40,0x20,0x8C,0x04,0x00,0x10,  //0x04d0~0x04df      ...0.-@...@.....
0x00,0x2F,0x00,0x00,0x00,0x30,0x40,0x10,0xC0,0x08,0xFE,0x57,0x40,0x00,0x60,0x08,  //0x04e0~0x04ef      ./...0@....W@.`.
0xFE,0x0F,0xC0,0x04,0xFC,0x00,0xDD,0x20,0xFC,0x80,0xDD,0x9E,0x2E,0x17,0xF9,0x68,  //0x04f0~0x04ff      ...............h
0x2E,0x07,0xF9,0x67,0x40,0x10,0xA0,0x08,0x40,0x20,0x80,0x04,0x2E,0x07,0xF9,0x69,  //0x0500~0x050f      ...g@...@......i
0x40,0x00,0x40,0x08,0x40,0x10,0x08,0x04,0x2E,0x07,0xF9,0x6A,0x40,0x00,0x60,0x08,  //0x0510~0x051f      @.@.@......j@.`.
0xFE,0x0F,0x00,0x10,0x00,0x32,0x00,0x30,0x00,0x31,0x40,0x10,0xA0,0x08,0x40,0x20,  //0x0520~0x052f      .....2.0.1@...@.
0x8C,0x04,0x00,0x10,0x00,0x33,0x00,0x00,0x00,0x34,0x40,0x10,0xC0,0x08,0xFE,0x57,  //0x0530~0x053f      .....3...4@....W
0x40,0x00,0x60,0x08,0xFE,0x0F,0xC0,0x04,0xFC,0x00,0xDD,0x20,0xFC,0x80,0xDD,0x9E,  //0x0540~0x054f      @.`.............
0x2E,0x17,0xF9,0x68,0x2E,0x07,0xF9,0x67,0x40,0x10,0xA0,0x08,0x40,0x20,0x80,0x04,  //0x0550~0x055f      ...h...g@...@...
0x2E,0x07,0xF9,0x69,0x40,0x00,0x40,0x08,0x40,0x10,0x08,0x04,0x2E,0x07,0xF9,0x6A,  //0x0560~0x056f      ...i@.@.@......j
0x40,0x00,0x60,0x08,0xFE,0x0F,0x00,0x10,0x00,0x36,0x00,0x30,0x00,0x35,0x40,0x10,  //0x0570~0x057f      @.`......6.0.5@.
0xA0,0x08,0x40,0x20,0x8C,0x04,0x00,0x10,0x00,0x37,0x00,0x00,0x00,0x38,0x40,0x10,  //0x0580~0x058f      ..@......7...8@.
0xC0,0x08,0xFE,0x57,0x40,0x00,0x60,0x08,0xFE,0x0F,0xC0,0x04,0xFC,0x00,0xDD,0x20,  //0x0590~0x059f      ...W@.`.........
0xFC,0x80,0xDD,0x9E,0x2E,0x17,0xF9,0x68,0x2E,0x07,0xF9,0x67,0x40,0x10,0xA0,0x08,  //0x05a0~0x05af      .......h...g@...
0x40,0x20,0x80,0x04,0x2E,0x07,0xF9,0x69,0x40,0x00,0x40,0x08,0x40,0x10,0x08,0x04,  //0x05b0~0x05bf      @......i@.@.@...
0x2E,0x07,0xF9,0x6A,0x40,0x00,0x60,0x08,0xFE,0x0F,0x00,0x10,0x00,0x3A,0x00,0x30,  //0x05c0~0x05cf      ...j@.`......:.0
0x00,0x39,0x40,0x10,0xA0,0x08,0x40,0x20,0x8C,0x04,0x00,0x10,0x00,0x3B,0x00,0x00,  //0x05d0~0x05df      .9@...@......;..
0x00,0x3C,0x40,0x10,0xC0,0x08,0xFE,0x57,0x40,0x00,0x60,0x08,0xFE,0x0F,0xC0,0x04,  //0x05e0~0x05ef      .<@....W@.`.....
0xFC,0x00,0xDD,0x20,0xFC,0x80,0xDD,0x9E,0x2E,0x17,0xF9,0x68,0x2E,0x07,0xF9,0x67,  //0x05f0~0x05ff      ...........h...g
0x40,0x10,0xA0,0x08,0x40,0x20,0x80,0x04,0x2E,0x07,0xF9,0x69,0x40,0x00,0x40,0x08,  //0x0600~0x060f      @...@......i@.@.
0x40,0x10,0x08,0x04,0x2E,0x07,0xF9,0x6A,0x40,0x00,0x60,0x08,0xFE,0x0F,0x00,0x10,  //0x0610~0x061f      @......j@.`.....
0x00,0x3E,0x00,0x30,0x00,0x3D,0x40,0x10,0xA0,0x08,0x40,0x20,0x8C,0x04,0x00,0x10,  //0x0620~0x062f      .>.0.=@...@.....
0x00,0x3F,0x00,0x00,0x00,0x40,0x40,0x10,0xC0,0x08,0xFE,0x57,0x40,0x00,0x60,0x08,  //0x0630~0x063f      .?...@@....W@.`.
0xFE,0x0F,0xC0,0x04,0xFC,0x00,0xDD,0x20,0xFC,0x80,0xDD,0x9E,0x2E,0x17,0xF9,0x68,  //0x0640~0x064f      ...............h
0x2E,0x07,0xF9,0x67,0x40,0x10,0xA0,0x08,0x40,0x20,0x80,0x04,0x2E,0x07,0xF9,0x69,  //0x0650~0x065f      ...g@...@......i
0x40,0x00,0x40,0x08,0x40,0x10,0x08,0x04,0x2E,0x07,0xF9,0x6A,0x40,0x00,0x60,0x08,  //0x0660~0x066f      @.@.@......j@.`.
0xFE,0x0F,0x00,0x10,0x00,0x42,0x00,0x30,0x00,0x41,0x40,0x10,0xA0,0x08,0x40,0x20,  //0x0670~0x067f      .....B.0.A@...@.
0x8C,0x04,0x00,0x10,0x00,0x43,0x00,0x00,0x00,0x44,0x40,0x10,0xC0,0x08,0xFE,0x57,  //0x0680~0x068f      .....C...D@....W
0x40,0x00,0x60,0x08,0xFE,0x0F,0xC0,0x04,0xFC,0x00,0xDD,0x20,0xFC,0x80,0xDD,0x9E,  //0x0690~0x069f      @.`.............
0x2E,0x17,0xF9,0x68,0x2E,0x07,0xF9,0x67,0x40,0x10,0xA0,0x08,0x40,0x20,0x80,0x04,  //0x06a0~0x06af      ...h...g@...@...
0x2E,0x07,0xF9,0x69,0x40,0x00,0x40,0x08,0x40,0x10,0x08,0x04,0x2E,0x07,0xF9,0x6A,  //0x06b0~0x06bf      ...i@.@.@......j
0x40,0x00,0x60,0x08,0xFE,0x0F,0x00,0x10,0x00,0x46,0x00,0x30,0x00,0x45,0x40,0x10,  //0x06c0~0x06cf      @.`......F.0.E@.
0xA0,0x08,0x40,0x20,0x8C,0x04,0x00,0x10,0x00,0x47,0x00,0x00,0x00,0x48,0x40,0x10,  //0x06d0~0x06df      ..@......G...H@.
0xC0,0x08,0xFE,0x57,0x40,0x00,0x60,0x08,0xFE,0x0F,0xC0,0x04,0xFC,0x00,0xDD,0x20,  //0x06e0~0x06ef      ...W@.`.........
0xFC,0x80,0xDD,0x9E,0xFC,0x00,0x2E,0x17,0xF9,0x68,0x2E,0x07,0xF9,0x67,0x40,0x10,  //0x06f0~0x06ff      .........h...g@.
0xA0,0x08,0x40,0x20,0x80,0x04,0x2E,0x07,0xF9,0x69,0x40,0x00,0x40,0x08,0x40,0x10,  //0x0700~0x070f      ..@......i@.@.@.
0x08,0x04,0x2E,0x07,0xF9,0x6A,0x40,0x00,0x60,0x08,0xFE,0x0F,0x00,0x10,0x00,0x22,  //0x0710~0x071f      .....j@.`......"
0x00,0x30,0x00,0x21,0x40,0x10,0xA0,0x08,0x40,0x20,0x8C,0x04,0x00,0x10,0x00,0x23,  //0x0720~0x072f      .0.!@...@......#
0x00,0x00,0x00,0x24,0x40,0x10,0xC0,0x08,0xFE,0x57,0x40,0x00,0x60,0x08,0xFE,0x0F,  //0x0730~0x073f      ...$@....W@.`...
0xC0,0x07,0x2E,0x17,0xFB,0x58,0x5A,0x18,0x01,0x04,0xDD,0x20,0xFC,0x80,0x49,0x00,  //0x0740~0x074f      .....XZ.......I.
0x03,0xAF,0xFC,0x80,0xFC,0x00,0x2E,0x17,0xF9,0x68,0x2E,0x07,0xF9,0x67,0x40,0x10,  //0x0750~0x075f      .........h...g@.
0xA0,0x08,0x40,0x20,0x80,0x04,0x2E,0x07,0xF9,0x69,0x40,0x00,0x40,0x08,0x40,0x10,  //0x0760~0x076f      ..@......i@.@.@.
0x08,0x04,0x2E,0x07,0xF9,0x6A,0x40,0x00,0x60,0x08,0xFE,0x0F,0x00,0x10,0x00,0x26,  //0x0770~0x077f      .....j@.`......&
0x00,0x30,0x00,0x25,0x40,0x10,0xA0,0x08,0x40,0x20,0x8C,0x04,0x00,0x10,0x00,0x27,  //0x0780~0x078f      .0.%@...@......'
0x00,0x00,0x00,0x28,0x40,0x10,0xC0,0x08,0xFE,0x57,0x40,0x00,0x60,0x08,0xFE,0x0F,  //0x0790~0x079f      ...(@....W@.`...
0xC0,0x07,0x2E,0x17,0xFB,0x58,0x5A,0x18,0x01,0x04,0xDD,0x20,0xFC,0x80,0x49,0x00,  //0x07a0~0x07af      .....XZ.......I.
0x03,0x68,0xFC,0x80,0xDD,0x9E,0xFC,0x00,0x84,0x41,0x3C,0x33,0xFE,0xD6,0x3E,0x27,  //0x07b0~0x07bf      .h.......A<3..>'
0xFF,0xCC,0x3C,0x27,0xFF,0xD1,0x97,0x1B,0x84,0x20,0xE0,0x82,0x3C,0x07,0xFE,0xDA,  //0x07c0~0x07cf      ..<'........<...
0x3E,0x17,0xFF,0xBE,0xE8,0x07,0x3C,0xF7,0xFF,0xD8,0xE0,0x0F,0xE8,0x03,0x3E,0x17,  //0x07d0~0x07df      >.....<.......>.
0xFF,0xCC,0x2E,0x47,0xF8,0xB2,0xCC,0x23,0x3C,0x23,0xFF,0xD7,0x3C,0x13,0xFF,0xD6,  //0x07e0~0x07ef      ...G...#<#..<...
0xE2,0x22,0xE8,0x0B,0x88,0x22,0x2E,0x27,0xF8,0xAE,0xE0,0x41,0xE8,0x06,0x84,0x21,  //0x07f0~0x07ff      ."...".'...A...!
0x3E,0x17,0xFF,0xBE,0x3E,0x47,0xFF,0xCC,0x2E,0x17,0xFF,0xCC,0x5A,0x18,0x01,0x35,  //0x0800~0x080f      >...>G......Z..5
0x3C,0xF7,0xFF,0xD9,0x88,0x0F,0x2E,0x17,0xF8,0xA6,0x4E,0x04,0x00,0x05,0x84,0x1B,  //0x0810~0x081f      <.........N.....
0xFE,0x44,0xD5,0x02,0xFE,0x4A,0x3E,0x17,0xFF,0xCF,0xD5,0x26,0x84,0x3E,0xFE,0x5C,  //0x0820~0x082f      .D...J>....&.>..
0x3C,0x37,0xFF,0xD0,0x96,0x4B,0xE0,0x61,0xE8,0x0C,0x3C,0x17,0xFF,0xD9,0xFE,0x02,  //0x0830~0x083f      <7...K.a..<.....
0xE0,0x20,0xE8,0x07,0x84,0x01,0x3E,0x07,0xFF,0xBE,0x84,0x00,0x3E,0x07,0xFF,0xCC,  //0x0840~0x084f      ......>.....>...
0x2E,0x07,0xFF,0xBE,0xC8,0x11,0x2E,0x07,0xF7,0x56,0x5A,0x08,0x01,0x0E,0x3C,0xF7,  //0x0850~0x085f      .........VZ...<.
0xFF,0xD8,0x3C,0x37,0xFE,0xDB,0xE0,0x6F,0xE8,0x07,0x3C,0x13,0xFE,0xD7,0xE0,0x41,  //0x0860~0x086f      ..<7...o..<....A
0xE8,0x03,0x3E,0x07,0xFF,0xBE,0x49,0x00,0x26,0xC5,0x5A,0x08,0x01,0x07,0x84,0x00,  //0x0870~0x087f      ..>...I.&.Z.....
0x3E,0x07,0xFF,0xBE,0x3E,0x07,0xFF,0xCC,0xFC,0x80,0xDD,0x9E,0xFC,0x41,0x2E,0x00,  //0x0880~0x088f      >...>........A..
0x00,0x5F,0xC0,0x55,0x2E,0x10,0x00,0x5E,0xC1,0x52,0xE6,0x23,0x85,0x42,0xE8,0x02,  //0x0890~0x089f      ._.U...^.R.#.B..
0x85,0x41,0x84,0xC0,0x44,0x81,0x05,0xA4,0x80,0xE6,0x81,0x26,0x8D,0x03,0x4C,0x90,  //0x08a0~0x08af      .A..D......&..L.
0x80,0x14,0x00,0x24,0x00,0x8E,0x00,0x04,0x00,0x8D,0xF1,0x81,0x88,0x02,0x88,0xE0,  //0x08b0~0x08bf      ...$............
0x80,0x09,0x49,0xFF,0xFC,0x79,0x50,0x54,0x80,0x01,0x97,0xF8,0x88,0xC0,0x54,0x92,  //0x08c0~0x08cf      ..I..yPT......T.
0x80,0xFF,0xF1,0x01,0xD5,0xEC,0x3C,0x13,0xFD,0x9B,0xC9,0x07,0x3E,0x77,0xFA,0x33,  //0x08d0~0x08df      ......<.....>w.3
0x3C,0x6F,0xFE,0x9F,0x84,0x01,0xD5,0x28,0x2E,0x07,0xFA,0x33,0xE2,0xE0,0xE9,0x03,  //0x08e0~0x08ef      <o.....(...3....
0x9A,0x38,0xD5,0x02,0x8A,0x07,0xE1,0x40,0xE9,0x1E,0x3C,0x0D,0xFE,0x9F,0xE0,0xC0,  //0x08f0~0x08ff      .8.....@..<.....
0xE9,0x03,0x9A,0x30,0xD5,0x02,0x8A,0x06,0x2E,0x27,0xF8,0xB1,0x40,0xF1,0x20,0x08,  //0x0900~0x090f      ...0.....'..@...
0x2E,0x27,0xF8,0xB0,0x40,0xF7,0x88,0x04,0xE0,0x0F,0xE8,0x0D,0x44,0x00,0xC3,0x4F,  //0x0910~0x091f      .'..@.......D..O
0xE2,0x01,0xE9,0x04,0x8C,0x21,0x3C,0x1B,0xFD,0x9B,0x3E,0x77,0xFA,0x33,0x3C,0x6F,  //0x0920~0x092f      .....!<...>w.3<o
0xFE,0x9F,0xD5,0x08,0x84,0x00,0x3C,0x0B,0xFD,0x9B,0xD5,0x04,0x84,0x1F,0x3E,0x07,  //0x0930~0x093f      ......<.......>.
0xFA,0x33,0xFC,0xC1,0xFC,0x20,0x84,0xC0,0x80,0xE6,0x80,0x07,0x49,0x00,0x0D,0x87,  //0x0940~0x094f      .3..........I...
0x5A,0x08,0x01,0x04,0x8C,0xC1,0x97,0xB0,0x8C,0xE1,0x97,0xF8,0x5A,0x78,0x20,0xF7,  //0x0950~0x095f      Z...........Zx..
0x3E,0x60,0x00,0x5E,0xFC,0xA0,0xDD,0x9E,0xA6,0x85,0xCA,0x0E,0x44,0x00,0x00,0x64,  //0x0960~0x096f      >`.^........D..d
0x10,0x00,0x80,0x08,0x10,0x00,0x80,0x09,0x84,0x01,0x10,0x00,0x80,0x0A,0x84,0x0F,  //0x0970~0x097f      ................
0xAE,0x0C,0xAE,0x0D,0xDD,0x9E,0x5A,0x28,0x01,0x31,0xA4,0xC8,0xA4,0x80,0xE2,0x62,  //0x0980~0x098f      ......Z(.1.....b
0xE9,0x03,0x9A,0x9A,0xD5,0x02,0x8A,0x43,0xA6,0xCC,0x96,0x91,0xE2,0x43,0xE8,0x06,  //0x0990~0x099f      .......C.....C..
0x00,0x20,0x80,0x08,0xC2,0x07,0x8E,0x41,0xD5,0x03,0x44,0x20,0x00,0x64,0x10,0x20,  //0x09a0~0x09af      .......A..D..d..
0x80,0x08,0xA4,0x89,0xA4,0x01,0xE2,0x40,0xE9,0x03,0x9A,0x10,0xD5,0x02,0x8A,0x02,  //0x09b0~0x09bf      .......@........
0xA6,0x8D,0x96,0x01,0xE2,0x02,0xE8,0x06,0x00,0x00,0x80,0x09,0xC0,0x07,0x8E,0x01,  //0x09c0~0x09cf      ................
0xD5,0x03,0x44,0x00,0x00,0x64,0x10,0x00,0x80,0x09,0x00,0x00,0x80,0x0A,0xE6,0x1E,  //0x09d0~0x09df      ..D..d..........
0xE8,0x04,0x8C,0x01,0x10,0x00,0x80,0x0A,0xDD,0x9E,0xFC,0x00,0x98,0xC1,0x80,0xA0,  //0x09e0~0x09ef      ................
0x2E,0x07,0xFB,0x9A,0xA7,0x1C,0xC0,0x05,0x2E,0x27,0xFB,0x9B,0x80,0x02,0xD5,0x03,  //0x09f0~0x09ff      .........'......
0x84,0x01,0x84,0x42,0xA7,0x9E,0xC6,0x05,0x00,0x52,0x80,0x0A,0xE6,0xBE,0xE8,0x04,  //0x0a00~0x0a0f      ...B.....R......
0x40,0x01,0x04,0x1B,0xD5,0x10,0x00,0x11,0x80,0x08,0xE2,0x82,0x80,0x02,0x40,0x02,  //0x0a10~0x0a1f      @.............@.
0x3C,0x1B,0xC9,0x05,0xE2,0x02,0xE8,0x07,0x8C,0x01,0xD5,0x04,0xE6,0x02,0xE9,0x03,  //0x0a20~0x0a2f      <...............
0x8E,0x01,0x96,0x00,0xAE,0x1C,0xFC,0x80,0xFC,0x41,0x2E,0x07,0xFF,0xE0,0x45,0xC1,  //0x0a30~0x0a3f      .........A....E.
0x05,0xA4,0x4E,0x02,0x00,0x84,0x3C,0x03,0xFF,0xED,0x54,0x00,0x01,0x00,0x4E,0x02,  //0x0a40~0x0a4f      ..N...<...T...N.
0x00,0x7E,0x44,0x01,0x00,0x68,0x84,0xE0,0xB6,0x1F,0x81,0x20,0x2E,0x07,0xF8,0x86,  //0x0a50~0x0a5f      .~D..h..........
0xE2,0xE0,0xE8,0x74,0x50,0x63,0x80,0x28,0x94,0xB3,0x88,0x5C,0x00,0x81,0x00,0x05,  //0x0a60~0x0a6f      ...tPc.(........
0x44,0x41,0x05,0xA4,0xF4,0x81,0x5A,0x80,0xFF,0x67,0x84,0x0C,0x44,0x11,0x00,0x68,  //0x0a70~0x0a7f      DA....Z..g..D..h
0x42,0x13,0x80,0x73,0x80,0x02,0xB6,0x5F,0x81,0x41,0x49,0xFF,0xFF,0x6F,0xB4,0x5F,  //0x0a80~0x0a8f      B..s..._.AI..o._
0xF4,0x01,0x4E,0x83,0x00,0x0E,0x38,0x02,0x1B,0x01,0x10,0x85,0x00,0x06,0x12,0x05,  //0x0a90~0x0a9f      ..N...8.........
0x00,0x00,0xA4,0x11,0x10,0x85,0x00,0x07,0x12,0x05,0x00,0x01,0xD5,0x4C,0x5A,0x88,  //0x0aa0~0x0aaf      .............LZ.
0x01,0x4B,0x02,0x15,0x00,0x00,0x38,0x02,0x1B,0x01,0xE2,0x20,0xE9,0x03,0x9A,0x08,  //0x0ab0~0x0abf      .K....8.........
0xD5,0x02,0x8A,0x01,0x40,0x80,0x00,0x13,0x84,0x20,0x80,0x0A,0x49,0xFF,0xFF,0x8F,  //0x0ac0~0x0acf      ....@.......I...
0x96,0x01,0xE3,0x00,0x80,0x29,0x84,0x0C,0x42,0x13,0x80,0x73,0x80,0x01,0xE8,0x05,  //0x0ad0~0x0adf      .....)..B..s....
0xA4,0x08,0x38,0x0E,0x1B,0x09,0xD5,0x06,0x38,0x1E,0x1B,0x01,0xAC,0x40,0x84,0x21,  //0x0ae0~0x0aef      ..8.....8....@.!
0xAE,0x46,0x84,0x0C,0x80,0x29,0x42,0x13,0x80,0x73,0xA4,0x09,0x94,0x73,0x88,0x3C,  //0x0af0~0x0aff      .F...)B..s...s.<
0xA4,0x89,0xE2,0x02,0xE9,0x03,0x9A,0x82,0xD5,0x02,0x8A,0x40,0x80,0x0A,0x84,0x21,  //0x0b00~0x0b0f      ...........@...!
0x40,0x81,0x00,0x13,0x49,0xFF,0xFF,0x6B,0x96,0x01,0xE3,0x00,0x84,0x0C,0xE8,0x09,  //0x0b10~0x0b1f      @...I..k........
0x80,0x29,0x42,0x13,0x80,0x73,0x95,0xB3,0xA4,0x09,0x88,0xDC,0xAC,0x31,0xD5,0x0B,  //0x0b20~0x0b2f      .)B..s.......1..
0x80,0x29,0x95,0xB3,0x42,0x13,0x80,0x73,0x88,0xDC,0x80,0x01,0xA4,0x71,0xAC,0x41,  //0x0b30~0x0b3f      .)..B..s.....q.A
0x84,0x21,0xAE,0x47,0x8C,0xE1,0x97,0xF8,0xD5,0x8A,0xFC,0xC1,0xFC,0x40,0x84,0x60,  //0x0b40~0x0b4f      .!.G.........@.`
0x50,0x90,0xFF,0xFF,0xE0,0x69,0xE8,0x19,0x9B,0x4B,0x84,0x80,0x8E,0xA1,0xE0,0x85,  //0x0b50~0x0b5f      P....i...K......
0xE8,0x11,0x94,0xA1,0x99,0xC2,0x8C,0x42,0x88,0x40,0x22,0x63,0x80,0x00,0x22,0xA1,  //0x0b60~0x0b6f      .......B.@"c..".
0x00,0x00,0xE1,0x46,0xE8,0x04,0x12,0xA3,0x80,0x00,0xAD,0x90,0x8C,0x81,0x97,0x20,  //0x0b70~0x0b7f      ...F............
0xD5,0xEF,0x8C,0x61,0x96,0xD8,0xD5,0xE7,0x22,0x00,0x00,0x03,0xFC,0xC0,0x2E,0x07,  //0x0b80~0x0b8f      ...a....".......
0xF7,0x50,0xC0,0x3C,0xFC,0x49,0x2E,0x07,0xF9,0x56,0x2E,0x87,0xFE,0x25,0x40,0x90,  //0x0b90~0x0b9f      .P.<.I...V...%@.
0x20,0x08,0x2E,0x07,0xF9,0x55,0x2F,0xC7,0xFE,0x27,0x40,0xA4,0x04,0x08,0x84,0xE0,  //0x0ba0~0x0baf      .....U/..'@.....
0x40,0x94,0x80,0x04,0xE2,0xFC,0xE8,0x29,0x42,0x33,0xA0,0x24,0x96,0xDB,0x94,0xD9,  //0x0bb0~0x0bbf      @......)B3.$....
0x44,0x04,0x05,0xB0,0x99,0x98,0x80,0x26,0x80,0x4A,0x80,0x1F,0x49,0x00,0x40,0xD6,  //0x0bc0~0x0bcf      D......&.J..I.@.
0x80,0x1F,0x80,0x28,0x49,0xFF,0xFF,0xBC,0xE1,0x20,0xE8,0x04,0x40,0x04,0x80,0x11,  //0x0bd0~0x0bdf      ...(I.......@...
0xD5,0x06,0x52,0x14,0x80,0x00,0xE0,0x01,0xE8,0x02,0x96,0x0B,0x80,0x66,0x84,0xA0,  //0x0be0~0x0bef      ..R..........f..
0x4C,0x54,0x00,0x09,0xA4,0x58,0x8C,0xA1,0x8A,0x20,0x1A,0x11,0x80,0x01,0x97,0x68,  //0x0bf0~0x0bff      LT...X.........h
0xD5,0xF8,0x8C,0xE1,0x97,0xF8,0xD5,0xD7,0xFC,0xC9,0xDD,0x9E,0xFC,0x00,0x49,0xFF,  //0x0c00~0x0c0f      ..............I.
0xFF,0xC0,0x49,0x00,0x1F,0xD3,0xFC,0x80,0xDD,0x9E,0xFC,0x00,0x49,0xFF,0xFA,0x8C,  //0x0c10~0x0c1f      ..I.........I...
0xFC,0x80,0xFC,0x00,0x49,0xFF,0xFA,0x8C,0xFC,0x80,0xFC,0x00,0x49,0xFF,0xFA,0x7C,  //0x0c20~0x0c2f      ....I.......I..|
0xFC,0x80,0xFC,0x00,0x49,0xFF,0xFA,0x79,0xFC,0x80,0xFC,0x00,0x49,0xFF,0xFA,0x76,  //0x0c30~0x0c3f      ....I..y....I..v
0xFC,0x80,0xFC,0x00,0x49,0xFF,0xFA,0x73,0xFC,0x80,0xFC,0x00,0x84,0x01,0x84,0x22,  //0x0c40~0x0c4f      ....I..s......."
0x49,0xFF,0xFE,0x8B,0xFC,0x80,0xFC,0x00,0x49,0xFF,0xFD,0xAF,0xFC,0x80,0xFC,0x00,  //0x0c50~0x0c5f      I.......I.......
0x49,0xFF,0xFE,0x15,0x49,0xFF,0xFE,0x14,0x49,0xFF,0xFA,0x62,0x49,0xFF,0xFE,0x6C,  //0x0c60~0x0c6f      I...I...I..bI..l
0xFC,0x80,0xFC,0x00,0x49,0xFF,0xFA,0x5D,0xFC,0x80,0xFC,0x00,0x49,0xFF,0xFD,0x9C,  //0x0c70~0x0c7f      ....I..]....I...
0x49,0xFF,0xFA,0x58,0xFC,0x80,0xFC,0x00,0x49,0xFF,0xFA,0x55,0xFC,0x80,0xFC,0x00,  //0x0c80~0x0c8f      I..X....I..U....
0x49,0xFF,0xFA,0x5A,0xFC,0x80,0xFC,0x00,0x49,0xFF,0xFA,0x5D,0xFC,0x80,0xFC,0x00,  //0x0c90~0x0c9f      I..Z....I..]....
0x49,0xFF,0xFA,0x5D,0xFC,0x80,0xFC,0x00,0x49,0xFF,0xFA,0x5D,0xFC,0x80,0x2E,0x07,  //0x0ca0~0x0caf      I..]....I..]....
0xFC,0x0F,0xE6,0x02,0xE8,0x05,0x84,0x00,0x3C,0x0B,0xFE,0x06,0xDD,0x9E,0x2E,0x17,  //0x0cb0~0x0cbf      ........<.......
0xFC,0x0F,0x2E,0x07,0xFA,0x5B,0x44,0x20,0x8E,0xA4,0x38,0x01,0x00,0x00,0x2E,0x27,  //0x0cc0~0x0ccf      .....[D...8....'
0xFA,0x5B,0x8E,0x22,0xE6,0x5D,0x96,0x48,0xE9,0x06,0x2E,0x27,0xFA,0x5B,0x5C,0xF1,  //0x0cd0~0x0cdf      .[.".].H...'.[..
0x00,0x20,0xE9,0x0D,0x2E,0x27,0xFA,0x5B,0x5A,0x20,0x20,0x0A,0x2E,0x27,0xFA,0x5B,  //0x0ce0~0x0cef      .....'.[Z....'.[
0x5A,0x20,0x0D,0x06,0x2E,0x27,0xFA,0x5B,0x5A,0x28,0x21,0x13,0x2E,0x07,0xFA,0x5A,  //0x0cf0~0x0cff      Z....'.[Z(!....Z
0xC9,0x09,0x3C,0x0B,0xFE,0x06,0x3C,0x03,0xFE,0x06,0x40,0x00,0x20,0x08,0x96,0x01,  //0x0d00~0x0d0f      ..<...<...@.....
0xD5,0x04,0x3C,0x13,0xFE,0x06,0xFE,0x0F,0x3C,0x0B,0xFE,0x06,0xD5,0x1F,0x2E,0x27,  //0x0d10~0x0d1f      ..<.....<......'
0xFA,0x5B,0x5A,0x28,0x39,0x05,0x84,0x41,0x3E,0x27,0xFD,0x83,0x2E,0x27,0xFA,0x5B,  //0x0d20~0x0d2f      .[Z(9..A>'...'.[
0x5A,0x28,0x32,0x05,0x84,0x41,0x3E,0x27,0xFB,0x55,0xC0,0x13,0x44,0x20,0x8F,0xA4,  //0x0d30~0x0d3f      Z(2..A>'.U..D...
0x38,0x31,0x03,0x00,0xC3,0x0E,0x94,0x03,0x88,0x02,0xA6,0x81,0xE2,0x22,0xE8,0x09,  //0x0d40~0x0d4f      81..........."..
0xA0,0x01,0x2E,0x27,0xFA,0x5A,0x38,0x20,0x04,0x08,0x84,0x01,0x3E,0x07,0xFC,0x0E,  //0x0d50~0x0d5f      ...'.Z8.....>...
0xDD,0x9E,0x2E,0x07,0xFA,0x5B,0xC8,0x15,0x2E,0x07,0xFA,0x80,0x96,0x00,0x3E,0x00,  //0x0d60~0x0d6f      .....[........>.
0x04,0xD8,0x2E,0x07,0xFB,0x11,0x5A,0x00,0x01,0x0A,0x2E,0x07,0xFA,0x80,0x96,0x00,  //0x0d70~0x0d7f      ......Z.........
0x3E,0x00,0x04,0x98,0x44,0x01,0x0A,0x68,0xD5,0x11,0x44,0x01,0x0A,0xA8,0xD5,0x0E,  //0x0d80~0x0d8f      >...D..h..D.....
0x2E,0x07,0xFA,0x5B,0x5A,0x08,0x01,0x10,0x2E,0x07,0xFB,0x11,0x5A,0x00,0x01,0x05,  //0x0d90~0x0d9f      ...[Z.......Z...
0x44,0x01,0x0A,0x69,0xD5,0x03,0x44,0x01,0x0A,0xA9,0x3C,0x13,0xFE,0x08,0x38,0x00,  //0x0da0~0x0daf      D..i..D...<...8.
0x04,0x00,0xD5,0x15,0x2E,0x07,0xFA,0x5B,0x44,0x10,0x8E,0xA4,0x38,0x00,0x80,0x00,  //0x0db0~0x0dbf      .......[D...8...
0xC0,0x10,0x44,0x10,0x8F,0xA4,0x94,0x03,0x88,0x01,0xA0,0x41,0xC1,0x0A,0x3C,0x03,  //0x0dc0~0x0dcf      ..D........A..<.
0xFE,0x08,0x3C,0x23,0xFE,0x06,0x88,0x01,0x38,0x00,0x08,0x00,0x3E,0x07,0xFA,0x5A,  //0x0dd0~0x0ddf      ..<#....8...>..Z
0xDD,0x9E,0x3C,0x0D,0xFF,0x43,0xC0,0x06,0x04,0x10,0x00,0x0A,0x8C,0x21,0x14,0x10,  //0x0de0~0x0def      ..<..C.......!..
0x00,0x0A,0x3C,0x03,0xFE,0x08,0xE6,0x0B,0xE9,0x17,0x2E,0x07,0xF9,0x63,0x5A,0x08,  //0x0df0~0x0dff      ..<..........cZ.
0x01,0x14,0x2E,0x07,0xFB,0x5B,0x96,0x00,0x5A,0x08,0x01,0x0F,0xFC,0x00,0x2E,0x17,  //0x0e00~0x0e0f      .....[..Z.......
0xF9,0x64,0xC1,0x02,0x84,0x00,0x49,0x00,0x3C,0xAE,0x84,0x00,0x3C,0x0B,0xFE,0x08,  //0x0e10~0x0e1f      .d....I.<...<...
0x3E,0x07,0xFC,0x0F,0xFC,0x80,0x84,0x00,0x3C,0x0B,0xFE,0x08,0x3E,0x07,0xFC,0x0F,  //0x0e20~0x0e2f      >.......<...>...
0xDD,0x9E,0xFC,0x00,0x2E,0x07,0xFA,0x59,0x5A,0x08,0x77,0x13,0x2E,0x07,0xFC,0x0F,  //0x0e30~0x0e3f      .......YZ.w.....
0xC8,0x06,0x2E,0x07,0xFA,0x5A,0x96,0x00,0x3E,0x07,0xFA,0x5B,0x2E,0x07,0xFC,0x0F,  //0x0e40~0x0e4f      .....Z..>..[....
0x8C,0x01,0x96,0x00,0x3E,0x07,0xFC,0x0F,0x49,0xFF,0xFF,0x2B,0xD5,0x0B,0x2E,0x07,  //0x0e50~0x0e5f      ....>...I..+....
0xFA,0x59,0x5A,0x08,0x72,0x08,0x3C,0x03,0xFE,0x08,0x8C,0x01,0x96,0x01,0x3C,0x0B,  //0x0e60~0x0e6f      .YZ.r.<.......<.
0xFE,0x08,0x49,0xFF,0xFF,0x78,0x84,0x00,0x3E,0x07,0xFA,0x59,0xFC,0x80,0x2E,0x07,  //0x0e70~0x0e7f      ..I..x..>..Y....
0xFD,0x80,0xC8,0x14,0xFC,0x00,0x2E,0x67,0xFB,0x5B,0x97,0xB0,0x5A,0x68,0x01,0x0E,  //0x0e80~0x0e8f      .......g.[..Zh..
0x49,0x00,0x23,0xC0,0x2E,0x07,0xF7,0x47,0x5A,0x00,0x01,0x08,0x2E,0x07,0xF9,0x64,  //0x0e90~0x0e9f      I.#....GZ......d
0xC0,0x02,0x80,0x06,0x49,0x00,0x3C,0x67,0xFC,0x80,0xDD,0x9E,0x2E,0x07,0xFB,0x5B,  //0x0ea0~0x0eaf      ....I.<g.......[
0x5A,0x08,0x01,0x2B,0x3C,0x53,0xFD,0xA0,0x2E,0x07,0xF9,0x63,0x97,0x68,0x5A,0x08,  //0x0eb0~0x0ebf      Z..+<S.....c.hZ.
0x02,0x08,0x2E,0x07,0xFA,0x32,0x5A,0x08,0xC8,0x04,0x3E,0x57,0xFA,0x32,0x2E,0x07,  //0x0ec0~0x0ecf      .....2Z...>W.2..
0xFA,0x32,0x8C,0x02,0xD0,0x04,0x3C,0x03,0xFD,0x9E,0xC8,0x16,0x84,0x00,0x3E,0x07,  //0x0ed0~0x0edf      .2....<.......>.
0xFB,0x5B,0x44,0x0F,0xFF,0xC8,0x3E,0x07,0xFA,0x32,0x2E,0x07,0xF7,0x47,0x5A,0x00,  //0x0ee0~0x0eef      .[D...>..2...GZ.
0x01,0x0C,0xFC,0x00,0x2E,0x07,0xF9,0x64,0xC8,0x03,0x84,0x01,0xD5,0x02,0x84,0x00,  //0x0ef0~0x0eff      .......d........
0x49,0x00,0x3C,0x39,0xFC,0x80,0xDD,0x9E,0xFC,0x4A,0x44,0x10,0x00,0xFF,0x44,0x20,  //0x0f00~0x0f0f      I.<9.....JD...D.
0x00,0x3F,0x81,0x40,0xB0,0x04,0x49,0x00,0x3F,0x57,0x49,0x00,0x23,0x83,0x2E,0x07,  //0x0f10~0x0f1f      .?.@..I.?WI.#...
0xF8,0x86,0x87,0x80,0x80,0xDC,0x81,0x3C,0xF0,0x81,0xF0,0x01,0xE3,0x20,0xE8,0x73,  //0x0f20~0x0f2f      .......<.......s
0x40,0x34,0x8C,0x08,0x88,0x6A,0xA6,0x1D,0x5A,0x00,0xFF,0x69,0xA6,0x5C,0x5A,0x10,  //0x0f30~0x0f3f      @4...j..Z..i..Z.
0xFF,0x66,0x84,0x26,0x5A,0x08,0x02,0x1D,0xB0,0x14,0x42,0x03,0x04,0x73,0x80,0x20,  //0x0f40~0x0f4f      .f.&Z.....B..s..
0x00,0x00,0x7F,0xC3,0x44,0x21,0x05,0xA4,0x96,0x2F,0x58,0x00,0x00,0x40,0x10,0x00,  //0x0f50~0x0f5f      ....D!.../X..@..
0xFF,0xC3,0x50,0x14,0x80,0x3C,0x94,0x4B,0x80,0x03,0x88,0x22,0x84,0x48,0x49,0x00,  //0x0f60~0x0f6f      ..P..<.K...".HI.
0x3F,0x05,0x80,0x60,0x50,0x0E,0x00,0x01,0x55,0xC0,0x00,0xFF,0xD5,0x13,0xB0,0x94,  //0x0f70~0x0f7f      ?..`P...U.......
0x42,0x23,0x04,0x73,0x5A,0x08,0x01,0x08,0x00,0x01,0x7F,0xC3,0x44,0x1F,0xFF,0x80,  //0x0f80~0x0f8f      B#.sZ.......D...
0x96,0x2F,0xD5,0x05,0x00,0x11,0x7F,0xC3,0x94,0x06,0x96,0x6F,0xFE,0x0F,0x10,0x01,  //0x0f90~0x0f9f      ./.........o....
0x7F,0xC3,0x84,0x06,0x50,0x7F,0x80,0x13,0x42,0x73,0x00,0x73,0xA6,0x1C,0x94,0x44,  //0x0fa0~0x0faf      ....P...Bs.s...D
0xA6,0x3A,0x2E,0x27,0xF7,0x46,0x96,0x1F,0xFE,0x0F,0xAE,0x3A,0xA4,0x19,0xA4,0x58,  //0x0fb0~0x0fbf      .:.'.F.....:...X
0xC2,0x05,0x81,0x00,0x12,0x1F,0x80,0x07,0xD5,0x04,0x81,0x01,0x12,0x0F,0x80,0x07,  //0x0fc0~0x0fcf      ................
0x50,0x0F,0x80,0x0E,0x49,0xFF,0xF8,0xD7,0x40,0x04,0x20,0x09,0x54,0x10,0x00,0x3F,  //0x0fd0~0x0fdf      P...I...@...T..?
0xA6,0x38,0x02,0x2F,0x80,0x07,0x54,0x00,0x00,0xC0,0xFE,0x0F,0xAE,0x38,0x40,0x01,  //0x0fe0~0x0fef      .8./..T......8@.
0x20,0x09,0x54,0x10,0x00,0x0F,0xA6,0x3A,0x8C,0xC1,0x54,0x00,0x00,0xF0,0xFE,0x0F,  //0x0ff0~0x0fff      ..T....:..T.....
0x10,0x83,0x80,0x01,0xAE,0x3A,0xAE,0xBB,0x97,0xB0,0x50,0x44,0x80,0x01,0x54,0x92,  //0x1000~0x100f      .....:....PD..T.
0x00,0xFF,0xD5,0x8C,0x2E,0x07,0xFD,0x80,0x8A,0xDC,0x10,0x0F,0x80,0x10,0x2E,0x07,  //0x1010~0x101f      ................
0xFF,0xDA,0x97,0xB0,0x10,0x0F,0x80,0x11,0x2E,0x07,0xFB,0x11,0x3E,0x67,0xFF,0xD4,  //0x1020~0x102f      ............>g..
0x10,0x6F,0x80,0x12,0x44,0x20,0x00,0x3F,0xC8,0x08,0x44,0x01,0x0A,0xA8,0xB0,0x44,  //0x1030~0x103f      .o..D..?..D....D
0x49,0x00,0x3E,0x9C,0x84,0x01,0xD5,0x07,0x44,0x01,0x0A,0x68,0xB0,0x44,0x49,0x00,  //0x1040~0x104f      I.>.....D..h.DI.
0x3E,0x95,0x84,0x00,0x3E,0x07,0xFB,0x11,0xFC,0xCA,0x3C,0x03,0xFF,0xED,0x54,0x00,  //0x1050~0x105f      >...>.....<...T.
0x03,0x00,0xC8,0x15,0x2E,0x07,0xFD,0x84,0xC8,0x12,0x2E,0x17,0xFB,0x57,0x5A,0x18,  //0x1060~0x106f      .............WZ.
0x52,0x10,0x3C,0x3D,0xE3,0xCD,0xB4,0x23,0x54,0x20,0x80,0x3E,0xB4,0x23,0x92,0x26,  //0x1070~0x107f      R.<=...#T..>.#.&
0x94,0x4E,0xFE,0x57,0xB6,0x23,0x3E,0x07,0xFB,0x57,0xD5,0x02,0x84,0x01,0x2E,0x17,  //0x1080~0x108f      .N.W.#>..W......
0xFD,0x85,0x5A,0x18,0x01,0x0C,0x2E,0x27,0xFA,0x31,0x2E,0x57,0xFF,0xE7,0x5A,0x20,  //0x1090~0x109f      ..Z....'.1.W..Z.
0xFF,0x04,0xD2,0x02,0x80,0x01,0x3E,0x57,0xFA,0x31,0xDD,0x9E,0xFC,0x00,0x49,0xFF,  //0x10a0~0x10af      ......>W.1....I.
0xFF,0xD6,0x3E,0x07,0xFB,0x5B,0x2E,0x07,0xFB,0x5B,0x5A,0x08,0x01,0x06,0x44,0x01,  //0x10b0~0x10bf      ..>..[...[Z...D.
0x06,0xE4,0x49,0xFF,0xFF,0x23,0x49,0x00,0x22,0xA6,0x49,0xFF,0xFB,0x45,0x49,0x00,  //0x10c0~0x10cf      ..I..#I.".I..EI.
0x1D,0x7B,0xFC,0x80,0x2E,0x07,0xFA,0x80,0x92,0x02,0x96,0x06,0x5A,0x08,0x01,0x11,  //0x10d0~0x10df      .{..........Z...
0xFC,0x00,0x49,0x00,0x1D,0x5A,0x2E,0x07,0xFA,0x80,0x54,0x00,0x00,0xFB,0x3E,0x07,  //0x10e0~0x10ef      ..I..Z....T...>.
0xFA,0x80,0x2E,0x07,0xFA,0x80,0x96,0x37,0x3E,0x07,0xFA,0x80,0xFC,0x80,0xDD,0x9E,  //0x10f0~0x10ff      .......7>.......
0x22,0x30,0x00,0x00,0xE0,0x62,0xE9,0x02,0xAC,0x80,0x22,0xF0,0x00,0x00,0xE0,0x2F,  //0x1100~0x110f      "0...b...."..../
0xE9,0x02,0xAC,0x40,0xDD,0x9E,0xFC,0x20,0xA6,0x85,0xCA,0x08,0x84,0x21,0x3E,0x17,  //0x1110~0x111f      ...@.........!>.
0xFB,0x10,0x3E,0x20,0x03,0x8D,0x3E,0x10,0x03,0x8C,0x2E,0x10,0x03,0x8D,0x44,0x71,  //0x1120~0x112f      ..>...>.......Dq
0x05,0xA4,0xE6,0x23,0xE8,0x0D,0xA4,0xC0,0x94,0x8A,0x88,0xE2,0x12,0x33,0x81,0xD6,  //0x1130~0x113f      ...#.........3..
0xA4,0x01,0x8C,0x21,0x12,0x03,0x81,0xD7,0x3E,0x10,0x03,0x8D,0xFC,0xA0,0x2E,0x17,  //0x1140~0x114f      ...!....>.......
0xFB,0x10,0x5A,0x18,0x01,0x20,0x80,0xC0,0x50,0x13,0x83,0xB0,0x84,0x44,0x50,0x03,  //0x1150~0x115f      ..Z.....P....DP.
0x83,0xAC,0x49,0x00,0x3E,0x0B,0x50,0x03,0x83,0xB0,0x50,0x13,0x83,0xB4,0x84,0x44,  //0x1160~0x116f      ..I.>.P...P....D
0x49,0x00,0x3E,0x04,0xA4,0x30,0x3C,0x08,0x01,0xC4,0xA4,0x31,0x3C,0x08,0x01,0xC5,  //0x1170~0x117f      I.>..0<....1<...
0x2E,0x00,0x02,0xB8,0x5A,0x08,0x01,0x07,0x84,0x00,0x3E,0x07,0xFB,0x10,0x3E,0x00,  //0x1180~0x118f      ....Z.....>...>.
0x03,0x8C,0xFC,0xA0,0x2E,0x10,0x03,0x8D,0xE6,0x23,0x4E,0xF3,0x01,0x30,0x2E,0x10,  //0x1190~0x119f      .........#N..0..
0x03,0x8C,0x4E,0x12,0x01,0x2C,0x3C,0x10,0x01,0x57,0x5C,0xF0,0x80,0x29,0x4E,0xF3,  //0x11a0~0x11af      ..N..,<..W...)N.
0x01,0x26,0xFC,0x45,0x3C,0x20,0x01,0xC2,0x3C,0x50,0x01,0xC0,0xE2,0x45,0xE9,0x03,  //0x11b0~0x11bf      .&.E<...<P...E..
0x9A,0x55,0xD5,0x02,0x9A,0x6A,0x3C,0x70,0x01,0xC4,0x96,0x4B,0xE2,0xE2,0xE9,0x03,  //0x11c0~0x11cf      .U...j<p...K....
0x9A,0xBA,0xD5,0x02,0x8A,0x47,0x96,0x93,0xF2,0x81,0x3C,0x40,0x01,0xC1,0x3C,0x20,  //0x11d0~0x11df      .....G....<@..<.
0x01,0xC3,0xE2,0x44,0xE9,0x03,0x9A,0xD4,0xD5,0x02,0x9A,0xE2,0x3C,0xA0,0x01,0xC5,  //0x11e0~0x11ef      ...D........<...
0x96,0xDB,0xE3,0x42,0xE9,0x04,0x40,0x65,0x08,0x01,0xD5,0x03,0x40,0x61,0x28,0x01,  //0x11f0~0x11ff      ...B..@e....@a(.
0x2E,0x27,0xF6,0x9F,0x97,0xB3,0x40,0x81,0x20,0x08,0x2E,0x27,0xF6,0x9E,0x40,0x84,  //0x1200~0x120f      .'....@....'..@.
0x08,0x04,0x50,0x24,0x7F,0xFF,0xE0,0xE2,0xE9,0x06,0x50,0x93,0xFF,0xFF,0x40,0x84,  //0x1210~0x121f      ..P$......P...@.
0xA0,0x01,0xD5,0x03,0x40,0x81,0x1C,0x01,0x2E,0xF7,0xF6,0xA1,0x41,0xE7,0xA0,0x08,  //0x1220~0x122f      ....@.......A...
0x2E,0xF7,0xF6,0xA0,0x40,0x84,0x00,0x13,0x41,0xEF,0x3C,0x04,0x51,0xCF,0x7F,0xFF,  //0x1230~0x123f      ....@...A.<.Q...
0xE1,0x5C,0xE9,0x07,0x50,0x95,0x7F,0xFF,0x8B,0x3E,0x40,0x94,0x80,0x13,0xD5,0x05,  //0x1240~0x124f      ....P....>@.....
0x40,0xFE,0x28,0x01,0x40,0x97,0x80,0x13,0x14,0x9F,0x80,0x02,0x40,0x92,0x28,0x06,  //0x1250~0x125f      @.(.@.......@.(.
0xF4,0x01,0xE2,0xA7,0x88,0x81,0x84,0x23,0xFE,0x64,0x84,0x82,0x14,0xFF,0x80,0x04,  //0x1260~0x126f      .......#.d......
0x40,0x10,0x90,0x36,0x5A,0xF8,0x01,0x04,0x88,0x27,0xD5,0x02,0x9A,0x79,0x12,0x1F,  //0x1270~0x127f      @..6Z....'...y..
0x80,0x12,0x99,0x5E,0x84,0x23,0xFE,0x6C,0x84,0x82,0x40,0x10,0x90,0x36,0x5A,0x98,  //0x1280~0x128f      ...^.#.l..@..6Z.
0x01,0x04,0x88,0x2A,0xD5,0x03,0x40,0x15,0x04,0x01,0xF0,0x85,0x96,0x11,0x2E,0x27,  //0x1290~0x129f      ...*..@........'
0xFD,0x93,0x12,0x1F,0x80,0x13,0x9A,0x82,0xF0,0x83,0x2E,0x17,0xFD,0x92,0xB0,0x09,  //0x12a0~0x12af      ................
0x96,0x91,0xF5,0x87,0xF3,0x86,0x49,0xFF,0xFF,0x25,0x2E,0x27,0xFD,0x95,0x41,0xCE,  //0x12b0~0x12bf      ......I..%.'..A.
0x00,0x13,0x40,0x2E,0x08,0x01,0x50,0x0F,0x80,0x26,0x2E,0x17,0xFD,0x94,0x96,0x91,  //0x12c0~0x12cf      ..@...P..&......
0x49,0xFF,0xFF,0x18,0xF0,0x01,0x44,0x41,0x05,0xA4,0x3C,0x10,0x01,0xC5,0xF3,0x06,  //0x12d0~0x12df      I.....DA..<.....
0xF5,0x07,0xC0,0x3F,0x3C,0x24,0x01,0xC3,0x96,0xCB,0x9A,0x9A,0x40,0x51,0x20,0x08,  //0x12e0~0x12ef      ...?<$......@Q..
0x3C,0x00,0x01,0xC4,0x3C,0x20,0x01,0xC2,0xE2,0xE8,0x9A,0x82,0x40,0x22,0x88,0x56,  //0x12f0~0x12ff      <...<.......@".V
0xF5,0x02,0x40,0x74,0x3C,0x1A,0xE3,0x45,0x97,0xF9,0x40,0x55,0x3C,0x1B,0xE2,0xA7,  //0x1300~0x130f      ..@t<..E..@U<...
0xE9,0x11,0x22,0x5F,0x80,0x12,0x96,0x03,0x8A,0xA0,0xFE,0xAC,0x90,0x48,0x88,0x41,  //0x1310~0x131f      .."_.........H.A
0x96,0x93,0x12,0x2F,0x80,0x13,0x5A,0x98,0x01,0x04,0xE0,0x41,0xD5,0x14,0xE0,0x22,  //0x1320~0x132f      .../..Z....A..."
0xD5,0x12,0x22,0x1F,0x80,0x13,0x8A,0x23,0x40,0xF0,0xA0,0x08,0x40,0x27,0x88,0x56,  //0x1330~0x133f      .."....#@...@'.V
0x88,0x40,0xF1,0x04,0x96,0x93,0x12,0x2F,0x80,0x12,0x5A,0x18,0x01,0x04,0xE0,0x40,  //0x1340~0x134f      .@...../..Z....@
0xD5,0x02,0xE0,0x02,0xE8,0x1D,0x12,0x0F,0x80,0x12,0x12,0x3F,0x80,0x13,0xD5,0x18,  //0x1350~0x135f      ...........?....
0x3C,0x00,0x01,0xC4,0x12,0x0F,0x80,0x12,0x84,0x03,0x5A,0x98,0x01,0x0A,0xFF,0x44,  //0x1360~0x136f      <.........Z....D
0x84,0x02,0x40,0x52,0x80,0xB6,0x88,0x25,0x12,0x1F,0x80,0x13,0xD5,0x09,0x88,0xC3,  //0x1370~0x137f      ..@R...%........
0xFE,0x34,0x84,0xC2,0x40,0x00,0x18,0x16,0x9A,0x08,0x12,0x0F,0x80,0x13,0x2E,0x27,  //0x1380~0x138f      .4..@..........'
0xFD,0x93,0xF0,0x03,0x2E,0x17,0xFD,0x92,0x8A,0x02,0x96,0x81,0xB0,0x09,0xF4,0x81,  //0x1390~0x139f      ................
0x49,0xFF,0xFE,0xB0,0x2E,0x27,0xFD,0x95,0x50,0x0F,0x80,0x26,0x40,0x2E,0x08,0x01,  //0x13a0~0x13af      I....'..P..&@...
0x2E,0x17,0xFD,0x94,0x96,0x91,0x49,0xFF,0xFE,0xA5,0xF0,0x05,0xF4,0x01,0x50,0x00,  //0x13b0~0x13bf      ......I.......P.
0x00,0x28,0x02,0x1F,0x80,0x12,0x38,0x12,0x03,0x09,0x02,0x1F,0x80,0x13,0x94,0x03,  //0x13c0~0x13cf      .(....8.........
0x88,0x04,0xAC,0x41,0x84,0x21,0xAE,0x45,0xF0,0x05,0x3E,0x17,0xFF,0xD4,0x50,0x00,  //0x13d0~0x13df      ...A.!.E..>...P.
0x00,0x32,0x94,0x03,0x88,0x80,0x84,0x00,0x3E,0x07,0xFF,0xD6,0x2E,0x00,0x03,0x8C,  //0x13e0~0x13ef      .2......>.......
0xAE,0x65,0x8E,0x01,0x3E,0x00,0x03,0x8C,0xFC,0xC5,0x84,0x00,0x3E,0x00,0x03,0x8C,  //0x13f0~0x13ff      .e..>.......>...
0xDD,0x9E,0xFC,0x00,0x80,0xC0,0x2E,0x07,0xF7,0x52,0xC0,0x2C,0x2E,0x17,0xFF,0xD4,  //0x1400~0x140f      .........R.,....
0x2E,0x07,0xFF,0xD6,0x88,0x01,0x5A,0x08,0x01,0x1F,0x2E,0x07,0xFA,0x30,0xC0,0x1B,  //0x1410~0x141f      ......Z......0..
0x2E,0x07,0xFF,0xE8,0xC8,0x18,0xA6,0x75,0x5A,0x10,0xFF,0x1D,0xA6,0x74,0x5A,0x10,  //0x1420~0x142f      .......uZ....tZ.
0xFF,0x1A,0x49,0x00,0x1A,0x60,0x5A,0x00,0x01,0x16,0xA6,0x35,0x5A,0x08,0x02,0x06,  //0x1430~0x143f      ..I..`Z....5Z...
0xA6,0x34,0x49,0xFF,0xFE,0xA9,0xFC,0x80,0xE6,0x02,0xE8,0x0C,0x80,0x06,0x49,0xFF,  //0x1440~0x144f      .4I...........I.
0xFE,0x64,0xFC,0x80,0xE6,0x22,0x84,0x00,0xE8,0x03,0xC9,0x04,0x84,0x01,0x3E,0x07,  //0x1450~0x145f      .d..."........>.
0xFA,0x30,0xFC,0x80,0xFC,0x00,0x44,0x01,0x06,0xE4,0x49,0xFF,0xFF,0xCC,0x49,0xFF,  //0x1460~0x146f      .0....D...I...I.
0xF6,0x89,0xFC,0x80,0xFC,0x20,0x2E,0x07,0xFC,0x0E,0xC0,0x77,0x84,0x00,0x3E,0x07,  //0x1470~0x147f      ...........w..>.
0xFC,0x0E,0x44,0x40,0x93,0xFC,0x84,0x00,0x84,0xAC,0x80,0x24,0x42,0x10,0x14,0x73,  //0x1480~0x148f      ..D@.......$B..s
0xB4,0x41,0xC2,0x10,0xA1,0xC9,0x00,0x60,0x80,0x08,0x00,0x30,0x80,0x09,0xA6,0x78,  //0x1490~0x149f      .A.....`...0...x
0x5A,0x68,0x02,0x05,0xFE,0x5C,0xAC,0x50,0xD5,0x02,0xAE,0x50,0x8C,0x01,0x96,0x00,  //0x14a0~0x14af      Zh.....P...P....
0xD5,0xED,0x2E,0x07,0xFA,0x80,0x92,0x04,0x96,0x17,0x3E,0x07,0xFD,0x80,0x2E,0x07,  //0x14b0~0x14bf      ..........>.....
0xFA,0x5B,0xC8,0x13,0x2E,0x07,0xFA,0x80,0x92,0x04,0x96,0x17,0xC0,0x07,0x2E,0x07,  //0x14c0~0x14cf      .[..............
0xFA,0x80,0x92,0x04,0x96,0x17,0x5A,0x08,0x04,0x0F,0x2E,0x07,0xFA,0x80,0x92,0x04,  //0x14d0~0x14df      ......Z.........
0x96,0x17,0x3E,0x07,0xFD,0x80,0xD5,0x07,0x2E,0x07,0xFA,0x5B,0x5A,0x08,0x15,0x04,  //0x14e0~0x14ef      ..>........[Z...
0x49,0x00,0x02,0x35,0x2E,0x07,0xFD,0x7E,0xC8,0x04,0x3C,0x1D,0xFF,0x43,0xAC,0x0D,  //0x14f0~0x14ff      I..5...~..<..C..
0x2E,0x07,0xFD,0x83,0x5A,0x08,0x01,0x0D,0x3E,0x07,0xFA,0x4D,0x84,0x00,0x3E,0x07,  //0x1500~0x150f      ....Z...>..M..>.
0xFF,0x75,0x3E,0x07,0xFF,0x9D,0x3E,0x07,0xFF,0xBC,0x49,0x00,0x1F,0x49,0x2E,0x07,  //0x1510~0x151f      .u>...>...I..I..
0xFB,0x57,0x5A,0x08,0x52,0x12,0x2E,0x07,0xFD,0x80,0xC0,0x0E,0x3C,0x2D,0xE3,0xCD,  //0x1520~0x152f      .WZ.R.......<-..
0xB4,0x02,0x54,0x10,0x00,0x3E,0xB4,0x02,0x92,0x06,0x94,0x06,0xFE,0x0F,0xB6,0x02,  //0x1530~0x153f      ..T..>..........
0x84,0x00,0x3E,0x07,0xFB,0x57,0x2E,0x07,0xFA,0x80,0x92,0x04,0x96,0x17,0x5A,0x08,  //0x1540~0x154f      ..>..W........Z.
0x04,0x0D,0x2E,0x07,0xFA,0x80,0x92,0x03,0x96,0x06,0x5A,0x00,0x01,0x03,0x84,0x00,  //0x1550~0x155f      ..........Z.....
0x3E,0x07,0xFF,0x9C,0x3E,0x07,0xFF,0x74,0xFC,0xA0,0x2E,0x07,0xFA,0x58,0xC0,0x20,  //0x1560~0x156f      >...>..t.....X..
0xFC,0x20,0x84,0x01,0x3E,0x07,0xFA,0x58,0x44,0x60,0x93,0xFC,0x84,0x00,0x84,0xEC,  //0x1570~0x157f      ....>..XD`......
0x80,0x66,0x42,0x30,0x1C,0x73,0xA0,0x59,0xC1,0x12,0x80,0x43,0xA3,0x12,0xA7,0x51,  //0x1580~0x158f      .fB0.s.Y...C...Q
0x00,0x21,0x80,0x08,0x5A,0x28,0x02,0x07,0xC5,0x05,0xA4,0xA0,0x40,0x21,0x14,0x56,  //0x1590~0x159f      .!..Z(......@!.V
0xD5,0x02,0xA6,0xA0,0x8C,0x01,0xAE,0x88,0x96,0x00,0xD5,0xEB,0xFC,0xA0,0xDD,0x9E,  //0x15a0~0x15af      ................
0x3C,0x0D,0xFE,0xCB,0xC0,0x04,0xFC,0x00,0xDD,0x20,0xFC,0x80,0xDD,0x9E,0x2E,0x07,  //0x15b0~0x15bf      <...............
0xFA,0x80,0x44,0x11,0x03,0xF4,0x96,0x37,0x3E,0x07,0xFA,0x80,0x84,0x00,0x3E,0x07,  //0x15c0~0x15cf      ..D....7>.....>.
0xFB,0x8A,0x10,0x00,0x81,0x78,0x10,0x00,0x81,0x50,0xDD,0x9E,0xFC,0x00,0x84,0xC0,  //0x15d0~0x15df      .....x...P......
0x49,0xFF,0xFF,0xEF,0x3C,0x0D,0xFF,0x43,0xC0,0x07,0xA0,0x44,0x8C,0x21,0xA8,0x44,  //0x15e0~0x15ef      I...<..C...D.!.D
0xA0,0x46,0x8C,0x21,0xA8,0x46,0x49,0xFF,0xF6,0x0B,0x49,0xFF,0xFF,0x3D,0x49,0x00,  //0x15f0~0x15ff      .F.!.FI...I..=I.
0x06,0xDC,0x49,0xFF,0xFF,0xD7,0x2E,0x07,0xFD,0x80,0x5A,0x00,0x04,0x05,0x49,0x00,  //0x1600~0x160f      ..I.......Z...I.
0x20,0x43,0xFC,0x80,0x49,0xFF,0xFD,0x60,0x2E,0x07,0xFA,0x80,0x92,0x07,0xC8,0x04,  //0x1610~0x161f      .C..I..`........
0x2E,0x07,0xFB,0x8A,0xC0,0xE0,0x49,0x00,0x1A,0x81,0x84,0x00,0x49,0x00,0x21,0xFC,  //0x1620~0x162f      ......I.....I.!.
0x3C,0x0D,0xFF,0x43,0xC0,0x05,0x83,0x80,0xB9,0x08,0x8C,0x21,0xB9,0x88,0x2E,0x07,  //0x1630~0x163f      <..C.......!....
0xFA,0x80,0x92,0x03,0x96,0x06,0x5A,0x08,0x01,0x0E,0x2E,0x07,0xFF,0xB8,0x5A,0x08,  //0x1640~0x164f      ......Z.......Z.
0x01,0x0A,0x49,0x00,0x18,0x04,0x49,0x00,0x18,0x12,0x49,0x00,0x0F,0x86,0x49,0x00,  //0x1650~0x165f      ..I...I...I...I.
0x1F,0xE8,0x49,0x00,0x0F,0x17,0x2E,0x07,0xFA,0x80,0x3E,0x67,0xFB,0x8A,0x96,0x37,  //0x1660~0x166f      ..I.......>g...7
0x3E,0x07,0xFA,0x80,0xD5,0xB8,0x44,0x01,0x03,0x48,0x84,0x20,0x10,0x10,0x00,0x08,  //0x1670~0x167f      >.....D..H......
0xAE,0x46,0xDD,0x9E,0xFC,0x00,0x49,0x00,0x1A,0x8C,0x49,0x00,0x03,0x30,0x49,0xFF,  //0x1680~0x168f      .F....I...I..0I.
0xFF,0xF4,0x2E,0x07,0xFD,0x80,0xC0,0x06,0x5A,0x08,0x04,0xFF,0x49,0xFF,0xFF,0xA0,  //0x1690~0x169f      ........Z...I...
0xD5,0xF9,0x49,0x00,0x0F,0x27,0xD5,0xF6,0xFC,0x41,0x2E,0x37,0xF7,0x59,0x2E,0x07,  //0x16a0~0x16af      ..I..'...A.7.Y..
0xF7,0xA2,0x3E,0x07,0xFA,0x36,0x2F,0xC7,0xF7,0xA3,0x2E,0x87,0xF7,0xA5,0x2E,0xA7,  //0x16b0~0x16bf      ..>..6/.........
0xF7,0xA6,0x2E,0x07,0xF7,0xA7,0x3E,0x07,0xFA,0x34,0x44,0x10,0xFD,0x78,0x44,0x01,  //0x16c0~0x16cf      ......>..4D..xD.
0x01,0x14,0x84,0x45,0x3E,0x37,0xFA,0x4C,0xF3,0x81,0x3F,0xC7,0xFB,0x4D,0x3E,0x87,  //0x16d0~0x16df      ...E>7.L..?..M>.
0xFA,0x35,0x3E,0xA7,0xFB,0x4C,0x49,0x00,0x3B,0x49,0x2E,0x77,0xF7,0x57,0xF3,0x01,  //0x16e0~0x16ef      .5>..LI.;I.w.W..
0x2E,0x97,0xF7,0x58,0x84,0x00,0x3E,0x77,0xFE,0x24,0x3E,0x97,0xFE,0x25,0x3E,0x77,  //0x16f0~0x16ff      ...X..>w.$>..%>w
0xFE,0x26,0x3E,0x07,0xFB,0x56,0x44,0x61,0x03,0xF4,0x5A,0x38,0x01,0x06,0x3E,0x97,  //0x1700~0x170f      .&>..VDa..Z8..>.
0xFE,0x26,0x3E,0x77,0xFB,0x56,0x40,0x13,0xA0,0x01,0x40,0x04,0xA8,0x01,0x96,0x48,  //0x1710~0x171f      .&>w.V@...@....H
0x96,0x00,0x3E,0x17,0xFE,0x27,0x3E,0x07,0xFE,0x28,0x3E,0x17,0xFE,0x29,0x3E,0x07,  //0x1720~0x172f      ..>..'>..(>..)>.
0xFE,0x2A,0x3F,0xC7,0xFE,0x2D,0x4F,0xC3,0x00,0x07,0x3E,0x77,0xFE,0x2B,0x3E,0x97,  //0x1730~0x173f      .*?..-O...>w.+>.
0xFE,0x2C,0xD5,0x05,0x3E,0x97,0xFE,0x2B,0x3E,0x77,0xFE,0x2C,0x2E,0x07,0xF8,0x74,  //0x1740~0x174f      .,..>..+>w.,...t
0x2E,0x17,0xF8,0x73,0x40,0x00,0x20,0x08,0xFE,0x0F,0x3C,0x0B,0xFF,0xB5,0x2E,0x07,  //0x1750~0x175f      ...s@.....<.....
0xF8,0x75,0x3E,0x07,0xFF,0x6C,0x2E,0x07,0xF8,0x76,0x3E,0x07,0xFF,0x6E,0x2E,0x17,  //0x1760~0x176f      .u>..l...v>..n..
0xF8,0x77,0x2E,0x27,0xF8,0x79,0x3E,0x27,0xFF,0x71,0x2E,0x07,0xF8,0x78,0x2E,0x27,  //0x1770~0x177f      .w.'.y>'.q...x.'
0xF8,0x7A,0xE6,0x25,0x3E,0x17,0xFF,0x6F,0x3E,0x07,0xFF,0x70,0x3E,0x27,0xFF,0x72,  //0x1780~0x178f      .z.%>..o>..p>'.r
0xE9,0x04,0x84,0x24,0x3E,0x17,0xFF,0x6F,0x94,0x43,0x8C,0x29,0x96,0x48,0x9E,0x89,  //0x1790~0x179f      ...$>..o.C.).H..
0x2E,0x17,0xFF,0x6F,0x84,0x61,0x40,0x11,0x84,0x0C,0x40,0x11,0x04,0x36,0x3E,0x17,  //0x17a0~0x17af      ...o.a@...@..6>.
0xFF,0x6D,0x2E,0x07,0xF8,0x7C,0x2E,0x17,0xF8,0x7B,0x40,0x00,0x20,0x08,0xFE,0x0F,  //0x17b0~0x17bf      .m...|...{@.....
0x3C,0x0B,0xFF,0xBB,0x2E,0x07,0xF8,0x7D,0x3E,0x07,0xFF,0x78,0x2E,0x07,0xF8,0x7E,  //0x17c0~0x17cf      <......}>..x...~
0x3E,0x07,0xFF,0x7A,0x2E,0x27,0xF8,0x7F,0x2E,0x07,0xF8,0x80,0x2E,0x17,0xF8,0x81,  //0x17d0~0x17df      >..z.'..........
0x3E,0x07,0xFF,0x7C,0x94,0x03,0x3E,0x17,0xFF,0x7D,0x8C,0x09,0x2E,0x17,0xF8,0x82,  //0x17e0~0x17ef      >..|..>..}......
0x96,0x00,0x3E,0x17,0xFF,0x7E,0x9E,0x41,0x40,0x01,0x88,0x0C,0x40,0x00,0x80,0x16,  //0x17f0~0x17ff      ..>..~.A@...@...
0xE6,0x45,0x3E,0x27,0xFF,0x7B,0x3E,0x07,0xFF,0x79,0xE9,0x04,0x84,0x04,0x3E,0x07,  //0x1800~0x180f      .E>'.{>..y....>.
0xFF,0x7B,0x2E,0x07,0xF7,0xCE,0x3E,0x07,0xFF,0x83,0x2E,0x37,0xF7,0xD0,0x2E,0x17,  //0x1810~0x181f      .{....>....7....
0xF7,0xD1,0x2E,0x07,0xF7,0xD2,0x3E,0x07,0xFF,0x86,0x2E,0x07,0xF7,0xCF,0x3E,0x07,  //0x1820~0x182f      ......>.......>.
0xFF,0x87,0x2E,0x07,0xF8,0x68,0x2E,0x27,0xF8,0x67,0x40,0x00,0x20,0x08,0xFE,0x17,  //0x1830~0x183f      .....h.'.g@.....
0x3C,0x0B,0xFF,0xC4,0x2E,0x07,0xF8,0x64,0x2E,0x27,0xF8,0x63,0x40,0x00,0x20,0x08,  //0x1840~0x184f      <......d.'.c@...
0xFE,0x17,0x3C,0x0B,0xFF,0xC5,0x2E,0x07,0xF8,0x66,0x2E,0x27,0xF8,0x65,0x40,0x00,  //0x1850~0x185f      ..<......f.'.e@.
0x20,0x08,0xFE,0x17,0xE6,0x65,0x3E,0x37,0xFF,0x84,0x3E,0x17,0xFF,0x85,0x3C,0x0B,  //0x1860~0x186f      .....e>7..>...<.
0xFF,0xC6,0xE9,0x04,0x84,0x04,0x3E,0x07,0xFF,0x84,0x94,0x4B,0x8C,0x29,0x96,0x48,  //0x1870~0x187f      ......>....K.).H
0x9E,0xC9,0x2E,0x17,0xFF,0x84,0x84,0x01,0x40,0x10,0x04,0x0C,0x2E,0x07,0xF8,0x6A,  //0x1880~0x188f      ........@......j
0x3E,0x07,0xFF,0x94,0x2E,0x07,0xF8,0x69,0x3E,0x07,0xFF,0x93,0x2E,0x07,0xF8,0x6B,  //0x1890~0x189f      >......i>......k
0x3E,0x07,0xFF,0x95,0x2E,0x07,0xF8,0x6C,0x3E,0x07,0xFF,0x96,0x2E,0x07,0xF8,0x6D,  //0x18a0~0x18af      >......l>......m
0x3E,0x07,0xFF,0x91,0x2E,0x07,0xF8,0x6E,0x3E,0x07,0xFF,0x92,0x2E,0x07,0xF8,0x6F,  //0x18b0~0x18bf      >......n>......o
0x3E,0x07,0xFF,0x97,0x2E,0x07,0xF8,0x70,0x3E,0x07,0xFF,0x98,0x2E,0x07,0xF8,0x71,  //0x18c0~0x18cf      >......p>......q
0x40,0x11,0x84,0x36,0x3E,0x07,0xFF,0x99,0x44,0xA1,0x04,0x98,0x96,0x48,0x2E,0x07,  //0x18d0~0x18df      @..6>...D....H..
0xF8,0x72,0x80,0x47,0x3E,0x17,0xFF,0x90,0x3E,0x17,0xFF,0x8E,0x3E,0x17,0xFF,0x8F,  //0x18e0~0x18ef      .r.G>...>...>...
0x3E,0x07,0xFF,0x9A,0x44,0x10,0xFD,0x2A,0x80,0x0A,0x49,0x00,0x3A,0x3F,0x98,0x37,  //0x18f0~0x18ff      >...D..*..I.:?.7
0x80,0x49,0x44,0x10,0xFD,0x4E,0x50,0x00,0x00,0xA4,0x49,0x00,0x3A,0x37,0x2E,0x07,  //0x1900~0x190f      .ID..NP...I.:7..
0xFE,0x24,0x44,0x10,0xFD,0xA3,0x88,0xC0,0x50,0x63,0x00,0xA4,0x50,0x05,0x7F,0x70,  //0x1910~0x191f      .$D.....Pc..P..p
0xFA,0x54,0x3C,0xAF,0xFF,0x8C,0x3C,0x6F,0xFF,0x8D,0x49,0x00,0x3A,0x27,0x50,0x05,  //0x1920~0x192f      .T<...<o..I.:'P.
0x7F,0x94,0x44,0x10,0xFD,0xC7,0xFA,0x54,0x49,0x00,0x3A,0x20,0x50,0x05,0x7F,0xB8,  //0x1930~0x193f      ..D....TI.:.P...
0x44,0x10,0xFD,0xEB,0xFA,0x54,0x49,0x00,0x3A,0x19,0x50,0x05,0x7F,0xDC,0x44,0x10,  //0x1940~0x194f      D....TI.:.P...D.
0xFE,0x0F,0xFA,0x54,0x49,0x00,0x3A,0x12,0xFC,0xC1,0x44,0x01,0x03,0x58,0xA6,0x84,  //0x1950~0x195f      ...TI.:...D..X..
0xA6,0x42,0x44,0x31,0x03,0xF4,0x88,0x22,0xA6,0x9B,0xA7,0x01,0x8E,0x42,0x42,0x12,  //0x1960~0x196f      .BD1...".....BB.
0x08,0x73,0x96,0x49,0xAE,0x46,0x92,0x28,0xA6,0x85,0xAE,0x47,0xA6,0x43,0x88,0x22,  //0x1970~0x197f      .s.I.F.(...G.C."
0xA6,0x9C,0xA6,0xC0,0x8E,0x42,0x42,0x11,0x88,0x73,0x96,0x49,0x10,0x10,0x00,0x08,  //0x1980~0x198f      .....BB..s.I....
0x92,0x28,0x10,0x10,0x00,0x09,0xDD,0x9E,0xFC,0x00,0x44,0x10,0xFE,0x87,0xFA,0x4E,  //0x1990~0x199f      .(........D....N
0x44,0x01,0x03,0x58,0x49,0x00,0x39,0xEA,0x49,0xFF,0xFF,0xD9,0xFC,0x80,0x44,0x00,  //0x19a0~0x19af      D..XI.9.I.....D.
0xFC,0x00,0x00,0x20,0x02,0x56,0x44,0x11,0x03,0x78,0xAE,0x88,0x00,0x20,0x02,0x59,  //0x19b0~0x19bf      .....VD..x.....Y
0x00,0x30,0x02,0x5A,0xAE,0x8B,0x00,0x20,0x02,0x5B,0x40,0x21,0x20,0x08,0xFE,0x9F,  //0x19c0~0x19cf      .0.Z.....[@!....
0xAC,0x8A,0x00,0x20,0x02,0x5D,0x00,0x30,0x02,0x5C,0x40,0x21,0x20,0x08,0xFE,0x9F,  //0x19d0~0x19df      .....].0..@!....
0xAC,0x8B,0x00,0x20,0x02,0x61,0x00,0x30,0x02,0x60,0x40,0x21,0x20,0x08,0xFE,0x9F,  //0x19e0~0x19ef      .....a.0.`@!....
0xAC,0x8D,0x00,0x20,0x02,0x64,0x00,0x30,0x02,0x63,0x40,0x21,0x20,0x08,0xFE,0x9F,  //0x19f0~0x19ff      .....d.0.c@!....
0xAC,0x8E,0x00,0x20,0x02,0x66,0x00,0x30,0x02,0x65,0x40,0x21,0x20,0x08,0xFE,0x9F,  //0x1a00~0x1a0f      .....f.0.e@!....
0xAC,0x8F,0x00,0x20,0x02,0x62,0x10,0x20,0x80,0x10,0x00,0x20,0x02,0xA7,0xAE,0x8A,  //0x1a10~0x1a1f      .....b..........
0x00,0x20,0x02,0xAB,0xAE,0x89,0x00,0x20,0x02,0x71,0x00,0x00,0x02,0x72,0x40,0x00,  //0x1a20~0x1a2f      .........q...r@.
0x20,0x08,0xFE,0x17,0x12,0x00,0x80,0x09,0xDD,0x9E,0x2E,0x27,0xF7,0x42,0x3E,0x27,  //0x1a30~0x1a3f      ...........'.B>'
0xFF,0xE0,0x2E,0x27,0xF7,0x44,0x3E,0x27,0xFF,0xE1,0x2E,0x27,0xF7,0x45,0x2E,0x17,  //0x1a40~0x1a4f      ...'.D>'...'.E..
0xF7,0x3F,0x3E,0x27,0xFF,0xE2,0x2E,0x27,0xF9,0x65,0x3E,0x17,0xFF,0xDD,0x2E,0x17,  //0x1a50~0x1a5f      .?>'...'.e>.....
0xF7,0x40,0x3E,0x27,0xFF,0xE3,0x2E,0x27,0xF7,0x48,0x3E,0x17,0xFF,0xDE,0x84,0x00,  //0x1a60~0x1a6f      .@>'...'.H>.....
0x2E,0x17,0xF7,0x41,0x3E,0x27,0xFF,0xE4,0x3E,0x07,0xFF,0xD4,0x3E,0x07,0xFF,0xD5,  //0x1a70~0x1a7f      ...A>'..>...>...
0x2E,0x27,0xF7,0x49,0x3E,0x07,0xFF,0xE6,0x44,0x0F,0xFF,0xE0,0x3E,0x17,0xFF,0xDF,  //0x1a80~0x1a8f      .'.I>...D...>...
0x3E,0x27,0xFF,0xE5,0x3E,0x07,0xFF,0xE7,0xC1,0x15,0x2E,0x07,0xF6,0x9F,0x2E,0x17,  //0x1a90~0x1a9f      >'..>...........
0xF6,0x9E,0x40,0x00,0x20,0x08,0xFE,0x0F,0x40,0x10,0x20,0x09,0x3E,0x07,0xFF,0xEA,  //0x1aa0~0x1aaf      ..@.....@...>...
0x2E,0x07,0xF6,0xA1,0x3E,0x17,0xFF,0xE9,0x40,0x00,0x20,0x08,0x2E,0x17,0xF6,0xA0,  //0x1ab0~0x1abf      ....>...@.......
0xD5,0x14,0x2E,0x07,0xFD,0x91,0x2E,0x17,0xFD,0x90,0x40,0x00,0x20,0x08,0xFE,0x0F,  //0x1ac0~0x1acf      ..........@.....
0x40,0x10,0x20,0x09,0x3E,0x07,0xFF,0xEA,0x2E,0x07,0xFD,0x8F,0x3E,0x17,0xFF,0xE9,  //0x1ad0~0x1adf      @...>.......>...
0x40,0x00,0x20,0x08,0x2E,0x17,0xFD,0x8E,0xFE,0x0F,0x40,0x10,0x20,0x09,0x3E,0x07,  //0x1ae0~0x1aef      @.........@...>.
0xFF,0xEC,0x2E,0x07,0xFF,0xDB,0x3E,0x17,0xFF,0xEB,0x54,0x00,0x00,0xE7,0x3E,0x07,  //0x1af0~0x1aff      ......>...T...>.
0xFF,0xDB,0x84,0x00,0x3E,0x07,0xFF,0xE8,0xDD,0x9E,0xFC,0x00,0x44,0x61,0x05,0x8C,  //0x1b00~0x1b0f      ....>.......Da..
0x84,0x20,0x80,0x06,0xFA,0x48,0x49,0x00,0x39,0x57,0x44,0x10,0xFC,0x00,0x00,0x00,  //0x1b10~0x1b1f      .....HI.9WD.....
0x82,0x77,0x10,0x03,0x00,0x0A,0xFE,0x02,0x10,0x03,0x00,0x0B,0x00,0x00,0x82,0x78,  //0x1b20~0x1b2f      .w.............x
0x10,0x03,0x00,0x0E,0xFE,0x02,0x10,0x03,0x00,0x0F,0x00,0x00,0x82,0x76,0x10,0x03,  //0x1b30~0x1b3f      .............v..
0x00,0x12,0xFE,0x02,0x10,0x03,0x00,0x13,0xFC,0x80,0xFC,0x00,0x44,0x61,0x03,0x48,  //0x1b40~0x1b4f      ............Da.H
0x84,0x20,0x80,0x06,0x84,0x4F,0x49,0x00,0x39,0x37,0x44,0x00,0xFC,0x00,0x00,0x10,  //0x1b50~0x1b5f      .....OI.97D.....
0x02,0x6D,0x10,0x13,0x00,0x0A,0x00,0x10,0x02,0x6E,0xAE,0x73,0x00,0x10,0x02,0x6F,  //0x1b60~0x1b6f      .m.......n.s...o
0xAE,0x74,0x00,0x10,0x01,0x13,0x00,0x00,0x03,0x03,0xAE,0x72,0x84,0x21,0x10,0x13,  //0x1b70~0x1b7f      .t.........r.!..
0x00,0x0B,0x44,0x11,0x03,0xA4,0xAE,0x09,0x84,0x00,0xAE,0x0D,0x84,0x00,0xAC,0x09,  //0x1b80~0x1b8f      ..D.............
0xAE,0x0C,0xFC,0x80,0xFC,0x00,0x44,0x00,0xFC,0x00,0x00,0x40,0x02,0xB2,0x84,0x2A,  //0x1b90~0x1b9f      ......D....@...*
0x84,0x40,0x44,0x31,0x05,0x70,0xFE,0x64,0x10,0x21,0x80,0x0A,0xAC,0x5B,0x00,0x30,  //0x1ba0~0x1baf      .@D1.p.d.!...[.0
0x03,0x13,0x00,0x40,0x03,0x12,0x44,0x11,0x03,0xF4,0x40,0x31,0xA0,0x08,0x10,0x20,  //0x1bb0~0x1bbf      ...@..D...@1....
0x81,0x50,0x10,0x20,0x81,0x51,0xFE,0xE7,0x44,0x14,0x00,0x00,0x12,0x30,0x8A,0xB2,  //0x1bc0~0x1bcf      .P...Q..D....0..
0x00,0x30,0x03,0x15,0x00,0x40,0x03,0x14,0x40,0x31,0xA0,0x08,0xFE,0xE7,0x12,0x30,  //0x1bd0~0x1bdf      .0...@..@1.....0
0x8A,0xB3,0x00,0x30,0x03,0x16,0x00,0x00,0x03,0x17,0x10,0x30,0x95,0x68,0x10,0x00,  //0x1be0~0x1bef      ...0.......0.h..
0x95,0x69,0x10,0x20,0x95,0x6A,0x44,0x04,0x08,0x88,0x84,0x20,0x44,0x20,0x00,0x6A,  //0x1bf0~0x1bff      .i...jD.....D..j
0x49,0x00,0x38,0xE2,0x84,0x20,0x44,0x20,0x00,0x6A,0x44,0x04,0x08,0xF4,0x49,0x00,  //0x1c00~0x1c0f      I.8...D..jD...I.
0x38,0xDB,0x84,0x20,0x44,0x20,0x00,0x6A,0x44,0x04,0x09,0x60,0x49,0x00,0x38,0xD4,  //0x1c10~0x1c1f      8...D..jD..`I.8.
0x84,0x20,0x44,0x20,0x00,0x6A,0x44,0x04,0x09,0xCC,0x49,0x00,0x38,0xCD,0x84,0x20,  //0x1c20~0x1c2f      ..D..jD...I.8...
0x44,0x20,0x00,0x6A,0x44,0x04,0x0A,0x38,0x49,0x00,0x38,0xC6,0x84,0x20,0x44,0x20,  //0x1c30~0x1c3f      D..jD..8I.8...D.
0x00,0x6A,0x44,0x04,0x0A,0xA4,0x49,0x00,0x38,0xBF,0xFC,0x80,0x84,0x00,0x44,0x11,  //0x1c40~0x1c4f      .jD...I.8.....D.
0x05,0x70,0x10,0x00,0x80,0x0A,0x10,0x00,0x80,0x18,0x44,0x11,0x03,0xF4,0x10,0x00,  //0x1c50~0x1c5f      .p........D.....
0x81,0x78,0x10,0x00,0x81,0x79,0xDD,0x9E,0x44,0x00,0xFC,0x00,0x00,0x10,0x00,0x2F,  //0x1c60~0x1c6f      .x...y..D....../
0x00,0x30,0x00,0x30,0x40,0x10,0xE0,0x08,0x40,0x31,0xC0,0x08,0x44,0x21,0x01,0x58,  //0x1c70~0x1c7f      .0.0@...@1..D!.X
0x88,0x23,0xA8,0x53,0x00,0x10,0x01,0x23,0x10,0x11,0x00,0x12,0x00,0x10,0x00,0x6D,  //0x1c80~0x1c8f      .#.S...#.......m
0x00,0x00,0x02,0x53,0x10,0x11,0x00,0x13,0x3E,0x07,0xFA,0x3C,0xDD,0x9E,0x3C,0x0D,  //0x1c90~0x1c9f      ...S....>..<..<.
0xE2,0x21,0xA6,0x00,0xC8,0x04,0x3C,0x0D,0xE3,0xA2,0xA6,0x00,0xDD,0x9E,0xFC,0x20,  //0x1ca0~0x1caf      .!....<.........
0x44,0x00,0x94,0x5C,0x44,0x10,0xFC,0x00,0x84,0x4B,0x49,0xFF,0xF2,0x65,0xC8,0x15,  //0x1cb0~0x1cbf      D...D....KI..e..
0x80,0xC0,0x2E,0x77,0xF9,0x64,0x44,0x00,0x00,0x58,0x49,0x00,0x14,0x67,0x5A,0x68,  //0x1cc0~0x1ccf      ...w.dD..XI..gZh
0x01,0x05,0xCF,0x04,0x84,0x00,0xD5,0x03,0xCF,0xFE,0x84,0x01,0x56,0x63,0x00,0x01,  //0x1cd0~0x1cdf      ............Vc..
0x49,0x00,0x35,0x49,0x97,0xB0,0xD5,0xF0,0xFC,0xA0,0xFC,0x00,0x49,0x00,0x26,0x08,  //0x1ce0~0x1cef      I.5I........I.&.
0x49,0xFF,0xF2,0xCA,0x2E,0x07,0xF9,0x65,0x3E,0x07,0xFF,0xE3,0x3C,0x0D,0xFE,0xD4,  //0x1cf0~0x1cff      I......e>...<...
0x5A,0x08,0x01,0x05,0x84,0x08,0x49,0x00,0x14,0x49,0x2E,0x07,0xF9,0x64,0xC8,0x03,  //0x1d00~0x1d0f      Z.....I..I...d..
0x84,0x01,0xD5,0x02,0x84,0x00,0x49,0x00,0x35,0x2E,0x49,0xFF,0xF2,0xF8,0x49,0xFF,  //0x1d10~0x1d1f      ......I.5.I...I.
0xFF,0xC8,0x49,0xFF,0xFF,0xBE,0x49,0xFF,0xFE,0xF2,0x49,0xFF,0xFC,0xBF,0x49,0xFF,  //0x1d20~0x1d2f      ..I...I...I...I.
0xFE,0x40,0x49,0xFF,0xFF,0x0C,0x49,0xFF,0xFE,0x31,0x49,0xFF,0xFE,0x80,0x49,0xFF,  //0x1d30~0x1d3f      .@I...I..1I...I.
0xFF,0x2B,0x49,0xFF,0xFF,0x85,0x44,0x01,0x01,0x2C,0x49,0x00,0x14,0x2D,0x49,0x00,  //0x1d40~0x1d4f      .+I...D..,I..-I.
0x0C,0x63,0x49,0xFF,0xFF,0x8B,0x49,0xFF,0xFC,0x0A,0x49,0xFF,0xF2,0x05,0x49,0x00,  //0x1d50~0x1d5f      .cI...I...I...I.
0x16,0xC6,0x49,0x00,0x26,0x04,0x49,0x00,0x1B,0x23,0x49,0x00,0x11,0x0E,0x49,0xFF,  //0x1d60~0x1d6f      ..I.&.I..#I...I.
0xF3,0x22,0xFC,0x80,0xFC,0x20,0x80,0xC0,0x49,0x00,0x17,0x0A,0x5A,0x68,0x01,0x07,  //0x1d70~0x1d7f      ."......I...Zh..
0x44,0x64,0x09,0xCC,0x44,0x74,0x0A,0x38,0xD5,0x05,0x44,0x64,0x08,0x88,0x44,0x74,  //0x1d80~0x1d8f      Dd..Dt.8..Dd..Dt
0x08,0xF4,0x84,0x20,0x44,0x20,0x00,0x6A,0x80,0x06,0x49,0x00,0x38,0x15,0x49,0xFF,  //0x1d90~0x1d9f      ....D..j..I.8.I.
0xF2,0x37,0x49,0x00,0x16,0xC3,0x49,0x00,0x16,0xF3,0x2E,0x37,0xFB,0x56,0x80,0x23,  //0x1da0~0x1daf      .7I...I....7.V.#
0x2E,0x27,0xFE,0x26,0x88,0x43,0xE0,0x22,0xE8,0x0B,0x94,0x89,0x88,0x46,0x38,0x43,  //0x1db0~0x1dbf      .'.&.C.".....F8C
0x85,0x01,0xA4,0x10,0x8C,0x21,0x88,0x04,0xAC,0x10,0x96,0x48,0xD5,0xF2,0xFC,0xA0,  //0x1dc0~0x1dcf      .....!.....H....
0xFC,0x00,0x2E,0x07,0xFE,0x24,0x2E,0x67,0xFE,0x25,0x84,0x20,0xFF,0x84,0x94,0xB1,  //0x1dd0~0x1ddf      .....$.g.%......
0x44,0x04,0x00,0x00,0x49,0x00,0x37,0xF0,0x49,0x00,0x16,0xD2,0x49,0xFF,0xF2,0x10,  //0x1de0~0x1def      D...I.7.I...I...
0x49,0x00,0x15,0xF4,0x49,0x00,0x25,0x6F,0x49,0x00,0x25,0x7E,0x44,0x04,0x02,0xD8,  //0x1df0~0x1dff      I...I.%oI.%~D...
0x49,0x00,0x16,0x4A,0x44,0x04,0x00,0x00,0x84,0xA0,0xD6,0x0A,0x02,0x20,0x01,0x6C,  //0x1e00~0x1e0f      I..JD..........l
0xA4,0x40,0x8C,0xA1,0x88,0x22,0x1A,0x10,0x00,0x01,0x97,0x69,0xD5,0xF7,0xFC,0x80,  //0x1e10~0x1e1f      .@...".....i....
0xFC,0x20,0x2E,0x07,0xFE,0x24,0x2E,0x67,0xFE,0x25,0x2E,0x77,0xFB,0xA1,0xFF,0x84,  //0x1e20~0x1e2f      .....$.g.%.w....
0x2E,0x37,0xFB,0x56,0x2E,0x07,0xFE,0x26,0xCF,0x10,0x80,0x27,0x44,0x20,0x00,0x6A,  //0x1e30~0x1e3f      .7.V...&...'D..j
0x44,0x04,0x08,0x88,0x49,0x00,0x37,0xC0,0x80,0x27,0x44,0x20,0x00,0x6A,0x44,0x04,  //0x1e40~0x1e4f      D...I.7..'D..jD.
0x09,0xCC,0x49,0x00,0x37,0xB9,0xD5,0x1B,0x96,0x59,0x88,0x60,0x96,0xD8,0x44,0x44,  //0x1e50~0x1e5f      ..I.7....Y.`..DD
0x00,0x00,0xE2,0x23,0xE8,0x14,0x94,0x09,0x88,0x04,0x02,0x50,0x04,0x7A,0x02,0x20,  //0x1e60~0x1e6f      ...#.......P.z..
0x04,0x44,0x8C,0x21,0x88,0x45,0x12,0x20,0x04,0x44,0x02,0x50,0x05,0x1C,0x02,0x20,  //0x1e70~0x1e7f      .D.!.E...D.P....
0x04,0xE6,0x96,0x49,0x88,0x45,0x12,0x20,0x04,0xE6,0xD5,0xEC,0x2E,0x17,0xFB,0xA1,  //0x1e80~0x1e8f      ...I.E..........
0x44,0x04,0x00,0x00,0x84,0xA0,0xC9,0x05,0x94,0xB1,0x49,0x00,0x37,0x95,0xFC,0xA0,  //0x1e90~0x1e9f      D.........I.7...
0xD6,0x0A,0x02,0x20,0x01,0x6C,0xA4,0x40,0x8C,0xA1,0x88,0x22,0x1A,0x10,0x00,0x01,  //0x1ea0~0x1eaf      .....l.@..."....
0x97,0x69,0xD5,0xF7,0x2E,0x27,0xFE,0x25,0x84,0x1E,0x95,0x51,0x2E,0x47,0xFE,0x24,  //0x1eb0~0x1ebf      .i...'.%...Q.G.$
0xFE,0x84,0x44,0x34,0x0C,0x4C,0x44,0x14,0x00,0x00,0x84,0x00,0xE2,0x04,0x88,0x25,  //0x1ec0~0x1ecf      ..D4.LD........%
0xE8,0x08,0x38,0x60,0x88,0x01,0x8C,0x01,0x1A,0x61,0x80,0x01,0x96,0x01,0xD5,0xF7,  //0x1ed0~0x1edf      ..8`.....a......
0xFC,0xA0,0x2E,0x07,0xFB,0xA1,0xE6,0x02,0xE9,0x08,0x2E,0x07,0xFB,0xA0,0xC0,0x0F,  //0x1ee0~0x1eef      ................
0x8E,0x01,0x3E,0x07,0xFB,0xA0,0xD5,0x0B,0xFC,0x00,0x49,0xFF,0xFF,0x93,0x2E,0x07,  //0x1ef0~0x1eff      ..>.......I.....
0xFB,0xA1,0x8C,0x01,0x3E,0x07,0xFB,0xA1,0x84,0x00,0xFC,0x80,0x84,0x01,0xDD,0x9E,  //0x1f00~0x1f0f      ....>...........
0xFC,0x41,0x2E,0x07,0xF7,0x3E,0xC0,0x6B,0x2E,0x77,0xF8,0xD5,0x2E,0x67,0xF8,0x96,  //0x1f10~0x1f1f      .A...>.k.w...g..
0x2E,0x07,0xF8,0x95,0x40,0x63,0x20,0x08,0xFF,0x87,0x84,0x00,0x2E,0x87,0xFE,0x27,  //0x1f20~0x1f2f      ....@c.........'
0x2E,0xA7,0xFE,0x28,0x2E,0x97,0xFE,0x25,0x80,0x40,0x80,0x20,0x80,0x80,0x45,0xE4,  //0x1f30~0x1f3f      ...(...%.@....E.
0x00,0x00,0xE2,0x88,0xE8,0x21,0x42,0x32,0x24,0x24,0xF3,0x81,0x84,0x60,0xE2,0x6A,  //0x1f40~0x1f4f      .....!B2$$...`.j
0xE8,0x18,0xF5,0x01,0x88,0xA3,0x50,0x52,0x82,0xD8,0x38,0x5F,0x15,0x11,0xE0,0xE5,  //0x1f50~0x1f5f      ......PR..8_....
0xE8,0x06,0xE0,0xA6,0xE8,0x04,0x8C,0x21,0x96,0x49,0xD5,0x06,0x88,0xA7,0x4E,0x54,  //0x1f60~0x1f6f      .......!.I....NT
0x00,0x04,0x8C,0x41,0x96,0x91,0x8C,0x01,0x8C,0x62,0x96,0x01,0x96,0xD8,0xD5,0xE8,  //0x1f70~0x1f7f      ...A.....b......
0x8C,0x82,0x97,0x20,0xD5,0xDF,0x84,0x66,0xFE,0xC4,0x92,0x63,0xE2,0x61,0x92,0x03,  //0x1f80~0x1f8f      .......f...c.a..
0xE8,0x11,0xE2,0x40,0xE8,0x0F,0x2E,0x07,0xFB,0x9E,0x2E,0x27,0xF8,0xD6,0x84,0x20,  //0x1f90~0x1f9f      ...@.......'....
0xE2,0x02,0x3E,0x17,0xFB,0x9F,0xE8,0x03,0x8C,0x01,0xD5,0x1B,0x3E,0x17,0xFB,0x9E,  //0x1fa0~0x1faf      ..>.........>...
0xD5,0x1B,0xE2,0x62,0xE8,0x13,0xE2,0x20,0xE8,0x11,0x2E,0x07,0xFB,0x9F,0x2E,0x27,  //0x1fb0~0x1fbf      ...b...........'
0xF8,0xD6,0x84,0x20,0xE2,0x02,0x3E,0x17,0xFB,0x9E,0xE8,0x05,0x8C,0x01,0x3E,0x07,  //0x1fc0~0x1fcf      ......>.......>.
0xFB,0x9F,0xD5,0x0D,0x3E,0x17,0xFB,0x9F,0xD5,0x07,0x84,0x00,0x3E,0x07,0xFB,0x9F,  //0x1fd0~0x1fdf      ....>.......>...
0x3E,0x07,0xFB,0x9E,0xD5,0x04,0x84,0x01,0x3E,0x07,0xFF,0xCC,0xFC,0xC1,0x2E,0x07,  //0x1fe0~0x1fef      >.......>.......
0xF8,0xAA,0x2E,0x17,0xF8,0xA9,0x40,0x00,0x20,0x08,0xFE,0x0F,0x2E,0x17,0xFF,0xCC,  //0x1ff0~0x1fff      ......@.........
0x5A,0x18,0x01,0x12,0x3C,0x13,0xFD,0x39,0x3C,0x23,0xFF,0xE1,0x88,0x41,0x84,0x2A,  //0x2000~0x200f      Z...<..9<#...A.*
0xFE,0x0C,0x96,0x01,0xE0,0x40,0xE8,0x0A,0x84,0x00,0x3C,0x2B,0xFF,0xE1,0x3E,0x07,  //0x2010~0x201f      .....@....<+..>.
0xFF,0xCC,0xD5,0x04,0x84,0x00,0x3C,0x0B,0xFF,0xE1,0x2E,0x07,0xF8,0xAC,0x2E,0x17,  //0x2020~0x202f      ......<.........
0xF8,0xAB,0x2E,0x37,0xFF,0xBD,0x40,0x00,0x20,0x08,0xFE,0x0F,0xCB,0x16,0x2E,0x17,  //0x2030~0x203f      ...7..@.........
0xFF,0xBE,0x5A,0x18,0x01,0x11,0x3C,0x13,0xFD,0x39,0x3C,0x23,0xFF,0xE0,0x88,0x41,  //0x2040~0x204f      ..Z...<..9<#...A
0x84,0x2A,0xFE,0x0C,0x96,0x01,0xE0,0x40,0xE8,0x08,0x3C,0x2B,0xFF,0xE0,0x3E,0x37,  //0x2050~0x205f      .*.....@..<+..>7
0xFF,0xBE,0xDD,0x9E,0x3C,0x3B,0xFF,0xE0,0xDD,0x9E,0xFC,0x05,0x2E,0x07,0xFE,0x24,  //0x2060~0x206f      ....<;.........$
0x2E,0x67,0xFE,0x25,0x88,0xC0,0x2E,0x07,0xFF,0xC4,0x97,0xB0,0x5A,0x08,0x01,0x28,  //0x2070~0x207f      .g.%........Z..(
0x44,0x04,0x08,0xF4,0xB6,0x1F,0x44,0x04,0x08,0x88,0xF0,0x81,0x44,0x04,0x09,0x60,  //0x2080~0x208f      D.....D.....D..`
0xF0,0x82,0x2E,0x07,0xFF,0xC6,0x2E,0x17,0xFD,0x85,0x10,0x0F,0x80,0x0F,0x2E,0x07,  //0x2090~0x209f      ................
0xFF,0xC7,0x12,0x6F,0x80,0x06,0x10,0x0F,0x80,0x10,0x84,0x00,0x10,0x0F,0x80,0x0E,  //0x20a0~0x20af      ...o............
0x5A,0x18,0x01,0x0B,0x2E,0x27,0xFF,0xE7,0x5A,0x20,0xC0,0x05,0x10,0x1F,0x80,0x0F,  //0x20b0~0x20bf      Z....'..Z.......
0xD5,0x03,0x10,0x0F,0x80,0x0F,0x80,0x1F,0x49,0x00,0x23,0x37,0x2E,0x07,0xFF,0xC8,  //0x20c0~0x20cf      ........I.#7....
0x5A,0x08,0x01,0x1B,0x44,0x04,0x0A,0x38,0xB6,0x1F,0x44,0x04,0x09,0xCC,0xF0,0x81,  //0x20d0~0x20df      Z...D..8..D.....
0x44,0x04,0x0A,0xA4,0xF0,0x82,0x2E,0x07,0xFF,0xCA,0x12,0x6F,0x80,0x06,0x10,0x0F,  //0x20e0~0x20ef      D..........o....
0x80,0x0F,0x2E,0x07,0xFF,0xCB,0x10,0x0F,0x80,0x10,0x84,0x00,0x10,0x0F,0x80,0x0E,  //0x20f0~0x20ff      ................
0x80,0x1F,0x49,0x00,0x23,0x1A,0xFC,0x85,0x2E,0x17,0xFF,0xCC,0x5A,0x18,0x01,0x21,  //0x2100~0x210f      ..I.#.......Z..!
0xFC,0x05,0x44,0x04,0x02,0xD8,0xB6,0x1F,0x44,0x04,0x00,0x00,0xF0,0x81,0x44,0x04,  //0x2110~0x211f      ..D.....D.....D.
0x05,0xB0,0xF0,0x82,0x2E,0x27,0xFE,0x25,0x2E,0x07,0xFE,0x24,0x10,0x1F,0x80,0x0E,  //0x2120~0x212f      .....'.%...$....
0xFE,0x14,0x12,0x0F,0x80,0x06,0x2E,0x07,0xFF,0xCE,0x10,0x0F,0x80,0x0F,0x2E,0x07,  //0x2130~0x213f      ................
0xFF,0xCF,0x10,0x0F,0x80,0x10,0x80,0x1F,0x49,0x00,0x22,0xF7,0xFC,0x85,0xDD,0x9E,  //0x2140~0x214f      ........I.".....
0xFC,0x00,0x2E,0x07,0xFF,0xCC,0x5A,0x00,0x01,0x03,0x84,0x00,0x3E,0x07,0xFF,0xC4,  //0x2150~0x215f      ......Z.....>...
0x3E,0x07,0xFF,0xC8,0x49,0xFF,0xFF,0x83,0x49,0xFF,0xFF,0xD0,0xFC,0x80,0xFC,0x00,  //0x2160~0x216f      >...I...I.......
0x2E,0x17,0xF8,0xAF,0xE6,0x25,0xE9,0x06,0x44,0x00,0x03,0xE8,0xFE,0x44,0x96,0x49,  //0x2170~0x217f      .....%..D....D.I
0xD5,0x03,0x44,0x10,0x13,0x88,0x2E,0x27,0xFF,0xBE,0x5A,0x28,0x01,0x16,0x84,0x00,  //0x2180~0x218f      ..D....'..Z(....
0x2E,0x17,0xF8,0xAD,0x3C,0x0B,0xFF,0xE0,0x3E,0x17,0xFB,0xA0,0x3E,0x27,0xFA,0x4D,  //0x2190~0x219f      ....<...>...>'.M
0x3E,0x07,0xFF,0x75,0x3E,0x07,0xFF,0x9D,0x3E,0x07,0xFF,0xBC,0x3E,0x07,0xFB,0xA1,  //0x21a0~0x21af      >..u>...>...>...
0x49,0x00,0x18,0xFE,0xD5,0x33,0x2E,0x07,0xFB,0xA0,0xC0,0x12,0x3C,0x13,0xFF,0xD7,  //0x21b0~0x21bf      I....3......<...
0x3C,0x03,0xFF,0xD6,0x88,0x01,0xC0,0x04,0x2E,0x07,0xF8,0xAD,0xD5,0x02,0x84,0x01,  //0x21c0~0x21cf      <...............
0x3E,0x07,0xFB,0xA0,0x84,0x01,0x3E,0x07,0xFA,0x4D,0x84,0x00,0xD5,0x13,0x3C,0x23,  //0x21d0~0x21df      >.....>..M....<#
0xFD,0x9B,0xE6,0x44,0xE9,0x18,0x3C,0x33,0xFD,0xCE,0x3C,0x23,0xFD,0x39,0x88,0x43,  //0x21e0~0x21ef      ...D..<3..<#.9.C
0xE0,0x41,0xE9,0x12,0x84,0x21,0x3C,0x0B,0xFD,0xCE,0x3C,0x0B,0xFD,0x9B,0x3E,0x17,  //0x21f0~0x21ff      .A...!<...<...>.
0xFA,0x4D,0x3E,0x07,0xFF,0x75,0x3E,0x07,0xFF,0x9D,0x3E,0x07,0xFF,0xBC,0x3E,0x07,  //0x2200~0x220f      .M>..u>...>...>.
0xFB,0xA1,0xD5,0x04,0xCA,0x03,0x3C,0x2B,0xFD,0xCE,0xFC,0x80,0xFC,0x00,0x49,0xFF,  //0x2210~0x221f      ......<+......I.
0xF1,0x6F,0x49,0xFF,0xFE,0xE6,0x49,0xFF,0xFE,0x75,0x49,0xFF,0xFF,0x93,0x49,0xFF,  //0x2220~0x222f      .oI...I..uI...I.
0xFF,0xA0,0x49,0x00,0x14,0xC2,0xFC,0x80,0xFC,0x40,0x84,0x81,0x99,0x4C,0x40,0x52,  //0x2230~0x223f      ..I......@...L@R
0x14,0x0C,0x40,0x72,0x04,0x0C,0xFF,0x6B,0x97,0xF8,0x97,0x6A,0x84,0xC0,0x5C,0x10,  //0x2240~0x224f      ..@r...k...j....
0x80,0x07,0x2E,0x47,0xFE,0x26,0xE2,0xC4,0xE8,0x23,0x2E,0x47,0xFB,0x56,0x88,0x86,  //0x2250~0x225f      ...G.&...#.G.V..
0x38,0xF1,0x11,0x01,0xE2,0x6F,0xE8,0x07,0x88,0x80,0x00,0x92,0x00,0x00,0x40,0x93,  //0x2260~0x226f      8....o........@.
0xA4,0x04,0xD5,0x11,0xC1,0x12,0x88,0x80,0x00,0x92,0x00,0x00,0x40,0x93,0xA4,0x04,  //0x2270~0x227f      ............@...
0x10,0x92,0x00,0x00,0x2E,0x47,0xFB,0x56,0x88,0x86,0x88,0x80,0x00,0x92,0x00,0x00,  //0x2280~0x228f      .....G.V........
0x40,0x92,0xA4,0x02,0x10,0x92,0x00,0x00,0x8C,0xC1,0x97,0xB0,0xD5,0xDB,0xFC,0xC0,  //0x2290~0x229f      @...............
0xFC,0x47,0x80,0xC0,0x49,0x00,0x14,0x74,0x2E,0x77,0xF8,0xB4,0x2E,0x17,0xF8,0xB3,  //0x22a0~0x22af      .G..I..t.w......
0x40,0x73,0xA0,0x08,0xFF,0xCF,0x5A,0x68,0x01,0x0E,0x2E,0x77,0xF8,0xB6,0x2E,0x07,  //0x22b0~0x22bf      @s....Zh...w....
0xF8,0xB5,0x40,0x73,0xA0,0x08,0xFF,0xC7,0x44,0x91,0x05,0x04,0x44,0xA4,0x0A,0x38,  //0x22c0~0x22cf      ..@s....D...D..8
0xD5,0x05,0x44,0x91,0x04,0xCE,0x44,0xA4,0x08,0xF4,0x84,0x20,0x44,0x20,0x00,0x36,  //0x22d0~0x22df      ..D...D.....D..6
0x80,0x1F,0x49,0x00,0x35,0x71,0x80,0x09,0x84,0x20,0x44,0x20,0x00,0x36,0x49,0x00,  //0x22e0~0x22ef      ..I.5q....D..6I.
0x35,0x6B,0x84,0xC7,0x8E,0xC1,0x97,0xB0,0x49,0xFF,0xEF,0x8A,0x49,0x00,0x14,0x16,  //0x22f0~0x22ff      5k......I...I...
0x49,0x00,0x14,0x46,0x80,0x09,0x80,0x26,0x80,0x4A,0x80,0x67,0x49,0xFF,0xFF,0x96,  //0x2300~0x230f      I..F...&.J.gI...
0xCE,0xF2,0x2E,0x17,0xFB,0x56,0x2E,0x27,0xFE,0x26,0x80,0x66,0x40,0x0F,0x84,0x00,  //0x2310~0x231f      .....V.'.&.f@...
0x40,0x54,0x84,0x00,0x97,0x18,0xE2,0x82,0xE8,0x0C,0x38,0x42,0x8C,0x00,0x38,0x60,  //0x2320~0x232f      @T........8B..8`
0x0C,0x00,0xE2,0xC4,0xE9,0x03,0x8C,0x61,0xD5,0xF6,0x38,0x40,0x0C,0x08,0xD5,0xFC,  //0x2330~0x233f      .......a..8@....
0x40,0x04,0x84,0x00,0x88,0x3F,0x49,0x00,0x35,0x19,0xFC,0xC7,0xFC,0x00,0x2E,0x67,  //0x2340~0x234f      @....?I.5......g
0xFF,0x75,0xCE,0x1A,0x80,0x06,0x49,0xFF,0xFF,0xA5,0x2E,0x07,0xFF,0xBC,0x5A,0x08,  //0x2350~0x235f      .u....I.......Z.
0x01,0x05,0x80,0x06,0x49,0xFF,0xFD,0x08,0x84,0x01,0x49,0xFF,0xFF,0x9B,0x2E,0x07,  //0x2360~0x236f      ....I.....I.....
0xFF,0xBC,0x5A,0x08,0x01,0x04,0x49,0xFF,0xFC,0xFF,0x84,0x02,0x3E,0x07,0xFF,0x75,  //0x2370~0x237f      ..Z...I.....>..u
0x84,0x00,0x3E,0x07,0xFF,0xAA,0xFC,0x80,0x2E,0x07,0xFF,0xBC,0x5A,0x08,0x01,0x0E,  //0x2380~0x238f      ..>.........Z...
0xFC,0x00,0x2E,0x67,0xFF,0x9D,0xCE,0x08,0x49,0xFF,0xFD,0x1C,0x84,0x02,0x3E,0x07,  //0x2390~0x239f      ...g....I.....>.
0xFF,0x9D,0x3E,0x67,0xFF,0xB8,0xFC,0x80,0xDD,0x9E,0xFC,0x00,0x49,0xFF,0xFF,0xD0,  //0x23a0~0x23af      ..>g........I...
0x49,0xFF,0xFF,0xEC,0xFC,0x80,0x2E,0x07,0xFA,0x4D,0x5A,0x08,0x01,0x0D,0xFC,0x00,  //0x23b0~0x23bf      I........MZ.....
0x49,0xFF,0xFF,0xF5,0x49,0x00,0x13,0xB2,0x84,0x00,0x3E,0x07,0xFA,0x4D,0x3E,0x07,  //0x23c0~0x23cf      I...I.....>..M>.
0xFD,0x83,0xFC,0x80,0xDD,0x9E,0xFC,0x00,0x2E,0x30,0x00,0x5E,0x44,0x01,0x05,0xA4,  //0x23d0~0x23df      .........0.^D...
0x44,0x14,0x0B,0xA0,0x84,0xA0,0x84,0x81,0x8C,0x03,0xD3,0x0E,0x10,0x40,0x00,0x8F,  //0x23e0~0x23ef      D............@..
0x0A,0x20,0x80,0x01,0x40,0x61,0x20,0x09,0x8C,0xA1,0x10,0x60,0x00,0x8D,0x10,0x20,  //0x23f0~0x23ff      ....@a.....`....
0x00,0x8E,0x97,0x68,0xD5,0xF2,0xFC,0x80,0xFC,0x40,0x2E,0x60,0x00,0x5E,0xC6,0x25,  //0x2400~0x240f      ...h.....@.`.^.%
0x84,0x00,0x2E,0xA7,0xFE,0x25,0x44,0x11,0x05,0xA4,0x80,0x60,0x80,0x80,0x80,0xA0,  //0x2410~0x241f      .....%D....`....
0x44,0x84,0x00,0x00,0x00,0x90,0x80,0x91,0x00,0x70,0x80,0x90,0x80,0x49,0x42,0x23,  //0x2420~0x242f      D........p...IB#
0xA8,0x73,0x50,0x21,0x02,0xD8,0x38,0x24,0x09,0x11,0xE0,0x02,0xE8,0x04,0x80,0x02,  //0x2430~0x243f      .sP!..8$........
0x80,0x69,0x80,0x87,0x8C,0xA1,0x97,0x68,0x8C,0x23,0xDE,0xED,0x3E,0x40,0x00,0x60,  //0x2440~0x244f      .i.....h.#..>@.`
0x3E,0x30,0x00,0x61,0x3C,0x08,0x00,0x31,0xFC,0xC0,0x84,0x43,0x44,0x11,0x05,0xA4,  //0x2450~0x245f      >0.a<..1...CD...
0x42,0x10,0x08,0x73,0x00,0x00,0x80,0x92,0xDD,0x9E,0xFC,0x00,0x2E,0x17,0xFA,0x36,  //0x2460~0x246f      B..s...........6
0xC1,0x37,0x2E,0x17,0xFB,0x4D,0xC9,0x1A,0x2E,0x37,0xFE,0x25,0x2E,0x27,0xFA,0x34,  //0x2470~0x247f      .7...M...7.%.'.4
0x44,0x44,0x00,0x00,0xFE,0xD4,0x80,0xA1,0x2E,0x27,0xFE,0x25,0xE2,0x22,0xE8,0x0D,  //0x2480~0x248f      DD.......'.%."..
0x98,0x99,0x94,0x91,0x88,0x44,0x22,0x61,0x02,0xD8,0x38,0x60,0x05,0x09,0x8C,0x21,  //0x2490~0x249f      .....D"a..8`...!
0x12,0x51,0x02,0xD8,0x96,0x48,0xD5,0xF1,0xFC,0x80,0x5A,0x18,0x01,0x1A,0x84,0x40,  //0x24a0~0x24af      .Q...H....Z....@
0x44,0x44,0x00,0x00,0x80,0xA2,0x2E,0x17,0xFE,0x24,0xE2,0x41,0xE8,0x11,0x2E,0x17,  //0x24b0~0x24bf      DD.......$.A....
0xFE,0x25,0x9C,0xD1,0xFE,0x5C,0x8E,0x21,0x96,0x49,0x94,0x49,0x88,0x24,0x22,0x60,  //0x24c0~0x24cf      .%.....!.I.I.$"`
0x82,0xD8,0x38,0x60,0x09,0x09,0x12,0x50,0x82,0xD8,0x96,0x98,0xD5,0xED,0xFC,0x80,  //0x24d0~0x24df      ..8`...P........
0x2E,0x17,0xFA,0x36,0x2E,0x20,0x00,0x5E,0xC1,0x61,0xFC,0x42,0x2E,0x87,0xFB,0x4D,  //0x24e0~0x24ef      ...6...^.a.B...M
0x2E,0x47,0xFE,0x25,0x4E,0x83,0x00,0x04,0x80,0xE4,0xD5,0x03,0x2E,0x77,0xFE,0x24,  //0x24f0~0x24ff      .G.%N........w.$
0x2E,0x97,0xFA,0x34,0x97,0x21,0x42,0x12,0x24,0x24,0xF1,0x81,0x2E,0x17,0xF8,0x98,  //0x2500~0x250f      ...4.!B.$$......
0x2E,0x37,0xF8,0x97,0x40,0x10,0xA0,0x08,0xFE,0x5F,0xF1,0x82,0x9E,0xE1,0x9E,0x79,  //0x2510~0x251f      .7..@...._.....y
0x96,0xD9,0x84,0xC0,0xF1,0x83,0x96,0x70,0xE2,0x27,0xE8,0x3D,0x22,0xA0,0x00,0x00,  //0x2520~0x252f      .......p.'.="...
0x4E,0x83,0x00,0x09,0xF5,0x01,0x83,0x81,0x88,0xA6,0x97,0x69,0xB6,0xBF,0x83,0xC9,  //0x2530~0x253f      N..........i....
0xD5,0x04,0xB6,0x7F,0x83,0x89,0x83,0xC1,0xF5,0x02,0xE0,0xAA,0xE8,0x1F,0xC1,0x05,  //0x2540~0x254f      ................
0x22,0x10,0x7F,0xFF,0x40,0x15,0x04,0x07,0xF5,0x03,0xE0,0xC5,0xE8,0x05,0x22,0xF0,  //0x2550~0x255f      "...@.........".
0x00,0x01,0xE1,0x4F,0xE9,0x13,0xC9,0x12,0x5C,0xF1,0x00,0x20,0xE8,0x0F,0x84,0xA3,  //0x2560~0x256f      ...O............
0x44,0x11,0x05,0xA4,0x42,0x11,0x14,0x73,0x84,0xA1,0x8C,0x41,0x11,0xE0,0x80,0x90,  //0x2570~0x257f      D...B..s...A....
0x11,0xC0,0x80,0x91,0x10,0x50,0x80,0x92,0x96,0x90,0xB4,0xBF,0x2A,0x10,0x00,0x01,  //0x2580~0x258f      .....P......*...
0x50,0x52,0x82,0xD8,0x44,0xA4,0x00,0x00,0x88,0x64,0x38,0x15,0x15,0x09,0x8C,0xC1,  //0x2590~0x259f      PR..D....d8.....
0x96,0xD9,0xD5,0xC2,0x3E,0x20,0x00,0x5E,0xFC,0xC2,0xDD,0x9E,0x84,0x43,0x44,0x11,  //0x25a0~0x25af      ....>..^.....CD.
0x05,0xA4,0x42,0x10,0x08,0x73,0x00,0x00,0x80,0x92,0xDD,0x9E,0xFC,0x29,0x44,0x61,  //0x25b0~0x25bf      ..B..s.......)Da
0x05,0xA4,0x49,0x00,0x12,0xFC,0x00,0x73,0x00,0x8B,0x84,0x20,0x44,0x20,0x00,0x66,  //0x25c0~0x25cf      ..I....s....D..f
0x50,0x03,0x00,0x8A,0x49,0x00,0x33,0xF8,0x80,0x1F,0x10,0x73,0x00,0x8B,0x49,0xFF,  //0x25d0~0x25df      P...I.3....s..I.
0xFF,0x46,0x44,0x50,0xFC,0x00,0x00,0x42,0x82,0x66,0x00,0x72,0x82,0x65,0x44,0x31,  //0x25e0~0x25ef      .FDP...B.f.r.eD1
0x03,0xF4,0x40,0x42,0x20,0x08,0xA6,0x99,0x44,0x14,0x0B,0xA0,0xA6,0xD8,0xFF,0x3F,  //0x25f0~0x25ff      ..@B....D......?
0x00,0x52,0x82,0x58,0x44,0x04,0x05,0xB0,0x49,0x00,0x21,0x17,0x10,0x03,0x00,0x8A,  //0x2600~0x260f      .R.XD...I.!.....
0x49,0xFF,0xFE,0xE3,0x80,0x1F,0x49,0xFF,0xFF,0x65,0x49,0xFF,0xFE,0xF7,0x49,0x00,  //0x2610~0x261f      I.....I..eI...I.
0x12,0xCF,0xFC,0xA9,0x84,0x00,0x44,0x31,0x05,0xA4,0x80,0x40,0x98,0x43,0x8C,0x03,  //0x2620~0x262f      ......D1...@.C..
0x10,0x20,0x80,0x92,0x5A,0x08,0x60,0xFC,0xDD,0x9E,0x2E,0x00,0x00,0x5E,0xE6,0x02,  //0x2630~0x263f      ....Z.`......^..
0xE9,0x27,0xFC,0x40,0x3C,0x04,0x00,0x31,0x84,0xEA,0x40,0x70,0x1C,0xF6,0x2E,0x07,  //0x2640~0x264f      .'.@<..1..@p....
0xF8,0xDC,0x84,0xC0,0xFF,0xC4,0x97,0xFB,0x44,0x91,0x05,0xA4,0x81,0x46,0x00,0x04,  //0x2650~0x265f      ........D....F..
0x80,0x92,0xC0,0x10,0x80,0x06,0x49,0xFF,0xED,0xA7,0x3C,0x54,0x00,0x31,0xD0,0x0A,  //0x2660~0x266f      ......I...<T.1..
0xE0,0x07,0xE8,0x08,0x10,0xA4,0x80,0x92,0x2E,0x00,0x00,0x5E,0x8E,0x01,0x3E,0x00,  //0x2670~0x267f      ...........^..>.
0x00,0x5E,0x8C,0xC1,0x97,0xB0,0x8D,0x23,0x5A,0x68,0x20,0xEB,0xFC,0xC0,0xDD,0x9E,  //0x2680~0x268f      .^.....#Zh......
0xFC,0x40,0x2E,0x07,0xF7,0x4C,0x3C,0x97,0xFE,0xDA,0x5A,0x08,0x01,0x0A,0x2E,0x07,  //0x2690~0x269f      .@...L<...Z.....
0xFD,0xD4,0xC0,0x06,0x3C,0x03,0xFE,0xEB,0x88,0x09,0x40,0x90,0x00,0x11,0x2E,0x00,  //0x26a0~0x26af      ....<.....@.....
0x00,0x5E,0xC0,0x1F,0x84,0xC0,0x44,0x71,0x05,0xA4,0x81,0x46,0x00,0x03,0x80,0x92,  //0x26b0~0x26bf      .^....Dq...F....
0xC0,0x13,0x00,0x13,0x80,0x90,0x2E,0x07,0xFE,0x27,0xE2,0x20,0xE8,0x0D,0x80,0x06,  //0x26c0~0x26cf      .........'......
0x49,0xFF,0xED,0x72,0xE0,0x09,0xE8,0x08,0x10,0xA3,0x80,0x92,0x2E,0x00,0x00,0x5E,  //0x26d0~0x26df      I..r...........^
0x8E,0x01,0x3E,0x00,0x00,0x5E,0x8C,0xC1,0x97,0xB0,0x8C,0xE3,0x5A,0x68,0x20,0xE8,  //0x26e0~0x26ef      ..>..^......Zh..
0xFC,0xC0,0x2E,0x07,0xFF,0xE4,0xC0,0x10,0x3C,0x03,0xFD,0x9D,0xC0,0x0D,0xFC,0x00,  //0x26f0~0x26ff      ........<.......
0x49,0xFF,0xFF,0x92,0x3C,0x03,0xFD,0x9D,0x3C,0x13,0xFD,0x39,0x40,0x00,0x04,0x17,  //0x2700~0x270f      I...<...<..9@...
0x3C,0x0B,0xFD,0x9D,0xFC,0x80,0xDD,0x9E,0xFC,0x40,0x2E,0x27,0xFA,0x55,0x2E,0x37,  //0x2710~0x271f      <........@.'.U.7
0xFA,0x51,0x2E,0x67,0xFA,0x54,0x8C,0x43,0x2E,0x77,0xFA,0x50,0x8C,0x63,0x44,0x11,  //0x2720~0x272f      .Q.g.T.C.w.P.cD.
0x05,0xA4,0xFA,0x10,0x85,0x20,0x00,0x50,0x80,0x90,0x00,0x40,0x80,0x91,0x50,0xA2,  //0x2730~0x273f      .......P...@..P.
0x80,0x03,0xE1,0x46,0xE9,0x0A,0xE0,0x45,0xE9,0x08,0x9D,0x63,0xE0,0xA7,0xE9,0x05,  //0x2740~0x274f      ...F...E...c....
0xE0,0x64,0xE9,0x03,0x10,0x90,0x80,0x92,0x8E,0x01,0x96,0x00,0x8C,0x23,0xC8,0xEC,  //0x2750~0x275f      .d...........#..
0xFC,0xC0,0xFC,0x40,0x84,0xA0,0x50,0x90,0xFF,0xFF,0xD1,0x18,0x84,0x60,0x40,0xA4,  //0x2760~0x276f      ...@..P......`@.
0x94,0x01,0xE0,0x6A,0xE8,0x10,0x94,0x99,0x99,0x82,0x8C,0x42,0x88,0x40,0x22,0x43,  //0x2770~0x277f      ...j.......B.@"C
0x00,0x00,0x22,0x71,0x00,0x00,0xE0,0x87,0xE8,0x03,0xAD,0xF0,0xAD,0x10,0x8C,0x61,  //0x2780~0x278f      .."q...........a
0x96,0xD8,0xD5,0xF0,0x8C,0xA1,0x97,0x68,0xD5,0xE9,0xFC,0xC0,0xFC,0x28,0x84,0x20,  //0x2790~0x279f      .......h.....(..
0x80,0x1F,0x44,0x20,0x00,0x40,0x2E,0x70,0x00,0x5E,0x84,0xC0,0x49,0x00,0x33,0x0C,  //0x27a0~0x27af      ..D..@.p.^..I.3.
0x96,0x30,0xE2,0x07,0xE8,0x07,0x49,0xFF,0xEC,0xFF,0x38,0x0F,0x99,0x09,0x8C,0xC1,  //0x27b0~0x27bf      .0....I...8.....
0xD5,0xF8,0x80,0x1F,0x80,0x27,0x49,0xFF,0xFF,0xCE,0x22,0x0F,0x80,0x00,0x22,0x1F,  //0x27c0~0x27cf      .....'I..."...".
0x80,0x03,0x85,0xE2,0x40,0xF0,0x3D,0xF6,0xE0,0x2F,0x56,0x07,0x80,0x01,0xFC,0xA8,  //0x27d0~0x27df      ....@.=../V.....
0x2E,0x00,0x00,0x5E,0x4E,0x02,0x01,0x4A,0xFC,0x48,0x49,0xFF,0xFF,0xD9,0xC8,0x03,  //0x27e0~0x27ef      ...^N..J.HI.....
0x84,0x00,0xFC,0xC8,0x2E,0x07,0xF8,0xE8,0x2E,0x17,0xF8,0xE7,0x40,0x00,0x20,0x08,  //0x27f0~0x27ff      ............@...
0xFE,0x0F,0x2E,0x17,0xF8,0xE6,0xF0,0x8D,0x84,0x0A,0xFE,0x0C,0x96,0x03,0xF0,0x82,  //0x2800~0x280f      ................
0x2E,0x07,0xFE,0x24,0x2E,0x77,0xFE,0x25,0xF0,0x88,0x8E,0x01,0xF0,0x8A,0x9E,0x39,  //0x2810~0x281f      ...$.w.%.......9
0xF0,0x84,0x44,0x01,0x05,0xA4,0xF0,0x81,0x2E,0x10,0x00,0x5E,0x84,0x03,0xF2,0x01,  //0x2820~0x282f      ..D........^....
0x42,0x20,0x80,0x73,0x84,0x00,0xF0,0x89,0x00,0x0F,0x80,0x10,0x45,0xC0,0x00,0xFF,  //0x2830~0x283f      B..s........E...
0xF2,0x8E,0x15,0xCF,0x80,0x07,0x15,0xCF,0x80,0x06,0x15,0xCF,0x80,0x05,0xF0,0x8C,  //0x2840~0x284f      ................
0xF0,0x0E,0xF5,0x01,0xD0,0xCE,0xF0,0x01,0x00,0x30,0x00,0x90,0x00,0x50,0x00,0x91,  //0x2850~0x285f      .........0...P..
0xF0,0x05,0xE2,0x60,0xE9,0x0B,0xF0,0x06,0xE2,0x03,0xE9,0x08,0xF0,0x07,0xE2,0xA0,  //0x2860~0x286f      ...`............
0xE9,0x05,0x40,0xFE,0x14,0x06,0x4E,0xF2,0x00,0xFC,0x9C,0x19,0x96,0x00,0x96,0x6A,  //0x2870~0x287f      ..@...N........j
0x97,0x9A,0xF0,0x83,0x80,0x85,0x81,0x23,0x81,0x03,0x80,0x41,0x84,0x00,0xF6,0x8B,  //0x2880~0x288f      .......#...A....
0x4E,0x25,0x00,0x2D,0xF6,0x0B,0x85,0x40,0x4E,0x65,0x00,0x18,0x81,0xE2,0x45,0xE4,  //0x2890~0x289f      N%.-...@Ne....E.
0x05,0xB0,0x42,0xF3,0x1C,0x73,0x38,0xFF,0x3D,0x11,0x05,0xEF,0x80,0x02,0x40,0xF7,  //0x28a0~0x28af      ..B..s8.=.....@.
0xF8,0x07,0xE9,0x09,0x8C,0x01,0x8D,0x41,0x96,0x01,0x40,0xA5,0x00,0x13,0x54,0x83,  //0x28b0~0x28bf      .......A..@...T.
0x00,0xFF,0xD5,0x0C,0xE1,0x06,0xE9,0x0A,0xE3,0x28,0x80,0xC8,0x40,0x64,0xBC,0x1B,  //0x28c0~0x28cf      .........(..@d..
0x81,0x26,0x4E,0xA3,0x00,0x07,0x97,0x10,0xD5,0x09,0x8E,0xC1,0x97,0xB2,0xD5,0xDD,  //0x28d0~0x28df      .&N.............
0x40,0x41,0x08,0x1A,0x8E,0x41,0x96,0x92,0xD5,0xD4,0xF2,0x0A,0xE0,0x62,0x80,0x43,  //0x28e0~0x28ef      @A...A.......b.C
0xE8,0x34,0x04,0x8F,0x80,0x03,0x4E,0x15,0x00,0x31,0xF6,0x03,0x85,0x40,0x04,0xFF,  //0x28f0~0x28ff      .4....N..1...@..
0x80,0x08,0xE2,0xCF,0xE8,0x16,0x81,0xE1,0x45,0xE4,0x05,0xB0,0x42,0xF3,0x1C,0x73,  //0x2900~0x290f      ........E...B..s
0x38,0xFF,0x3D,0x11,0x05,0xEF,0x80,0x02,0x40,0xF7,0xF8,0x07,0xE9,0x08,0x8C,0x01,  //0x2910~0x291f      8.=.....@.......
0x8D,0x41,0x96,0x01,0x40,0xA5,0x00,0x13,0x81,0x06,0xD5,0x0A,0xE2,0xC8,0xE9,0x08,  //0x2920~0x292f      .A..@...........
0xE3,0x02,0x40,0x24,0x3C,0x1A,0x96,0x90,0x4E,0xA3,0x00,0x0B,0xD5,0x04,0x8C,0xC1,  //0x2930~0x293f      ..@$<...N.......
0x97,0xB0,0xD5,0xDE,0x8C,0x21,0xE0,0x24,0xE8,0x08,0x97,0x08,0xD5,0x06,0x40,0x40,  //0x2940~0x294f      .....!.$......@@
0x84,0x1A,0x8E,0x21,0x96,0x4A,0xD5,0xD0,0xF1,0x04,0xE0,0xA1,0xE8,0x6C,0x9C,0x69,  //0x2950~0x295f      ...!.J.......l.i
0x96,0x48,0x97,0x9A,0xF5,0x8B,0x81,0x03,0x80,0xA1,0xF6,0x8F,0xE2,0xA7,0xE8,0x2D,  //0x2960~0x296f      .H.............-
0xF6,0x0F,0x85,0x40,0x4E,0x65,0x00,0x18,0x81,0xE5,0x45,0xE4,0x05,0xB0,0x42,0xF3,  //0x2970~0x297f      ...@Ne....E...B.
0x1C,0x73,0x38,0xFF,0x3D,0x11,0x05,0xEF,0x80,0x02,0x40,0xF7,0xF8,0x07,0xE9,0x09,  //0x2980~0x298f      .s8.=.....@.....
0x8C,0x01,0x8D,0x41,0x96,0x01,0x40,0xA5,0x00,0x13,0x54,0x83,0x00,0xFF,0xD5,0x0B,  //0x2990~0x299f      ...A..@...T.....
0xE1,0x06,0xE9,0x09,0xE3,0x28,0x80,0xC8,0x40,0x64,0xBC,0x1B,0x81,0x26,0x4E,0xA3,  //0x29a0~0x29af      .....(..@d...&N.
0x00,0x06,0xD5,0x0C,0x8E,0xC1,0x97,0xB2,0xD5,0xDE,0xF6,0x04,0xDE,0x03,0xF6,0x0C,  //0x29b0~0x29bf      ................
0xF6,0x8B,0x8C,0xA1,0x97,0x68,0xD5,0xD3,0xF5,0x0B,0xF6,0x0A,0xE0,0x66,0xE8,0x33,  //0x29c0~0x29cf      .....h.......f.3
0x04,0xAF,0x80,0x03,0xE2,0x27,0xE8,0x2F,0xF3,0x03,0x84,0xC0,0x04,0x8F,0x80,0x08,  //0x29d0~0x29df      .....'./........
0xE2,0x68,0xE8,0x14,0x81,0x01,0x44,0xF4,0x05,0xB0,0x42,0x81,0x9C,0x73,0x38,0x87,  //0x29e0~0x29ef      .h....D...B..s8.
0xA1,0x11,0x04,0xFF,0x80,0x02,0xE1,0x0F,0xE9,0x07,0x8C,0x01,0x8C,0xC1,0x96,0x01,  //0x29f0~0x29ff      ................
0x97,0xB1,0x81,0x43,0xD5,0x09,0xE2,0x6A,0xE9,0x07,0xE3,0x42,0x40,0x25,0x3C,0x1A,  //0x2a00~0x2a0f      ...C...j...B@%<.
0x96,0x90,0xCE,0x0A,0xD5,0x04,0x8C,0x61,0x96,0xD8,0xD5,0xE1,0x8E,0x21,0xE0,0xA1,  //0x2a10~0x2a1f      .......a.....!..
0xE8,0x0A,0x97,0x48,0xD5,0x08,0xF3,0x04,0x4C,0x11,0xC0,0x03,0xF5,0x0C,0x8C,0x21,  //0x2a20~0x2a2f      ...H....L......!
0x96,0x48,0xD5,0xD1,0xF1,0x09,0xE2,0x20,0xE8,0x07,0x83,0x85,0xF4,0x87,0xF2,0x86,  //0x2a30~0x2a3f      .H..............
0x14,0x9F,0x80,0x05,0xF0,0x89,0xF0,0x0D,0xF1,0x09,0xE2,0x01,0xE8,0x11,0x00,0x0F,  //0x2a40~0x2a4f      ................
0x80,0x14,0x3E,0x07,0xFA,0x54,0x00,0x0F,0x80,0x18,0x3E,0x07,0xFA,0x55,0x00,0x0F,  //0x2a50~0x2a5f      ..>..T....>..U..
0x80,0x1C,0x3E,0x07,0xFA,0x50,0x3F,0xC7,0xFA,0x51,0x84,0x01,0xFC,0xC8,0xF0,0x01,  //0x2a60~0x2a6f      ..>..P?..Q......
0x8C,0x03,0xF0,0x81,0x48,0xFF,0xFE,0xEE,0x84,0x00,0xDD,0x9E,0x2E,0x07,0xFF,0xE4,  //0x2a70~0x2a7f      ....H...........
0x5A,0x08,0x01,0x0A,0x3C,0x03,0xFF,0xED,0x54,0x00,0x08,0x00,0xC8,0x37,0x3C,0x03,  //0x2a80~0x2a8f      Z...<...T....7<.
0xFD,0x9D,0xC8,0x34,0x2E,0x07,0xFF,0xE5,0x5A,0x08,0x01,0x31,0xFC,0x00,0x3C,0x03,  //0x2a90~0x2a9f      ...4....Z..1..<.
0xFF,0xED,0x54,0x00,0x10,0x00,0xC0,0x10,0x2E,0x07,0xF8,0xDD,0x5A,0x08,0x01,0x0D,  //0x2aa0~0x2aaf      ..T.........Z...
0x3C,0x17,0xFF,0xD8,0x3C,0xF7,0xFE,0xDB,0xE0,0x2F,0xE8,0x11,0x2E,0x07,0xFF,0xDB,  //0x2ab0~0x2abf      <...<..../......
0x54,0x00,0x00,0xEF,0xD5,0x0A,0x49,0xFF,0xFE,0x8D,0x96,0x06,0x94,0x44,0x2E,0x07,  //0x2ac0~0x2acf      T.....I......D..
0xFF,0xDB,0x54,0x00,0x00,0xEF,0xFE,0x0F,0x3E,0x07,0xFF,0xDB,0x3C,0x03,0xFF,0xED,  //0x2ad0~0x2adf      ..T.....>...<...
0x54,0x00,0x10,0x00,0xC0,0x0A,0x2E,0x07,0xF8,0xEA,0x2E,0x17,0xF8,0xE9,0x40,0x00,  //0x2ae0~0x2aef      T.............@.
0x20,0x08,0xFE,0x0F,0x3C,0x0B,0xFD,0x9C,0xFC,0x80,0xDD,0x9E,0x2E,0x07,0xFF,0xE5,  //0x2af0~0x2aff      ....<...........
0xC0,0x16,0x3C,0x03,0xFD,0x9C,0xC0,0x0D,0xFC,0x00,0x49,0xFF,0xFE,0x07,0x3C,0x03,  //0x2b00~0x2b0f      ..<.......I...<.
0xFD,0x9C,0x3C,0x13,0xFD,0x39,0x40,0x00,0x04,0x17,0x3C,0x0B,0xFD,0x9C,0xFC,0x80,  //0x2b10~0x2b1f      ..<..9@...<.....
0x84,0x1F,0x3C,0x0B,0xFD,0x2A,0x3C,0x0B,0xFD,0x28,0xDD,0x9E,0xDD,0x9E,0xFC,0x4C,  //0x2b20~0x2b2f      ..<..*<..(.....L
0x84,0x20,0x80,0x1F,0x44,0x20,0x00,0x60,0x84,0xE0,0x49,0x00,0x31,0x45,0x80,0xC7,  //0x2b30~0x2b3f      ....D..`..I.1E..
0x44,0x91,0x05,0xA4,0x85,0x43,0x40,0x13,0xA4,0x00,0x00,0x00,0x80,0x92,0x5A,0x08,  //0x2b40~0x2b4f      D....C@.......Z.
0x01,0x0C,0x80,0x1F,0x42,0x03,0x28,0x73,0x50,0x10,0x80,0x90,0x84,0x43,0x8C,0xC1,  //0x2b50~0x2b5f      ....B.(sP....C..
0x49,0x00,0x31,0x0C,0x97,0xB0,0x8C,0xE3,0x5A,0x78,0x60,0xEF,0x44,0x01,0x06,0x34,  //0x2b60~0x2b6f      I.1.....Zx`.D..4
0x80,0x3F,0x80,0x47,0x49,0x00,0x31,0x02,0x3E,0x60,0x00,0x5E,0xFC,0xCC,0xFC,0x00,  //0x2b70~0x2b7f      .?.GI.1.>`.^....
0x49,0xFF,0xFD,0xB9,0x49,0xFF,0xFF,0x7C,0x49,0xFF,0xFF,0xBA,0x49,0xFF,0xFD,0x82,  //0x2b80~0x2b8f      I...I..|I...I...
0x49,0xFF,0xFD,0x55,0x49,0x00,0x0B,0xA4,0x49,0xFF,0xFF,0xCB,0xFC,0x80,0xFC,0x41,  //0x2b90~0x2b9f      I..UI...I......A
0x2F,0xC0,0x00,0x5E,0x9D,0x09,0x84,0x41,0x84,0x60,0xE2,0x5C,0xE8,0x0B,0x38,0x50,  //0x2ba0~0x2baf      /..^...A.`....8P
0x8C,0x00,0x08,0x62,0x00,0x01,0xE2,0xC5,0x40,0x31,0x3C,0x1A,0x8C,0x41,0x96,0x90,  //0x2bb0~0x2bbf      ...b....@1<..A..
0xD5,0xF5,0x38,0x20,0x8C,0x00,0x84,0x80,0xF2,0x81,0x84,0x61,0x87,0xC3,0xF2,0x01,  //0x2bc0~0x2bcf      ..8........a....
0xE2,0x43,0xE9,0x2E,0x84,0xA0,0x44,0x71,0x05,0xA4,0x81,0x21,0x80,0xC5,0x80,0x45,  //0x2bd0~0x2bdf      .C....Dq...!...E
0x40,0xA4,0x84,0x01,0x54,0xA5,0x00,0xFF,0xE3,0x5C,0xE8,0x11,0x08,0x84,0x80,0x01,  //0x2be0~0x2bef      @...T...........
0x00,0xF3,0x80,0x91,0x00,0xA3,0x80,0x90,0x4C,0x81,0xC0,0x08,0x8C,0x41,0x88,0xCF,  //0x2bf0~0x2bff      ........L....A..
0x88,0xAA,0x96,0x90,0x97,0xB1,0x97,0x69,0x8C,0xE3,0xD5,0xEB,0xC2,0x0E,0x80,0xE0,  //0x2c00~0x2c0f      .......i........
0x42,0x72,0x78,0x73,0x40,0x63,0x08,0xD6,0x40,0x22,0x88,0x56,0xAE,0xB8,0x8C,0x81,  //0x2c10~0x2c1f      Brxs@c..@".V....
0x84,0x41,0xAF,0xB9,0xAE,0xBA,0x97,0x20,0x8C,0x61,0x96,0xD8,0xD5,0xD1,0x10,0x40,  //0x2c20~0x2c2f      .A.......a.....@
0x00,0x60,0xFC,0xC1,0xFC,0x20,0x88,0x40,0xA6,0xD0,0x2E,0x60,0x00,0x5E,0xCB,0x05,  //0x2c30~0x2c3f      .`.....@...`.^..
0x38,0x00,0x04,0x00,0xAE,0x10,0xFC,0xA0,0x88,0x20,0xA7,0x08,0xE2,0x83,0x40,0x32,  //0x2c40~0x2c4f      8.............@2
0x3C,0x1B,0x80,0x80,0x9B,0x60,0x97,0x68,0xE2,0xA6,0xE8,0x0C,0xA7,0xD0,0x08,0x52,  //0x2c50~0x2c5f      <....`.h.......R
0x00,0x01,0x4C,0x72,0x80,0x05,0xA7,0xC8,0x4C,0x72,0xFF,0xF6,0x10,0x32,0x7F,0xFF,  //0x2c60~0x2c6f      ..Lr....Lr...2..
0xD5,0xF2,0xFC,0xA0,0xFC,0x40,0x80,0xC0,0x20,0x10,0x00,0x00,0x20,0x00,0x00,0x01,  //0x2c70~0x2c7f      .....@..........
0x49,0xFF,0xEA,0xB0,0x80,0xE0,0x20,0x13,0x00,0x02,0x20,0x03,0x00,0x03,0x49,0xFF,  //0x2c80~0x2c8f      I.............I.
0xEA,0xA9,0xE0,0xE0,0x40,0x70,0x3C,0x1A,0x20,0x13,0x00,0x00,0x20,0x03,0x00,0x03,  //0x2c90~0x2c9f      ....@p<.........
0x49,0xFF,0xEA,0xA0,0x81,0x20,0x20,0x13,0x00,0x02,0x20,0x03,0x00,0x01,0x49,0xFF,  //0x2ca0~0x2caf      I.............I.
0xEA,0x99,0x97,0xFB,0x88,0x09,0x90,0xE1,0xE0,0xE0,0xE8,0x03,0x84,0x01,0xAE,0x36,  //0x2cb0~0x2cbf      ...............6
0xFC,0xC0,0xFC,0x02,0xB1,0x01,0x3A,0x12,0x0C,0x20,0x00,0x3F,0x80,0x08,0x00,0x2F,  //0x2cc0~0x2ccf      ......:....?.../
0x80,0x09,0xE6,0x62,0xE8,0x03,0xE6,0x42,0xE9,0x09,0x2E,0x17,0xF9,0x08,0xE2,0x61,  //0x2cd0~0x2cdf      ...b...B.......a
0xE8,0x05,0xE2,0x41,0xE8,0x03,0x96,0x06,0xFC,0x82,0x84,0x00,0xFC,0x82,0xFC,0x44,  //0x2ce0~0x2cef      ...A...........D
0xA6,0x82,0x81,0x40,0xA6,0x00,0x00,0x35,0x00,0x03,0xE2,0x40,0x80,0xE0,0x40,0x71,  //0x2cf0~0x2cff      ...@...5...@..@q
0x3C,0x1B,0xE2,0x02,0x40,0x01,0x3C,0x1B,0x00,0x25,0x00,0x01,0x2E,0x17,0xFE,0x28,  //0x2d00~0x2d0f      <...@.<..%.....(
0xE2,0x62,0x81,0x22,0x40,0x91,0xBC,0x1B,0xE2,0x43,0x40,0x21,0xBC,0x1B,0x2E,0x67,  //0x2d10~0x2d1f      .b."@....C@!...g
0xFE,0x27,0x80,0x62,0x4C,0x70,0x40,0x13,0x8E,0x21,0xC7,0x09,0x40,0x23,0x84,0x03,  //0x2d20~0x2d2f      .'.bLp@..!..@#..
0x9E,0x39,0x5C,0x21,0x00,0x01,0x54,0x80,0x00,0xFF,0xD5,0x03,0x81,0x07,0x84,0x41,  //0x2d30~0x2d3f      .9.!..T........A
0xE0,0xE1,0xE8,0x09,0x8C,0xE1,0x97,0xF8,0xD5,0x06,0x84,0x40,0x81,0x07,0x80,0x82,  //0x2d40~0x2d4f      ...........@....
0x80,0xE0,0xD5,0x02,0x84,0x81,0x4C,0x91,0xC0,0x16,0x9E,0x31,0x4E,0x92,0x00,0x0A,  //0x2d50~0x2d5f      ......L....1N...
0x4C,0x90,0x40,0x03,0x84,0x41,0x50,0x14,0xFF,0xFF,0x55,0xC0,0x80,0xFF,0xD5,0x03,  //0x2d60~0x2d6f      L.@..AP...U.....
0x83,0x89,0x84,0x41,0xE1,0x20,0xE8,0x09,0x50,0x54,0x80,0x01,0x54,0x92,0x80,0xFF,  //0x2d70~0x2d7f      ...A....PT..T...
0xD5,0x04,0x83,0x89,0x81,0x23,0xD5,0x02,0x84,0x81,0x84,0xC0,0x80,0xA8,0xF6,0x82,  //0x2d80~0x2d8f      .....#..........
0xB6,0xDF,0xF6,0x81,0xE2,0xE5,0xE9,0x32,0x96,0x2A,0x80,0x7C,0xF0,0x83,0xE3,0x23,  //0x2d90~0x2d9f      .......2.*.|...#
0xE9,0x2A,0x96,0x1A,0xF1,0x03,0xF2,0x87,0xF4,0x86,0xF5,0x85,0xF3,0x84,0x49,0xFF,  //0x2da0~0x2daf      .*............I.
0xEA,0x19,0xF5,0x05,0xF3,0x04,0xF4,0x06,0xF2,0x07,0x4C,0x54,0x00,0x07,0xD7,0x05,  //0x2db0~0x2dbf      ..........LT....
0x4C,0x3E,0x00,0x04,0x4C,0x34,0xC0,0x09,0xF1,0x02,0x8C,0xC1,0x88,0x01,0x96,0x03,  //0x2dc0~0x2dcf      L>..L4..........
0xF0,0x82,0x97,0xB0,0xD5,0x0D,0x22,0x15,0x00,0x05,0xE0,0x20,0xE8,0x05,0xF0,0x01,  //0x2dd0~0x2ddf      ......".........
0x8C,0x01,0x96,0x00,0xF0,0x81,0xB4,0x1F,0x8C,0x01,0x96,0x00,0xB6,0x1F,0x8C,0x61,  //0x2de0~0x2def      ...............a
0x96,0xD8,0xD5,0xD6,0x8C,0xA1,0x97,0x68,0xD5,0xCE,0x97,0xFA,0x41,0xCE,0x00,0x10,  //0x2df0~0x2dff      .......h....A...
0x80,0x27,0x80,0x1C,0xF2,0x84,0xF4,0x83,0x49,0xFF,0xE9,0xEC,0xF1,0x02,0x40,0x94,  //0x2e00~0x2e0f      .'......I.....@.
0x80,0x10,0x8A,0x20,0x40,0x84,0x00,0x10,0x96,0xC9,0x80,0x09,0x80,0x28,0xF3,0x82,  //0x2e10~0x2e1f      ....@........(..
0x49,0xFF,0xE9,0xE0,0xF3,0x02,0x80,0x28,0x9A,0x18,0x96,0xC1,0x80,0x1C,0xF3,0x82,  //0x2e20~0x2e2f      I......(........
0x49,0xFF,0xE9,0xD8,0xF3,0x02,0x80,0x27,0x9A,0x18,0x40,0x80,0x00,0x13,0x80,0x09,  //0x2e30~0x2e3f      I......'..@.....
0x49,0xFF,0xE9,0xD0,0x40,0x04,0x00,0x01,0x40,0x90,0x00,0x13,0x20,0x15,0x00,0x00,  //0x2e40~0x2e4f      I...@...@.......
0x20,0x05,0x00,0x01,0x49,0xFF,0xE9,0xC6,0x80,0xE0,0x20,0x15,0x00,0x02,0x20,0x05,  //0x2e50~0x2e5f      ....I...........
0x00,0x03,0x49,0xFF,0xE9,0xBF,0x88,0x07,0xF4,0x03,0x96,0x01,0x40,0x84,0x80,0x11,  //0x2e60~0x2e6f      ..I.........@...
0x96,0x43,0xF2,0x04,0xC4,0x08,0xCA,0x07,0x40,0x04,0x80,0x01,0x8E,0xC2,0x40,0x80,  //0x2e70~0x2e7f      .C......@.....@.
0x00,0x11,0x97,0xB0,0xE6,0xC5,0xE9,0x03,0x8E,0xC4,0x97,0xB0,0x80,0x08,0x4E,0x84,  //0x2e80~0x2e8f      ..............N.
0x00,0x03,0x84,0x00,0xFA,0x58,0x96,0x03,0xFE,0x14,0x22,0x25,0x00,0x04,0xFE,0x54,  //0x2e90~0x2e9f      .....X...."%...T
0xFF,0x8C,0xE0,0xC0,0xE8,0x0B,0xF1,0x01,0xB4,0x1F,0x8A,0x01,0xB4,0x3F,0x94,0x02,  //0x2ea0~0x2eaf      .............?..
0xE0,0x20,0xE9,0x04,0x84,0x02,0x10,0x05,0x00,0x06,0xFC,0xC4,0xFC,0x20,0x80,0xE0,  //0x2eb0~0x2ebf      ................
0x20,0x10,0x00,0x00,0x20,0x00,0x00,0x01,0x49,0xFF,0xE9,0x8C,0x80,0xC0,0x20,0x13,  //0x2ec0~0x2ecf      ........I.......
0x80,0x02,0x20,0x03,0x80,0x03,0x49,0xFF,0xE9,0x85,0x88,0x06,0x40,0x60,0x04,0x0A,  //0x2ed0~0x2edf      ......I.....@`..
0x97,0xB3,0x84,0x60,0x44,0x40,0xFC,0x00,0x84,0xA6,0x80,0x04,0x42,0x01,0x94,0x73,  //0x2ee0~0x2eef      ...`D@......B..s
0x00,0x10,0x02,0xDA,0x00,0x20,0x02,0xD9,0x40,0x10,0xA0,0x08,0xFE,0x57,0x96,0x4B,  //0x2ef0~0x2eff      ........@....W.K
0xE0,0x26,0xE8,0x14,0x00,0x10,0x02,0xDC,0x00,0x20,0x02,0xDB,0x40,0x10,0xA0,0x08,  //0x2f00~0x2f0f      .&..........@...
0xFE,0x57,0xAC,0x7C,0x50,0x00,0x02,0xD4,0x00,0x10,0x00,0x09,0x00,0x00,0x00,0x0A,  //0x2f10~0x2f1f      .W.|P...........
0x40,0x00,0x20,0x08,0xFE,0x0F,0xAC,0x3D,0xFC,0xA0,0x8C,0x61,0x5A,0x38,0x07,0xDF,  //0x2f20~0x2f2f      @......=...aZ8..
0xFC,0xA0,0xFC,0x00,0x84,0x60,0xAE,0xC6,0x44,0x31,0x05,0xA4,0x84,0x83,0x80,0xA3,  //0x2f30~0x2f3f      .....`..D1......
0x42,0x50,0x90,0x73,0x80,0x25,0x00,0x52,0x80,0x91,0x50,0x10,0x80,0x88,0xAF,0x40,  //0x2f40~0x2f4f      BP.s.%.R..P....@
0x00,0x10,0x80,0x08,0x42,0x31,0x10,0x73,0xAE,0x41,0x00,0x11,0x80,0x91,0x80,0xC0,  //0x2f50~0x2f5f      ....B1.s.A......
0xAE,0x42,0x00,0x11,0x80,0x90,0xAE,0x43,0x49,0xFF,0xFF,0xAA,0xA6,0x70,0xA6,0x32,  //0x2f60~0x2f6f      .B.....CI....p.2
0xE2,0x20,0xE9,0x03,0x9A,0x08,0xD5,0x02,0x8A,0x01,0x96,0x00,0xAE,0x34,0xA6,0x71,  //0x2f70~0x2f7f      .............4.q
0xA6,0x33,0xE2,0x20,0xE9,0x03,0x9A,0x08,0xD5,0x02,0x8A,0x01,0x96,0x00,0xAE,0x35,  //0x2f80~0x2f8f      .3.............5
0xFC,0x80,0xFC,0x44,0xF0,0x82,0x2E,0x00,0x00,0x5E,0x83,0x81,0xB6,0x1F,0x80,0x02,  //0x2f90~0x2f9f      ...D.....^......
0x96,0x0E,0x96,0x00,0xF2,0x81,0x44,0x81,0x05,0xA4,0x85,0x40,0xF0,0x83,0xB4,0x1F,  //0x2fa0~0x2faf      ......D....@....
0x54,0x95,0x00,0xFF,0xE3,0x20,0xE8,0x61,0x4E,0x92,0x00,0x05,0x38,0x0E,0x28,0x00,  //0x2fb0~0x2fbf      T......aN...8.(.
0xC8,0x05,0x50,0x04,0x80,0x01,0x38,0x0E,0x28,0x08,0xB4,0x1F,0x8E,0x01,0x4C,0xA0,  //0x2fc0~0x2fcf      ..P...8.(.....L.
0x00,0x60,0x50,0x64,0x80,0x01,0xB4,0x1F,0x97,0xB0,0x4C,0x60,0x00,0x4C,0x2E,0x07,  //0x2fd0~0x2fdf      .`Pd......L`.L..
0xFA,0x36,0xC0,0x20,0x2E,0x07,0xFB,0x4D,0xC8,0x0E,0x2E,0x07,0xFA,0x34,0x00,0x54,  //0x2fe0~0x2fef      .6.....M.....4.T
0x00,0x90,0xD0,0x3E,0x84,0x23,0x44,0x21,0x05,0xA4,0x42,0x23,0x04,0x73,0x00,0x51,  //0x2ff0~0x2fff      ...>.#D!..B#.s.Q
0x00,0x90,0xD5,0x0F,0x5A,0x08,0x01,0x0F,0x2E,0x07,0xFA,0x34,0x00,0x54,0x00,0x91,  //0x3000~0x300f      ....Z......4.T..
0xD0,0x2F,0x84,0x23,0x44,0x21,0x05,0xA4,0x42,0x23,0x04,0x73,0x00,0x51,0x00,0x91,  //0x3010~0x301f      ./.#D!..B#.s.Q..
0xD0,0x27,0xB1,0xC5,0x80,0x07,0x80,0x29,0x80,0x46,0x49,0xFF,0xFF,0x84,0xA6,0x7C,  //0x3020~0x302f      .'.....).FI....|
0x2E,0x27,0xF9,0x08,0xE2,0x22,0xE8,0x1C,0xA6,0x3D,0xE2,0x02,0xE8,0x19,0xE6,0x22,  //0x3030~0x303f      .'..."...=....."
0xE8,0x1D,0xE6,0x02,0xE8,0x1B,0xF0,0x03,0xC0,0x19,0x80,0x07,0x49,0xFF,0xFE,0x14,  //0x3040~0x304f      ............I...
0xA6,0x3E,0xC0,0x0E,0xF1,0x02,0x8E,0x01,0x88,0x01,0x00,0x10,0x00,0x61,0x80,0x46,  //0x3050~0x305f      .>...........a.F
0x8C,0x21,0x10,0x10,0x00,0x61,0x80,0x1C,0x80,0x29,0x49,0xFF,0xFD,0xE5,0x8C,0xC1,  //0x3060~0x306f      .!...a...)I.....
0xD5,0xB3,0x8D,0x41,0x8D,0x03,0xD5,0x9C,0xFC,0xC4,0xF0,0x01,0x3A,0x13,0x8C,0x00,  //0x3070~0x307f      ...A........:...
0x49,0xFF,0xFE,0x21,0xC0,0xE6,0x80,0x07,0x49,0xFF,0xFE,0x33,0xD5,0xE2,0xFC,0xC4,  //0x3080~0x308f      I..!....I..3....
0xFC,0x05,0xFA,0x50,0xF0,0x81,0xB6,0x3F,0xB0,0x02,0x84,0x20,0x49,0x00,0x2E,0x94,  //0x3090~0x309f      ...P...?....I...
0xB4,0x1F,0x84,0x20,0x44,0x20,0x00,0x63,0x49,0x00,0x2E,0x8E,0x2E,0x00,0x00,0x5E,  //0x30a0~0x30af      ....D..cI......^
0xE6,0x02,0xE9,0x0A,0xB4,0x1F,0xB0,0x42,0xF2,0x01,0x49,0xFF,0xFF,0x6C,0xB4,0x1F,  //0x30b0~0x30bf      .......B..I..l..
0xB0,0x42,0x49,0xFF,0xFD,0x6E,0xFC,0x85,0x3A,0x0F,0x94,0x3C,0xF1,0x81,0xF4,0x84,  //0x30c0~0x30cf      .BI..n..:..<....
0x2E,0x10,0x00,0x5E,0x00,0x4F,0x80,0x64,0xF2,0x82,0xE2,0x81,0xF3,0x83,0xF5,0x85,  //0x30d0~0x30df      ...^.O.d........
0xF3,0x1A,0x00,0x2F,0x80,0x65,0x2E,0x57,0xFF,0xD5,0xE8,0x0C,0xD9,0x05,0xCA,0x04,  //0x30e0~0x30ef      .../.e.W........
0xAE,0x80,0xAE,0x98,0xD5,0x07,0x8A,0x22,0xD9,0x05,0x84,0x22,0xAE,0x40,0x84,0x00,  //0x30f0~0x30ff      ......."...".@..
0xAE,0x18,0xEC,0x18,0xDD,0x9E,0xFC,0x18,0x84,0x01,0x10,0x0F,0x80,0x5A,0x84,0x03,  //0x3100~0x310f      .............Z..
0x10,0x0F,0x80,0x5B,0x2E,0x00,0x00,0x5E,0xE6,0x02,0xE9,0x2A,0x84,0x03,0xB0,0x57,  //0x3110~0x311f      ...[...^...*...W
0x49,0xFF,0xFF,0xB8,0x50,0x0F,0x80,0x5A,0xF0,0x94,0xB0,0x5C,0x44,0x20,0x00,0x4F,  //0x3120~0x312f      I...P..Z....D..O
0x80,0x1F,0x49,0x00,0x2E,0x23,0x50,0x0F,0x80,0x5B,0xF1,0x17,0xF2,0x18,0xF3,0x19,  //0x3130~0x313f      ..I..#P..[......
0xF4,0x1A,0xF5,0x1B,0x49,0xFF,0xFF,0xC2,0x00,0x0F,0x80,0x5A,0xC8,0x06,0x00,0x0F,  //0x3140~0x314f      ....I......Z....
0x80,0x5B,0xB0,0x57,0x49,0xFF,0xFF,0x9E,0x00,0x0F,0x80,0xBC,0x3E,0x00,0x00,0x5E,  //0x3150~0x315f      .[.WI.......>..^
0xB0,0x57,0x44,0x01,0x06,0x34,0x44,0x20,0x00,0x60,0x49,0x00,0x2E,0x07,0xFC,0x98,  //0x3160~0x316f      .WD..4D..`I.....
0xC3,0x5C,0xFC,0x41,0x2E,0x50,0x00,0x5E,0x8C,0x21,0xF5,0x81,0x85,0x40,0x87,0x83,  //0x3170~0x317f      ...A.P.^.!...@..
0x81,0x20,0x45,0xE0,0x7F,0xFF,0x44,0x80,0x00,0xFF,0x84,0xA0,0xF6,0x01,0xD6,0x26,  //0x3180~0x318f      ..E...D........&
0x00,0x64,0x80,0x00,0x5A,0x60,0xFF,0x1F,0x00,0x74,0x80,0x02,0xC7,0x1B,0x00,0x70,  //0x3190~0x319f      .d..Z`...t.....p
0xFF,0xFF,0xE2,0xE6,0xE9,0x03,0x9B,0xBE,0xD5,0x02,0x8A,0xC7,0x97,0xB1,0xB6,0xDF,  //0x31a0~0x31af      ................
0x00,0x74,0x80,0x01,0xA7,0x88,0xE2,0xC7,0xE9,0x03,0x9B,0xF7,0xD5,0x02,0x8A,0xE6,  //0x31b0~0x31bf      .t..............
0xB4,0xDF,0x97,0xF9,0x88,0xC7,0x97,0xB1,0xE2,0xDE,0x41,0xE3,0x3C,0x1B,0x40,0x82,  //0x31c0~0x31cf      ..........A.<.@.
0xBC,0x1B,0x8C,0xA1,0x97,0x68,0x8D,0x23,0xD5,0xDA,0x5A,0x80,0xFF,0x1F,0x80,0xA0,  //0x31d0~0x31df      .....h.#..Z.....
0xA7,0xA0,0x42,0x54,0x70,0x73,0xA7,0xE8,0x81,0x22,0x42,0x93,0x70,0x73,0x10,0x74,  //0x31e0~0x31ef      ..BTps..."B.ps.t
0x80,0x00,0xA7,0xA0,0xA7,0xE9,0x81,0x22,0x42,0x93,0x70,0x73,0x10,0x74,0x80,0x01,  //0x31f0~0x31ff      ......."B.ps.t..
0xA7,0xA0,0x80,0xE2,0x42,0x73,0x70,0x73,0x80,0xC7,0x84,0xE1,0xAF,0xF2,0x84,0xDF,  //0x3200~0x320f      ....Bsps........
0xAF,0xA8,0xA7,0x60,0x8C,0xA1,0xAF,0x60,0x50,0x55,0x00,0x01,0x54,0xA2,0x80,0xFF,  //0x3210~0x321f      ...`...`PU..T...
0x8C,0x23,0x4C,0xA1,0xFF,0xAF,0xFC,0xC1,0xDD,0x9E,0xFC,0x43,0x80,0x60,0x2E,0x00,  //0x3220~0x322f      .#L........C.`..
0x00,0x5E,0x83,0x81,0x81,0x22,0xF0,0x82,0x00,0xA1,0x00,0x00,0xE7,0x4A,0xE8,0x4F,  //0x3230~0x323f      .^...".......J.O
0x80,0xC3,0x44,0x2F,0x80,0x01,0x44,0x80,0x00,0xFF,0x84,0xE0,0xF0,0x02,0x4C,0x70,  //0x3240~0x324f      ..D/..D.......Lp
0x00,0x1D,0xA6,0x30,0x5A,0x00,0xFF,0x16,0xA6,0x72,0xC1,0x13,0x96,0x02,0x20,0x13,  //0x3250~0x325f      ...0Z....r......
0x00,0x01,0xF3,0x85,0xF2,0x84,0xF4,0x83,0x49,0xFF,0xE7,0xBC,0xF2,0x04,0xF4,0x03,  //0x3260~0x326f      ........I.......
0xE0,0x40,0xF3,0x05,0xE8,0x06,0xA6,0x70,0xA7,0x31,0xF1,0x81,0x80,0x40,0x81,0x07,  //0x3270~0x327f      .@.....p.1...@..
0x8C,0xE1,0x97,0xF8,0x8C,0xC3,0xD5,0xE3,0x5A,0x80,0xFF,0x25,0x00,0x14,0x80,0x00,  //0x3280~0x328f      ........Z..%....
0x84,0x03,0x80,0x5C,0x42,0x20,0x80,0x73,0x80,0x22,0x00,0x2F,0x80,0x04,0xAE,0x88,  //0x3290~0x329f      ....B..s."./....
0x00,0x14,0x80,0x00,0x80,0x5C,0x42,0x20,0x80,0x73,0xAF,0x11,0x00,0x14,0x80,0x00,  //0x32a0~0x32af      ......B..s......
0x80,0x5C,0x42,0x20,0x80,0x73,0x80,0x22,0x84,0x41,0xAE,0x8A,0x80,0x23,0x42,0x14,  //0x32b0~0x32bf      ..B..s.".A...#B.
0x00,0x73,0x80,0x01,0x84,0x3F,0xAE,0x40,0x00,0x04,0x80,0x00,0x8C,0x01,0x10,0x04,  //0x32c0~0x32cf      .s...?.@........
0x80,0x00,0x50,0x05,0x00,0x01,0x54,0xA0,0x00,0xFF,0xD5,0xB1,0xFC,0xC3,0xFC,0x59,  //0x32d0~0x32df      ..P...T........Y
0x44,0xA1,0x05,0xA4,0x50,0x95,0x00,0x90,0xB0,0x1A,0x84,0x20,0x44,0x20,0x00,0x60,  //0x32e0~0x32ef      D...P.......D..`
0x49,0x00,0x2D,0x6A,0x80,0x29,0xB0,0x02,0x44,0x20,0x00,0x60,0x49,0x00,0x2D,0x3E,  //0x32f0~0x32ff      I.-j.)..D..`I.->
0x44,0x61,0x01,0x74,0x84,0x00,0x2E,0x37,0xFC,0x04,0x50,0x4F,0x80,0x07,0x10,0x0F,  //0x3300~0x330f      Da.t...7..PO....
0x80,0x07,0x80,0x26,0xB0,0x02,0xB0,0x9A,0x49,0xFF,0xFF,0x2C,0xB0,0x02,0xB0,0x5A,  //0x3310~0x331f      ...&....I..,...Z
0x50,0x2F,0x80,0x07,0x49,0xFF,0xFF,0x83,0x00,0x7F,0x80,0x07,0xB0,0x5A,0x80,0x09,  //0x3320~0x332f      P/..I........Z..
0x44,0x20,0x00,0x60,0x10,0x75,0x00,0x8A,0x49,0x00,0x2D,0x20,0x80,0x06,0xB0,0x5A,  //0x3330~0x333f      D..`.u..I.-....Z
0x44,0x20,0x00,0x60,0x3E,0x77,0xFC,0x04,0x49,0x00,0x2D,0x18,0xFC,0xD9,0x2E,0x07,  //0x3340~0x334f      D..`>w..I.-.....
0xF7,0x4C,0x5A,0x00,0x01,0x04,0x48,0x00,0x00,0x86,0x2E,0x07,0xFD,0xD4,0xC0,0x04,  //0x3350~0x335f      .LZ...H.........
0x8E,0x01,0x3E,0x07,0xFD,0xD4,0x2E,0x30,0x00,0x5E,0x2E,0x17,0xF9,0x35,0xE6,0x62,  //0x3360~0x336f      ..>....0.^...5.b
0x3C,0x27,0xFE,0xED,0x2E,0x07,0xF9,0x36,0xE9,0x12,0x40,0x30,0x20,0x08,0xFE,0xCF,  //0x3370~0x337f      <'.....6..@0....
0xE0,0x62,0xE8,0x05,0x2E,0x37,0xF9,0x39,0x94,0xD9,0xD5,0x16,0x84,0x83,0xFE,0xE4,  //0x3380~0x338f      .b...7.9........
0x90,0x62,0xE0,0x62,0xE8,0x13,0x2E,0x37,0xF9,0x39,0xD5,0x0E,0x5A,0x38,0x01,0x0F,  //0x3390~0x339f      .b.b...7.9..Z8..
0x40,0x30,0x20,0x08,0xFE,0xCF,0x84,0x83,0xFE,0xE4,0x90,0x61,0xE0,0x62,0xE8,0x06,  //0x33a0~0x33af      @0.........a.b..
0x2E,0x37,0xF9,0x39,0x92,0x61,0x3E,0x37,0xFD,0xD4,0x40,0x00,0x20,0x08,0xFE,0x0F,  //0x33b0~0x33bf      .7.9.a>7..@.....
0x84,0x23,0x42,0x30,0x04,0x24,0xE0,0x62,0xE8,0x14,0x2E,0x07,0xF9,0x3C,0xFE,0x0C,  //0x33c0~0x33cf      .#B0.$.b.....<..
0x3E,0x07,0xFD,0xD9,0x2E,0x07,0xF9,0x3B,0x2E,0x27,0xF9,0x3A,0x40,0x00,0x20,0x08,  //0x33d0~0x33df      >......;.'.:@...
0xFE,0x17,0xFE,0x44,0x3C,0x1B,0xFE,0xEB,0x2E,0x17,0xF9,0x3D,0x84,0x0A,0xD5,0x16,  //0x33e0~0x33ef      ...D<......=....
0x94,0x41,0xE0,0x22,0xE8,0x15,0x2E,0x07,0xF9,0x3C,0x94,0x01,0x3E,0x07,0xFD,0xD9,  //0x33f0~0x33ff      .A.".....<..>...
0x2E,0x07,0xF9,0x3B,0x2E,0x17,0xF9,0x3A,0x40,0x00,0x20,0x08,0xFE,0x0F,0x94,0x01,  //0x3400~0x340f      ...;...:@.......
0x3C,0x0B,0xFE,0xEB,0x2E,0x17,0xF9,0x3D,0x84,0x05,0xFE,0x0C,0xD5,0x1A,0xE0,0x02,  //0x3410~0x341f      <......=........
0xE8,0x11,0x2E,0x07,0xF9,0x3C,0x3E,0x07,0xFD,0xD9,0x2E,0x07,0xF9,0x3B,0x2E,0x17,  //0x3420~0x342f      .....<>......;..
0xF9,0x3A,0x40,0x00,0x20,0x08,0xFE,0x0F,0x3C,0x0B,0xFE,0xEB,0x2E,0x07,0xF9,0x3D,  //0x3430~0x343f      .:@.....<......=
0xD5,0x08,0x2E,0x07,0xFD,0xD4,0xC8,0x07,0x3E,0x07,0xFD,0xD9,0x3C,0x0B,0xFE,0xEB,  //0x3440~0x344f      ........>...<...
0x3E,0x07,0xFD,0xD8,0x2E,0x17,0xFD,0xD8,0x2E,0x07,0xF8,0xDB,0x88,0x01,0x3E,0x07,  //0x3450~0x345f      >.............>.
0xFD,0xA9,0xDD,0x9E,0xFC,0x00,0x49,0xFF,0xF8,0xAB,0x49,0xFF,0xFF,0x72,0x49,0xFF,  //0x3460~0x346f      ......I...I..rI.
0xFB,0x88,0x49,0xFF,0xFE,0x4A,0x49,0xFF,0xE8,0x6D,0x49,0xFF,0xFF,0x32,0xFC,0x80,  //0x3470~0x347f      ..I..JI..mI..2..
0xFC,0x00,0x3C,0x0D,0xFE,0xCC,0xC0,0x02,0xDD,0x20,0x49,0xFF,0xE7,0xBB,0xFC,0x80,  //0x3480~0x348f      ..<.......I.....
0x2E,0x07,0xFF,0xD7,0x2E,0x17,0xFF,0xD4,0x3E,0x07,0xFF,0xD8,0x2E,0x00,0x00,0x5E,  //0x3490~0x349f      ........>......^
0x3E,0x00,0x00,0x5F,0x3E,0x17,0xFF,0xD5,0x84,0x00,0x44,0x41,0x05,0xA4,0x98,0x84,  //0x34a0~0x34af      >.._>.....DA....
0x02,0x31,0x01,0x6F,0x8C,0x16,0x12,0x31,0x01,0x70,0x5A,0x08,0xDC,0xFA,0xC1,0x0B,  //0x34b0~0x34bf      .1.o...1.pZ.....
0xFC,0x00,0x44,0x01,0x07,0x84,0x50,0x10,0x7F,0x60,0x44,0x20,0x00,0x50,0x49,0x00,  //0x34c0~0x34cf      ..D...P..`D..PI.
0x2C,0x55,0xFC,0x80,0xDD,0x9E,0xFC,0x00,0x84,0x01,0x44,0x11,0x03,0xF4,0x3E,0x07,  //0x34d0~0x34df      ,U........D...>.
0xFB,0x8A,0x10,0x00,0x81,0x78,0x10,0x00,0x81,0x50,0x49,0x00,0x0B,0x63,0xFC,0x80,  //0x34e0~0x34ef      .....x...PI..c..
0xFC,0x00,0x49,0xFF,0xFF,0xF2,0x3C,0x0D,0xFF,0x43,0xC0,0x07,0xA0,0x44,0x8C,0x21,  //0x34f0~0x34ff      ..I...<..C...D.!
0xA8,0x44,0xA0,0x45,0x8C,0x21,0xA8,0x45,0x49,0x00,0x0B,0x55,0x49,0xFF,0xFF,0xBA,  //0x3500~0x350f      .D.E.!.EI..UI...
0x49,0xFF,0xEF,0xB2,0x49,0xFF,0xF7,0x51,0x2E,0x07,0xFD,0x80,0xC0,0x04,0x49,0x00,  //0x3510~0x351f      I...I..Q......I.
0x10,0xBB,0xFC,0x80,0x84,0x01,0x49,0x00,0x12,0x7F,0xC0,0xE6,0x49,0xFF,0xE6,0x70,  //0x3520~0x352f      ......I.....I..p
0x3C,0x0D,0xFF,0x43,0xC0,0x04,0xA0,0x47,0x8C,0x21,0xA8,0x47,0x49,0x00,0x08,0x9F,  //0x3530~0x353f      <..C...G.!.GI...
0x49,0x00,0x00,0x13,0x49,0x00,0x10,0x75,0x49,0x00,0x09,0x60,0x49,0xFF,0xFF,0xA2,  //0x3540~0x354f      I...I..uI..`I...
0xD5,0xD3,0x44,0x01,0x05,0xA4,0x84,0x20,0xAE,0x43,0xAE,0x40,0xA6,0x47,0x54,0x10,  //0x3550~0x355f      ..D......C.@.GT.
0x80,0xFC,0xAE,0x47,0xDD,0x9E,0xFC,0x00,0x49,0xFF,0xFF,0xF5,0x49,0x00,0x11,0x19,  //0x3560~0x356f      ...G....I...I...
0x49,0x00,0x10,0x9A,0x49,0xFF,0xF6,0x54,0x49,0x00,0x10,0xD8,0x49,0xFF,0xEB,0x48,  //0x3570~0x357f      I...I..TI...I..H
0x49,0x00,0x10,0x8E,0x49,0xFF,0xFF,0x70,0x49,0x00,0x0E,0x5B,0x49,0x00,0x04,0xF7,  //0x3580~0x358f      I...I..pI..[I...
0x49,0x00,0x13,0xF9,0x49,0xFF,0xE8,0x5C,0x49,0x00,0x04,0xF8,0xFC,0x80,0xFC,0x00,  //0x3590~0x359f      I...I...I.......
0x44,0x00,0xFC,0x72,0x49,0xFF,0xE5,0xFF,0x2E,0x17,0xF7,0x54,0xC1,0x33,0x2E,0x17,  //0x35a0~0x35af      D..rI......T.3..
0xFA,0x59,0x5A,0x18,0x77,0x30,0x2E,0x37,0xFB,0x34,0x96,0x02,0xE0,0x60,0xE8,0x2A,  //0x35b0~0x35bf      .YZ.w0.7.4...`.*
0x9C,0x99,0x96,0x90,0x2E,0x47,0xFA,0x5A,0x44,0x11,0x01,0xD8,0x3E,0x27,0xFB,0x34,  //0x35c0~0x35cf      .....G.ZD...>'.4
0x38,0x40,0x8C,0x08,0x4C,0x20,0x40,0x1F,0x44,0x00,0xFC,0x72,0x49,0xFF,0xE5,0xD4,  //0x35d0~0x35df      8@..L.@.D..rI...
0xC0,0x07,0x84,0x00,0x3E,0x07,0xFB,0x58,0x3E,0x07,0xFC,0x08,0xD5,0x13,0x2E,0x07,  //0x35e0~0x35ef      ....>..X>.......
0xFC,0x08,0x5A,0x08,0x0A,0x10,0x2E,0x07,0xFC,0x0B,0x40,0x10,0x40,0x08,0x2E,0x07,  //0x35f0~0x35ff      ..Z.......@.@...
0xFC,0x0A,0x40,0x00,0x20,0x08,0x88,0x01,0x2E,0x17,0xFC,0x09,0x88,0x01,0x3C,0x0F,  //0x3600~0x360f      ..@...........<.
0xFE,0xD4,0xFC,0x80,0x84,0x00,0x3E,0x07,0xFA,0x80,0x2E,0x07,0xFA,0x80,0x54,0x00,  //0x3610~0x361f      ......>.......T.
0x00,0x8F,0x3E,0x07,0xFA,0x80,0xDD,0x9E,0xFC,0x00,0x49,0xFF,0xFF,0xBA,0x2E,0x07,  //0x3620~0x362f      ..>.......I.....
0xFB,0x58,0x5A,0x08,0x01,0x07,0x3C,0x0D,0xFE,0xC7,0xC0,0x03,0xDD,0x20,0xFC,0x80,  //0x3630~0x363f      .XZ...<.........
0x49,0xFF,0xEB,0xF9,0xFC,0x80,0x2E,0x47,0xFF,0xD4,0x84,0x20,0x44,0x51,0x05,0xA4,  //0x3640~0x364f      I......G....DQ..
0x96,0xC8,0xE2,0x64,0xE8,0x0A,0x8C,0x21,0x94,0x8B,0x88,0x45,0x00,0x21,0x00,0xEC,  //0x3650~0x365f      ...d...!...E.!..
0x5A,0x28,0xFF,0xF8,0xAE,0xC0,0xDD,0x9E,0xDD,0x9E,0xE2,0x02,0xE9,0x03,0x8A,0x02,  //0x3660~0x366f      Z(..............
0xD5,0x02,0x9A,0x10,0x96,0x01,0xE2,0x23,0xFE,0x04,0xE9,0x03,0x9A,0xCB,0xD5,0x02,  //0x3670~0x367f      .......#........
0x8A,0x61,0x96,0xD9,0x42,0x01,0x8C,0x73,0xDD,0x9E,0xFC,0x40,0xEE,0x40,0x2E,0x37,  //0x3680~0x368f      .a..B..s...@.@.7
0xFF,0xD4,0xA6,0x4C,0xF3,0x81,0x2E,0x57,0xFF,0xD5,0xF1,0x82,0xC3,0x67,0x80,0xE2,  //0x3690~0x369f      ...L...W.....g..
0x83,0x80,0x44,0xA1,0x05,0xA4,0x84,0xC0,0xB0,0x09,0x84,0x3F,0x38,0x10,0x18,0x08,  //0x36a0~0x36af      ..D........?8...
0x02,0x05,0x00,0xC8,0xFA,0x38,0xF0,0x83,0x02,0x05,0x00,0xC9,0x44,0x91,0x05,0xA4,  //0x36b0~0x36bf      .....8......D...
0xF0,0x84,0xB0,0x0C,0x42,0x03,0x04,0x73,0xF0,0x85,0x84,0x1F,0x85,0x00,0xB6,0x1F,  //0x36c0~0x36cf      ....B..s........
0xF0,0x01,0x54,0x44,0x00,0xFF,0xE2,0x80,0xE8,0x1E,0x00,0x04,0x80,0xF4,0x5A,0x08,  //0x36d0~0x36df      ..TD..........Z.
0xFF,0x18,0xF1,0x04,0xF0,0x03,0x02,0x24,0x80,0x78,0x02,0x34,0x80,0x79,0xF5,0x87,  //0x36e0~0x36ef      .......$.x.4.y..
0xF4,0x86,0x49,0xFF,0xFF,0xBC,0xF1,0x05,0xF4,0x06,0x38,0x00,0xA2,0x0A,0xB4,0x3F,  //0x36f0~0x36ff      ..I.......8....?
0xF5,0x07,0xE2,0x01,0xE8,0x05,0xB0,0x49,0x38,0x40,0x98,0x08,0xB6,0x1F,0x8D,0x01,  //0x3700~0x370f      .......I8@......
0x8D,0x28,0xD5,0xDF,0x8C,0xC1,0x8D,0x48,0x5A,0x68,0x0A,0xC8,0x5A,0x50,0x01,0x21,  //0x3710~0x371f      .(.....HZh..ZP.!
0xE6,0xA2,0xE9,0x24,0x84,0x00,0x42,0x13,0x98,0x24,0x96,0x80,0x4C,0x71,0x00,0x16,  //0x3720~0x372f      ...$..B..$..Lq..
0xB0,0x89,0xB0,0xC9,0x38,0x21,0x1C,0x00,0x38,0x51,0x80,0x00,0xDA,0x0E,0xE6,0xAA,  //0x3730~0x373f      ....8!..8Q......
0xE8,0x0C,0x98,0x8D,0xB0,0xCC,0x38,0x31,0x8A,0x02,0x42,0x50,0x18,0x73,0xB0,0x8C,  //0x3740~0x374f      ......81..BP.s..
0x38,0x21,0x16,0x02,0xE2,0x62,0xE8,0x0A,0x8C,0x01,0x5A,0x08,0x0A,0xE8,0xF1,0x02,  //0x3750~0x375f      8!...b....Z.....
0xB0,0x09,0x38,0x00,0x04,0x00,0x10,0x0E,0x00,0x00,0xED,0xC0,0xFC,0xC0,0xFC,0x00,  //0x3760~0x376f      ..8.............
0x80,0x60,0xA7,0x4C,0x80,0x01,0xA6,0x55,0x5A,0x38,0xFF,0x08,0xE6,0x22,0x84,0x22,  //0x3770~0x377f      .`.L...UZ8..."."
0xE9,0x09,0x84,0x3F,0xAE,0x44,0xD5,0x07,0x5A,0x18,0xFF,0x04,0x84,0x20,0xD5,0x02,  //0x3780~0x378f      ...?.D..Z.......
0x84,0x21,0xAE,0x45,0xA7,0x85,0x5A,0x60,0xFF,0x16,0x80,0x22,0x80,0x80,0x84,0x48,  //0x3790~0x379f      .!.E..Z`..."...H
0x5A,0x68,0x02,0x06,0x49,0x00,0x2A,0xEA,0xAF,0x85,0xFC,0x80,0x8C,0x7E,0x94,0xDB,  //0x37a0~0x37af      Zh..I.*......~..
0x44,0x11,0x05,0xA4,0x88,0x23,0xAF,0x4C,0xA6,0x05,0xAE,0x0D,0x80,0x04,0x49,0x00,  //0x37b0~0x37bf      D....#.L......I.
0x2A,0xDD,0xFC,0x80,0x2E,0x17,0xFF,0xDB,0x84,0x60,0x54,0x10,0x80,0xFE,0x3E,0x17,  //0x37c0~0x37cf      *........`T...>.
0xFF,0xDB,0x9D,0x45,0x80,0x23,0x50,0x00,0x00,0x55,0xA6,0xA8,0xE6,0x42,0xE8,0x04,  //0x37d0~0x37df      ...E.#P..U...B..
0x8C,0x61,0x96,0xD8,0xD5,0x05,0x5A,0x28,0x02,0x04,0x9C,0x89,0x96,0x50,0x8C,0xA8,  //0x37e0~0x37ef      .a....Z(.....P..
0xD8,0xF5,0x3E,0x17,0xFF,0xD6,0x88,0x23,0x3E,0x37,0xFF,0xD4,0xC1,0x07,0x2E,0x07,  //0x37f0~0x37ff      ..>....#>7......
0xFF,0xDB,0x58,0x00,0x00,0x01,0x3E,0x07,0xFF,0xDB,0xDD,0x9E,0xFC,0x41,0x2E,0xA7,  //0x3800~0x380f      ..X...>......A..
0xFF,0xD5,0x44,0x01,0x06,0xE4,0x44,0x10,0x00,0xFF,0x44,0x20,0x00,0x50,0x2E,0x67,  //0x3810~0x381f      ..D...D...D..P.g
0xFF,0xD4,0x44,0x91,0x05,0xA4,0x49,0x00,0x2A,0xCF,0x4E,0xA3,0x00,0x0B,0xC6,0x51,  //0x3820~0x382f      ..D...I.*.N....Q
0x50,0x04,0x81,0x90,0x44,0x10,0x00,0xFF,0x44,0x20,0x00,0x50,0x49,0x00,0x2A,0xC4,  //0x3830~0x383f      P...D...D..PI.*.
0x44,0x61,0x07,0x34,0x84,0xE0,0x85,0x1F,0x00,0x03,0x7F,0xB5,0x51,0xC3,0x7F,0xB0,  //0x3840~0x384f      Da.4........Q...
0x10,0x73,0x7F,0xB4,0x5A,0x08,0xFF,0x15,0x4E,0xA2,0x00,0x13,0xA6,0x35,0x10,0x8F,  //0x3850~0x385f      .s..Z...N....5..
0x80,0x07,0xE6,0x02,0xE8,0x0D,0x50,0x0F,0x80,0x07,0x80,0x26,0x80,0x47,0x49,0xFF,  //0x3860~0x386f      ......P....&.GI.
0xFF,0x0E,0x00,0x0F,0x80,0x07,0x80,0x3C,0x80,0x46,0x49,0xFF,0xFF,0x7A,0x8C,0xE1,  //0x3870~0x387f      .......<.FI..z..
0x97,0xF8,0x8C,0xC8,0x5A,0x78,0x0A,0xE2,0x84,0xC0,0x44,0xA1,0x05,0xA4,0x84,0x1F,  //0x3880~0x388f      ....Zx....D.....
0x10,0x0F,0x80,0x07,0x40,0x04,0x98,0x00,0x00,0x00,0x01,0x95,0x50,0x73,0x01,0x90,  //0x3890~0x389f      ....@.......Ps..
0x88,0xE9,0x5A,0x08,0xFF,0x0E,0x50,0x0F,0x80,0x07,0x49,0xFF,0xFE,0xCE,0x50,0x13,  //0x38a0~0x38af      ..Z...P...I...P.
0x01,0x40,0x00,0x0F,0x80,0x07,0x88,0x2A,0x80,0x47,0x49,0xFF,0xFF,0x5A,0x8C,0xC8,  //0x38b0~0x38bf      .@.....*.GI..Z..
0x5A,0x68,0x50,0xE7,0x44,0x01,0x06,0xE4,0x49,0xFF,0xFF,0x7E,0x49,0x00,0x09,0x7A,  //0x38c0~0x38cf      ZhP.D...I..~I..z
0xFC,0xC1,0x2E,0x37,0xF8,0xEC,0xA4,0x88,0xE2,0x43,0x2E,0x37,0xF8,0xEB,0xE8,0x0D,  //0x38d0~0x38df      ...7.....C.7....
0xA4,0x00,0xE2,0x60,0xE8,0x0E,0x8C,0x41,0x2E,0x17,0xF8,0xED,0x40,0x00,0x08,0x16,  //0x38e0~0x38ef      ...`...A....@...
0xE2,0x20,0x56,0x07,0x80,0x01,0xDD,0x9E,0xE2,0x62,0xE8,0x03,0x84,0x1F,0xAC,0x08,  //0x38f0~0x38ff      ..V......b......
0x84,0x01,0xDD,0x9E,0x2E,0x07,0xFF,0xE2,0xC0,0x58,0x3C,0x03,0xFF,0xED,0x54,0x00,  //0x3900~0x390f      .........X<...T.
0x01,0x00,0xC0,0x53,0xFC,0x43,0x84,0x00,0x44,0x61,0x05,0xA4,0x3E,0x07,0xFF,0xE8,  //0x3910~0x391f      ...S.C..Da..>...
0x50,0x9F,0x80,0x04,0x44,0x71,0x02,0x40,0x50,0x83,0x00,0x50,0x81,0x46,0x2F,0xC7,  //0x3920~0x392f      P...Dq.@P..P.F/.
0xF8,0xEE,0x00,0x03,0x01,0x45,0x5A,0x00,0x01,0x06,0x84,0x00,0x12,0x04,0x80,0x00,  //0x3930~0x393f      .....EZ.........
0xD5,0x30,0xA5,0x78,0x44,0x00,0xFF,0xFF,0xD0,0x2D,0x02,0x03,0x00,0xA0,0x02,0x23,  //0x3940~0x394f      .0.xD....-.....#
0x00,0xC8,0xE2,0x02,0xE9,0x03,0x9A,0x82,0xD5,0x02,0x8A,0x40,0x02,0x13,0x00,0xA1,  //0x3950~0x395f      ...........@....
0x02,0x03,0x00,0xC9,0x96,0x91,0xE2,0x20,0xE9,0x03,0x9A,0x08,0xD5,0x02,0x8A,0x01,  //0x3960~0x396f      ................
0x96,0x01,0x88,0x40,0x00,0x03,0x01,0x95,0x12,0x24,0x80,0x00,0xC0,0x10,0x02,0x05,  //0x3970~0x397f      ...@.....$......
0x01,0x70,0xE2,0x1C,0xE8,0x0C,0x80,0x09,0x80,0x27,0x49,0xFF,0xFF,0xA4,0xC8,0x07,  //0x3980~0x398f      .p.......'I.....
0x84,0x02,0x10,0x03,0x01,0x45,0x84,0x01,0x3E,0x07,0xFF,0xE8,0x02,0x04,0x80,0x00,  //0x3990~0x399f      .....E..>.......
0xAC,0x38,0x8C,0xC8,0x8D,0x22,0x8C,0xE2,0x8D,0x56,0x4C,0x64,0x7F,0xC4,0x44,0x01,  //0x39a0~0x39af      .8..."...VLd..D.
0x06,0xE4,0x49,0xFF,0xFF,0x09,0xFC,0xC3,0xDD,0x9E,0xFC,0x00,0x44,0x01,0x06,0xE4,  //0x39b0~0x39bf      ..I.........D...
0x49,0xFF,0xFF,0x02,0xFC,0x80,0x96,0xC1,0xE2,0x23,0xE8,0x03,0x9A,0x59,0xD5,0x08,  //0x39c0~0x39cf      I........#...Y..
0x9F,0x11,0x9A,0x20,0xE0,0x01,0xE8,0x08,0x9A,0x8A,0x8C,0x41,0x98,0x5A,0x96,0x49,  //0x39d0~0x39df      ...........A.Z.I
0x94,0x09,0x96,0x00,0xDD,0x9E,0x84,0x00,0xDD,0x9E,0x2E,0x17,0xF8,0x86,0xE2,0x01,  //0x39e0~0x39ef      ................
0xE8,0x27,0x44,0x31,0x05,0xA4,0x50,0x50,0x00,0x28,0x50,0x40,0x00,0x3C,0x38,0x21,  //0x39f0~0x39ff      .'D1..PP.(P@.<8!
0x97,0x01,0x38,0x11,0x93,0x01,0xE2,0x41,0xE9,0x03,0x8A,0x41,0xD5,0x02,0x9A,0x8A,  //0x3a00~0x3a0f      ..8....A...A....
0x50,0x00,0x00,0x46,0x94,0x43,0x95,0x6B,0x95,0x23,0x88,0x23,0x96,0x91,0x88,0xA3,  //0x3a10~0x3a1f      P..F.C.k.#.#....
0x88,0x83,0xAC,0x89,0xA5,0x69,0xA4,0x61,0xE2,0xA1,0xE9,0x03,0x9A,0x69,0xD5,0x02,  //0x3a20~0x3a2f      .....i.a.....i..
0x8A,0x25,0x94,0x03,0x96,0x49,0x88,0x03,0xAC,0x42,0x88,0x22,0xAC,0x43,0xDD,0x9E,  //0x3a30~0x3a3f      .%...I...B.".C..
0xFC,0x40,0x50,0x70,0x00,0x46,0x44,0x61,0x05,0xA4,0x94,0xBB,0x2E,0x17,0xFD,0xAA,  //0x3a40~0x3a4f      .@Pp.FDa........
0x88,0x46,0xA4,0xD3,0x94,0x4C,0xE2,0x61,0xE8,0x07,0x40,0x21,0xA0,0x08,0x40,0x11,  //0x3a50~0x3a5f      .F...L.a..@!..@.
0x04,0x37,0x96,0x49,0xD5,0x03,0x44,0x10,0x01,0x00,0x50,0x40,0x00,0x50,0x94,0xA3,  //0x3a60~0x3a6f      .7.I..D...P@.P..
0x88,0x46,0xA4,0x93,0xE2,0x62,0xE8,0x05,0x44,0x11,0x05,0xA4,0x38,0x10,0x93,0x01,  //0x3a70~0x3a7f      .F...b..D...8...
0x5C,0xF0,0x81,0x01,0xE8,0x05,0xE6,0x25,0xE8,0x05,0x84,0x25,0xD5,0x03,0x44,0x10,  //0x3a80~0x3a8f      .......%...%..D.
0x01,0x00,0x2E,0x27,0xF7,0x4C,0x38,0x13,0x1F,0x09,0x5A,0x28,0x01,0x0A,0x2E,0x27,  //0x3a90~0x3a9f      ...'.L8...Z(...'
0xFD,0xD9,0x40,0x10,0x88,0x0E,0x44,0x21,0x05,0xA4,0x38,0x11,0x1F,0x09,0x2E,0x17,  //0x3aa0~0x3aaf      ..@...D!..8.....
0xFF,0xDF,0x44,0x21,0x05,0xA4,0x5A,0x18,0x01,0x43,0x50,0x00,0x00,0x28,0x38,0x11,  //0x3ab0~0x3abf      ..D!..Z..CP..(8.
0x03,0x01,0x94,0x03,0x88,0x02,0xA5,0x01,0x2E,0x07,0xF8,0xDA,0x92,0x24,0x40,0x90,  //0x3ac0~0x3acf      .............$@.
0x00,0x13,0xE3,0x21,0x2E,0x27,0xF6,0x9E,0x2E,0x57,0xF6,0x9F,0xE8,0x08,0x40,0x32,  //0x3ad0~0x3adf      ...!.'...W....@2
0xA0,0x08,0xFE,0xD7,0x8E,0x61,0x8A,0x60,0xE0,0x23,0xE9,0x05,0x40,0x52,0xA0,0x08,  //0x3ae0~0x3aef      .....a.`.#..@R..
0xFE,0xAF,0xD5,0x13,0x40,0x12,0x10,0x09,0xE3,0x21,0x2E,0x27,0xF6,0xA0,0x2E,0x47,  //0x3af0~0x3aff      ....@....!.'...G
0xF6,0xA1,0xE8,0x08,0x40,0x32,0x20,0x08,0xFE,0xD7,0x8E,0x61,0x8A,0x60,0xE0,0x23,  //0x3b00~0x3b0f      ....@2.....a.`.#
0xE9,0x0B,0x40,0x42,0x20,0x08,0xFE,0xA7,0x49,0xFF,0xFF,0x57,0x38,0x13,0x1F,0x01,  //0x3b10~0x3b1f      ..@B....I..W8...
0x88,0x01,0x38,0x03,0x1F,0x09,0x38,0x03,0x1F,0x01,0x5C,0xF0,0x01,0x00,0xE9,0x07,  //0x3b20~0x3b2f      ..8...8.........
0x44,0x10,0x00,0xFF,0x44,0x01,0x05,0xA4,0x38,0x10,0x1F,0x09,0xFC,0xC0,0xFC,0x20,  //0x3b30~0x3b3f      D...D...8.......
0x50,0x30,0x00,0x46,0x44,0x11,0x05,0xA4,0x94,0x9B,0x88,0x41,0xA5,0x51,0x38,0x40,  //0x3b40~0x3b4f      P0.FD......A.Q8@
0x8F,0x01,0x44,0x20,0xFF,0xFC,0xFF,0x64,0x92,0xA8,0xFF,0x56,0x50,0x20,0x00,0x3C,  //0x3b50~0x3b5f      ..D....d...VP..<
0x50,0x00,0x00,0x28,0x38,0x60,0x8B,0x01,0x38,0x70,0x83,0x01,0xE2,0xC7,0xE9,0x03,  //0x3b60~0x3b6f      P..(8`..8p......
0x9B,0x75,0xD5,0x02,0x88,0xA6,0x94,0x93,0x94,0xDB,0x38,0x50,0x83,0x09,0x88,0x41,  //0x3b70~0x3b7f      .u........8P...A
0x88,0x61,0x94,0x03,0xA5,0x51,0x88,0x01,0xA4,0x9A,0xA4,0x41,0xFF,0x14,0x92,0x88,  //0x3b80~0x3b8f      .a...Q.....A....
0x44,0x30,0xFF,0xFC,0xE2,0xA1,0x40,0x22,0x0C,0x02,0xE9,0x03,0x9A,0xAA,0xD5,0x02,  //0x3b90~0x3b9f      D0....@"........
0x88,0x45,0xAC,0x81,0xFC,0xA0,0x2E,0x17,0xF8,0x86,0xE2,0x01,0xE8,0x0D,0xFC,0x00,  //0x3ba0~0x3baf      .E..............
0x50,0x00,0x00,0x46,0x44,0x11,0x05,0xA4,0x94,0x03,0x88,0x01,0x84,0x48,0x84,0x20,  //0x3bb0~0x3bbf      P..FD........H..
0x49,0x00,0x29,0x02,0xFC,0x80,0xDD,0x9E,0xFC,0x01,0xF0,0x81,0x49,0xFF,0xFF,0x0F,  //0x3bc0~0x3bcf      I.).........I...
0xF0,0x01,0x49,0xFF,0xFF,0x37,0xF0,0x01,0x49,0xFF,0xFF,0xB3,0xFC,0x81,0xA4,0xC8,  //0x3bd0~0x3bdf      ..I..7..I.......
0xA4,0x89,0xC8,0x05,0x92,0x64,0xAC,0xC8,0x92,0x44,0xD5,0x04,0x94,0xDC,0xAC,0xC8,  //0x3be0~0x3bef      .....d...D......
0x94,0x94,0xAC,0x89,0xDD,0x9E,0xFC,0x42,0x2E,0x07,0xFF,0xDD,0x44,0xA1,0x05,0xA4,  //0x3bf0~0x3bff      .......B....D...
0xC0,0x4E,0x3C,0x03,0xFF,0xED,0x54,0x00,0x01,0x00,0xC0,0x49,0x84,0xC0,0x2E,0x87,  //0x3c00~0x3c0f      .N<...T....I....
0xF8,0x86,0x81,0x2A,0xE2,0xC8,0xE8,0x43,0x50,0x43,0x00,0x28,0x95,0xE3,0x88,0xEA,  //0x3c10~0x3c1f      ...*...CPC.(....
0xA6,0xBD,0xCA,0x05,0x80,0x06,0x49,0xFF,0xFF,0xC0,0xD5,0x2B,0x5A,0x28,0x01,0x35,  //0x3c20~0x3c2f      ......I....+Z(.5
0x80,0x02,0x80,0x27,0xF4,0x83,0xF2,0x82,0x49,0xFF,0xFF,0xD3,0x50,0x33,0x00,0x3C,  //0x3c30~0x3c3f      ...'....I...P3.<
0x94,0x1B,0xF2,0x02,0x41,0xC0,0x24,0x00,0x80,0x3C,0x80,0x02,0xF3,0x81,0x49,0xFF,  //0x3c40~0x3c4f      ....A.$..<....I.
0xFF,0xC8,0x80,0x06,0x49,0xFF,0xFF,0xBA,0xF4,0x03,0xF3,0x01,0x38,0x04,0x93,0x01,  //0x3c50~0x3c5f      ....I.......8...
0x92,0x04,0x38,0x04,0x93,0x09,0xA4,0x39,0x92,0x04,0xAC,0x39,0x38,0x04,0x8F,0x01,  //0x3c60~0x3c6f      ..8....9...98...
0x92,0x04,0x38,0x04,0x8F,0x09,0x02,0x0E,0x00,0x01,0x92,0x04,0x12,0x0E,0x00,0x01,  //0x3c70~0x3c7f      ..8.............
0x50,0x03,0x00,0x50,0x50,0x13,0x00,0x46,0x94,0x03,0x94,0x4B,0x88,0x0A,0x88,0x2A,  //0x3c80~0x3c8f      P..PP..F...K...*
0x84,0x48,0x49,0x00,0x28,0x73,0x8C,0xC1,0x97,0xB0,0xD5,0xBD,0xFC,0xC2,0x2E,0x37,  //0x3c90~0x3c9f      .HI.(s.........7
0xFF,0xDD,0x44,0x21,0x09,0x60,0x84,0x20,0x38,0x11,0x00,0x08,0x44,0x41,0x05,0xA4,  //0x3ca0~0x3caf      ..D!.`..8...DA..
0x5A,0x38,0x01,0x15,0xFA,0x26,0x80,0xA4,0x42,0x50,0x04,0x73,0x00,0x12,0x82,0xE4,  //0x3cb0~0x3cbf      Z8...&..BP.s....
0xC9,0x0D,0x50,0x10,0x00,0x46,0x94,0x4B,0x88,0x24,0xA5,0x0B,0x2E,0x17,0xF8,0xD8,  //0x3cc0~0x3ccf      ..P..F.K.$......
0x94,0x4E,0xE0,0x81,0xE9,0x03,0x38,0x31,0x00,0x08,0xDD,0x9E,0xFC,0x41,0x2E,0xA7,  //0x3cd0~0x3cdf      .N....81.....A..
0xF8,0xD9,0x2E,0x07,0xFF,0xDE,0x44,0x81,0x05,0xA4,0xC0,0x66,0x3C,0x03,0xFF,0xED,  //0x3ce0~0x3cef      ......D....f<...
0x54,0x00,0x01,0x00,0xC0,0x61,0x84,0xC0,0x80,0x28,0x45,0xC1,0x02,0x2C,0x2E,0x07,  //0x3cf0~0x3cff      T....a...(E..,..
0xF8,0x86,0xE2,0xC0,0xE8,0x59,0x50,0x73,0x00,0x28,0x94,0x3B,0x40,0x94,0x00,0x00,  //0x3d00~0x3d0f      .....YPs.(.;@...
0x00,0x24,0x80,0x05,0xE6,0x42,0xE8,0x4D,0x80,0x06,0xF1,0x81,0xB6,0x5F,0x49,0xFF,  //0x3d10~0x3d1f      .$...B.M....._I.
0xFF,0xC0,0xB4,0x5F,0x44,0x41,0x02,0x18,0x44,0x01,0x02,0x04,0xF1,0x01,0xC2,0x07,  //0x3d20~0x3d2f      ..._DA..D.......
0x44,0x21,0x09,0x60,0x38,0x21,0x18,0x00,0x5A,0x28,0x01,0x16,0x38,0x34,0x1F,0x01,  //0x3d30~0x3d3f      D!.`8!..Z(..84..
0x95,0xFB,0x40,0x21,0xA8,0x0C,0x88,0xE8,0x38,0x2E,0x19,0x09,0xA4,0xB9,0x38,0x30,  //0x3d40~0x3d4f      ..@!....8.....80
0x19,0x09,0x40,0x51,0x28,0x0C,0x44,0x01,0x01,0xF0,0x38,0x52,0x19,0x09,0x38,0x20,  //0x3d50~0x3d5f      ..@Q(.D...8R..8.
0x19,0x09,0xD5,0x27,0x38,0x3E,0x19,0x01,0x38,0x20,0x9F,0x01,0x88,0x43,0x38,0x30,  //0x3d60~0x3d6f      ...'8>..8....C80
0x19,0x01,0x8A,0x43,0x96,0x91,0x38,0x2E,0x19,0x09,0x40,0x21,0x28,0x0E,0x96,0x91,  //0x3d70~0x3d7f      ...C..8...@!(...
0x38,0x32,0x19,0x01,0x38,0x20,0x19,0x09,0x02,0x04,0x80,0x01,0x38,0x20,0x9F,0x09,  //0x3d80~0x3d8f      82..8.......8...
0x88,0x03,0x44,0x31,0x01,0xF0,0x38,0x51,0x99,0x01,0x8A,0x05,0x96,0x01,0x38,0x02,  //0x3d90~0x3d9f      ..D1..8Q......8.
0x19,0x09,0x40,0x00,0x28,0x0E,0x96,0x01,0x38,0x01,0x99,0x09,0x12,0x04,0x80,0x01,  //0x3da0~0x3daf      ..@.(...8.......
0x8C,0xC1,0x97,0xB0,0xD5,0xA5,0xFC,0xC1,0x3C,0x03,0xFF,0xEA,0xC0,0x03,0x2E,0x07,  //0x3db0~0x3dbf      ........<.......
0xFD,0xA9,0xDD,0x9E,0xFC,0x01,0xF0,0x81,0x2E,0x67,0xF8,0x9A,0x2E,0x07,0xF8,0x99,  //0x3dc0~0x3dcf      .........g......
0x40,0x63,0x20,0x08,0x40,0x13,0x00,0x04,0x2E,0x07,0xF7,0x4C,0x97,0x8B,0x5A,0x08,  //0x3dd0~0x3ddf      @c..@......L..Z.
0x01,0x09,0x2E,0x07,0xFD,0xD4,0xC0,0x05,0x3C,0x03,0xFE,0xEB,0x99,0x88,0x97,0xB3,  //0x3de0~0x3def      ........<.......
0xF0,0x01,0x49,0xFF,0xE2,0x02,0x40,0x00,0x18,0x07,0xFC,0x81,0xFC,0x40,0x84,0xC0,  //0x3df0~0x3dff      ..I...@......@..
0x49,0xFF,0xFF,0xDC,0x80,0xE0,0x44,0x81,0x05,0xA4,0x44,0xA1,0x01,0xE4,0x81,0x26,  //0x3e00~0x3e0f      I.....D...D....&
0x87,0x9F,0x3C,0x13,0xFF,0xED,0x00,0x04,0x01,0x45,0x54,0x10,0x81,0x00,0xC1,0x02,  //0x3e10~0x3e1f      ..<......ET.....
0xC0,0x04,0x10,0x95,0x00,0x00,0xD5,0x14,0x00,0x05,0x00,0x00,0xE2,0x07,0xE8,0x0C,  //0x3e20~0x3e2f      ................
0x00,0x15,0x00,0x00,0x11,0xC4,0x01,0x45,0x5C,0xF0,0x80,0xF0,0xE8,0x09,0x8C,0x21,  //0x3e30~0x3e3f      .......E.......!
0x10,0x15,0x00,0x00,0xD5,0x05,0x80,0x06,0x49,0xFF,0xFF,0xBE,0xC8,0xF2,0x8C,0xC1,  //0x3e40~0x3e4f      ........I.......
0x97,0xB0,0x8D,0x08,0x8D,0x41,0x5A,0x68,0x0A,0xDE,0xFC,0xC0,0x3C,0x03,0xFF,0xED,  //0x3e50~0x3e5f      .....AZh....<...
0x54,0x00,0x01,0x00,0xC0,0x72,0xFC,0x41,0x44,0xA1,0x05,0xA4,0x50,0x65,0x02,0xD0,  //0x3e60~0x3e6f      T....r.AD...Pe..
0x85,0x0A,0x84,0xE0,0x44,0x90,0xC3,0x4F,0x00,0x15,0x01,0x45,0xE6,0x22,0xE8,0x5C,  //0x3e70~0x3e7f      ....D..O...E."..
0x00,0x05,0x01,0x46,0xF1,0x81,0x49,0x00,0x05,0x36,0xF1,0x01,0x8E,0x01,0x41,0xC3,  //0x3e80~0x3e8f      ...F..I..6....A.
0x80,0x06,0xC9,0x12,0x80,0x06,0xFA,0x46,0x49,0x00,0x27,0x96,0x02,0x15,0x00,0xA0,  //0x3e90~0x3e9f      .......FI.'.....
0xAC,0x70,0x02,0x05,0x00,0xA1,0xAC,0x72,0xAC,0x31,0xAC,0x33,0x11,0xC3,0x00,0x12,  //0x3ea0~0x3eaf      .p.....r.1.3....
0x11,0xC3,0x00,0x13,0xD5,0x41,0x11,0xC3,0x00,0x13,0xA4,0x30,0x02,0x35,0x00,0xA0,  //0x3eb0~0x3ebf      .....A.....0.5..
0xE2,0x03,0xE9,0x03,0x8A,0x03,0xD5,0x02,0x9A,0x18,0xA4,0x71,0x02,0x25,0x00,0xA1,  //0x3ec0~0x3ecf      ...........q.%..
0x96,0x01,0xE2,0x22,0xE9,0x03,0x8A,0x22,0xD5,0x02,0x9A,0x51,0x96,0x49,0x88,0x01,  //0x3ed0~0x3edf      ..."..."...Q.I..
0xA4,0x72,0x96,0x01,0xE2,0x23,0xAC,0x35,0xE9,0x03,0x8A,0x23,0xD5,0x02,0x9A,0x59,  //0x3ee0~0x3eef      .r...#.5...#...Y
0xA5,0x33,0x96,0x49,0xE2,0x82,0xE9,0x03,0x8A,0x82,0xD5,0x02,0x9B,0x14,0x97,0x21,  //0x3ef0~0x3eff      .3.I...........!
0x88,0x24,0xA5,0x34,0x96,0x49,0xE2,0x80,0xAC,0x76,0xE8,0x02,0xAC,0x34,0x8C,0x07,  //0x3f00~0x3f0f      .$.4.I...v...4..
0xA5,0x34,0x96,0x01,0xE2,0x04,0xE8,0x04,0x84,0x01,0x10,0x03,0x00,0x14,0xE6,0x30,  //0x3f10~0x3f1f      .4.............0
0xE9,0x09,0xA4,0x37,0xAC,0xF2,0xE3,0x20,0xAC,0xB3,0xE9,0x06,0x88,0x20,0xAC,0x77,  //0x3f20~0x3f2f      ...7...........w
0xD5,0x03,0x84,0x00,0xAC,0x36,0x50,0x04,0x7F,0xFF,0x54,0x80,0x00,0xFF,0x8D,0x48,  //0x3f30~0x3f3f      .....6P...T....H
0x8C,0xD6,0x4E,0x83,0xFF,0x9B,0xFC,0xC1,0xDD,0x9E,0xFC,0x00,0x44,0x61,0x06,0xE4,  //0x3f40~0x3f4f      ..N.........Da..
0x49,0xFF,0xFF,0x86,0x49,0xFF,0xFC,0xD8,0x49,0xFF,0xFD,0x31,0x49,0xFF,0xFF,0x50,  //0x3f50~0x3f5f      I...I...I..1I..P
0x80,0x06,0x49,0xFF,0xFC,0x31,0x80,0x26,0x44,0x20,0x00,0x50,0x50,0x03,0x00,0x50,  //0x3f60~0x3f6f      ..I..1.&D..PP..P
0x49,0x00,0x27,0x04,0x49,0xFF,0xE3,0x42,0xFC,0x80,0xFC,0x00,0x49,0xFF,0xFC,0x48,  //0x3f70~0x3f7f      I.'.I..B....I..H
0x49,0xFF,0xFF,0xE5,0xFC,0x80,0xDD,0x9E,0xFC,0x00,0x49,0xFF,0xFE,0x36,0x49,0xFF,  //0x3f80~0x3f8f      I.........I..6I.
0xE5,0x55,0x49,0xFF,0xFE,0xA5,0x49,0xFF,0xE3,0x85,0xFC,0x80,0xFC,0x42,0x2E,0x47,  //0x3f90~0x3f9f      .UI...I......B.G
0xFE,0x25,0x84,0x7E,0xFF,0xA2,0xFE,0xE4,0x95,0x61,0xB1,0xC1,0x97,0xB2,0x40,0x92,  //0x3fa0~0x3faf      .%.~.....a....@.
0x00,0x10,0x96,0xDA,0x97,0x6A,0x10,0x6F,0x80,0x02,0x10,0x9F,0x80,0x03,0xAE,0xFA,  //0x3fb0~0x3fbf      .....j.o........
0xAF,0x7B,0xC8,0x04,0x10,0x9F,0x80,0x02,0xD5,0x03,0x5A,0x08,0x01,0x04,0xAF,0x7A,  //0x3fc0~0x3fcf      .{........Z....z
0xD5,0x0E,0x2E,0x57,0xFE,0x27,0x50,0xF2,0xFF,0xFF,0xE0,0x0F,0xE9,0x04,0x10,0x6F,  //0x3fd0~0x3fdf      ...W.'P........o
0x80,0x03,0xD5,0x04,0x8E,0xA2,0x4C,0x02,0xC0,0x03,0xAE,0xFB,0x84,0xDF,0x85,0x21,  //0x3fe0~0x3fef      ......L........!
0x84,0xBE,0x84,0x62,0x10,0x6F,0x80,0x00,0x10,0x9F,0x80,0x01,0x10,0x5F,0x80,0x04,  //0x3ff0~0x3fff      ...b.o......._..
0xAE,0xF9,0xC9,0x06,0x10,0x9F,0x80,0x00,0x10,0x3F,0x80,0x04,0xD5,0x12,0x5A,0x18,  //0x4000~0x400f      .........?....Z.
0x01,0x04,0xAE,0xF8,0xD5,0x0E,0x2E,0x37,0xFE,0x28,0x50,0xF1,0xFF,0xFF,0xE0,0x2F,  //0x4010~0x401f      .......7.(P..../
0xE9,0x04,0x10,0x6F,0x80,0x01,0xD5,0x04,0x8E,0x62,0x4C,0x11,0xC0,0x03,0xAF,0x79,  //0x4020~0x402f      ...o.....bL....y
0x80,0x61,0x42,0x30,0x10,0x73,0x94,0xD9,0x44,0x84,0x05,0xB0,0x89,0x03,0x85,0x40,  //0x4030~0x403f      .aB0.s..D......@
0x22,0x44,0x00,0x00,0x2E,0x37,0xFD,0x0A,0x80,0xCA,0x80,0xAA,0x50,0x9F,0x80,0x08,  //0x4040~0x404f      "D...7......P...
0x38,0xFF,0xA8,0x10,0x39,0xC4,0x3D,0x11,0x38,0xF3,0xA8,0x10,0x39,0xE4,0x3D,0x11,  //0x4050~0x405f      8...9.=.8...9.=.
0x40,0xFE,0x78,0x07,0x41,0xEE,0x3C,0x1B,0x39,0xE4,0xA9,0x09,0xCB,0x09,0x40,0xFF,  //0x4060~0x406f      @.x.A.<.9.....@.
0x00,0x11,0x4E,0xF7,0x00,0x06,0x88,0xCF,0x8C,0xA1,0x97,0xB3,0x97,0x68,0x8D,0x41,  //0x4070~0x407f      ..N..........h.A
0x5A,0xA8,0x04,0xE8,0xCB,0x1E,0xC5,0x03,0x40,0x63,0x14,0xD6,0x2E,0x07,0xF8,0xFF,  //0x4080~0x408f      Z.......@c......
0x40,0xF0,0x20,0x08,0x2E,0x07,0xF8,0xFE,0x40,0xF7,0x80,0x04,0xE0,0x8F,0xE8,0x06,  //0x4090~0x409f      @.......@.......
0x84,0x25,0xFE,0x64,0x90,0x23,0x9A,0x61,0xD5,0x08,0xCA,0x03,0x84,0x46,0xD5,0x02,  //0x40a0~0x40af      .%.d.#.a.....F..
0x84,0x45,0xFE,0xA4,0x90,0x43,0x9A,0x62,0x96,0x4B,0x40,0x03,0x04,0x07,0xFC,0xC2,  //0x40b0~0x40bf      .E...C.b.K@.....
0x5A,0x38,0x01,0x2D,0xC0,0x06,0x2E,0x27,0xFE,0x27,0x8E,0x41,0x4C,0x01,0x40,0x11,  //0x40c0~0x40cf      Z8.-...'.'.AL.@.
0x02,0x24,0x80,0x01,0x02,0x0F,0x80,0x04,0x96,0xD3,0x97,0x43,0xE0,0xA3,0x40,0x01,  //0x40d0~0x40df      .$.........C..@.
0x3C,0x1B,0x96,0x03,0x94,0x01,0xE0,0x80,0x56,0x07,0x80,0x01,0xD5,0x02,0x80,0x03,  //0x40e0~0x40ef      <.......V.......
0xC1,0x06,0x2E,0x27,0xFE,0x28,0x8E,0x41,0x4C,0x11,0x40,0x12,0x02,0x14,0x80,0x03,  //0x40f0~0x40ff      ...'.(.AL.@.....
0x02,0x24,0x80,0x02,0x96,0xCB,0x97,0x53,0xE0,0xA3,0x40,0x11,0x3C,0x1A,0x96,0x4B,  //0x4100~0x410f      .$.....S..@.<..K
0x94,0x49,0xE0,0x81,0xE8,0x04,0x84,0x00,0xFC,0xC2,0x84,0x01,0xFC,0xC2,0xFC,0x40,  //0x4110~0x411f      .I.............@
0xFD,0x30,0x96,0x02,0x96,0x4A,0x49,0xFF,0xE0,0x5D,0x2E,0x37,0xF8,0xF9,0x2E,0x17,  //0x4120~0x412f      .0...JI..].7....
0xF8,0xF8,0x40,0x31,0xA0,0x08,0xFE,0xCF,0x2E,0x57,0xFC,0x85,0x84,0x40,0x44,0x41,  //0x4130~0x413f      ..@1.....W...@DA
0x02,0x98,0x40,0x90,0x0C,0x07,0x96,0x50,0xE2,0x25,0xE8,0x1E,0x38,0xA2,0x09,0x00,  //0x4140~0x414f      ..@....P.%..8...
0x94,0x51,0x88,0x24,0xE3,0x46,0xA6,0x49,0xE9,0x03,0x8B,0x46,0xD5,0x03,0x40,0xA3,  //0x4150~0x415f      .Q.$.F.I...F..@.
0x28,0x01,0xE5,0x42,0x54,0xA7,0x80,0xFF,0x4E,0xA2,0x00,0x0D,0xE2,0x27,0xE9,0x03,  //0x4160~0x416f      (..BT...N....'..
0x8A,0x27,0xD5,0x02,0x9A,0x79,0xE4,0x22,0x54,0x17,0x80,0xFF,0xC1,0x03,0x4E,0x92,  //0x4170~0x417f      .'...y."T.....N.
0x00,0x2B,0x8C,0x41,0xD5,0xE1,0x2E,0x57,0xFC,0x84,0x84,0x20,0x44,0x41,0x02,0x58,  //0x4180~0x418f      .+.A...W....DA.X
0x40,0x00,0x0C,0x07,0x96,0x88,0xE2,0x45,0xE8,0x1B,0x38,0x32,0x05,0x00,0x94,0x89,  //0x4190~0x419f      @......E..82....
0x88,0x44,0xE2,0x66,0xA6,0x91,0xE9,0x03,0x8A,0x66,0xD5,0x02,0x9A,0xF3,0xE4,0x62,  //0x41a0~0x41af      .D.f.....f.....b
0x54,0x37,0x80,0xFF,0xC3,0x0B,0xE2,0x47,0xE9,0x03,0x8A,0x47,0xD5,0x02,0x9A,0xBA,  //0x41b0~0x41bf      T7.....G...G....
0xE4,0x42,0x54,0x27,0x80,0xFF,0xC2,0x02,0xC8,0x08,0x8C,0x21,0xD5,0xE4,0x44,0x00,  //0x41c0~0x41cf      .BT'.......!..D.
0x00,0xFF,0xFC,0xC0,0x84,0x01,0xFC,0xC0,0x84,0x00,0xFC,0xC0,0xFC,0x41,0x2E,0x17,  //0x41d0~0x41df      .............A..
0xFE,0x25,0x2E,0x07,0xFE,0x24,0x2E,0x70,0x00,0x5E,0xFE,0x0C,0x2E,0x27,0xF8,0xF3,  //0x41e0~0x41ef      .%...$.p.^...'..
0xE2,0xE2,0x3D,0xC4,0x00,0x31,0x2E,0x17,0xF8,0xF2,0xE8,0x04,0x42,0x80,0x88,0x24,  //0x41f0~0x41ff      ..=..1......B..$
0xD5,0x03,0x42,0x80,0x9C,0x24,0x2E,0x17,0xF8,0xF5,0x2E,0x27,0xF8,0xF4,0x40,0x10,  //0x4200~0x420f      ..B..$.....'..@.
0xA0,0x08,0xFE,0x57,0x2E,0x27,0xF8,0xF7,0x2E,0x37,0xF8,0xF6,0x40,0x21,0x20,0x08,  //0x4210~0x421f      ...W.'...7..@!..
0x85,0x20,0xFE,0x9F,0x80,0xA9,0x44,0x34,0x05,0xB0,0xD0,0x0E,0x2A,0x41,0x80,0x01,  //0x4220~0x422f      ......D4....*A..
0xE0,0x24,0xE8,0x07,0xE0,0x82,0xE8,0x05,0x50,0x44,0x80,0x01,0x40,0x92,0x00,0x13,  //0x4230~0x423f      .$......PD..@...
0x8C,0xA1,0x97,0x69,0xD5,0xF3,0x2E,0x17,0xF8,0xFF,0x2E,0x07,0xF8,0xFE,0x84,0xC0,  //0x4240~0x424f      ...i............
0x40,0x10,0xA0,0x08,0x81,0x46,0xFE,0x47,0xE3,0x47,0xE8,0x13,0x54,0x05,0x00,0xFF,  //0x4250~0x425f      @....F.G.G..T...
0xF1,0x81,0x49,0xFF,0xDF,0xA9,0x94,0x81,0xE0,0x5C,0xF1,0x01,0xE9,0x03,0xE0,0x01,  //0x4260~0x426f      ..I.............
0xE8,0x03,0x8C,0xC1,0x97,0xB0,0x50,0x05,0x00,0x01,0x40,0xA0,0x00,0x13,0xD5,0xED,  //0x4270~0x427f      ......P...@.....
0xE3,0x09,0xE8,0x1C,0x3C,0x03,0xFE,0x84,0xC8,0x10,0x2E,0x07,0xF8,0xF9,0x2E,0x17,  //0x4280~0x428f      ....<...........
0xF8,0xF8,0x40,0x00,0x20,0x08,0xFE,0x0F,0xE0,0x1C,0xE8,0x03,0xE6,0xE2,0xE8,0x05,  //0x4290~0x429f      ..@.............
0x95,0xB1,0x9E,0x39,0xE0,0xC0,0xE9,0x0A,0x2E,0x07,0xF8,0xFB,0x2E,0x17,0xF8,0xFA,  //0x42a0~0x42af      ...9............
0x40,0x00,0x20,0x08,0xFE,0x0F,0x3C,0x0B,0xFE,0x84,0x2E,0x17,0xF8,0xFD,0x2E,0x27,  //0x42b0~0x42bf      @.....<........'
0xF8,0xFC,0x40,0x10,0xA0,0x08,0x3C,0x03,0xFE,0x84,0xFE,0x57,0x84,0x60,0xE0,0x3C,  //0x42c0~0x42cf      ..@...<....W.`.<
0x40,0x01,0x80,0x06,0xE8,0x03,0x3E,0x30,0x00,0x5E,0xFC,0xC1,0xFC,0x4E,0x2E,0x07,  //0x42d0~0x42df      @.....>0.^...N..
0xF7,0x4B,0x4E,0x02,0x01,0x0B,0x2E,0x07,0xFE,0x27,0x2E,0xA0,0x00,0x5E,0xF0,0x83,  //0x42e0~0x42ef      .KN......'...^..
0x2E,0x07,0xFE,0x28,0xF0,0x84,0x4E,0xA3,0x00,0x0A,0x3C,0xAB,0xFE,0x84,0x3E,0xA7,  //0x42f0~0x42ff      ...(..N...<...>.
0xFC,0x85,0x3E,0xA7,0xFC,0x84,0x48,0x00,0x00,0xF9,0x49,0xFF,0xFF,0x69,0x84,0xC0,  //0x4300~0x430f      ..>...H...I..i..
0x5A,0x00,0x01,0x04,0x48,0x00,0x00,0xBE,0x2E,0x07,0xF8,0x94,0x2E,0x17,0xF8,0x93,  //0x4310~0x431f      Z...H...........
0x40,0x00,0x20,0x08,0xFE,0x0F,0x84,0xC0,0x94,0x03,0x44,0x81,0x05,0xA4,0xF6,0x81,  //0x4320~0x432f      @.........D.....
0xF0,0x88,0xF0,0x01,0x49,0xFF,0xF1,0x3C,0x4E,0x02,0x00,0xA5,0x00,0x94,0x00,0x90,  //0x4330~0x433f      ....I..<N.......
0x00,0x74,0x00,0x91,0x40,0x04,0x80,0x10,0x96,0x7A,0x49,0xFF,0xDF,0x4B,0xF0,0x82,  //0x4340~0x434f      .t..@....zI..K..
0xF0,0x03,0xE1,0x20,0xE8,0x39,0xF0,0x04,0xE0,0xE0,0xE8,0x36,0x9E,0x39,0x50,0x44,  //0x4350~0x435f      .....9.....6.9PD
0xFF,0xFF,0x96,0x00,0x97,0x20,0x84,0x40,0xF0,0x87,0x50,0x04,0x80,0x01,0xE0,0x04,  //0x4360~0x436f      .......@..P.....
0xE9,0x1D,0x9C,0x39,0xF0,0x85,0x96,0x22,0xF5,0x07,0xF0,0x86,0xF0,0x05,0xE0,0x05,  //0x4370~0x437f      ...9..."........
0xE9,0x12,0x96,0x6A,0xF0,0x06,0xF2,0x8B,0xF4,0x8A,0xF5,0x89,0x49,0xFF,0xDF,0x2A,  //0x4380~0x438f      ...j........I..*
0xF5,0x09,0xF4,0x0A,0xF2,0x0B,0x4E,0x07,0x00,0x04,0x88,0x40,0x96,0x93,0x8C,0xA1,  //0x4390~0x439f      ......N....@....
0x97,0x68,0xD5,0xED,0x8C,0x81,0x97,0x20,0xD5,0xE1,0x2E,0x07,0xF9,0x00,0xF1,0x02,  //0x43a0~0x43af      .h..............
0x8C,0x01,0xFE,0x0C,0xE0,0x40,0x84,0x00,0x3E,0x07,0xFD,0x0A,0x80,0x27,0x80,0x09,  //0x43b0~0x43bf      .....@..>....'..
0x56,0x27,0x80,0x01,0xD5,0x07,0x84,0x00,0x3E,0x07,0xFD,0x0A,0x80,0x27,0x80,0x09,  //0x43c0~0x43cf      V'......>....'..
0x84,0x41,0x49,0xFF,0xFD,0xE5,0x80,0x40,0x5A,0x08,0x01,0x3D,0x2E,0x10,0x00,0x60,  //0x43d0~0x43df      .AI....@Z..=...`
0x84,0x80,0xE6,0x22,0xE9,0x03,0x9F,0x0A,0x97,0x20,0x2E,0x07,0xFE,0x24,0x9F,0x42,  //0x43e0~0x43ef      ...".........$.B
0xE0,0x25,0xE8,0x03,0x8E,0x22,0xD5,0x02,0x9E,0x41,0x3C,0x54,0x00,0x31,0x22,0x3F,  //0x43f0~0x43ff      .%..."...A<T.1"?
0x80,0x10,0x96,0x48,0xE0,0x65,0xE8,0x08,0xF0,0x02,0x40,0x22,0x80,0x56,0xE4,0x44,  //0x4400~0x440f      ...H.e....@".V.D
0x54,0x27,0x80,0xFF,0xD5,0x1F,0xE3,0x24,0xE9,0x1D,0xE2,0x29,0xE9,0x1B,0x2E,0x10,  //0x4410~0x441f      T'.....$...)....
0x00,0x61,0x44,0x24,0x00,0x00,0x88,0x20,0x50,0x10,0x84,0xB0,0x38,0x11,0x05,0x11,  //0x4420~0x442f      .aD$....P...8...
0x88,0x07,0x50,0x00,0x04,0xB0,0x38,0x01,0x01,0x11,0x94,0x49,0x85,0xE3,0x40,0xF0,  //0x4430~0x443f      ..P...8....I..@.
0xBD,0xF6,0xE0,0x0F,0x84,0x40,0xE9,0x06,0xF0,0x02,0x94,0x81,0xE0,0x45,0x56,0x27,  //0x4440~0x444f      .....@.......EV'
0x80,0x01,0x2E,0x07,0xFA,0x5C,0xC8,0x0A,0x80,0x09,0x80,0x27,0xF2,0x82,0x49,0xFF,  //0x4450~0x445f      ...........'..I.
0xFE,0x60,0xF2,0x02,0x5A,0x00,0xFF,0x03,0x80,0x40,0xCA,0x0C,0xB0,0x0C,0x38,0x90,  //0x4460~0x446f      .`..Z....@....8.
0x19,0x08,0xB0,0x4C,0x94,0x31,0x88,0x01,0x8C,0xC1,0x10,0x24,0x00,0x92,0xAF,0xC1,  //0x4470~0x447f      ...L.1.....$....
0x97,0xB0,0xF0,0x01,0x8D,0x03,0x8C,0x01,0x96,0x00,0xF0,0x81,0x4C,0x05,0x7F,0x53,  //0x4480~0x448f      ............L..S
0x84,0x00,0x44,0x11,0x05,0xA4,0x80,0xA0,0x44,0x31,0x02,0x98,0x00,0x20,0x80,0x92,  //0x4490~0x449f      ..D.....D1......
0x5A,0x28,0x01,0x0D,0x00,0x20,0x80,0x90,0x38,0x21,0x81,0x08,0x00,0x40,0x80,0x91,  //0x44a0~0x44af      Z(......8!...@..
0x94,0x81,0x88,0x43,0x8C,0x01,0xAF,0x11,0x96,0x00,0x8C,0xA1,0x97,0x68,0x8C,0x23,  //0x44b0~0x44bf      ...C.........h.#
0x4C,0x55,0x7F,0xEE,0x3E,0x07,0xFC,0x85,0x44,0x21,0x02,0x58,0x84,0x00,0x96,0x40,  //0x44c0~0x44cf      LU..>...D!.X...@
0xE2,0x26,0xE8,0x0E,0xB0,0xCC,0x94,0x41,0x38,0x31,0x81,0x00,0xB1,0x0C,0x38,0x31,  //0x44d0~0x44df      .&.....A81....81
0x01,0x08,0x98,0xCA,0x88,0x24,0xA6,0x49,0x8C,0x01,0xAE,0x59,0xD5,0xF1,0x84,0x00,  //0x44e0~0x44ef      .....$.I...Y....
0x3E,0x67,0xFC,0x84,0x3E,0x07,0xFA,0x5C,0xFC,0xCE,0xDD,0x9E,0x3C,0x13,0xFF,0xED,  //0x44f0~0x44ff      >g..>.......<...
0x3C,0x4D,0xFF,0x43,0x54,0x10,0x81,0x00,0x96,0x49,0xA4,0x25,0x2E,0x57,0xFD,0x82,  //0x4500~0x450f      <M.CT....I.%.W..
0xC9,0x15,0x2E,0x37,0xFD,0x7A,0x96,0xC6,0xC3,0x12,0x3C,0x23,0xFD,0x39,0x88,0x02,  //0x4510~0x451f      ...7.z....<#.9..
0x44,0x20,0x03,0xE8,0xFE,0xAC,0x96,0x01,0x96,0x91,0xE2,0x40,0xE8,0x08,0x84,0x41,  //0x4520~0x452f      D..........@...A
0x3E,0x27,0xFD,0x7E,0x3E,0x17,0xFA,0x70,0xD5,0x02,0x84,0x00,0xAC,0x25,0xDD,0x9E,  //0x4530~0x453f      >'.~>..p.....%..
0x3C,0x03,0xFF,0xED,0x54,0x00,0x01,0x00,0xC0,0x0A,0x84,0x00,0x3C,0x1D,0xFF,0x43,  //0x4540~0x454f      <...T.......<..C
0x3E,0x07,0xFD,0x7E,0x84,0x00,0xAC,0x0D,0x3C,0x0B,0xFD,0x9E,0xDD,0x9E,0xFC,0x00,  //0x4550~0x455f      >..~....<.......
0x2E,0x07,0xF6,0x9C,0x5A,0x08,0x01,0x04,0x84,0x02,0xD5,0x02,0x84,0x04,0x49,0x00,  //0x4560~0x456f      ....Z.........I.
0x1E,0xAB,0xFC,0x80,0xFC,0x00,0x49,0x00,0x03,0x0B,0x49,0x00,0x1D,0x2E,0x49,0xFF,  //0x4570~0x457f      ......I...I...I.
0xFF,0xF0,0x3C,0x2D,0xE3,0xCD,0xB4,0x02,0x54,0x10,0x00,0x3E,0xB4,0x02,0x92,0x06,  //0x4580~0x458f      ..<-....T..>....
0x94,0x06,0xFE,0x0F,0xB6,0x02,0xFC,0x80,0x3E,0x07,0xFA,0x37,0x2E,0x07,0xFA,0x37,  //0x4590~0x459f      ........>..7...7
0xC8,0xFE,0xDD,0x9E,0xFC,0x00,0x84,0x20,0x80,0xC0,0xFA,0x5C,0x49,0x00,0x24,0x0C,  //0x45a0~0x45af      ............I.$.
0x3C,0x6F,0xFF,0x43,0xFC,0x80,0xFC,0x00,0x3C,0x03,0xFD,0x9F,0x44,0x10,0x75,0x2F,  //0x45b0~0x45bf      <o.C....<...D.u/
0xE2,0x20,0xE9,0x07,0x3C,0x03,0xFD,0x9F,0x8C,0x01,0x96,0x01,0x3C,0x0B,0xFD,0x9F,  //0x45c0~0x45cf      ....<.......<...
0x3C,0x03,0xFD,0x20,0xC0,0x07,0x3C,0x03,0xFD,0x20,0x8E,0x01,0x96,0x01,0x3C,0x0B,  //0x45d0~0x45df      <.....<.......<.
0xFD,0x20,0x2E,0x07,0xFA,0x37,0xC0,0x07,0x2E,0x07,0xFA,0x37,0x8E,0x01,0x96,0x00,  //0x45e0~0x45ef      .....7.....7....
0x3E,0x07,0xFA,0x37,0x3C,0x03,0xFD,0xA0,0x44,0x10,0x75,0x2F,0xE2,0x20,0xE9,0x07,  //0x45f0~0x45ff      >..7<...D.u/....
0x3C,0x03,0xFD,0xA0,0x8C,0x01,0x96,0x01,0x3C,0x0B,0xFD,0xA0,0x3C,0x03,0xFD,0x9E,  //0x4600~0x460f      <.......<...<...
0xC0,0x07,0x3C,0x03,0xFD,0x9E,0x8E,0x01,0x96,0x01,0x3C,0x0B,0xFD,0x9E,0x3C,0x03,  //0x4610~0x461f      ..<.......<...<.
0xFE,0x84,0xC0,0x04,0x8E,0x01,0x3C,0x0B,0xFE,0x84,0x46,0x00,0x0E,0x8E,0x3C,0x5D,  //0x4620~0x462f      ......<...F...<]
0xFE,0xD4,0x50,0x00,0x07,0xF5,0xD8,0x0B,0x3C,0x2D,0xE3,0xCD,0xB4,0x02,0x54,0x10,  //0x4630~0x463f      ..P.....<-....T.
0x00,0x3E,0xB4,0x02,0x92,0x06,0x94,0x06,0xFE,0x0F,0xB6,0x02,0x49,0xFF,0xDE,0x0A,  //0x4640~0x464f      .>..........I...
0x3C,0x0D,0xFE,0xC8,0xC0,0x02,0xDD,0x20,0xFC,0x80,0x3C,0x0D,0xFF,0x43,0xC0,0x0D,  //0x4650~0x465f      <.........<..C..
0x2E,0x17,0xFD,0x7E,0xC9,0x04,0x2E,0x17,0xFD,0x7B,0xD5,0x03,0x2E,0x17,0xFD,0x7C,  //0x4660~0x466f      ...~.....{.....|
0xAC,0x44,0xA4,0x04,0x3C,0x0B,0xFD,0x9E,0xDD,0x9E,0x3C,0x0D,0xFF,0x43,0xC0,0x0F,  //0x4670~0x467f      .D..<.....<..C..
0x84,0x40,0x3C,0x13,0xFD,0xA0,0x3C,0x2B,0xFD,0xA0,0xA4,0x80,0x3C,0x1B,0xFD,0x39,  //0x4680~0x468f      .@<...<+....<..9
0x88,0x41,0xAC,0x80,0xA0,0x83,0xAC,0x43,0x88,0x22,0xA8,0x43,0xDD,0x9E,0xFC,0x02,  //0x4690~0x469f      .A.....C.".C....
0x44,0x10,0x94,0x68,0x3A,0x20,0x94,0x00,0x2E,0x17,0xFD,0x7E,0x3A,0x2F,0x94,0x20,  //0x46a0~0x46af      D..h:......~:/..
0xE6,0x24,0xE8,0x04,0x38,0x0F,0x86,0x02,0xDD,0x20,0xFC,0x82,0x2E,0x17,0xFD,0x7C,  //0x46b0~0x46bf      .$..8..........|
0x3C,0x0D,0xFF,0x43,0xAC,0x44,0xDD,0x9E,0xFC,0x45,0x2E,0xA7,0xF8,0xA0,0x84,0x20,  //0x46c0~0x46cf      <..C.D...E......
0x80,0x1F,0xFA,0x58,0x2E,0x67,0xFE,0x25,0x2E,0x97,0xFE,0x24,0x49,0x00,0x23,0x74,  //0x46d0~0x46df      ...X.g.%...$I.#t
0x2E,0x07,0xF7,0x51,0x4E,0x02,0x00,0x88,0x44,0x04,0x08,0xF4,0xB6,0x1F,0x44,0x04,  //0x46e0~0x46ef      ...QN...D.....D.
0x09,0x60,0xF0,0x82,0x3C,0x03,0xFF,0xD3,0x88,0xC9,0x12,0x0F,0x80,0x09,0xFE,0x02,  //0x46f0~0x46ff      .`..<...........
0x12,0x0F,0x80,0x0A,0x2E,0x07,0xFF,0xC6,0x44,0x74,0x08,0x88,0x10,0x0F,0x80,0x0F,  //0x4700~0x470f      ........Dt......
0x2E,0x07,0xFF,0xC7,0x97,0xB0,0x10,0x0F,0x80,0x10,0x2E,0x07,0xFD,0x7E,0xF7,0x81,  //0x4710~0x471f      .............~..
0x12,0x6F,0x80,0x06,0x5A,0x08,0x01,0x68,0x49,0x00,0x02,0x32,0x49,0xFF,0xFF,0xC8,  //0x4720~0x472f      .o..Z..hI..2I...
0x2E,0x07,0xFF,0xDB,0x84,0xC0,0x54,0x00,0x00,0xFE,0x3E,0x07,0xFF,0xDB,0x84,0x00,  //0x4730~0x473f      ......T...>.....
0x3C,0x0B,0xFD,0x9F,0x4C,0x65,0x00,0x54,0x3C,0x03,0xFD,0x9F,0x40,0x90,0x00,0x13,  //0x4740~0x474f      <...Le.T<...@...
0x49,0x00,0x01,0x4E,0x49,0xFF,0xDD,0x5C,0x49,0x00,0x10,0xBD,0x49,0x00,0x10,0xCC,  //0x4750~0x475f      I..NI...I...I...
0x80,0x07,0x49,0x00,0x01,0x7E,0xC6,0x3E,0x80,0x1F,0x49,0x00,0x10,0x05,0x80,0x1F,  //0x4760~0x476f      ..I..~.>..I.....
0x49,0x00,0x10,0x19,0x80,0x1F,0x49,0x00,0x0F,0xE0,0x22,0x2F,0x80,0x0D,0x3C,0x03,  //0x4770~0x477f      I.....I..."/..<.
0xFE,0xDD,0x22,0x1F,0x80,0x0E,0xE0,0x02,0x3C,0x2B,0xFF,0xD1,0x3C,0x1B,0xFF,0xD0,  //0x4780~0x478f      ..".....<+..<...
0xE9,0x04,0xFE,0x02,0xE0,0x20,0xE8,0x08,0x2E,0x07,0xFF,0xDB,0x58,0x00,0x00,0x01,  //0x4790~0x479f      ............X...
0x3E,0x07,0xFF,0xDB,0xD5,0x24,0x2E,0x07,0xFD,0x7E,0x5A,0x08,0x01,0x21,0x2E,0x07,  //0x47a0~0x47af      >....$...~Z..!..
0xFD,0x80,0xC8,0x1D,0x49,0x00,0x1C,0x0D,0x3C,0x0D,0xFF,0x43,0xA4,0x84,0x3C,0x03,  //0x47b0~0x47bf      ....I...<..C..<.
0xFD,0x9F,0x3C,0x13,0xFD,0x9F,0xE2,0x09,0xE9,0x03,0x8A,0x29,0xD5,0x03,0x40,0x14,  //0x47c0~0x47cf      ..<........)..@.
0x84,0x01,0xE0,0x22,0xE8,0x09,0x3C,0x03,0xFD,0x20,0xC8,0xF2,0x49,0x00,0x1D,0x68,  //0x47d0~0x47df      ..."..<.....I..h
0xD5,0xEC,0x44,0x74,0x08,0xF4,0x8C,0xC1,0x97,0xB0,0xD5,0xAD,0x49,0xFF,0xFE,0xAA,  //0x47e0~0x47ef      ..Dt........I...
0x49,0x00,0x01,0x9C,0xFC,0xC5,0x2E,0x07,0xFD,0x7A,0x96,0x06,0xC0,0x05,0xFC,0x00,  //0x47f0~0x47ff      I........z......
0x49,0xFF,0xFF,0x64,0xFC,0x80,0xDD,0x9E,0xFC,0x20,0x3C,0x0D,0xFF,0x43,0xC0,0x34,  //0x4800~0x480f      I..d......<..C.4
0x3C,0x13,0xFD,0xA0,0xAC,0x41,0x2E,0x07,0xFB,0x5B,0x5A,0x08,0x01,0x06,0x44,0x00,  //0x4810~0x481f      <....A...[Z...D.
0x03,0xE8,0x3C,0x0B,0xFD,0x20,0x49,0xFF,0xFF,0x3C,0x84,0xC0,0x3C,0x73,0xFD,0x9E,  //0x4820~0x482f      ..<...I..<..<s..
0x49,0xFF,0xDF,0x62,0xCF,0x0B,0x3C,0x13,0xFD,0xA0,0x3C,0x0D,0xFF,0x43,0xAC,0x42,  //0x4830~0x483f      I..b..<...<..C.B
0x49,0xFF,0xFF,0x0D,0x49,0xFF,0xFF,0xD9,0xD5,0x17,0x49,0x00,0x01,0x68,0x5A,0x08,  //0x4840~0x484f      I...I.....I..hZ.
0x01,0x06,0xCE,0x06,0x49,0x00,0x1B,0xBD,0xD5,0x03,0x5A,0x68,0x01,0xE8,0x3C,0x03,  //0x4850~0x485f      ....I.....Zh..<.
0xFD,0x20,0xC0,0x03,0x84,0xC1,0xD5,0xE3,0x2E,0x07,0xFD,0x7A,0x96,0x06,0xC0,0xFB,  //0x4860~0x486f      ...........z....
0x49,0x00,0x1D,0x1E,0xD5,0xF8,0xFC,0xA0,0x2E,0x27,0xFA,0x36,0x84,0x20,0x44,0x41,  //0x4870~0x487f      I........'.6..DA
0x01,0x14,0x96,0xC8,0xE2,0x62,0xE8,0x08,0x8C,0x21,0x98,0xCC,0x00,0x51,0xFF,0xFF,  //0x4880~0x488f      .....b...!...Q..
0xD8,0xF9,0x84,0x01,0xDD,0x9E,0x84,0x00,0xDD,0x9E,0x2E,0x37,0xFB,0x4D,0x2E,0x27,  //0x4890~0x489f      ...........7.M.'
0xFE,0x25,0x2E,0x17,0xFA,0x34,0x5A,0x38,0x01,0x06,0x42,0x10,0x08,0x73,0x96,0x09,  //0x48a0~0x48af      .%...4Z8..B..s..
0xDD,0x9E,0x42,0x01,0x04,0x73,0x96,0x01,0xDD,0x9E,0x2E,0x07,0xFA,0x36,0xC0,0x19,  //0x48b0~0x48bf      ..B..s.......6..
0xFC,0x40,0x2E,0x97,0xFE,0x2C,0x84,0xC0,0x44,0xA4,0x00,0x00,0x4C,0x64,0x80,0x11,  //0x48c0~0x48cf      .@...,..D...Ld..
0x80,0x06,0x49,0xFF,0xFF,0xD3,0x80,0xE0,0xC8,0x08,0x80,0x06,0x49,0xFF,0xFF,0xDF,  //0x48d0~0x48df      ..I.........I...
0x50,0x00,0x02,0xD8,0x38,0x75,0x01,0x09,0x8C,0xC1,0x97,0xB0,0xD5,0xF0,0xFC,0xC0,  //0x48e0~0x48ef      P...8u..........
0xDD,0x9E,0x84,0x43,0x44,0x11,0x05,0xA4,0x42,0x10,0x08,0x73,0x2E,0x27,0xFE,0x2D,  //0x48f0~0x48ff      ...CD...B..s.'.-
0x00,0x00,0x80,0x90,0x50,0x10,0x80,0x88,0x00,0x10,0x80,0x09,0xCA,0x05,0x2E,0x17,  //0x4900~0x490f      ....P...........
0xFE,0x27,0xE2,0x01,0xD5,0x04,0x2E,0x07,0xFE,0x28,0xE2,0x20,0x56,0x07,0x80,0x01,  //0x4910~0x491f      .'.......(..V...
0xDD,0x9E,0x2E,0x47,0xFE,0x2D,0x44,0x21,0x05,0xA4,0x84,0x63,0x42,0x20,0x0C,0x73,  //0x4920~0x492f      ...G.-D!...cB..s
0xCC,0x04,0x00,0x21,0x00,0x91,0xD5,0x03,0x00,0x21,0x00,0x90,0x2E,0x07,0xF7,0xA4,  //0x4930~0x493f      ...!.....!......
0x2E,0x47,0xFA,0x36,0xC0,0x06,0xFC,0x00,0x84,0x00,0x44,0x50,0xFC,0x00,0xD5,0x29,  //0x4940~0x494f      .G.6......DP...)
0x80,0x20,0x44,0x31,0x01,0x14,0x96,0x08,0xE2,0x04,0xE8,0x12,0x8C,0x21,0x99,0x4B,  //0x4950~0x495f      ..D1.........!.K
0x00,0x52,0xFF,0xFF,0xDA,0xF9,0x50,0x00,0x00,0xBC,0x94,0x01,0x44,0x10,0xFC,0x00,  //0x4960~0x496f      .R....P.....D...
0x88,0x20,0xA6,0x0E,0xA6,0x8D,0x40,0x00,0x20,0x08,0xFE,0x17,0xDD,0x9E,0x84,0x00,  //0x4970~0x497f      ......@.........
0xDD,0x9E,0x50,0x20,0x00,0x60,0x94,0x92,0x88,0x45,0x00,0x61,0x00,0x0A,0x00,0x31,  //0x4980~0x498f      ..P..`...E.a...1
0x00,0x09,0x40,0xF3,0x20,0x08,0x40,0xF7,0x8C,0x04,0xE2,0x2F,0xE8,0x06,0x8C,0x01,  //0x4990~0x499f      ..@...@..../....
0x96,0x80,0xE2,0x44,0xE9,0xEF,0xD5,0x17,0x00,0x31,0x00,0x0B,0x00,0x21,0x00,0x0C,  //0x49a0~0x49af      ...D.....1...!..
0x40,0xF1,0x20,0x08,0x40,0xF7,0x8C,0x04,0xE2,0x2F,0xE8,0xF2,0x50,0x00,0x00,0xBC,  //0x49b0~0x49bf      @...@..../..P...
0x44,0x10,0xFC,0x00,0x94,0x01,0x88,0x01,0xA6,0x45,0xA6,0x06,0x40,0x00,0x20,0x08,  //0x49c0~0x49cf      D........E..@...
0xFE,0x0F,0xFC,0x80,0x84,0x00,0xFC,0x80,0xFC,0x00,0x84,0x00,0x49,0x00,0x15,0x6F,  //0x49d0~0x49df      ............I..o
0xFC,0x80,0xFC,0x00,0x84,0x01,0x49,0x00,0x15,0x6A,0xFC,0x80,0xFC,0x00,0x84,0x00,  //0x49e0~0x49ef      ......I..j......
0x49,0x00,0x1A,0x2E,0xFC,0x80,0xFC,0x00,0x84,0x01,0x49,0x00,0x1A,0x29,0xFC,0x80,  //0x49f0~0x49ff      I.........I..)..
0x2E,0x17,0xFD,0xBC,0xE6,0x24,0xE8,0x10,0x2E,0x17,0xFD,0xBC,0x44,0x21,0x03,0x8C,  //0x4a00~0x4a0f      .....$......D!..
0x8C,0x22,0x38,0x01,0x06,0x0A,0x2E,0x07,0xFD,0xBC,0x8C,0x01,0x96,0x00,0x3E,0x07,  //0x4a10~0x4a1f      ."8...........>.
0xFD,0xBC,0x84,0x00,0xDD,0x9E,0x84,0x01,0xDD,0x9E,0x2E,0x17,0xFD,0xBD,0x2E,0x07,  //0x4a20~0x4a2f      ................
0xFD,0xBC,0xE2,0x20,0xE8,0x13,0xFC,0x00,0x2E,0x07,0xFD,0xBD,0x44,0x11,0x03,0x8C,  //0x4a30~0x4a3f      ............D...
0x8C,0x02,0x38,0x00,0x82,0x02,0x44,0x10,0x94,0x78,0x94,0x03,0x88,0x01,0xA0,0x01,  //0x4a40~0x4a4f      ..8...D..x......
0xDD,0x20,0x49,0x00,0x0F,0x40,0x84,0x01,0xFC,0x80,0x84,0x00,0xDD,0x9E,0xFC,0x00,  //0x4a50~0x4a5f      ..I..@..........
0x80,0xC0,0x49,0x00,0x0F,0x12,0x2E,0x07,0xFA,0x4C,0x5A,0x08,0x01,0x06,0x2E,0x27,  //0x4a60~0x4a6f      ..I......LZ....'
0xFE,0x24,0x80,0x06,0xD5,0x0B,0x2E,0x07,0xFA,0x4C,0x5A,0x08,0x02,0x0C,0x2E,0x17,  //0x4a70~0x4a7f      .$.......LZ.....
0xFE,0x24,0x2E,0x27,0xFE,0x25,0x94,0x09,0x88,0x06,0x84,0x20,0x94,0x91,0x49,0x00,  //0x4a80~0x4a8f      .$.'.%........I.
0x21,0x9B,0xFC,0x80,0xFC,0x00,0x44,0x21,0x03,0xF4,0xA6,0xD1,0xA6,0x50,0xFE,0x5C,  //0x4a90~0x4a9f      !.....D!.....P..
0x49,0x00,0x0F,0x05,0xFC,0x80,0xFC,0x00,0x2E,0x17,0xFE,0x25,0x94,0x49,0x49,0x00,  //0x4aa0~0x4aaf      I..........%.II.
0x0E,0xF4,0xFC,0x80,0xFC,0x00,0x2E,0x07,0xFD,0xBD,0x44,0x11,0x03,0x8C,0x8C,0x02,  //0x4ab0~0x4abf      ..........D.....
0x38,0x10,0x82,0x02,0x44,0x00,0x94,0x78,0xE6,0x22,0x38,0x00,0x07,0x02,0xE8,0x04,  //0x4ac0~0x4acf      8...D..x."8.....
0x49,0xFF,0xFF,0xC7,0xFC,0x80,0x5A,0x18,0x02,0x05,0x49,0xFF,0xFF,0xDD,0xFC,0x80,  //0x4ad0~0x4adf      I.....Z...I.....
0x5A,0x18,0x03,0x04,0x49,0xFF,0xFF,0xE1,0xFC,0x80,0xFC,0x00,0x84,0x00,0x3E,0x07,  //0x4ae0~0x4aef      Z...I.........>.
0xFD,0xBC,0x3E,0x07,0xFD,0xBD,0x84,0x00,0x3C,0x0F,0xFF,0x70,0x49,0xFF,0xFF,0x82,  //0x4af0~0x4aff      ..>.....<..pI...
0x84,0x01,0x49,0xFF,0xFF,0x7F,0x84,0x02,0x49,0xFF,0xFF,0x7C,0x2E,0x07,0xFF,0x94,  //0x4b00~0x4b0f      ..I.....I..|....
0xC0,0x04,0x84,0x03,0x49,0xFF,0xFF,0x76,0xFC,0x80,0x3C,0x0D,0xFF,0x70,0x84,0x20,  //0x4b10~0x4b1f      ....I..v..<..p..
0x8E,0x01,0x40,0x00,0x80,0x06,0xDD,0x9E,0xFC,0x00,0x44,0x61,0x03,0x8C,0x84,0x00,  //0x4b20~0x4b2f      ..@.......Da....
0xA8,0x31,0xAE,0x31,0xA6,0x31,0x44,0x10,0x94,0x78,0x8C,0x02,0x38,0x03,0x02,0x02,  //0x4b30~0x4b3f      .1.1.1D..x..8...
0x94,0x03,0x88,0x01,0xA0,0x01,0xDD,0x20,0x84,0x01,0xA8,0x31,0x49,0x00,0x0E,0xB9,  //0x4b40~0x4b4f      ...........1I...
0xFC,0x80,0x3C,0x0D,0xFF,0x70,0x5A,0x08,0x01,0x1A,0xFC,0x00,0x49,0xFF,0xFF,0xAC,  //0x4b50~0x4b5f      ..<..pZ.....I...
0x2E,0x07,0xFD,0xBD,0x8C,0x01,0x96,0x00,0x3E,0x07,0xFD,0xBD,0x2E,0x17,0xFD,0xBD,  //0x4b60~0x4b6f      ........>.......
0x2E,0x07,0xFD,0xBC,0xE2,0x20,0x84,0x02,0xE8,0x06,0x49,0xFF,0xFF,0x58,0x5A,0x00,  //0x4b70~0x4b7f      ..........I..XZ.
0x01,0x03,0x84,0x03,0x3C,0x0F,0xFF,0x70,0xFC,0x80,0xDD,0x9E,0xFC,0x00,0x49,0xFF,  //0x4b80~0x4b8f      ....<..p......I.
0xFF,0xC6,0xC0,0xFE,0xFC,0x80,0xFC,0x00,0x49,0x00,0x1A,0x77,0xFC,0x80,0x2E,0x07,  //0x4b90~0x4b9f      ........I..w....
0xFA,0x59,0x5A,0x08,0x30,0x06,0xFC,0x00,0x49,0xFF,0xF5,0x40,0xFC,0x80,0xDD,0x9E,  //0x4ba0~0x4baf      .YZ.0...I..@....
0xDD,0x9E,0xDD,0x9E,0xDD,0x9E,0xDD,0x9E,0xDD,0x9E,0xDD,0x9E,0xDD,0x9E,0xDD,0x9E,  //0x4bb0~0x4bbf      ................
0xDD,0x9E,0xDD,0x9E,0xDD,0x9E,0xDD,0x9E,0xDD,0x9E,0xFC,0x40,0xC8,0x0A,0x2E,0x37,  //0x4bc0~0x4bcf      ...........@...7
0xFD,0x8B,0x2E,0x97,0xFD,0x8D,0x2E,0x77,0xFD,0x88,0x2E,0x67,0xFE,0x28,0xD5,0x0B,  //0x4bd0~0x4bdf      .......w...g.(..
0x5A,0x08,0x01,0x2D,0x2E,0x37,0xFD,0x8A,0x2E,0x97,0xFD,0x8C,0x2E,0x77,0xFD,0x89,  //0x4be0~0x4bef      Z..-.7.......w..
0x2E,0x67,0xFE,0x27,0x44,0x00,0x00,0x64,0xFE,0x44,0x40,0x20,0x88,0x57,0x50,0x41,  //0x4bf0~0x4bff      .g.'D..d.D@..WPA
0x00,0x32,0xE2,0x80,0xE8,0x05,0xFF,0x1C,0x40,0x32,0x00,0x77,0xD5,0x15,0x9E,0x71,  //0x4c00~0x4c0f      .2......@2.w...q
0xFE,0x44,0xE2,0x81,0xE9,0x0B,0x40,0x52,0x00,0x97,0x42,0x44,0x90,0x24,0x8E,0xC2,  //0x4c10~0x4c1f      .D....@R..BD.$..
0x40,0x02,0x00,0x17,0x42,0x33,0x1C,0x73,0xD5,0x06,0x50,0x21,0x7F,0xCE,0xFE,0xBC,  //0x4c20~0x4c2f      @...B3.s..P!....
0x40,0x01,0x00,0x17,0x88,0x60,0x96,0x19,0xFC,0xC0,0x44,0x00,0xFF,0xFF,0xFC,0xC0,  //0x4c30~0x4c3f      @....`....D.....
0xFC,0x41,0x81,0x20,0x80,0xC1,0xF2,0x81,0x49,0xFF,0xFE,0x55,0x4E,0x02,0x00,0xA7,  //0x4c40~0x4c4f      .A......I..UN...
0x84,0x23,0x44,0x01,0x05,0xA4,0x42,0x04,0x84,0x73,0x00,0x30,0x00,0x90,0x00,0x90,  //0x4c50~0x4c5f      .#D...B..s.0....
0x00,0x91,0x2E,0x47,0xF8,0x92,0x2E,0x07,0xF7,0xA4,0x44,0x70,0xFC,0x00,0xC8,0x1A,  //0x4c60~0x4c6f      ...G......Dp....
0x2E,0x07,0xFE,0x2D,0xC8,0x0A,0x2E,0x07,0xFD,0x91,0x2E,0x17,0xFD,0x90,0x40,0x00,  //0x4c70~0x4c7f      ...-..........@.
0x20,0x08,0xFE,0x0F,0x80,0x69,0xD5,0x08,0x2E,0x07,0xFD,0x8F,0x2E,0x17,0xFD,0x8E,  //0x4c80~0x4c8f      .....i..........
0x40,0x00,0x20,0x08,0xFE,0x0F,0xFE,0x1C,0x2E,0x37,0xFE,0x2C,0x40,0x00,0x0C,0x16,  //0x4c90~0x4c9f      @........7.,@...
0xD5,0x71,0x5A,0x08,0x01,0x71,0x2E,0x27,0xFE,0x2D,0x2E,0x57,0xFE,0x25,0x2E,0xA7,  //0x4ca0~0x4caf      .qZ..q.'.-.W.%..
0xF8,0x87,0xCA,0x20,0x40,0x04,0xA8,0x01,0xFE,0xEC,0x96,0x02,0x80,0x22,0x89,0x2A,  //0x4cb0~0x4cbf      ....@........".*
0x45,0xC4,0x05,0xB0,0xE1,0x20,0xE9,0x14,0x4E,0x05,0x00,0x10,0xE0,0x05,0xE8,0x0D,  //0x4cc0~0x4ccf      E.......N.......
0x40,0xA1,0x80,0x00,0x38,0xAE,0x29,0x11,0x81,0x04,0xE0,0x8A,0xE8,0x03,0x40,0x85,  //0x4cd0~0x4cdf      @...8.).......@.
0x10,0x01,0x42,0x10,0x20,0x73,0x88,0x48,0x8C,0x01,0x96,0x02,0xD5,0xEC,0x84,0x00,  //0x4ce0~0x4cef      ..B..s.H........
0xD5,0x25,0x40,0x01,0xA8,0x01,0x84,0x40,0x96,0x02,0x2F,0xC7,0xFE,0x24,0x97,0x69,  //0x4cf0~0x4cff      .%@....@../..$.i
0x80,0x22,0x88,0x6A,0x45,0xE4,0x05,0xB0,0xE0,0x60,0xE9,0x17,0x4E,0x05,0x00,0x13,  //0x4d00~0x4d0f      .".jE....`..N...
0xE0,0x1C,0xE8,0x10,0x81,0x49,0x42,0xA2,0x80,0x73,0x40,0xA5,0x00,0x13,0x38,0x8F,  //0x4d10~0x4d1f      .....IB..s@...8.
0x29,0x11,0x81,0x44,0xE0,0x88,0xE8,0x03,0x40,0xA4,0x10,0x01,0x42,0x10,0x28,0x73,  //0x4d20~0x4d2f      )..D....@...B.(s
0x88,0x4A,0x8C,0x01,0x96,0x02,0xD5,0xE9,0x84,0x01,0x49,0xFF,0xFF,0x48,0x2E,0x47,  //0x4d30~0x4d3f      .J........I..H.G
0xFA,0x36,0x84,0x40,0xE0,0x44,0xE8,0x1C,0x50,0x11,0x00,0x60,0x94,0x4A,0x88,0x27,  //0x4d40~0x4d4f      .6.@.D..P..`.J.'
0x00,0x50,0x80,0x0A,0x00,0x30,0x80,0x09,0x40,0xF2,0xA0,0x08,0x40,0xF7,0x8C,0x04,  //0x4d50~0x4d5f      .P...0..@...@...
0xE0,0x0F,0xE9,0x0B,0x00,0x30,0x80,0x0B,0x00,0x10,0x80,0x0C,0x40,0xF0,0xA0,0x08,  //0x4d60~0x4d6f      .....0......@...
0x40,0xF7,0x8C,0x04,0xE0,0x0F,0xE9,0x06,0x8C,0x41,0x96,0x92,0xD5,0xE4,0x84,0x02,  //0x4d70~0x4d7f      @........A......
0xFC,0xC1,0xAC,0x30,0x2E,0x07,0xFD,0x8F,0x2E,0x17,0xFD,0x8E,0x40,0x00,0x20,0x08,  //0x4d80~0x4d8f      ...0........@...
0xFE,0x0F,0xF1,0x01,0xAC,0x08,0x84,0x01,0xFC,0xC1,0xFC,0xC1,0xFC,0x40,0x44,0x91,  //0x4d90~0x4d9f      .............@D.
0x05,0xA4,0x81,0x40,0x81,0x01,0x80,0xE2,0x84,0xC0,0x87,0x83,0x96,0x30,0x49,0xFF,  //0x4da0~0x4daf      ...@.........0I.
0xEB,0x56,0xC0,0x1F,0x4C,0x63,0x80,0x1E,0x00,0x34,0x80,0x91,0x00,0x44,0x80,0x90,  //0x4db0~0x4dbf      .V..Lc...4...D..
0xE3,0x03,0xE9,0x04,0x40,0x34,0x0C,0x01,0xD5,0x02,0x8A,0x68,0xE3,0x44,0x96,0xDA,  //0x4dc0~0x4dcf      ....@4.....h.D..
0xE9,0x04,0x40,0x45,0x10,0x01,0xD5,0x02,0x8A,0x8A,0x97,0x22,0xE4,0x82,0xE8,0x04,  //0x4dd0~0x4ddf      ..@E......."....
0xE4,0x62,0xE8,0x04,0xD5,0x0B,0x5A,0x48,0x02,0x05,0xE4,0x63,0xE8,0x02,0x87,0x82,  //0x4de0~0x4def      .b....ZH...c....
0x8C,0xC1,0x8D,0x23,0x5A,0x68,0x0A,0xDC,0xD5,0x02,0x87,0x81,0x80,0x1C,0xFC,0xC0,  //0x4df0~0x4dff      ...#Zh..........
0xFC,0x43,0x81,0x41,0x2E,0x10,0x00,0x5E,0x5A,0x10,0x01,0x74,0x81,0x00,0x84,0x23,  //0x4e00~0x4e0f      .C.A...^Z..t...#
0x44,0x01,0x05,0xA4,0x42,0x04,0x04,0x73,0x00,0x10,0x00,0x90,0x80,0xE3,0x00,0x50,  //0x4e10~0x4e1f      D...B..s.......P
0x00,0x91,0x9B,0x8B,0x97,0x0A,0x88,0x23,0x96,0x0A,0xF0,0x81,0x9A,0x2A,0x83,0x82,  //0x4e20~0x4e2f      .......#.....*..
0x96,0xEA,0x97,0xB2,0xF0,0x82,0xF0,0x01,0xE0,0x06,0xE9,0x5B,0x40,0x0E,0x14,0x00,  //0x4e30~0x4e3f      ...........[@...
0x96,0x02,0x20,0x7F,0x80,0x08,0xB6,0x1F,0xB4,0x1F,0xE0,0x07,0xE9,0x4F,0x4E,0x65,  //0x4e40~0x4e4f      .............ONe
0x00,0x4B,0x2E,0xFF,0xFE,0x27,0xE0,0xCF,0xE8,0x46,0x4E,0x75,0x00,0x45,0x2E,0xFF,  //0x4e50~0x4e5f      .K...'...FNu.E..
0xFE,0x28,0xE0,0xEF,0xE8,0x40,0x2E,0x07,0xFE,0x25,0x80,0x27,0x42,0x13,0x00,0x73,  //0x4e60~0x4e6f      .(...@...%.'B..s
0x50,0x00,0x82,0xD8,0x44,0x14,0x00,0x00,0x38,0x00,0x81,0x01,0x2E,0x17,0xF8,0x92,  //0x4e70~0x4e7f      P...D...8.......
0x8A,0x01,0x40,0x90,0x00,0x11,0x4E,0x97,0x00,0x2F,0xE0,0xC4,0xE9,0x03,0x9A,0x34,  //0x4e80~0x4e8f      ..@...N../.....4
0xD5,0x02,0x9A,0x26,0xE4,0x02,0xE8,0x08,0xE0,0xE3,0xE9,0x03,0x9A,0x3B,0xD5,0x02,  //0x4e90~0x4e9f      ...&.........;..
0x9A,0x1F,0xE4,0x02,0xE9,0x20,0x96,0x30,0x96,0x78,0x80,0x48,0xF3,0x85,0xF5,0x84,  //0x4ea0~0x4eaf      .......0.x.H....
0xF4,0x83,0x49,0xFF,0xFF,0x75,0xF4,0x03,0xF5,0x04,0xF3,0x05,0x5A,0x08,0x02,0x03,  //0x4eb0~0x4ebf      ..I..u......Z...
0x91,0x21,0x8E,0x01,0x96,0x00,0xE6,0x02,0xE8,0x0E,0x80,0x2A,0xA0,0x0A,0x42,0x04,  //0x4ec0~0x4ecf      .!.........*..B.
0x98,0x75,0xA8,0x0A,0xA0,0x09,0x42,0x04,0x9C,0x75,0xA8,0x09,0xB4,0x0A,0x40,0x90,  //0x4ed0~0x4edf      .u....B..u....@.
0x24,0x01,0xB7,0x2A,0x8C,0xE1,0x97,0xFA,0xD5,0xB0,0x8C,0xC1,0x97,0xB2,0xD5,0xA4,  //0x4ee0~0x4eef      $..*............
0xFC,0xC3,0xFC,0x45,0x80,0xC0,0xF1,0x84,0x4E,0x02,0x00,0xCB,0xF3,0x04,0x80,0xE2,  //0x4ef0~0x4eff      ...E....N.......
0x44,0x11,0x05,0xA4,0x84,0x43,0x42,0x11,0x88,0x73,0x00,0x50,0x80,0x90,0x00,0x80,  //0x4f00~0x4f0f      D....CB..s.P....
0x80,0x91,0x2E,0x1F,0xFE,0x27,0x41,0xC2,0x80,0x10,0xF1,0x81,0x2E,0x1F,0xFE,0x28,  //0x4f10~0x4f1f      .....'A........(
0x84,0x4C,0xF1,0x82,0x2E,0x97,0xF8,0x92,0x84,0x20,0xF5,0x83,0x40,0xA4,0x00,0x10,  //0x4f20~0x4f2f      .L..........@...
0x49,0x00,0x1F,0x4A,0x2E,0x47,0xFE,0x27,0xF5,0x03,0x4F,0xC2,0x00,0x07,0x9E,0x21,  //0x4f30~0x4f3f      I..J.G.'..O....!
0x4D,0xC0,0x00,0x04,0x80,0x67,0xD5,0x02,0x84,0x61,0x4E,0xA2,0x00,0x07,0x2E,0x07,  //0x4f40~0x4f4f      M....g...aN.....
0xFE,0x28,0x8E,0x01,0x4C,0xA0,0x40,0x03,0x84,0xE1,0x8A,0xA3,0x96,0x2A,0xF0,0x83,  //0x4f50~0x4f5f      .(..L.@......*..
0x2E,0x07,0xFE,0x25,0x8E,0x81,0xF0,0x85,0x2E,0x07,0xF9,0x6B,0x40,0x14,0x1C,0x01,  //0x4f60~0x4f6f      ...%.......k@...
0x96,0x4A,0x88,0x04,0x94,0x01,0xF1,0x88,0x40,0x15,0x1C,0x00,0xF0,0x87,0xF1,0x89,  //0x4f70~0x4f7f      .J......@.......
0xF0,0x03,0x45,0xE4,0x05,0xB0,0x40,0x5E,0x0C,0x00,0xE0,0xA0,0xE9,0x31,0x4E,0x05,  //0x4f80~0x4f8f      ..E...@^.....1N.
0x00,0x2D,0xF1,0x01,0xE0,0x01,0xE8,0x29,0xF2,0x05,0xF1,0x08,0xFE,0x84,0xF2,0x86,  //0x4f90~0x4f9f      .-.....)........
0x84,0xA0,0xF2,0x09,0xE0,0x41,0xE9,0x14,0x4E,0x15,0x00,0x10,0xF2,0x02,0xE0,0x22,  //0x4fa0~0x4faf      .....A..N......"
0xE8,0x0C,0xF2,0x06,0x88,0x41,0x38,0x2F,0x09,0x11,0xE1,0x22,0xE8,0x04,0x8A,0x49,  //0x4fb0~0x4fbf      .....A8/..."...I
0x96,0x93,0xD5,0x02,0x84,0x40,0x88,0xA2,0x8C,0x21,0x96,0x4A,0xD5,0xEB,0x44,0x10,  //0x4fc0~0x4fcf      .....@...!.J..D.
0xFC,0x00,0x88,0x20,0x00,0x10,0x83,0x3D,0xFE,0x64,0xFF,0x4C,0xF1,0x07,0x40,0x52,  //0x4fd0~0x4fdf      .......=.d.L..@R
0x84,0xB7,0xA0,0x72,0x88,0xA1,0xA9,0x72,0x8C,0x01,0x96,0x02,0xD5,0xCD,0x2E,0x07,  //0x4fe0~0x4fef      ...r...r........
0xF9,0x6C,0x40,0x44,0x1C,0x01,0x97,0x22,0xF0,0x85,0x89,0x47,0x45,0xC4,0x05,0xB0,  //0x4ff0~0x4fff      .l@D..."...GE...
0x45,0xE0,0xFC,0x00,0xE1,0x44,0xE9,0x3B,0xF1,0x02,0x2E,0x87,0xFE,0x25,0xE0,0x81,  //0x5000~0x500f      E....D.;.....%..
0xF0,0x03,0x84,0x40,0x14,0xFF,0x80,0x06,0xE0,0xA0,0xE9,0x19,0x4E,0x05,0x00,0x15,  //0x5010~0x501f      ...@........N...
0xF1,0x01,0xE0,0x01,0xE8,0x11,0x4E,0x45,0x00,0x10,0xF1,0x06,0xC1,0x0D,0x80,0x24,  //0x5020~0x502f      ......NE.......$
0x42,0x10,0x20,0x73,0x38,0x1E,0x05,0x11,0xE1,0x21,0xE8,0x04,0x8A,0x29,0x96,0x4B,  //0x5030~0x503f      B..s8....!...).K
0xD5,0x02,0x84,0x20,0x88,0x41,0x8C,0x01,0x96,0x02,0xD5,0xE7,0x2E,0x07,0xFE,0x28,  //0x5040~0x504f      .....A.........(
0x40,0x1F,0x10,0x00,0x00,0x10,0x83,0x61,0x04,0x8F,0x80,0x05,0x8E,0x01,0xFE,0x44,  //0x5050~0x505f      @......a.......D
0x88,0x08,0xFE,0x54,0x94,0x01,0x40,0x00,0x80,0x17,0xA0,0x71,0x8C,0x81,0x88,0x01,  //0x5060~0x506f      ...T..@....q....
0xA8,0x31,0xB4,0x06,0x97,0x22,0x88,0x40,0xB6,0x46,0xD5,0xC5,0xF0,0x04,0x80,0x26,  //0x5070~0x507f      .1...".@.F.....&
0x80,0x47,0x49,0xFF,0xFE,0xBF,0xB4,0x06,0xC8,0x03,0x84,0x01,0xB6,0x06,0xFC,0xC5,  //0x5080~0x508f      .GI.............
0xE2,0x02,0xE9,0x09,0x9F,0x09,0x8A,0x82,0xE0,0x80,0x9B,0x02,0xE9,0x0A,0x94,0x11,  //0x5090~0x509f      ................
0x8C,0x01,0xD5,0x09,0x8C,0x01,0x88,0x40,0x84,0x20,0x96,0x10,0xAE,0x58,0xDD,0x9E,  //0x50a0~0x50af      .......@.....X..
0x8A,0x40,0x98,0x0A,0x96,0x00,0xAF,0x18,0xDD,0x9E,0xFC,0x45,0x80,0xC0,0xC0,0x4C,  //0x50b0~0x50bf      .@.........E...L
0x84,0x03,0x44,0x31,0x05,0xA4,0x42,0x30,0x80,0x73,0x00,0x91,0x80,0x90,0x80,0xE1,  //0x50c0~0x50cf      ..D1..B0.s......
0x00,0x01,0x80,0x91,0x2E,0x17,0xFE,0x28,0x50,0x3F,0x80,0x0F,0xF2,0x81,0x49,0xFF,  //0x50d0~0x50df      .......(P?....I.
0xFF,0xD9,0x81,0x40,0x2E,0x17,0xFE,0x27,0xF2,0x01,0x50,0x3F,0x80,0x0E,0x80,0x09,  //0x50e0~0x50ef      ...@...'..P?....
0x49,0xFF,0xFF,0xD0,0x81,0x20,0x44,0x04,0x05,0xB0,0x49,0x00,0x08,0xC7,0x12,0x0F,  //0x50f0~0x50ff      I.....D...I.....
0x80,0x08,0x2E,0x07,0xFE,0x25,0x10,0xAF,0x80,0x14,0x10,0x0F,0x80,0x12,0x2E,0x07,  //0x5100~0x510f      .....%..........
0xFE,0x27,0x10,0x9F,0x80,0x15,0x10,0x0F,0x80,0x13,0x00,0x0F,0x80,0x0F,0x10,0x0F,  //0x5110~0x511f      .'..............
0x80,0x16,0x00,0x0F,0x80,0x0E,0x10,0x0F,0x80,0x17,0x2E,0x07,0xF8,0x92,0x10,0x0F,  //0x5120~0x512f      ................
0x80,0x18,0xB0,0x04,0x49,0x00,0x0A,0xA6,0x3C,0x2D,0xE3,0xCA,0x80,0x26,0x83,0x82,  //0x5130~0x513f      ....I...<-...&..
0xB8,0x0B,0xA8,0x31,0xB8,0x0C,0xA8,0x32,0xB8,0x0A,0xF2,0x01,0xB6,0x06,0x80,0x62,  //0x5140~0x514f      ...1...2.......b
0x80,0x07,0x49,0xFF,0xFE,0x57,0xFC,0xC5,0xFC,0x00,0x2E,0x37,0xF7,0x55,0xCB,0x04,  //0x5150~0x515f      ..I..W.....7.U..
0x49,0xFF,0xFF,0xAD,0xFC,0x80,0x49,0xFF,0xFE,0xC6,0xFC,0x80,0xFC,0x42,0x80,0xC1,  //0x5160~0x516f      I.....I......B..
0x50,0x2F,0x80,0x02,0x80,0x3F,0x81,0x20,0x49,0xFF,0xFD,0x64,0x80,0xE0,0xC8,0x18,  //0x5170~0x517f      P/...?..I..d....
0xB0,0x01,0x80,0x29,0x2E,0x27,0xF8,0x87,0x49,0xFF,0xFF,0xE8,0x04,0xAF,0x80,0x01,  //0x5180~0x518f      ...).'..I.......
0xF1,0x02,0x80,0x4A,0x80,0x07,0x49,0xFF,0xFD,0x1A,0x12,0x0F,0x80,0x00,0xF1,0x03,  //0x5190~0x519f      ...J..I.........
0x84,0x01,0x80,0x4A,0x49,0xFF,0xFD,0x13,0x12,0x0F,0x80,0x01,0xD5,0x03,0x5A,0x00,  //0x51a0~0x51af      ...JI.........Z.
0x02,0x10,0x02,0x0F,0x80,0x00,0x94,0xB3,0x44,0x31,0x06,0x94,0x88,0x43,0xAC,0x10,  //0x51b0~0x51bf      ........D1...C..
0x02,0x0F,0x80,0x01,0x10,0x91,0x00,0x06,0xAC,0x11,0x84,0x01,0xFC,0xC2,0x84,0x00,  //0x51c0~0x51cf      ................
0xFC,0xC2,0xFC,0x20,0x2E,0x60,0x00,0x5E,0x44,0x01,0x06,0x94,0x44,0x10,0x00,0xFF,  //0x51d0~0x51df      .....`.^D...D...
0x44,0x20,0x00,0x50,0x49,0x00,0x1D,0xF0,0xC6,0x22,0x84,0xC0,0x80,0xE6,0x80,0x07,  //0x51e0~0x51ef      D..PI...."......
0x49,0xFF,0xE9,0x35,0xC0,0x09,0x80,0x07,0x80,0x26,0x49,0xFF,0xFF,0xB9,0x5A,0x08,  //0x51f0~0x51ff      I..5.....&I...Z.
0x01,0x04,0x8C,0xC1,0x97,0xB0,0x8C,0xE1,0x97,0xF8,0x5A,0x78,0x0A,0xF2,0x3E,0x60,  //0x5200~0x520f      ..........Zx..>`
0x00,0x5E,0xC6,0x0B,0x2E,0x07,0xFF,0xDB,0x3E,0x67,0xFF,0xD7,0x58,0x00,0x00,0x01,  //0x5210~0x521f      .^......>g..X...
0x3E,0x07,0xFF,0xDB,0x3E,0x67,0xFF,0xD4,0x49,0xFF,0xFC,0xCB,0xFC,0xA0,0x2E,0x07,  //0x5220~0x522f      >...>g..I.......
0xFB,0x57,0x5A,0x08,0x52,0x05,0x84,0x00,0x3E,0x07,0xFF,0xD4,0xDD,0x9E,0xFC,0x00,  //0x5230~0x523f      .WZ.R...>.......
0x49,0xFF,0xFF,0xC9,0x49,0xFF,0xFF,0xF5,0x49,0xFF,0xD9,0xAE,0xFC,0x80,0xFC,0x45,  //0x5240~0x524f      I...I...I......E
0x44,0x61,0x09,0x6C,0xFB,0x34,0x80,0xE0,0x81,0x46,0x50,0x83,0x00,0x1F,0x42,0xA0,  //0x5250~0x525f      Da.l.4...FP...B.
0x24,0x73,0x80,0x28,0x80,0x49,0x50,0xA5,0x00,0x43,0xB0,0x01,0x49,0x00,0x1D,0x86,  //0x5260~0x526f      $s.(.IP..C..I...
0x21,0xC3,0x00,0x1F,0x80,0x2A,0x80,0x49,0x80,0x08,0x49,0x00,0x1D,0x7F,0x88,0xE6,  //0x5270~0x527f      !....*.I..I.....
0xB0,0x41,0x80,0x0A,0x80,0x49,0x11,0xCF,0x80,0x04,0x49,0x00,0x1D,0x77,0x20,0x03,  //0x5280~0x528f      .A...I....I..w..
0x00,0x1E,0x00,0x13,0x80,0xF7,0x10,0x03,0x80,0xF7,0x10,0x13,0x00,0x1E,0xFC,0xC5,  //0x5290~0x529f      ................
0x2E,0x00,0x03,0xA3,0x44,0x21,0x09,0x6C,0xE6,0x05,0xE8,0x36,0x50,0x10,0x00,0x08,  //0x52a0~0x52af      ....D!.l...6P...
0x94,0x49,0x88,0x22,0x3C,0x37,0xFE,0xED,0x22,0x40,0x80,0x01,0xE0,0x83,0xE8,0x02,  //0x52b0~0x52bf      .I."<7.."@......
0xAC,0xC9,0x8C,0x01,0x96,0x00,0x3E,0x00,0x03,0xA3,0x5A,0x00,0x05,0x0A,0x8C,0x04,  //0x52c0~0x52cf      ......>...Z.....
0x44,0x11,0x09,0x6C,0x38,0x50,0x81,0x01,0x44,0x00,0xFF,0xFF,0xD8,0x16,0x2E,0x00,  //0x52d0~0x52df      D..l8P..D.......
0x03,0xA2,0x8C,0x01,0x2E,0x37,0xF9,0x38,0x96,0x00,0x84,0x20,0xE2,0x03,0x3E,0x10,  //0x52e0~0x52ef      .....7.8......>.
0x03,0xA3,0x3E,0x00,0x03,0xA2,0xE9,0x09,0x84,0x02,0x3C,0x0E,0x00,0xE7,0x3E,0x10,  //0x52f0~0x52ff      ..>.......<...>.
0x03,0xA2,0x3C,0x03,0xFF,0xC6,0xD5,0x06,0x2E,0x00,0x03,0xA3,0x8C,0x04,0x38,0x01,  //0x5300~0x530f      ..<...........8.
0x01,0x01,0x3C,0x0B,0xFF,0xC4,0xDD,0x9E,0x44,0x31,0x09,0x74,0x44,0x20,0x7F,0xFF,  //0x5310~0x531f      ..<.....D1.tD...
0x44,0x00,0x00,0xFF,0x84,0x20,0x44,0x50,0xFF,0xFF,0x0A,0x41,0x80,0x01,0x4C,0x42,  //0x5320~0x532f      D.....DP...A..LB
0x80,0x09,0x22,0x41,0x80,0x04,0xE0,0x82,0x40,0x22,0x3C,0x1B,0x40,0x00,0xBC,0x1B,  //0x5330~0x533f      .."A....@"<.@...
0x8C,0x21,0x96,0x48,0x5A,0x18,0x05,0xF3,0xFC,0x00,0x3C,0x14,0x01,0xDC,0x2E,0x4F,  //0x5340~0x534f      .!.HZ.....<....O
0xF9,0x37,0x8A,0x22,0xE0,0x81,0x44,0x31,0x09,0x6C,0xE8,0x1A,0x2E,0x17,0xF9,0x36,  //0x5350~0x535f      .7."..D1.l.....6
0x40,0xF0,0xA0,0x08,0x2E,0x17,0xF9,0x35,0x40,0xF7,0x84,0x04,0xE0,0x4F,0xE8,0x10,  //0x5360~0x536f      @......5@....O..
0x9C,0x44,0x38,0x21,0x85,0x01,0x3C,0x43,0xFF,0xC6,0x3C,0x2B,0xFF,0xC4,0x3C,0x2B,  //0x5370~0x537f      .D8!..<C..<+..<+
0xFF,0xC6,0x38,0x41,0x85,0x09,0x84,0xC1,0x49,0xFF,0xFF,0x63,0xD5,0x02,0x84,0xC0,  //0x5380~0x538f      ..8A....I..c....
0x44,0x01,0x09,0x7E,0x84,0x20,0x84,0x4A,0x49,0x00,0x1D,0x16,0x84,0x00,0x3C,0x0E,  //0x5390~0x539f      D..~...JI.....<.
0x00,0xE7,0xC6,0x03,0x49,0xFF,0xFC,0x12,0x80,0x06,0xFC,0x80,0xFC,0x00,0x44,0x61,  //0x53a0~0x53af      ....I.........Da
0x09,0x6C,0x80,0x06,0x84,0x20,0x44,0x20,0x00,0xFC,0x49,0x00,0x1D,0x05,0x50,0x03,  //0x53b0~0x53bf      .l....D...I...P.
0x00,0x08,0x44,0x10,0xFF,0x19,0x84,0x4A,0x49,0x00,0x1C,0xD8,0x84,0x20,0x44,0x20,  //0x53c0~0x53cf      ..D....JI.....D.
0x00,0x48,0x44,0x01,0x03,0xAC,0x49,0x00,0x1C,0xF7,0xFC,0x80,0x2E,0x07,0xF7,0x4C,  //0x53d0~0x53df      .HD...I........L
0xC0,0x0A,0x3C,0x0C,0x00,0xE7,0xC0,0x07,0x2E,0x17,0xF9,0x34,0x84,0x00,0x40,0x00,  //0x53e0~0x53ef      ..<........4..@.
0x04,0x06,0xDD,0x9E,0x84,0x01,0xDD,0x9E,0xFC,0x40,0x2E,0x07,0xF7,0x4C,0xC8,0x04,  //0x53f0~0x53ff      .........@...L..
0x49,0xFF,0xFB,0x94,0xFC,0xC0,0x84,0x01,0x2E,0x77,0xFF,0x9C,0x3C,0x93,0xFF,0xC6,  //0x5400~0x540f      I........w..<...
0x3E,0x07,0xFF,0x9C,0x84,0xC0,0x44,0xA1,0x09,0x6C,0x44,0x80,0xFF,0xFF,0x40,0x03,  //0x5410~0x541f      >.....D..lD...@.
0x28,0x00,0xA5,0x44,0x4C,0x54,0x00,0x1C,0x3C,0x5B,0xFF,0xC6,0x49,0xFF,0xFA,0xD6,  //0x5420~0x542f      (..DLT..<[..I...
0x49,0x00,0x0A,0x51,0x49,0x00,0x0A,0x60,0x44,0x04,0x02,0xD8,0x49,0xFF,0xFB,0x2C,  //0x5430~0x543f      I..QI..`D...I..,
0x49,0x00,0x02,0x12,0x44,0x10,0x01,0x6C,0x44,0x04,0x0C,0xDC,0x42,0x03,0x04,0x73,  //0x5440~0x544f      I...D..lD...B..s
0x44,0x20,0x02,0xD8,0x44,0x14,0x05,0xB0,0x49,0x00,0x1C,0x90,0x8C,0xC2,0x5A,0x68,  //0x5450~0x545f      D...D...I.....Zh
0x0A,0xE0,0x84,0x00,0x3E,0x07,0xFF,0xB8,0x3C,0x9B,0xFF,0xC6,0x3E,0x77,0xFF,0x9C,  //0x5460~0x546f      ....>...<...>w..
0x49,0xFF,0xFB,0x5C,0x49,0xFF,0xFB,0xAA,0xFC,0xC0,0x2E,0x07,0xF7,0x4C,0x44,0x40,  //0x5470~0x547f      I...I........LD@
0xFC,0x00,0xC0,0x3C,0x2E,0x07,0xFD,0x80,0x5A,0x00,0x04,0x39,0x2E,0x07,0xF8,0x66,  //0x5480~0x548f      ...<....Z..9...f
0x2E,0x17,0xF8,0x65,0x40,0x00,0x20,0x08,0x3C,0x53,0xFF,0xC6,0xFE,0x0F,0xD0,0x2E,  //0x5490~0x549f      ...e@...<S......
0xFC,0x40,0x84,0x20,0x44,0x60,0x02,0xD8,0x44,0x74,0x0C,0xDC,0x50,0x00,0x81,0x88,  //0x54a0~0x54af      .@..D`..Dt..P...
0x94,0x01,0x88,0x04,0x00,0x20,0x00,0x09,0x00,0x00,0x00,0x0A,0x3C,0x53,0xFF,0xC6,  //0x54b0~0x54bf      ............<S..
0x40,0x00,0x20,0x08,0xFE,0x17,0xD0,0x05,0x8C,0x21,0x5A,0x18,0x03,0xF1,0xFC,0xC0,  //0x54c0~0x54cf      @........!Z.....
0x2E,0x27,0xFE,0x24,0x2E,0x07,0xFE,0x25,0x81,0x27,0xFE,0x14,0x42,0x90,0x98,0x73,  //0x54d0~0x54df      .'.$...%.'..B..s
0x44,0x24,0x02,0xD8,0x84,0xA0,0xD0,0xF1,0xA4,0xD0,0x2A,0xA4,0x80,0x01,0x88,0x6A,  //0x54e0~0x54ef      D$........*....j
0x8C,0xA1,0x1A,0x31,0x00,0x01,0x97,0x69,0xD5,0xF7,0xDD,0x9E,0xFC,0x00,0x2E,0x07,  //0x54f0~0x54ff      ...1...i........
0xF7,0x4C,0xC0,0x59,0x2E,0x07,0xFD,0x80,0x5A,0x00,0x04,0x56,0x3C,0x6C,0x00,0xE7,  //0x5500~0x550f      .L.Y....Z..V<l..
0x5A,0x60,0x01,0x4B,0xC6,0x08,0x5A,0x68,0x02,0x4B,0x49,0xFF,0xFE,0xFF,0x5C,0x60,  //0x5510~0x551f      Z`.K..Zh.KI....`
0x00,0x01,0xD5,0x46,0x2E,0x07,0xF9,0x36,0x2E,0x17,0xF9,0x35,0x3C,0x27,0xFE,0xED,  //0x5520~0x552f      ...F...6...5<'..
0x40,0x00,0x20,0x08,0xFE,0x0F,0xE0,0x02,0xE8,0x16,0x2E,0x00,0x03,0xA3,0x44,0x11,  //0x5530~0x553f      @.............D.
0x09,0x6C,0x8C,0x04,0x38,0x00,0x81,0x01,0x3C,0x0B,0xFF,0xC4,0x84,0x0F,0x3E,0x07,  //0x5540~0x554f      .l..8...<.....>.
0xFF,0x85,0x84,0xC1,0x84,0x00,0x3C,0x28,0x01,0xDC,0x3C,0x6E,0x00,0xE7,0x3C,0x0B,  //0x5550~0x555f      ......<(..<n..<.
0xFE,0x88,0xD5,0x26,0x2E,0x07,0xF9,0x3F,0x2E,0x17,0xF9,0x3E,0x40,0x00,0x20,0x08,  //0x5560~0x556f      ...&...?...>@...
0xFE,0x0F,0x96,0x03,0xE0,0x40,0xE8,0x14,0x2E,0x17,0xF9,0x41,0x3C,0x03,0xFE,0x88,  //0x5570~0x557f      .....@.....A<...
0x40,0xF0,0xA0,0x08,0x2E,0x17,0xF9,0x40,0x40,0xF7,0x84,0x04,0xE2,0x0F,0xE8,0x03,  //0x5580~0x558f      @......@@.......
0x8C,0x01,0xD5,0x07,0x2E,0x07,0xF7,0xD1,0x3E,0x07,0xFF,0x85,0xD5,0x08,0x84,0x00,  //0x5590~0x559f      ........>.......
0x3C,0x0B,0xFE,0x88,0xD5,0x04,0x49,0xFF,0xFE,0x7D,0xD5,0x02,0x84,0xC1,0x49,0xFF,  //0x55a0~0x55af      <.....I..}....I.
0xFB,0x0C,0xD5,0x02,0x84,0xC1,0x80,0x06,0xFC,0x80,0xFC,0x00,0x84,0xC0,0x2E,0x37,  //0x55b0~0x55bf      ...............7
0xFE,0x26,0x44,0x24,0x09,0x60,0x80,0xA6,0xD3,0x12,0x2A,0x01,0x00,0x01,0x22,0x11,  //0x55c0~0x55cf      .&D$.`....*...".
0x01,0x3F,0xE0,0x01,0xE9,0x03,0x9A,0x41,0xD5,0x02,0x8A,0x20,0x96,0x49,0xE2,0x26,  //0x55d0~0x55df      .?.....A.....I.&
0x40,0x13,0x3C,0x1B,0x8C,0xA1,0x80,0xC1,0x97,0x68,0xD5,0xEF,0x44,0x14,0x09,0x60,  //0x55e0~0x55ef      @.<......h..D..`
0x44,0x20,0x00,0x6A,0x44,0x04,0x0B,0xE0,0x49,0x00,0x1B,0xC0,0x80,0x06,0xFC,0x80,  //0x55f0~0x55ff      D..jD...I.......
0xFC,0x00,0x49,0xFF,0xFF,0xDC,0x3C,0x13,0xFE,0xD6,0x40,0x00,0x80,0x06,0xFC,0x80,  //0x5600~0x560f      ..I...<...@.....
0xDD,0x9E,0x3C,0x0D,0xFE,0xCA,0xC0,0x04,0xFC,0x00,0xDD,0x20,0xFC,0x80,0xDD,0x9E,  //0x5610~0x561f      ..<.............
0x3C,0x0D,0xFE,0xC9,0xC0,0x04,0xFC,0x00,0xDD,0x20,0xFC,0x80,0xDD,0x9E,0xFC,0x00,  //0x5620~0x562f      <...............
0x2E,0x07,0xFB,0x58,0x5A,0x08,0x01,0x2A,0x2E,0x17,0xF9,0x68,0x2E,0x07,0xF9,0x67,  //0x5630~0x563f      ...XZ..*...h...g
0x40,0x10,0xA0,0x08,0x40,0x20,0x80,0x04,0x2E,0x07,0xF9,0x69,0x40,0x00,0x40,0x08,  //0x5640~0x564f      @...@......i@.@.
0x40,0x10,0x08,0x04,0x2E,0x07,0xF9,0x6A,0x40,0x00,0x60,0x08,0xFE,0x0F,0x00,0x10,  //0x5650~0x565f      @......j@.`.....
0x00,0x12,0x00,0x30,0x00,0x11,0x40,0x10,0xA0,0x08,0x40,0x20,0x8C,0x04,0x00,0x10,  //0x5660~0x566f      ...0..@...@.....
0x00,0x13,0x00,0x00,0x00,0x14,0x40,0x10,0xC0,0x08,0xFE,0x57,0x40,0x00,0x60,0x08,  //0x5670~0x567f      ......@....W@.`.
0xFE,0x0F,0xC0,0x03,0xDD,0x20,0xFC,0x80,0x84,0x09,0x3E,0x07,0xFB,0x8E,0x49,0xFF,  //0x5680~0x568f      ..........>...I.
0xDD,0x0F,0xFC,0x80,0xFC,0x00,0x49,0xFF,0xFA,0x7B,0xFC,0x80,0xFC,0x00,0x49,0xFF,  //0x5690~0x569f      ......I..{....I.
0xD7,0x05,0xFC,0x80,0xDD,0x9E,0x2E,0x37,0xF8,0xE3,0x2E,0x07,0xFF,0xA8,0xE2,0x03,  //0x56a0~0x56af      .......7........
0xE9,0x24,0x3C,0xF7,0xFF,0xD1,0x2E,0x27,0xFB,0x56,0x5E,0xF7,0x8D,0xAD,0x2E,0x47,  //0x56b0~0x56bf      .$<....'.V^....G
0xFE,0x26,0x94,0x91,0x3C,0x13,0xFF,0xD3,0xE8,0x02,0x92,0x21,0x44,0x04,0x09,0x60,  //0x56c0~0x56cf      .&..<......!D..`
0x88,0x40,0x84,0x00,0x96,0x4B,0x80,0xA0,0xD4,0x10,0x2A,0xF1,0x00,0x01,0xE0,0x2F,  //0x56d0~0x56df      .@...K....*..../
0xE8,0x06,0x8C,0x01,0x96,0x00,0xE2,0x03,0xE9,0x05,0xD5,0x09,0xE2,0x03,0xE8,0x02,  //0x56e0~0x56ef      ................
0x84,0x00,0x8C,0xA1,0x97,0x68,0xD5,0xF1,0x84,0x00,0xDD,0x9E,0x84,0x01,0xDD,0x9E,  //0x56f0~0x56ff      .....h..........
0x44,0x21,0x05,0x70,0xA4,0x16,0xA4,0x57,0x88,0x20,0x44,0x00,0xFC,0x00,0x00,0x20,  //0x5700~0x570f      D!.p...W..D.....
0x02,0xB0,0x00,0x00,0x02,0xB1,0x96,0x49,0x40,0xF0,0x20,0x08,0x40,0xF7,0x88,0x04,  //0x5710~0x571f      .......I@...@...
0xE2,0x2F,0x56,0x07,0x80,0x01,0xDD,0x9E,0x3C,0x03,0xFF,0xED,0x2E,0x17,0xFF,0xE4,  //0x5720~0x572f      ./V.....<.......
0x92,0x0B,0x96,0x06,0x5A,0x18,0x01,0x34,0xFC,0x00,0xC0,0x12,0x2E,0x07,0xF8,0xDD,  //0x5730~0x573f      ....Z..4........
0x5A,0x08,0x01,0x0F,0x3C,0x17,0xFF,0xD1,0x3C,0x03,0xFE,0xD7,0xE0,0x20,0xE9,0x1C,  //0x5740~0x574f      Z...<...<.......
0x3C,0x17,0xFF,0xD8,0x3C,0xF7,0xFE,0xDB,0xE0,0x2F,0xE9,0x16,0xD5,0x0A,0x49,0xFF,  //0x5750~0x575f      <...<..../....I.
0xFF,0xD1,0x80,0xC0,0x49,0xFF,0xFF,0xA1,0xFE,0x36,0x96,0x00,0x5A,0x08,0x01,0x0E,  //0x5760~0x576f      ....I....6..Z...
0x2E,0x07,0xF8,0xE5,0x2E,0x17,0xF8,0xE4,0x40,0x00,0x20,0x08,0xFE,0x0F,0x3C,0x0B,  //0x5770~0x577f      ........@.....<.
0xFD,0x9D,0x84,0x01,0xD5,0x02,0x84,0x00,0x2E,0x17,0xFF,0xDB,0x96,0x06,0x94,0x03,  //0x5780~0x578f      ................
0x54,0x10,0x80,0xF7,0xFE,0x0F,0x3E,0x07,0xFF,0xDB,0xFC,0x80,0xDD,0x9E,0xFC,0x00,  //0x5790~0x579f      T.....>.........
0x2E,0x07,0xF7,0xA4,0xC8,0x03,0x49,0xFF,0xF8,0x8A,0x49,0xFF,0xFA,0x05,0xFC,0x80,  //0x57a0~0x57af      ......I...I.....
0xFC,0x05,0x2E,0x07,0xFE,0x25,0x2E,0x67,0xFE,0x24,0x88,0xC0,0x2E,0x07,0xFF,0x74,  //0x57b0~0x57bf      .....%.g.$.....t
0x97,0xB0,0x5A,0x08,0x01,0x41,0x44,0x04,0x08,0xF4,0xB6,0x1F,0x44,0x04,0x08,0x88,  //0x57c0~0x57cf      ..Z..AD.....D...
0xF0,0x81,0x44,0x04,0x09,0x60,0xF0,0x82,0x84,0x00,0x10,0x0F,0x80,0x0E,0x3C,0x03,  //0x57d0~0x57df      ..D..`........<.
0xFF,0xD3,0x12,0x6F,0x80,0x06,0x12,0x0F,0x80,0x09,0xFE,0x02,0x12,0x0F,0x80,0x0A,  //0x57e0~0x57ef      ...o............
0x80,0x1F,0x49,0x00,0x07,0xC1,0x80,0x1F,0x49,0x00,0x07,0xD5,0x02,0x0F,0x80,0x0D,  //0x57f0~0x57ff      ..I.....I.......
0x3C,0x0B,0xFF,0xD1,0x02,0x0F,0x80,0x0E,0x3C,0x0B,0xFF,0xD0,0x02,0x0F,0x80,0x0B,  //0x5800~0x580f      <.......<.......
0x3E,0x07,0xFF,0xA8,0x02,0x0F,0x80,0x0C,0x02,0x1F,0x80,0x06,0x3E,0x07,0xFF,0xA9,  //0x5810~0x581f      >...........>...
0xF0,0x09,0x40,0x00,0x04,0x16,0x3C,0x0B,0xFF,0xD2,0x44,0x04,0x0A,0x38,0xB6,0x1F,  //0x5820~0x582f      ..@...<...D..8..
0x44,0x04,0x09,0xCC,0xF0,0x81,0x44,0x04,0x0A,0xA4,0xF0,0x82,0x80,0x1F,0x49,0x00,  //0x5830~0x583f      D.....D.......I.
0x07,0x9B,0xFC,0x85,0x97,0xB1,0x80,0x46,0x44,0x04,0x09,0x60,0x44,0x14,0x08,0xF4,  //0x5840~0x584f      .......FD..`D...
0x49,0x00,0x07,0xE4,0x44,0x04,0x0A,0xA4,0x44,0x14,0x0A,0x38,0x80,0x46,0x49,0x00,  //0x5850~0x585f      I...D...D..8.FI.
0x07,0xDD,0xFC,0x85,0xFC,0x05,0x2E,0x07,0xFF,0x9C,0x2E,0x37,0xFE,0x25,0x2E,0x27,  //0x5860~0x586f      ...........7.%.'
0xFE,0x24,0x44,0x14,0x02,0xD8,0x5A,0x08,0x01,0x39,0xB6,0x3F,0x44,0x14,0x00,0x00,  //0x5870~0x587f      .$D...Z..9.?D...
0xF1,0x81,0x10,0x0F,0x80,0x0E,0x44,0x14,0x05,0xB0,0xF1,0x82,0x2E,0x07,0xF8,0xDF,  //0x5880~0x588f      ......D.........
0x2E,0x17,0xF8,0xDE,0x40,0x00,0x20,0x08,0xFE,0x0F,0x12,0x0F,0x80,0x09,0xFE,0x02,  //0x5890~0x589f      ....@...........
0xFE,0x9C,0x12,0x0F,0x80,0x0A,0x80,0x1F,0x12,0x2F,0x80,0x06,0x49,0x00,0x07,0x64,  //0x58a0~0x58af      ........./..I..d
0x80,0x1F,0x49,0x00,0x07,0x78,0x02,0x0F,0x80,0x0B,0x3C,0x0B,0xFF,0xD6,0x02,0x0F,  //0x58b0~0x58bf      ..I..x....<.....
0x80,0x0C,0x3C,0x0B,0xFF,0xD7,0x02,0x0F,0x80,0x0D,0x3C,0x0B,0xFF,0xD8,0x02,0x0F,  //0x58c0~0x58cf      ..<.......<.....
0x80,0x0E,0x3C,0x0B,0xFF,0xD9,0x02,0x0F,0x80,0x0F,0x3C,0x0B,0xFF,0xDA,0x02,0x0F,  //0x58d0~0x58df      ..<.......<.....
0x80,0x10,0x3C,0x0B,0xFF,0xDB,0xFC,0x85,0x44,0x04,0x05,0xB0,0xFE,0x9C,0x49,0x00,  //0x58e0~0x58ef      ..<.....D.....I.
0x07,0x95,0xFC,0x85,0x2E,0x07,0xFF,0x94,0xC0,0x3E,0xFC,0x40,0x2E,0x07,0xFB,0x54,  //0x58f0~0x58ff      .........>.@...T
0x2E,0x27,0xFE,0x25,0x44,0x14,0x0B,0x10,0x5A,0x00,0x01,0x1C,0x95,0x91,0x84,0xA0,  //0x5900~0x590f      .'.%D...Z.......
0x44,0x7B,0xF4,0xF8,0x44,0x91,0x03,0xA4,0xD2,0x1D,0x80,0x81,0x0A,0x32,0x00,0x01,  //0x5910~0x591f      D{..D........2..
0x98,0x26,0x02,0x00,0x7F,0xFF,0xE2,0x60,0xE9,0x03,0x9A,0x18,0xD5,0x02,0x8A,0x03,  //0x5920~0x592f      .&.....`........
0x88,0x27,0x96,0x03,0x8C,0xA1,0x38,0x04,0x84,0x09,0x97,0x68,0x80,0x24,0xD5,0xED,  //0x5930~0x593f      .'....8....h.$..
0x44,0x01,0x03,0xAC,0x94,0x91,0x49,0x00,0x1A,0x19,0x84,0x00,0x3C,0x0B,0xFE,0xED,  //0x5940~0x594f      D.....I.....<...
0xFC,0xC0,0x84,0x20,0x80,0x01,0x44,0x41,0x03,0xA4,0x96,0xC8,0xE2,0x62,0xE8,0xF7,  //0x5950~0x595f      ......DA.....b..
0x94,0xC9,0x88,0x64,0x22,0x31,0x80,0x04,0x8C,0x21,0xE0,0x60,0x40,0x30,0x3C,0x1B,  //0x5960~0x596f      ...d"1...!.`@0<.
0x80,0x03,0xD5,0xF4,0xDD,0x9E,0xFC,0x41,0x44,0x64,0x00,0x00,0x00,0x03,0x15,0x69,  //0x5970~0x597f      .......ADd.....i
0x02,0x73,0x0A,0xB2,0x02,0xA3,0x0A,0xB3,0x00,0x83,0x15,0x68,0xB6,0x1F,0x2E,0x07,  //0x5980~0x598f      .s.........h....
0xF7,0x4D,0x3C,0x93,0xFF,0xC4,0xC0,0x46,0x49,0xFF,0xF8,0xFA,0x00,0x03,0x15,0x6A,  //0x5990~0x599f      .M<....FI......j
0x5A,0x08,0xAA,0x41,0x44,0x04,0x15,0x6C,0x84,0x20,0x44,0x20,0x01,0x90,0x49,0x00,  //0x59a0~0x59af      Z..AD..l..D...I.
0x1A,0x0B,0x84,0xC0,0xE2,0xEA,0xE8,0x2E,0x87,0x80,0x3C,0x7B,0xFF,0xC4,0x80,0xBC,  //0x59b0~0x59bf      ..........<{....
0xB4,0x1F,0xD0,0x18,0xF5,0x81,0x49,0xFF,0xF8,0x0E,0x49,0x00,0x07,0x84,0x49,0x00,  //0x59c0~0x59cf      ......I...I...I.
0x07,0x93,0x44,0x04,0x0B,0x10,0x49,0xFF,0xF8,0x68,0x49,0xFF,0xFF,0x8D,0x3C,0x07,  //0x59d0~0x59df      ..D...I..hI...<.
0xFE,0xED,0xF5,0x01,0x40,0xFE,0x00,0x07,0x8C,0xA1,0x41,0xC0,0x3C,0x1B,0x97,0x68,  //0x59e0~0x59ef      ....@.....A.<..h
0xD5,0xE8,0x5C,0xF3,0x00,0xC8,0xE8,0x0B,0x9C,0x31,0x50,0x63,0x0A,0xB4,0x95,0xB1,  //0x59f0~0x59ff      .........1Pc....
0x44,0x24,0x00,0x00,0x88,0xC2,0x13,0xC3,0x00,0x02,0x97,0x80,0x88,0xE8,0x97,0xF9,  //0x5a00~0x5a0f      D$..............
0xD5,0xD2,0x44,0x10,0x00,0x55,0x44,0x04,0x00,0x00,0x10,0x10,0x15,0x6A,0x3C,0x9B,  //0x5a10~0x5a1f      ..D..UD......j<.
0xFF,0xC4,0xFC,0xC1,0xFC,0x20,0x80,0xE0,0x49,0xFF,0xF8,0xB2,0x49,0xFF,0xD5,0x14,  //0x5a20~0x5a2f      ........I...I...
0x84,0x00,0x3E,0x07,0xFF,0xAA,0x3E,0x07,0xFF,0xB8,0x2E,0x07,0xFF,0xBC,0xC8,0x0A,  //0x5a30~0x5a3f      ..>...>.........
0x49,0xFF,0xE2,0x51,0x80,0xC0,0xC8,0x06,0x5A,0x78,0x01,0x2B,0x49,0xFF,0xF8,0x6E,  //0x5a40~0x5a4f      I..Q....Zx.+I..n
0xD5,0x27,0x2E,0x00,0x03,0xA0,0xC8,0x0A,0x2E,0x67,0xFD,0x80,0xCE,0x07,0x49,0xFF,  //0x5a50~0x5a5f      .'.......g....I.
0xFC,0xCD,0x84,0x01,0x3E,0x00,0x03,0xA0,0xD5,0x1B,0x84,0xC1,0x49,0xFF,0xFE,0xA2,  //0x5a60~0x5a6f      ....>.......I...
0x3E,0x67,0xFF,0xAA,0x49,0xFF,0xFD,0x03,0x49,0xFF,0xFE,0xF6,0x49,0xFF,0xFF,0x3C,  //0x5a70~0x5a7f      >g..I...I...I..<
0x49,0xFF,0xFF,0x7B,0x3E,0x67,0xFF,0xB8,0x49,0xFF,0xFD,0x3A,0x5A,0x78,0x01,0x04,  //0x5a80~0x5a8f      I..{>g..I..:Zx..
0x49,0xFF,0xF8,0x4C,0x49,0xFF,0xFC,0xA4,0x84,0xC0,0x40,0x63,0x00,0x06,0x80,0x06,  //0x5a90~0x5a9f      I..LI.....@c....
0xFC,0xA0,0xFC,0x20,0xC9,0x1D,0x2E,0x27,0xFD,0x91,0x2E,0x47,0xFD,0x90,0x40,0x21,  //0x5aa0~0x5aaf      .......'...G..@!
0x20,0x08,0xFE,0xA7,0x8E,0x48,0x96,0xD1,0x2E,0x27,0xF6,0x9F,0x2E,0x47,0xF6,0x9E,  //0x5ab0~0x5abf      .....H...'...G..
0x40,0x21,0x20,0x08,0xFE,0xA7,0x2E,0x47,0xFD,0x92,0xAF,0x00,0x2E,0x47,0xFD,0x93,  //0x5ac0~0x5acf      @!.....G.....G..
0xAF,0x01,0x2E,0x47,0xFD,0x8B,0xAD,0x01,0x2E,0x47,0xFD,0x8D,0xD5,0x1C,0x2E,0x27,  //0x5ad0~0x5adf      ...G.....G.....'
0xFD,0x8F,0x2E,0x47,0xFD,0x8E,0x40,0x21,0x20,0x08,0xFE,0xA7,0x8E,0x48,0x96,0xD1,  //0x5ae0~0x5aef      ...G..@!.....H..
0x2E,0x27,0xF6,0xA1,0x2E,0x47,0xF6,0xA0,0x40,0x21,0x20,0x08,0xFE,0xA7,0x2E,0x47,  //0x5af0~0x5aff      .'...G..@!.....G
0xFD,0x94,0xAF,0x00,0x2E,0x47,0xFD,0x95,0xAF,0x01,0x2E,0x47,0xFD,0x8A,0xAD,0x01,  //0x5b00~0x5b0f      .....G.....G....
0x2E,0x47,0xFD,0x8C,0xAD,0x02,0xA5,0xC1,0xA5,0x82,0x42,0x41,0x1C,0x24,0x40,0x42,  //0x5b10~0x5b1f      .G........BA.$@B
0x0C,0x96,0x40,0x51,0x20,0x08,0xFE,0xB4,0x40,0x21,0x0C,0x56,0xAD,0x03,0x97,0x21,  //0x5b20~0x5b2f      ..@Q....@!.V...!
0x40,0x52,0x8C,0xB6,0xAC,0x84,0x40,0x32,0x20,0x08,0x96,0x91,0x40,0x43,0x84,0x09,  //0x5b30~0x5b3f      @R....@2....@C..
0x40,0x41,0x90,0x96,0x40,0x31,0x20,0x08,0x40,0x23,0x04,0x09,0x40,0x21,0x88,0x56,  //0x5b40~0x5b4f      @A..@1..@#..@!.V
0x97,0x69,0x97,0x21,0x96,0x91,0xAD,0x45,0xAD,0x46,0xAD,0x07,0x12,0x20,0x00,0x08,  //0x5b50~0x5b5f      .i.!...E.F......
0xC9,0x21,0x2E,0x17,0xFD,0x97,0x2E,0x37,0xFD,0x96,0x40,0x10,0xA0,0x08,0xFE,0x5F,  //0x5b60~0x5b6f      .!.....7..@...._
0x88,0x25,0xAC,0x45,0x2E,0x17,0xFD,0x99,0x2E,0x37,0xFD,0x98,0x40,0x10,0xA0,0x08,  //0x5b70~0x5b7f      .%.E.....7..@...
0xFE,0x5F,0x88,0xA1,0xAD,0x46,0x2E,0x17,0xFD,0x9B,0x2E,0x37,0xFD,0x9A,0x40,0x10,  //0x5b80~0x5b8f      ._...F.....7..@.
0xA0,0x08,0xFE,0x5F,0x88,0x81,0xAD,0x07,0x2E,0x37,0xFD,0x9C,0x2E,0x17,0xFD,0x9D,  //0x5b90~0x5b9f      ..._.....7......
0xD5,0x20,0x2E,0x17,0xFD,0x9F,0x2E,0x37,0xFD,0x9E,0x40,0x10,0xA0,0x08,0xFE,0x5F,  //0x5ba0~0x5baf      .......7..@...._
0x88,0x25,0xAC,0x45,0x2E,0x17,0xFD,0xA1,0x2E,0x37,0xFD,0xA0,0x40,0x10,0xA0,0x08,  //0x5bb0~0x5bbf      .%.E.....7..@...
0xFE,0x5F,0x88,0xA1,0xAD,0x46,0x2E,0x17,0xFD,0xA3,0x2E,0x37,0xFD,0xA2,0x40,0x10,  //0x5bc0~0x5bcf      ._...F.....7..@.
0xA0,0x08,0xFE,0x5F,0x88,0x81,0xAD,0x07,0x2E,0x37,0xFD,0xA4,0x2E,0x17,0xFD,0xA5,  //0x5bd0~0x5bdf      ..._.....7......
0x40,0x10,0xA0,0x08,0xFE,0x5F,0x88,0x41,0x12,0x20,0x00,0x08,0xFC,0xA0,0xA5,0x40,  //0x5be0~0x5bef      @...._.A.......@
0xA5,0x09,0xE2,0x85,0xE9,0x12,0xA4,0xCF,0x9A,0xA5,0xFE,0x9C,0x90,0x48,0xA4,0xCB,  //0x5bf0~0x5bff      .............H..
0x96,0x91,0xE2,0x62,0x40,0x21,0xBC,0x1B,0xA6,0x48,0x9A,0x9A,0x96,0x91,0xE2,0x41,  //0x5c00~0x5c0f      ...b@!...H.....A
0x40,0x20,0xBC,0x1B,0xAC,0x80,0xDD,0x9E,0xFC,0x00,0xA5,0x0A,0x9B,0x94,0xE0,0xA6,  //0x5c10~0x5c1f      @...............
0xE9,0x15,0x9A,0xA2,0x88,0x45,0x02,0x50,0x80,0x08,0xA5,0x0C,0xFE,0xAC,0x90,0x48,  //0x5c20~0x5c2f      .....E.P.......H
0x96,0x91,0xE2,0x82,0x40,0x22,0x3C,0x1B,0xA6,0x49,0x9B,0x1C,0x88,0x44,0x96,0x91,  //0x5c30~0x5c3f      ....@"<..I...D..
0x8A,0x61,0xE0,0x43,0xE9,0x23,0x8E,0x61,0xD5,0x20,0x92,0x41,0xE2,0xA2,0x40,0x41,  //0x5c40~0x5c4f      .a.C.#.a...A..@A
0x84,0x09,0xE8,0x11,0xA4,0xCD,0x8A,0x45,0xFE,0x9C,0x90,0x48,0x96,0xE1,0x96,0x91,  //0x5c50~0x5c5f      .......E...H....
0xE2,0x62,0x40,0x21,0xBC,0x1B,0xA4,0x4B,0x9A,0x9A,0x96,0x91,0xE2,0x41,0x40,0x20,  //0x5c60~0x5c6f      .b@!...K.....A@.
0xBC,0x1B,0xD5,0x0C,0x9A,0xAA,0xA5,0x4E,0xA4,0x4C,0xFE,0xAC,0x90,0x48,0x88,0x44,  //0x5c70~0x5c7f      .......N.L...H.D
0x96,0x91,0x8A,0x61,0xE0,0x62,0xE8,0x02,0x96,0x99,0xAC,0x80,0xFC,0x80,0x2E,0x17,  //0x5c80~0x5c8f      ...a.b..........
0xFF,0xE6,0x5A,0x18,0x01,0x0C,0xFA,0x46,0x44,0x11,0x05,0xA4,0x42,0x10,0x08,0x73,  //0x5c90~0x5c9f      ..Z....FD...B..s
0x50,0x10,0x82,0xE0,0xA6,0x0A,0xA7,0x4B,0xD8,0x02,0x84,0x02,0xDD,0x9E,0xFC,0x43,  //0x5ca0~0x5caf      P......K.......C
0x2E,0x17,0xFF,0xDF,0x44,0x71,0x05,0xA4,0xC1,0x64,0x50,0x60,0x00,0x28,0x81,0x20,  //0x5cb0~0x5cbf      ....Dq...dP`.(..
0x94,0x33,0x88,0x07,0xA6,0x06,0x49,0xFF,0xF6,0x16,0x5A,0x08,0x01,0x1C,0x80,0x09,  //0x5cc0~0x5ccf      .3....I...Z.....
0x49,0xFF,0xFF,0xDF,0x5A,0x08,0x02,0x17,0x94,0x33,0x40,0x93,0x80,0x00,0x38,0x13,  //0x5cd0~0x5cdf      I...Z....3@...8.
0x9B,0x01,0x00,0x04,0x80,0x06,0x49,0xFF,0xF6,0x1E,0x38,0x03,0x9B,0x09,0x2E,0x07,  //0x5ce0~0x5cef      ......I...8.....
0xF7,0xB8,0x2E,0x17,0xF7,0xB7,0x40,0x00,0x20,0x08,0xFE,0x0F,0x12,0x04,0x80,0x01,  //0x5cf0~0x5cff      ......@.........
0xFC,0xC3,0x94,0x33,0x88,0x07,0xA6,0x06,0x49,0xFF,0xF5,0xF5,0xC8,0x05,0x80,0x09,  //0x5d00~0x5d0f      ...3....I.......
0x49,0xFF,0xFF,0xBF,0xC0,0xE2,0x2E,0x37,0xF6,0x9F,0x2E,0x27,0xFD,0x91,0x40,0x91,  //0x5d10~0x5d1f      I......7...'..@.
0xA0,0x08,0x2E,0x37,0xF6,0x9E,0x2E,0x07,0xFD,0x90,0x40,0xA1,0x20,0x08,0x95,0xB3,  //0x5d20~0x5d2f      ...7......@.....
0x40,0x94,0x8C,0x04,0x88,0xC7,0x40,0xA5,0x00,0x04,0x84,0x20,0xB0,0x01,0x49,0xFF,  //0x5d30~0x5d3f      @.....@.......I.
0xFE,0xB2,0x80,0x69,0x80,0x06,0xB0,0x41,0x80,0x4A,0x49,0xFF,0xFF,0x52,0x2E,0x77,  //0x5d40~0x5d4f      ...i...A.JI..R.w
0xF6,0xA1,0x2E,0x07,0xF6,0xA0,0x2E,0x27,0xFD,0x8F,0x40,0x73,0xA0,0x08,0xFF,0xC7,  //0x5d50~0x5d5f      .......'..@s....
0x2E,0x07,0xFD,0x8E,0x40,0x91,0x20,0x08,0x40,0x94,0x80,0x04,0x84,0x21,0xB0,0x01,  //0x5d60~0x5d6f      ....@...@....!..
0x49,0xFF,0xFE,0x99,0x9C,0x32,0xB0,0x41,0x80,0x49,0x80,0x67,0x49,0xFF,0xFF,0x39,  //0x5d70~0x5d7f      I....2.A.I.gI..9
0xFC,0xC3,0xFC,0x40,0x84,0xC0,0x2E,0x77,0xF8,0x86,0x44,0x91,0x05,0xA4,0xE2,0xC7,  //0x5d80~0x5d8f      ...@...w..D.....
0xE8,0x0E,0x50,0x03,0x00,0x28,0x94,0x03,0x88,0x09,0xA6,0x05,0xE6,0x03,0xE8,0x04,  //0x5d90~0x5d9f      ..P..(..........
0x80,0x06,0x49,0xFF,0xFF,0x86,0x8C,0xC1,0x97,0xB0,0xD5,0xF2,0x49,0xFF,0xF7,0x0B,  //0x5da0~0x5daf      ..I.........I...
0xFC,0xC0,0x3C,0x1D,0xE3,0xC4,0xB4,0x01,0x58,0x00,0x00,0x01,0xB6,0x01,0xDD,0x9E,  //0x5db0~0x5dbf      ..<.....X.......
0x3C,0x1D,0xE3,0xC4,0xB4,0x01,0x58,0x00,0x00,0x02,0xB6,0x01,0xDD,0x9E,0xFC,0x01,  //0x5dc0~0x5dcf      <.....X.........
0x3C,0x13,0xC7,0x64,0xB0,0xC1,0x12,0x1F,0x80,0x02,0x3C,0x2D,0xE3,0xC4,0xB4,0x22,  //0x5dd0~0x5ddf      <..d......<-..."
0x92,0x22,0x96,0x5F,0x38,0x11,0x84,0x00,0xB4,0x62,0x40,0x00,0x04,0x0D,0x40,0x00,  //0x5de0~0x5def      ."._8....b@...@.
0x30,0x08,0x40,0x10,0x10,0x09,0x46,0x0F,0x00,0x00,0x50,0x00,0x00,0xFF,0xFE,0x1E,  //0x5df0~0x5dff      0.@...F...P.....
0xFE,0x0F,0xB6,0x02,0xB4,0x02,0x58,0x00,0x00,0x40,0xB6,0x02,0xB4,0x22,0x44,0x0F,  //0x5e00~0x5e0f      ......X..@..."D.
0xFF,0xBF,0xFE,0x0E,0xB6,0x02,0xFC,0x81,0x3C,0x0D,0xE3,0xC4,0xB4,0x20,0x58,0x10,  //0x5e10~0x5e1f      ........<.....X.
0x80,0x80,0xB6,0x20,0xB4,0x40,0x44,0x1F,0xFF,0x7F,0xFE,0x56,0xB6,0x20,0xDD,0x9E,  //0x5e20~0x5e2f      .....@D....V....
0x84,0xA0,0xD0,0x5A,0x40,0x00,0x00,0x09,0x40,0x00,0x00,0x09,0x40,0x00,0x00,0x09,  //0x5e30~0x5e3f      ...Z@...@...@...
0x40,0x00,0x00,0x09,0x40,0x00,0x00,0x09,0x40,0x00,0x00,0x09,0x40,0x00,0x00,0x09,  //0x5e40~0x5e4f      @...@...@...@...
0x40,0x00,0x00,0x09,0x40,0x00,0x00,0x09,0x40,0x00,0x00,0x09,0x40,0x00,0x00,0x09,  //0x5e50~0x5e5f      @...@...@...@...
0x40,0x00,0x00,0x09,0x40,0x00,0x00,0x09,0x40,0x00,0x00,0x09,0x40,0x00,0x00,0x09,  //0x5e60~0x5e6f      @...@...@...@...
0x40,0x00,0x00,0x09,0x40,0x00,0x00,0x09,0x40,0x00,0x00,0x09,0x40,0x00,0x00,0x09,  //0x5e70~0x5e7f      @...@...@...@...
0x40,0x00,0x00,0x09,0x40,0x00,0x00,0x09,0x40,0x00,0x00,0x09,0x40,0x00,0x00,0x09,  //0x5e80~0x5e8f      @...@...@...@...
0x40,0x00,0x00,0x09,0x40,0x00,0x00,0x09,0x40,0x00,0x00,0x09,0x40,0x00,0x00,0x09,  //0x5e90~0x5e9f      @...@...@...@...
0x40,0x00,0x00,0x09,0x40,0x00,0x00,0x09,0x40,0x00,0x00,0x09,0x40,0x00,0x00,0x09,  //0x5ea0~0x5eaf      @...@...@...@...
0x40,0x00,0x00,0x09,0x40,0x00,0x00,0x09,0x40,0x00,0x00,0x09,0x40,0x00,0x00,0x09,  //0x5eb0~0x5ebf      @...@...@...@...
0x40,0x00,0x00,0x09,0x40,0x00,0x00,0x09,0x40,0x00,0x00,0x09,0x40,0x00,0x00,0x09,  //0x5ec0~0x5ecf      @...@...@...@...
0x40,0x00,0x00,0x09,0x40,0x00,0x00,0x09,0x40,0x00,0x00,0x09,0x40,0x00,0x00,0x09,  //0x5ed0~0x5edf      @...@...@...@...
0x8C,0xA1,0x97,0x69,0xD5,0xA7,0xDD,0x9E,0xFC,0x00,0x3C,0x0D,0xFF,0x56,0x44,0x10,  //0x5ee0~0x5eef      ...i......<..VD.
0x03,0xE8,0x40,0x00,0x04,0x17,0x3C,0x2D,0xE3,0xC4,0x3C,0x0F,0xFF,0x47,0xB4,0x62,  //0x5ef0~0x5eff      ..@...<-..<..G.b
0x44,0x1F,0xFF,0xC3,0xFE,0x5E,0xB6,0x22,0x49,0xFF,0xFF,0x63,0x64,0x03,0x60,0x02,  //0x5f00~0x5f0f      D....^."I..cd.`.
0x58,0x00,0x00,0x0C,0x64,0x03,0x60,0x03,0x64,0x00,0x00,0x08,0x64,0x03,0x00,0x02,  //0x5f10~0x5f1f      X...d.`.d...d...
0x58,0x00,0x00,0x02,0x64,0x03,0x00,0x03,0x64,0x00,0x00,0x08,0x49,0xFF,0xFF,0x76,  //0x5f20~0x5f2f      X...d...d...I..v
0x49,0xFF,0xFF,0x48,0x49,0xFF,0xFF,0x3F,0xFC,0x80,0xFC,0x00,0x64,0x12,0x00,0x43,  //0x5f30~0x5f3f      I..HI..?....d..C
0x64,0x00,0x00,0x08,0x49,0xFF,0xFF,0x6A,0x3C,0x0D,0xFF,0x46,0xC0,0x02,0xDD,0x20,  //0x5f40~0x5f4f      d...I..j<..F....
0x3C,0x0D,0xFF,0x45,0xC0,0x02,0xDD,0x20,0x3C,0x0D,0xFF,0x55,0x8C,0x01,0x3C,0x0F,  //0x5f50~0x5f5f      <..E....<..U..<.
0xFF,0x55,0xFC,0x80,0x3C,0x0D,0xE3,0xC8,0xA0,0x43,0x58,0x10,0x80,0x08,0xA8,0x43,  //0x5f60~0x5f6f      .U..<....CX....C
0xA0,0x83,0x84,0x37,0xFE,0x56,0xA8,0x43,0xA0,0x43,0x58,0x10,0x80,0x10,0xA8,0x43,  //0x5f70~0x5f7f      ...7.V.C.CX....C
0xA0,0x83,0x44,0x1F,0xFF,0xEF,0xFE,0x56,0xA8,0x43,0xA0,0x43,0x58,0x10,0x80,0x20,  //0x5f80~0x5f8f      ..D....V.C.CX...
0xA8,0x43,0xA0,0x83,0x44,0x1F,0xFF,0xDF,0xFE,0x56,0xA8,0x43,0x84,0x20,0xA8,0x45,  //0x5f90~0x5f9f      .C..D....V.C...E
0xDD,0x9E,0xFC,0x00,0x44,0x01,0x00,0x30,0x44,0x10,0xFC,0x63,0x84,0x46,0x49,0x00,  //0x5fa0~0x5faf      ....D..0D..c.FI.
0x16,0xE5,0x2E,0x07,0xF6,0x53,0x5A,0x00,0xAA,0x04,0x48,0x00,0x00,0xBA,0x2E,0x07,  //0x5fb0~0x5fbf      .....SZ...H.....
0xF6,0x54,0x5A,0x00,0x55,0x04,0x48,0x00,0x00,0xB4,0x2E,0x57,0xF6,0xA6,0x3C,0x0D,  //0x5fc0~0x5fcf      .TZ.U.H....W..<.
0xE3,0xC8,0x2E,0x17,0xF6,0x93,0x44,0x6F,0x80,0xFF,0x54,0x20,0x80,0x7F,0xA0,0x41,  //0x5fd0~0x5fdf      ......Do..T....A
0x46,0x4F,0xF8,0x0F,0x92,0x27,0x94,0x4F,0xFE,0x57,0xA8,0x41,0xA0,0x41,0x50,0x42,  //0x5fe0~0x5fef      FO...'.O.W.A.APB
0x0F,0xFF,0x58,0x10,0x80,0x80,0xA8,0x41,0x2E,0x17,0xF6,0x94,0x96,0x77,0x40,0x20,  //0x5ff0~0x5fff      ..X....A.....w@.
0xA0,0x08,0xA0,0x41,0xFE,0x76,0xFE,0x57,0xA8,0x41,0xA0,0x81,0x44,0x10,0x80,0x00,  //0x6000~0x600f      ...A.v.W.A..D...
0xFE,0x57,0xA8,0x41,0x2E,0x27,0xF6,0x95,0x46,0x10,0x08,0x00,0x96,0xB7,0x40,0x31,  //0x6010~0x601f      .W.A.'..F.....@1
0x40,0x08,0xA0,0x81,0xFE,0xA6,0xFE,0x9F,0xA8,0x81,0xA0,0x81,0xFE,0x57,0xA8,0x41,  //0x6020~0x602f      @............W.A
0x5A,0x58,0x02,0x05,0xA0,0x81,0x92,0x48,0xD5,0x0C,0x5A,0x50,0x03,0x12,0xA0,0xC1,  //0x6030~0x603f      ZX.....H..ZP....
0xA0,0x81,0x96,0xF7,0x40,0x31,0xA0,0x08,0xFE,0xB6,0xFE,0x9F,0xA8,0x81,0xA0,0x81,  //0x6040~0x604f      ....@1..........
0xA0,0x41,0x96,0xB7,0x40,0x21,0x40,0x08,0xFE,0x66,0xFE,0x57,0xA8,0x41,0x2E,0x27,  //0x6050~0x605f      .A..@!@..f.W.A.'
0xF6,0xA7,0x5A,0x28,0x02,0x17,0xA0,0x42,0x92,0x27,0x94,0x4F,0x58,0x10,0x80,0x2C,  //0x6060~0x606f      ..Z(...B.'.OX..,
0xA8,0x42,0xA0,0x42,0x58,0x10,0x80,0x80,0xA8,0x42,0x2E,0x17,0xF6,0x97,0xA0,0xC2,  //0x6070~0x607f      .B.BX....B......
0x96,0x77,0x40,0x20,0xA0,0x08,0x44,0x1F,0x80,0xFF,0xFE,0x5E,0xFE,0x57,0xD5,0x15,  //0x6080~0x608f      .w@...D....^.W..
0x2E,0x17,0xF6,0x96,0x96,0x77,0x5A,0x28,0x03,0x23,0xA0,0x82,0x92,0x47,0x94,0x97,  //0x6090~0x609f      .....wZ(.#...G..
0xFE,0x57,0xA8,0x42,0xA0,0x42,0x58,0x10,0x80,0x80,0xA8,0x42,0xA0,0x82,0x44,0x1F,  //0x60a0~0x60af      .W.B.BX....B..D.
0x80,0xFF,0xFE,0x56,0x58,0x10,0xBD,0x00,0xA8,0x42,0xA0,0x82,0x44,0x10,0x80,0x00,  //0x60b0~0x60bf      ...VX....B..D...
0xFE,0x57,0xA8,0x42,0x2E,0x17,0xF6,0x98,0xA0,0xC2,0x96,0x77,0x40,0x20,0xC0,0x08,  //0x60c0~0x60cf      .W.B.......w@...
0x46,0x1F,0xF8,0x0F,0x50,0x10,0x8F,0xFF,0xFE,0x5E,0xD5,0x22,0xA0,0x82,0x92,0x47,  //0x60d0~0x60df      F...P....^."...G
0x94,0x97,0xFE,0x57,0xA8,0x42,0xA0,0x42,0x58,0x10,0x80,0x80,0xA8,0x42,0x2E,0x17,  //0x60e0~0x60ef      ...W.B.BX....B..
0xF6,0x97,0xA0,0xC2,0x96,0x77,0x40,0x20,0xA0,0x08,0x44,0x1F,0x80,0xFF,0xFE,0x5E,  //0x60f0~0x60ff      .....w@...D....^
0xFE,0x57,0xA8,0x42,0xA0,0x82,0x44,0x10,0x80,0x00,0xFE,0x57,0xA8,0x42,0xA0,0x82,  //0x6100~0x610f      .W.B..D....W.B..
0x46,0x1F,0xF8,0x0F,0x50,0x10,0x8F,0xFF,0xFE,0x56,0x46,0x20,0x04,0xE0,0xFE,0x57,  //0x6110~0x611f      F...P....VF....W
0xA8,0x42,0xA0,0x82,0x46,0x10,0x08,0x00,0xFE,0x57,0xA8,0x42,0xFC,0x80,0xFC,0x80,  //0x6120~0x612f      .B..F....W.B....
0x3C,0x0D,0xE3,0xC8,0xB4,0x20,0x92,0x22,0x96,0x46,0xC1,0x10,0xA0,0x43,0x58,0x10,  //0x6130~0x613f      <......".F...CX.
0x80,0x20,0xA8,0x43,0xA0,0x83,0x44,0x1F,0xFF,0xDF,0xFE,0x56,0xA8,0x43,0x3C,0x0D,  //0x6140~0x614f      ...C..D....V.C<.
0xFF,0x48,0xC0,0x04,0xFC,0x00,0xDD,0x20,0xFC,0x80,0xDD,0x9E,0x3C,0x0D,0xE3,0xC8,  //0x6150~0x615f      .H..........<...
0xB4,0x20,0x92,0x21,0x96,0x46,0xC1,0x10,0xA0,0x43,0x58,0x10,0x80,0x10,0xA8,0x43,  //0x6160~0x616f      ...!.F...CX....C
0xA0,0x83,0x44,0x1F,0xFF,0xEF,0xFE,0x56,0xA8,0x43,0x3C,0x0D,0xFF,0x49,0xC0,0x04,  //0x6170~0x617f      ..D....V.C<..I..
0xFC,0x00,0xDD,0x20,0xFC,0x80,0xDD,0x9E,0x3C,0x0D,0xE3,0xC8,0xB4,0x20,0x96,0x46,  //0x6180~0x618f      ........<......F
0xC1,0x0F,0xA0,0x43,0x58,0x10,0x80,0x08,0xA8,0x43,0xA0,0x83,0x84,0x37,0xFE,0x56,  //0x6190~0x619f      ...CX....C...7.V
0xA8,0x43,0x3C,0x0D,0xFF,0x4A,0xC0,0x04,0xFC,0x00,0xDD,0x20,0xFC,0x80,0xDD,0x9E,  //0x61a0~0x61af      .C<..J..........
0xFC,0x00,0x44,0x00,0x00,0x40,0x49,0x00,0x10,0xC6,0x84,0x01,0x84,0x22,0x49,0x00,  //0x61b0~0x61bf      ..D..@I......"I.
0x11,0xDB,0x49,0xFF,0xFE,0xD1,0x49,0xFF,0xFE,0xEE,0x64,0x03,0x60,0x02,0x44,0x1F,  //0x61c0~0x61cf      ..I...I...d.`.D.
0xF3,0xFF,0xFE,0x0E,0x58,0x00,0x04,0x00,0x64,0x03,0x60,0x03,0x64,0x00,0x00,0x08,  //0x61d0~0x61df      ....X...d.`.d...
0x64,0x03,0x60,0x02,0x44,0x1F,0xFC,0xFF,0xFE,0x0E,0x58,0x00,0x01,0x00,0x64,0x03,  //0x61e0~0x61ef      d.`.D.....X...d.
0x60,0x03,0x64,0x00,0x00,0x08,0x64,0x03,0x60,0x02,0x44,0x1F,0xCF,0xFF,0xFE,0x0E,  //0x61f0~0x61ff      `.d...d.`.D.....
0x58,0x00,0x10,0x00,0x64,0x03,0x60,0x03,0x64,0x00,0x00,0x08,0x3C,0x0D,0xE3,0xC8,  //0x6200~0x620f      X...d.`.d...<...
0xA0,0x43,0x58,0x10,0x80,0x02,0xA8,0x43,0x64,0x13,0x00,0x02,0x58,0x10,0x80,0x20,  //0x6210~0x621f      .CX....Cd...X...
0x64,0x13,0x00,0x03,0x64,0x00,0x00,0x08,0xA0,0x43,0x58,0x10,0x80,0x01,0xA8,0x43,  //0x6220~0x622f      d...d....CX....C
0x64,0x13,0x00,0x02,0x58,0x10,0x80,0x10,0x64,0x13,0x00,0x03,0x64,0x00,0x00,0x08,  //0x6230~0x623f      d...X...d...d...
0xA0,0x43,0x58,0x10,0x80,0x04,0xA8,0x43,0x64,0x03,0x00,0x02,0x58,0x00,0x00,0x40,  //0x6240~0x624f      .CX....Cd...X..@
0x64,0x03,0x00,0x03,0x64,0x00,0x00,0x08,0xFC,0x80,0x3C,0x2D,0xE3,0xCA,0x96,0x01,  //0x6250~0x625f      d...d.....<-....
0xA0,0x53,0x92,0x30,0x40,0x10,0xC0,0x08,0xA8,0x53,0xA0,0x53,0xFE,0x47,0xA8,0x53,  //0x6260~0x626f      .S.0@....S.S.G.S
0xDD,0x9E,0x3C,0x1D,0xE3,0xCA,0x40,0x00,0x40,0x08,0xA0,0x8B,0x96,0x91,0xA8,0x8B,  //0x6270~0x627f      ..<...@.@.......
0xA0,0x8B,0xFE,0x87,0xA8,0x8B,0xDD,0x9E,0x40,0x00,0x3C,0x08,0x92,0x10,0xDD,0x9E,  //0x6280~0x628f      ........@.<.....
0x3C,0x2D,0xE3,0xCA,0x96,0x06,0x40,0x10,0x5C,0x08,0xB4,0x62,0x46,0x0F,0xF7,0xFF,  //0x6290~0x629f      <-....@....bF...
0x50,0x00,0x0F,0xFF,0xFE,0x1E,0xFE,0x0F,0xB6,0x02,0xDD,0x9E,0xFC,0x00,0x80,0xC0,  //0x62a0~0x62af      P...............
0x84,0x01,0x3E,0x07,0xFD,0x2C,0x44,0x00,0x02,0x00,0x49,0x00,0x10,0x44,0xA0,0xB2,  //0x62b0~0x62bf      ..>..,D...I..D..
0x3C,0x1D,0xE3,0xCA,0x96,0x86,0x94,0xD7,0xB4,0x41,0x44,0x0F,0xFF,0x7F,0xFE,0x86,  //0x62c0~0x62cf      <........AD.....
0xFE,0x9F,0xB6,0x41,0xA4,0x30,0x54,0x20,0x0F,0xFF,0xA0,0x0A,0x92,0x0C,0x40,0x00,  //0x62d0~0x62df      ...A.0T.......@.
0x30,0x08,0xFE,0x17,0xA8,0x0A,0xA4,0xB1,0xB4,0x01,0x54,0x21,0x0F,0xFF,0x40,0x31,  //0x62e0~0x62ef      0.........T!..@1
0x2C,0x08,0x46,0x2F,0xF8,0x00,0x50,0x21,0x07,0xFF,0xFE,0x86,0xFE,0x9F,0xB6,0x41,  //0x62f0~0x62ff      ,.F/..P!.......A
0xA4,0x32,0xA0,0xCA,0x54,0x00,0x03,0xFF,0x40,0x20,0x30,0x08,0x46,0x0F,0xFC,0x00,  //0x6300~0x630f      .2..T...@.0.F...
0x50,0x00,0x0F,0xFF,0xFE,0x1E,0xFE,0x17,0xA8,0x0A,0xB4,0x01,0x58,0x00,0x00,0x40,  //0x6310~0x631f      P...........X..@
0xB6,0x01,0xA0,0x0D,0x92,0x1B,0x96,0x06,0xC0,0xFD,0xB4,0x41,0x44,0x0F,0xFF,0xBF,  //0x6320~0x632f      ...........AD...
0xFE,0x16,0xB6,0x01,0x84,0x00,0x3E,0x07,0xFD,0x2C,0x44,0x00,0x02,0x00,0x49,0x00,  //0x6330~0x633f      ......>..,D...I.
0x10,0x14,0x49,0x00,0x0F,0x49,0xFC,0x80,0xFC,0x00,0x80,0xC0,0x84,0x01,0x3E,0x07,  //0x6340~0x634f      ..I..I........>.
0xFD,0x2C,0x44,0x00,0x02,0x00,0x49,0x00,0x0F,0xF6,0x3C,0x1D,0xE3,0xCA,0xA4,0x30,  //0x6350~0x635f      .,D...I...<....0
0x54,0x20,0x0F,0xFF,0xA0,0x09,0x92,0x0C,0x40,0x00,0x30,0x08,0xFE,0x17,0xA8,0x09,  //0x6360~0x636f      T.......@.0.....
0xA4,0x31,0xA0,0xC9,0x54,0x00,0x0F,0xFF,0x40,0x20,0x30,0x08,0x46,0x0F,0xF0,0x00,  //0x6370~0x637f      .1..T...@.0.F...
0x50,0x00,0x0F,0xFF,0xFE,0x1E,0xFE,0x17,0xA8,0x09,0xA4,0xB2,0xB4,0x01,0x54,0x21,  //0x6380~0x638f      P.............T!
0x0F,0xFF,0x40,0x31,0x2C,0x08,0x46,0x2F,0xF8,0x00,0x50,0x21,0x07,0xFF,0xFE,0x86,  //0x6390~0x639f      ..@1,.F/..P!....
0xFE,0x9F,0xB6,0x41,0xA0,0xB2,0x44,0x0F,0xFB,0xFF,0x96,0x86,0x40,0x31,0x28,0x08,  //0x63a0~0x63af      ...A..D.....@1(.
0xB4,0x41,0xFE,0x86,0xFE,0x9F,0xB6,0x41,0xA4,0x33,0xA0,0xCA,0x54,0x00,0x03,0xFF,  //0x63b0~0x63bf      .A.....A.3..T...
0x40,0x20,0x30,0x08,0x46,0x0F,0xFC,0x00,0x50,0x00,0x0F,0xFF,0xFE,0x1E,0xFE,0x17,  //0x63c0~0x63cf      @.0.F...P.......
0xA8,0x0A,0xB4,0x41,0x44,0x0F,0xFF,0xDF,0xFE,0x16,0xB6,0x01,0xB4,0x41,0x44,0x0F,  //0x63d0~0x63df      ...AD........AD.
0xFF,0xEF,0xFE,0x16,0xB6,0x01,0xB4,0x01,0x58,0x00,0x00,0x08,0xB6,0x01,0xA0,0x0D,  //0x63e0~0x63ef      ........X.......
0x92,0x1B,0x96,0x06,0xC0,0xFD,0xB4,0x41,0x84,0x17,0xFE,0x16,0xB6,0x01,0x84,0x00,  //0x63f0~0x63ff      .......A........
0x3E,0x07,0xFD,0x2C,0x44,0x00,0x02,0x00,0x49,0x00,0x0F,0xAF,0x49,0x00,0x0E,0xE4,  //0x6400~0x640f      >..,D...I...I...
0xFC,0x80,0xFC,0x00,0x80,0xC0,0x84,0x01,0x3E,0x07,0xFD,0x2C,0x44,0x00,0x02,0x00,  //0x6410~0x641f      ........>..,D...
0x49,0x00,0x0F,0x91,0x3C,0x1D,0xE3,0xCA,0xA4,0x30,0x54,0x20,0x0F,0xFF,0xA0,0x09,  //0x6420~0x642f      I...<....0T.....
0x92,0x0C,0x40,0x00,0x30,0x08,0xFE,0x17,0xA8,0x09,0xA4,0x31,0xA0,0xC9,0x54,0x00,  //0x6430~0x643f      ..@.0......1..T.
0x0F,0xFF,0x40,0x20,0x30,0x08,0x46,0x0F,0xF0,0x00,0x50,0x00,0x0F,0xFF,0xFE,0x1E,  //0x6440~0x644f      ..@.0.F...P.....
0xFE,0x17,0xA8,0x09,0xA4,0x32,0xB4,0x61,0x54,0x00,0x0F,0xFF,0x40,0x20,0x2C,0x08,  //0x6450~0x645f      .....2.aT...@.,.
0x46,0x0F,0xF8,0x00,0x50,0x00,0x07,0xFF,0xFE,0x1E,0xFE,0x17,0xB6,0x01,0xA0,0x32,  //0x6460~0x646f      F...P..........2
0xB4,0x61,0x96,0x06,0x40,0x20,0x28,0x08,0x44,0x0F,0xFB,0xFF,0xFE,0x1E,0xFE,0x17,  //0x6470~0x647f      .a..@.(.D.......
0xB6,0x01,0xA4,0x33,0xA0,0xCA,0x54,0x00,0x03,0xFF,0x40,0x20,0x30,0x08,0x46,0x0F,  //0x6480~0x648f      ...3..T...@.0.F.
0xFC,0x00,0x50,0x00,0x0F,0xFF,0xFE,0x1E,0xFE,0x17,0xA8,0x0A,0xA0,0xCC,0x46,0x2F,  //0x6490~0x649f      ..P...........F/
0xFF,0x00,0x50,0x21,0x0F,0xFF,0x20,0x03,0x00,0x0C,0xFE,0x9E,0xA8,0x8C,0xA0,0x8C,  //0x64a0~0x64af      ..P!............
0x96,0x00,0x40,0x00,0x30,0x08,0xFE,0x17,0xA8,0x0C,0xA0,0xCC,0x46,0x2F,0x00,0xFF,  //0x64b0~0x64bf      ..@.0.......F/..
0x50,0x21,0x0F,0xFF,0x20,0x03,0x00,0x0D,0xFE,0x9E,0xA8,0x8C,0xA0,0x8C,0x96,0x00,  //0x64c0~0x64cf      P!..............
0x40,0x00,0x50,0x08,0xFE,0x17,0xA8,0x0C,0xB4,0x41,0x44,0x0F,0xFF,0xEF,0xFE,0x16,  //0x64d0~0x64df      @.P......AD.....
0xB6,0x01,0xB4,0x41,0x84,0x17,0xFE,0x16,0xB6,0x01,0xB4,0x01,0x58,0x00,0x00,0x20,  //0x64e0~0x64ef      ...A........X...
0xB6,0x01,0xA0,0x0D,0x92,0x1B,0x96,0x06,0xC0,0xFD,0xB4,0x41,0x44,0x0F,0xFF,0xDF,  //0x64f0~0x64ff      ...........AD...
0xFE,0x16,0xB6,0x01,0x84,0x00,0x3E,0x07,0xFD,0x2C,0x44,0x00,0x02,0x00,0x49,0x00,  //0x6500~0x650f      ......>..,D...I.
0x0F,0x2C,0x49,0x00,0x0E,0x61,0xFC,0x80,0x3C,0x0D,0xE3,0xCA,0xA0,0x06,0x90,0x10,  //0x6510~0x651f      .,I..a..<.......
0xDD,0x9E,0xFC,0x20,0x80,0xE0,0x84,0x01,0x3E,0x07,0xFD,0x2C,0x44,0x00,0x02,0x00,  //0x6520~0x652f      ........>..,D...
0x49,0x00,0x0F,0x09,0xA4,0x7A,0x3C,0x6D,0xE3,0xCA,0x54,0x10,0x8F,0xFF,0xB4,0x06,  //0x6530~0x653f      I....z<m..T.....
0x40,0x20,0xAC,0x08,0x46,0x1F,0xF8,0x00,0x50,0x10,0x87,0xFF,0xFE,0x46,0xFE,0x57,  //0x6540~0x654f      @...F...P....F.W
0xB6,0x26,0xA4,0x7B,0xA0,0x32,0x54,0x10,0x83,0xFF,0x40,0x20,0xB0,0x08,0x46,0x1F,  //0x6550~0x655f      .&.{.2T...@...F.
0xFC,0x00,0x50,0x10,0x8F,0xFF,0xFE,0x46,0xFE,0x57,0xA8,0x72,0x22,0x03,0x80,0x07,  //0x6560~0x656f      ..P....F.W.r"...
0x49,0xFF,0xFE,0x75,0x22,0x03,0x80,0x08,0x49,0xFF,0xFE,0x7D,0xB4,0x26,0x84,0x17,  //0x6570~0x657f      I..u"...I..}.&..
0xFE,0x0E,0xB6,0x06,0xB4,0x26,0x44,0x0F,0xFF,0xDF,0xFE,0x0E,0xB6,0x06,0xB4,0x06,  //0x6580~0x658f      .....&D.........
0x58,0x00,0x00,0x10,0xB6,0x06,0xA0,0x35,0x92,0x1B,0x96,0x06,0xC0,0xFD,0xB4,0x26,  //0x6590~0x659f      X......5.......&
0x44,0x0F,0xFF,0xEF,0xFE,0x0E,0xB6,0x06,0x84,0x00,0x3E,0x07,0xFD,0x2C,0x44,0x00,  //0x65a0~0x65af      D.........>..,D.
0x02,0x00,0x49,0x00,0x0E,0xDA,0x49,0x00,0x0E,0x0F,0xFC,0xA0,0xFC,0x20,0x80,0xE0,  //0x65b0~0x65bf      ..I...I.........
0x84,0x01,0x3E,0x07,0xFD,0x2C,0x44,0x00,0x02,0x00,0x49,0x00,0x0E,0xBC,0x3C,0x6D,  //0x65c0~0x65cf      ..>..,D...I...<m
0xE3,0xCA,0xA4,0x38,0xB4,0x46,0x54,0x00,0x0F,0xFF,0x40,0x10,0x2C,0x08,0x46,0x0F,  //0x65d0~0x65df      ...8.FT...@.,.F.
0xF8,0x00,0x50,0x00,0x07,0xFF,0xFE,0x16,0xFE,0x0F,0xB6,0x06,0xA6,0x3D,0x54,0x10,  //0x65e0~0x65ef      ..P..........=T.
0x00,0x3F,0xA0,0x34,0x92,0x06,0x94,0x06,0xFE,0x0F,0xA8,0x34,0xA6,0x3C,0xA0,0xB4,  //0x65f0~0x65ff      .?.4.......4.<..
0x96,0x2F,0x94,0x46,0x44,0x0F,0xF0,0x3F,0xFE,0x16,0xFE,0x0F,0xA8,0x34,0xA4,0x39,  //0x6600~0x660f      ./.FD..?.....4.9
0x54,0x10,0x0F,0xFF,0xA0,0x32,0x92,0x0C,0x40,0x00,0x30,0x08,0xFE,0x0F,0xA8,0x32,  //0x6610~0x661f      T....2..@.0....2
0xA4,0x3B,0x49,0xFF,0xFE,0x1C,0xA0,0x3B,0xB4,0x46,0x96,0x06,0x40,0x10,0x20,0x08,  //0x6620~0x662f      .;I....;.F..@...
0x44,0x0F,0xFE,0xFF,0xFE,0x16,0xFE,0x0F,0xB6,0x06,0x00,0x03,0x80,0x08,0x5A,0x08,  //0x6630~0x663f      D.............Z.
0x02,0x06,0xB4,0x06,0x58,0x00,0x02,0x00,0xD5,0x05,0xB4,0x26,0x44,0x0F,0xFD,0xFF,  //0x6640~0x664f      ....X......&D...
0xFE,0x0E,0xB6,0x06,0xB4,0x06,0x58,0x00,0x00,0x04,0xB6,0x06,0xA0,0x35,0x92,0x1B,  //0x6650~0x665f      ......X......5..
0x96,0x06,0xC0,0xFD,0xB4,0x26,0x84,0x1B,0xFE,0x0E,0xB6,0x06,0x84,0x00,0x3E,0x07,  //0x6660~0x666f      .....&........>.
0xFD,0x2C,0x44,0x00,0x02,0x00,0x49,0x00,0x0E,0x78,0x49,0x00,0x0D,0xAD,0xFC,0xA0,  //0x6670~0x667f      .,D...I..xI.....
0xFC,0x20,0x80,0xE0,0x84,0x01,0x3E,0x07,0xFD,0x2C,0x44,0x00,0x02,0x00,0x49,0x00,  //0x6680~0x668f      ......>..,D...I.
0x0E,0x5A,0x3C,0x6D,0xE3,0xCA,0xA4,0x38,0xB4,0x46,0x54,0x00,0x0F,0xFF,0x40,0x10,  //0x6690~0x669f      .Z<m...8.FT...@.
0x2C,0x08,0x46,0x0F,0xF8,0x00,0x50,0x00,0x07,0xFF,0xFE,0x16,0xFE,0x0F,0xB6,0x06,  //0x66a0~0x66af      ,.F...P.........
0x00,0x03,0x80,0x08,0xA0,0xB2,0x40,0x10,0x30,0x08,0x46,0x0F,0xFC,0x00,0x50,0x00,  //0x66b0~0x66bf      ......@.0.F...P.
0x0F,0xFF,0xFE,0x16,0xFE,0x0F,0xA8,0x32,0xA6,0x3B,0x54,0x10,0x00,0x3F,0xA0,0x34,  //0x66c0~0x66cf      .......2.;T..?.4
0x92,0x06,0x94,0x06,0xFE,0x0F,0xA8,0x34,0xA6,0x3A,0xA0,0xB4,0x96,0x2F,0x94,0x46,  //0x66d0~0x66df      .......4.:.../.F
0x44,0x0F,0xF0,0x3F,0xFE,0x16,0xFE,0x0F,0xA8,0x34,0xA6,0x7D,0xA6,0x3C,0x96,0x6F,  //0x66e0~0x66ef      D..?.....4.}.<.o
0x94,0x4E,0x96,0x2F,0xFE,0x0F,0x49,0xFF,0xFD,0xB2,0xA6,0x7F,0xA6,0x3E,0x96,0x6F,  //0x66f0~0x66ff      .N./..I......>.o
0x94,0x4E,0x96,0x2F,0xFE,0x0F,0x49,0xFF,0xFD,0xB6,0xB4,0x06,0x58,0x00,0x00,0x01,  //0x6700~0x670f      .N./..I.....X...
0xB6,0x06,0xA0,0x35,0x92,0x1B,0x96,0x06,0xC0,0xFD,0xB4,0x26,0x84,0x1E,0xFE,0x0E,  //0x6710~0x671f      ...5.......&....
0xB6,0x06,0x84,0x00,0x3E,0x07,0xFD,0x2C,0x44,0x00,0x02,0x00,0x49,0x00,0x0E,0x1D,  //0x6720~0x672f      ....>..,D...I...
0x49,0x00,0x0D,0x52,0xFC,0xA0,0xFC,0x03,0x00,0x10,0x00,0x0F,0x10,0x1F,0x80,0x10,  //0x6730~0x673f      I..R............
0x00,0x10,0x00,0x10,0x10,0x1F,0x80,0x11,0xB4,0x20,0x92,0x21,0x12,0x1F,0x80,0x02,  //0x6740~0x674f      ...........!....
0xA0,0x41,0x92,0x21,0x12,0x1F,0x80,0x03,0xA0,0x42,0x92,0x21,0x12,0x1F,0x80,0x04,  //0x6750~0x675f      .A.!.....B.!....
0xA4,0x46,0x00,0x00,0x00,0x0E,0x12,0x1F,0x80,0x05,0xF0,0x83,0xB0,0x01,0x49,0xFF,  //0x6760~0x676f      .F............I.
0xFE,0x52,0xFC,0x83,0xFC,0x03,0xB4,0x20,0x92,0x21,0x12,0x1F,0x80,0x02,0xA0,0x41,  //0x6770~0x677f      .R.......!.....A
0x92,0x21,0x12,0x1F,0x80,0x03,0xA0,0x42,0x92,0x21,0x12,0x1F,0x80,0x04,0xA4,0x46,  //0x6780~0x678f      .!.....B.!.....F
0x00,0x00,0x00,0x0E,0x12,0x1F,0x80,0x05,0xF0,0x83,0xB0,0x01,0x49,0xFF,0xFD,0xD6,  //0x6790~0x679f      ............I...
0xFC,0x83,0xFC,0x23,0x80,0xC0,0x02,0x00,0x00,0x09,0x12,0x0F,0x80,0x09,0x02,0x03,  //0x67a0~0x67af      ...#............
0x00,0x0A,0x12,0x0F,0x80,0x0A,0xA0,0x32,0x92,0x01,0x12,0x0F,0x80,0x04,0xA4,0x36,  //0x67b0~0x67bf      .......2.......6
0x12,0x0F,0x80,0x05,0xB0,0x01,0x49,0xFF,0xFE,0xAE,0x3C,0x7D,0xE3,0xCA,0xA0,0x3D,  //0x67c0~0x67cf      ......I...<}...=
0x54,0x00,0x03,0xFF,0x12,0x03,0x00,0x0B,0xA0,0x3D,0x92,0x0A,0x54,0x00,0x03,0xFF,  //0x67d0~0x67df      T........=..T...
0x12,0x03,0x00,0x0C,0x02,0x03,0x80,0x0C,0x12,0x03,0x00,0x0D,0x49,0xFF,0xFE,0x96,  //0x67e0~0x67ef      ............I...
0x12,0x03,0x00,0x0E,0xA0,0x3F,0x54,0x00,0x03,0xFF,0x12,0x03,0x00,0x0F,0xA0,0x3F,  //0x67f0~0x67ff      .....?T........?
0x92,0x0A,0x54,0x00,0x03,0xFF,0x12,0x03,0x00,0x10,0x04,0x03,0x80,0x08,0x94,0x06,  //0x6800~0x680f      ..T.............
0x90,0x06,0x14,0x03,0x00,0x09,0xFC,0xA3,0xFC,0x02,0x92,0x01,0x84,0x60,0x12,0x0F,  //0x6810~0x681f      .............`..
0x80,0x02,0x92,0x21,0xB0,0x01,0xF3,0x83,0x12,0x1F,0x80,0x03,0x12,0x2F,0x80,0x04,  //0x6820~0x682f      ...!........./..
0x49,0xFF,0xFD,0x3E,0xFC,0x82,0xFC,0x02,0x92,0x01,0x12,0x0F,0x80,0x00,0x84,0x00,  //0x6830~0x683f      I..>............
0x92,0x21,0xF0,0x82,0x80,0x1F,0x12,0x1F,0x80,0x01,0x10,0x2F,0x80,0x04,0x10,0x3F,  //0x6840~0x684f      .!........./...?
0x80,0x05,0x12,0x4F,0x80,0x03,0xF5,0x83,0x49,0xFF,0xFE,0xB2,0x3C,0x0D,0xE3,0xCA,  //0x6850~0x685f      ...O....I...<...
0xA0,0x05,0x92,0x14,0x96,0x37,0xFC,0x82,0xFC,0x02,0x92,0x01,0x12,0x0F,0x80,0x02,  //0x6860~0x686f      .....7..........
0x84,0x01,0x92,0x21,0xF0,0x83,0xB0,0x01,0x12,0x1F,0x80,0x03,0x12,0x2F,0x80,0x04,  //0x6870~0x687f      ...!........./..
0x49,0xFF,0xFD,0x16,0xFC,0x82,0xFC,0x00,0x3C,0x1D,0xE3,0xBB,0x44,0x20,0x00,0x35,  //0x6880~0x688f      I.......<...D..5
0x49,0xFF,0xFF,0xEC,0xFC,0x80,0xFC,0x01,0xF1,0x81,0x3C,0x1D,0xE3,0xBC,0xF2,0x01,  //0x6890~0x689f      I.........<.....
0x50,0x10,0x85,0xF8,0x49,0xFF,0xFF,0xE2,0xFC,0x81,0xFC,0x01,0xF1,0x81,0x3C,0x1D,  //0x68a0~0x68af      P...I.........<.
0xE3,0xBC,0xF2,0x01,0x50,0x10,0x80,0x48,0x49,0xFF,0xFF,0xD8,0xFC,0x81,0x84,0x00,  //0x68b0~0x68bf      ....P..HI.......
0x3E,0x07,0xFA,0x69,0x3C,0x1D,0xE3,0xCC,0xB4,0x01,0x58,0x00,0x00,0x01,0xB6,0x01,  //0x68c0~0x68cf      >..i<.....X.....
0xDD,0x9E,0x84,0x00,0x3E,0x07,0xFA,0x69,0x3C,0x1D,0xE3,0xCC,0xB4,0x01,0x58,0x00,  //0x68d0~0x68df      ....>..i<.....X.
0x00,0x01,0xB6,0x01,0xDD,0x9E,0x3C,0x1D,0xE3,0xCC,0x84,0x1E,0xB4,0x41,0xFE,0x16,  //0x68e0~0x68ef      ......<......A..
0xB6,0x01,0xDD,0x9E,0x2E,0x07,0xFA,0x69,0xC0,0xFE,0xDD,0x9E,0x3C,0x0D,0xE3,0xC9,  //0x68f0~0x68ff      .......i....<...
0x44,0x1F,0xFF,0xCF,0xA0,0x87,0xFE,0x56,0x58,0x10,0x80,0x20,0xA8,0x47,0x2E,0x17,  //0x6900~0x690f      D......VX....G..
0xF7,0xCD,0xA0,0xC1,0x96,0x46,0x94,0x8C,0x44,0x1F,0xFF,0xEF,0xFE,0x5E,0xFE,0x57,  //0x6910~0x691f      .....F..D....^.W
0xA8,0x41,0xA0,0x81,0x44,0x1F,0xFF,0xBF,0xFE,0x56,0xA8,0x41,0x2E,0x17,0xF6,0x9A,  //0x6920~0x692f      .A..D....V.A....
0xC9,0x09,0xA0,0x41,0x58,0x10,0x80,0x01,0xA8,0x41,0xA0,0x82,0x84,0x37,0xFE,0x56,  //0x6930~0x693f      ...AX....A...7.V
0xD5,0x08,0xA0,0x81,0x84,0x3E,0xFE,0x56,0xA8,0x41,0xA0,0x42,0x58,0x10,0x80,0x08,  //0x6940~0x694f      .....>.V.A.BX...
0xA8,0x42,0x2E,0x17,0xF6,0x99,0xC9,0x09,0xA0,0x81,0x84,0x3E,0xFE,0x56,0xA8,0x41,  //0x6950~0x695f      .B.........>.V.A
0xA0,0x82,0x84,0x37,0xFE,0x56,0xA8,0x42,0xDD,0x9E,0xFC,0x20,0x44,0x61,0x0B,0x30,  //0x6960~0x696f      ...7.V.B....Da.0
0x44,0x71,0x0B,0x5C,0x80,0x06,0x84,0x20,0xFA,0x5C,0x49,0x00,0x12,0x25,0x80,0x07,  //0x6970~0x697f      Dq........I..%..
0x84,0x20,0x44,0x20,0x00,0x48,0x49,0x00,0x12,0x1F,0x84,0x20,0x84,0x48,0x44,0x01,  //0x6980~0x698f      ..D..HI......HD.
0x00,0x60,0x49,0x00,0x12,0x19,0xB4,0x26,0x46,0x0F,0xC0,0x00,0x50,0x00,0x03,0xFF,  //0x6990~0x699f      .`I....&F...P...
0xFE,0x0E,0x44,0x17,0xFC,0x00,0xFE,0x0F,0xB6,0x06,0xB4,0x06,0x44,0x2F,0xFF,0xEF,  //0x69a0~0x69af      ..D.........D/..
0x58,0x00,0x02,0x00,0xB6,0x06,0xB4,0x26,0x44,0x0F,0xFE,0xFF,0xFE,0x0E,0xB6,0x06,  //0x69b0~0x69bf      X......&D.......
0xB4,0x26,0x44,0x0F,0xFF,0x7F,0xFE,0x0E,0xB6,0x06,0xB4,0x06,0x44,0x1F,0xFF,0xDF,  //0x69c0~0x69cf      .&D.........D...
0x58,0x00,0x00,0x40,0xB6,0x06,0xB4,0x06,0xFE,0x0E,0xB6,0x06,0xB4,0x06,0xFE,0x16,  //0x69d0~0x69df      X..@............
0xB6,0x06,0xB4,0x06,0x58,0x00,0x00,0x08,0xB6,0x06,0xB4,0x66,0x84,0x1B,0xFE,0x1E,  //0x69e0~0x69ef      ....X......f....
0xB6,0x06,0xB4,0x66,0x84,0x1D,0xFE,0x1E,0xB6,0x06,0xB4,0x66,0x84,0x1E,0xFE,0x1E,  //0x69f0~0x69ff      ...f.......f....
0xB6,0x06,0x84,0x04,0x10,0x03,0x00,0x0B,0xA0,0xF4,0x46,0x0F,0xFE,0xFF,0x50,0x00,  //0x6a00~0x6a0f      ..........F...P.
0x0F,0xFF,0xFE,0x1E,0xA8,0x34,0xA0,0xF4,0x46,0x02,0x00,0x00,0xFE,0x1F,0xA8,0x34,  //0x6a10~0x6a1f      .....4..F......4
0xA0,0xF5,0x44,0x0F,0xFF,0x87,0xFE,0x1E,0x58,0x00,0x00,0x38,0xA8,0x35,0xA0,0xF5,  //0x6a20~0x6a2f      ..D.....X..8.5..
0x44,0x0E,0x3F,0xFF,0xFE,0x1E,0x44,0x30,0xC0,0x00,0xFE,0x1F,0xA8,0x35,0xB4,0x07,  //0x6a30~0x6a3f      D.?...D0.....5..
0x58,0x00,0x00,0x03,0xB6,0x07,0xB4,0x67,0x44,0x0F,0xFF,0xE3,0xFE,0x1E,0x58,0x00,  //0x6a40~0x6a4f      X......gD.....X.
0x00,0x10,0xB6,0x07,0xB4,0x67,0x44,0x0F,0xFF,0x1F,0xFE,0x1E,0x58,0x00,0x00,0x80,  //0x6a50~0x6a5f      .....gD.....X...
0xB6,0x07,0xA0,0x39,0xFE,0x86,0xA8,0xB9,0xA0,0x39,0xFE,0x46,0xA8,0x79,0x64,0x03,  //0x6a60~0x6a6f      ...9.....9.F.yd.
0x60,0x02,0x44,0x1F,0xFF,0xCF,0xFE,0x0E,0x58,0x00,0x00,0x20,0x64,0x03,0x60,0x03,  //0x6a70~0x6a7f      `.D.....X...d.`.
0x64,0x00,0x00,0x08,0x64,0x03,0x00,0x02,0x58,0x00,0x00,0x04,0x64,0x03,0x00,0x03,  //0x6a80~0x6a8f      d...d...X...d...
0x64,0x00,0x00,0x08,0xFC,0xA0,0xFC,0x00,0x3C,0x1C,0x01,0x63,0x3C,0x0D,0xE3,0xCB,  //0x6a90~0x6a9f      d.......<..c<...
0xB6,0x20,0x3C,0x1C,0x01,0x64,0xA8,0x41,0x3C,0x1C,0x01,0x65,0xA8,0x42,0x3C,0x1C,  //0x6aa0~0x6aaf      ..<..d.A<..e.B<.
0x01,0x66,0xA8,0x43,0x3C,0x1C,0x01,0x67,0xA8,0x44,0x3C,0x1C,0x01,0x68,0xA8,0x45,  //0x6ab0~0x6abf      .f.C<..g.D<..h.E
0x3C,0x1C,0x01,0x69,0xA8,0x46,0x3C,0x2C,0x01,0x58,0x3C,0x1D,0xE3,0xCC,0xB6,0x41,  //0x6ac0~0x6acf      <..i.F<,.X<....A
0x3C,0x2C,0x01,0x59,0xA8,0x89,0x3C,0x2C,0x01,0x5A,0xA8,0x8A,0x3C,0x2C,0x01,0x5B,  //0x6ad0~0x6adf      <,.Y..<,.Z..<,.[
0xA8,0x8B,0x3C,0x2C,0x01,0x5C,0xA8,0x8C,0x3C,0x2C,0x01,0x5D,0xA8,0x8D,0x3C,0x2C,  //0x6ae0~0x6aef      ..<,....<,.]..<,
0x01,0x5E,0xA8,0x8E,0x3C,0x2C,0x01,0x5F,0xA8,0x8F,0x3C,0x2C,0x01,0x60,0x14,0x20,  //0x6af0~0x6aff      .^..<,._..<,.`..
0x80,0x08,0x3C,0x1C,0x01,0x58,0x92,0x21,0x96,0x46,0xC9,0x11,0xA0,0x81,0x44,0x1F,  //0x6b00~0x6b0f      ..<..X.!.F....D.
0xFF,0xEF,0xFE,0x56,0xA8,0x41,0x44,0x10,0x00,0x55,0x10,0x10,0x00,0x3C,0x04,0x20,  //0x6b10~0x6b1f      ...V.AD..U...<..
0x00,0x10,0x84,0x30,0xFE,0x56,0x58,0x10,0x80,0x05,0xD5,0x0C,0xA0,0x41,0x58,0x10,  //0x6b20~0x6b2f      ...0.VX......AX.
0x80,0x10,0xA8,0x41,0x84,0x3F,0x10,0x10,0x00,0x3C,0x04,0x10,0x00,0x10,0x58,0x10,  //0x6b30~0x6b3f      ...A.?...<....X.
0x80,0x0F,0x50,0x20,0x00,0x38,0xA8,0x52,0xB4,0x22,0x58,0x10,0x80,0x10,0xB6,0x22,  //0x6b40~0x6b4f      ..P..8.R."X...."
0x3C,0x1D,0xFE,0xA4,0x3C,0x0D,0xE3,0xC3,0xB6,0x20,0x3C,0x1D,0xFE,0xA5,0xA8,0x41,  //0x6b50~0x6b5f      <...<.....<....A
0x3C,0x0D,0xE3,0xC9,0xA0,0x42,0x58,0x10,0x80,0x01,0xA8,0x42,0xA0,0x47,0x58,0x10,  //0x6b60~0x6b6f      <....BX....B.GX.
0x80,0x40,0xA8,0x47,0xFC,0x80,0xE6,0x02,0xE9,0x07,0x5C,0xF0,0x02,0x59,0xE9,0x05,  //0x6b70~0x6b7f      .@.G.........Y..
0x44,0x00,0x02,0x58,0xD5,0x02,0x84,0x02,0x3C,0x1D,0xFF,0x56,0x44,0x20,0x07,0xD0,  //0x6b80~0x6b8f      D..X....<..VD...
0x40,0x10,0x88,0x37,0x40,0x00,0x80,0x17,0x96,0x01,0xDD,0x9E,0xFC,0x43,0x81,0x20,  //0x6b90~0x6b9f      @..7@........C..
0x2E,0x07,0xFF,0x87,0x2E,0x77,0xFF,0x85,0xF0,0x81,0x2E,0x07,0xFF,0x92,0x2E,0xA7,  //0x6ba0~0x6baf      .....w..........
0xFF,0x84,0xF0,0x82,0x2E,0x07,0xFF,0x94,0x2E,0x67,0xFE,0x24,0xF0,0x83,0x2E,0x07,  //0x6bb0~0x6bbf      .........g.$....
0xFF,0x83,0xF0,0x84,0x2E,0x07,0xFF,0x86,0xF0,0x85,0x3C,0x03,0xFF,0xC6,0x49,0xFF,  //0x6bc0~0x6bcf      ..........<...I.
0xFF,0xD4,0x81,0x00,0x3C,0x03,0xFF,0xC4,0x49,0xFF,0xFF,0xCF,0x94,0xBB,0x8C,0x49,  //0x6bd0~0x6bdf      ....<...I......I
0x96,0x90,0x84,0x21,0x9E,0xD1,0x40,0x10,0xA8,0x0C,0x40,0x11,0x84,0x36,0x3C,0x5D,  //0x6be0~0x6bef      ...!..@...@..6<]
0xE3,0xC9,0x96,0x48,0x3E,0x17,0xFF,0x90,0x2E,0x37,0xF7,0xCD,0x05,0xE2,0x80,0x01,  //0x6bf0~0x6bff      ...H>....7......
0x44,0x4F,0xFF,0xEF,0x96,0xC6,0x41,0xEF,0x10,0x02,0x94,0xDC,0x40,0x3F,0x0C,0x04,  //0x6c00~0x6c0f      DO....A.....@?..
0xA8,0xE9,0x3D,0xEC,0x01,0x58,0x46,0x3F,0xC0,0x00,0x50,0x31,0x83,0xFF,0x40,0x3F,  //0x6c10~0x6c1f      ..=..XF?..P1..@?
0x0C,0x02,0x45,0xE7,0xFC,0x00,0x40,0x31,0xF8,0x04,0x3C,0x3E,0x01,0x58,0x3C,0x3C,  //0x6c20~0x6c2f      ..E...@1..<>.X<<
0x01,0x58,0x97,0xDF,0x58,0x31,0x82,0x00,0x3C,0x3E,0x01,0x58,0x3D,0xEC,0x01,0x58,  //0x6c30~0x6c3f      .X..X1..<>.X=..X
0x44,0x3F,0xFE,0xFF,0x40,0x3F,0x0C,0x02,0x3C,0x3E,0x01,0x58,0x3D,0xEC,0x01,0x58,  //0x6c40~0x6c4f      D?..@?..<>.X=..X
0x44,0x3F,0xFF,0x7F,0x40,0x3F,0x0C,0x02,0x3C,0x3E,0x01,0x58,0x3C,0x3C,0x01,0x58,  //0x6c50~0x6c5f      D?..@?..<>.X<<.X
0x40,0x73,0xC0,0x08,0x58,0x31,0x80,0x40,0x3C,0x3E,0x01,0x58,0x3D,0xEC,0x01,0x58,  //0x6c60~0x6c6f      @s..X1.@<>.X=..X
0x44,0x3F,0xFF,0xDF,0x40,0x3F,0x0C,0x02,0x3C,0x3E,0x01,0x58,0x3C,0x3C,0x01,0x58,  //0x6c70~0x6c7f      D?..@?..<>.X<<.X
0x40,0x21,0x54,0x08,0xFE,0xE6,0x3C,0x3E,0x01,0x58,0x3C,0x3C,0x01,0x58,0x8C,0x26,  //0x6c80~0x6c8f      @!T...<>.X<<.X.&
0x58,0x31,0x80,0x08,0x3C,0x3E,0x01,0x58,0x3C,0x3C,0x01,0x58,0x96,0x48,0x58,0x31,  //0x6c90~0x6c9f      X1..<>.X<<.X.HX1
0x80,0x02,0x3C,0x3E,0x01,0x58,0x3C,0x4C,0x01,0x58,0x84,0x7E,0xFE,0xE6,0x3C,0x3E,  //0x6ca0~0x6caf      ..<>.X<L.X.~..<>
0x01,0x58,0x3C,0x4C,0x01,0x5C,0x46,0x3F,0xFE,0xFF,0x50,0x31,0x8F,0xFF,0xFE,0xE6,  //0x6cb0~0x6cbf      .X<L..F?..P1....
0x3C,0x3E,0x01,0x5C,0x3C,0x4C,0x01,0x5C,0x46,0x3F,0xFF,0x0F,0x50,0x31,0x8F,0xFF,  //0x6cc0~0x6ccf      <>..<L..F?..P1..
0xFE,0xE6,0xFE,0xFF,0x3C,0x3E,0x01,0x5C,0x3C,0x7C,0x01,0x5C,0x46,0x3E,0x01,0xFF,  //0x6cd0~0x6cdf      ....<>..<|..F>..
0x50,0x31,0x8F,0xFF,0xFE,0xFE,0xFE,0x9F,0x3C,0x2E,0x01,0x5C,0x3E,0x10,0x05,0x68,  //0x6ce0~0x6cef      P1......<...>..h
0x3E,0x10,0x05,0x69,0x3E,0x10,0x05,0x6A,0x84,0x24,0x3E,0x10,0x05,0x6B,0x3C,0x88,  //0x6cf0~0x6cff      >..i>..j.$>..k<.
0x02,0xB6,0x3C,0x88,0x02,0xB7,0x3C,0x88,0x02,0xB8,0x3C,0x2C,0x01,0x5C,0x46,0x12,  //0x6d00~0x6d0f      ..<...<...<,..F.
0x00,0x00,0xFE,0x57,0x3C,0x1E,0x01,0x5C,0x3C,0x7C,0x01,0x5D,0x84,0x47,0x84,0x98,  //0x6d10~0x6d1f      ...W<...<|.].G..
0xFF,0x3E,0x40,0x35,0x08,0x02,0x40,0xA2,0x0C,0x04,0x3C,0xAE,0x01,0x5D,0x3C,0x4C,  //0x6d20~0x6d2f      .>@5..@...<..]<L
0x01,0x5D,0x44,0x3F,0xC0,0x7F,0xFE,0xE6,0x58,0x31,0x87,0x80,0x3C,0x3E,0x01,0x5D,  //0x6d30~0x6d3f      .]D?....X1..<>.]
0x3C,0x7C,0x01,0x64,0xF3,0x05,0x84,0x90,0x96,0xDF,0xFF,0x3E,0x40,0x82,0x0C,0x04,  //0x6d40~0x6d4f      <|.d.......>@...
0xF3,0x04,0x84,0x27,0x3C,0x8E,0x01,0x64,0x54,0x43,0x00,0x3F,0xCB,0x0F,0x3C,0x3C,  //0x6d50~0x6d5f      ...'<..dTC.?..<<
0x01,0x59,0x44,0x2F,0xF0,0x3F,0xFE,0x9E,0x94,0x66,0xFE,0x57,0x3C,0x1E,0x01,0x59,  //0x6d60~0x6d6f      .YD/.?...f.W<..Y
0x3C,0x2C,0x01,0x58,0x84,0x3B,0xFE,0x56,0xD5,0x22,0x40,0x33,0x08,0xD7,0x97,0xB0,  //0x6d70~0x6d7f      <,.X.;.V."@3....
0xC6,0x0E,0x9C,0x99,0xFE,0x54,0x96,0x6F,0x3C,0x3C,0x01,0x59,0x94,0x8E,0x44,0x1F,  //0x6d80~0x6d8f      .....T.o<<.Y..D.
0xF0,0x3F,0xFE,0x5E,0xFE,0x57,0x3C,0x1E,0x01,0x59,0xD5,0x0D,0x42,0x21,0x84,0x24,  //0x6d90~0x6d9f      .?.^.W<..Y..B!.$
0x96,0xAF,0x3C,0x3C,0x01,0x59,0x94,0x56,0x44,0x2F,0xF0,0x3F,0xFE,0x9E,0xFE,0x8F,  //0x6da0~0x6daf      ..<<.Y.VD/.?....
0x3C,0x2E,0x01,0x59,0x3C,0x1C,0x01,0x58,0x58,0x10,0x80,0x04,0x3C,0x1E,0x01,0x58,  //0x6db0~0x6dbf      <..Y<..XX...<..X
0x3C,0x1C,0x01,0x59,0x92,0x26,0x94,0x4E,0xFF,0x0F,0xF1,0x01,0x3C,0x4E,0x01,0x59,  //0x6dc0~0x6dcf      <..Y.&.N....<N.Y
0x96,0x57,0xA0,0xE9,0x94,0x89,0x84,0x31,0xFE,0x5E,0xFE,0x57,0xA8,0x69,0x5A,0x98,  //0x6dd0~0x6ddf      .W.....1.^.W.iZ.
0x01,0x36,0xF1,0x03,0xC9,0x03,0x44,0x00,0x01,0x2C,0x3C,0x1C,0x01,0x59,0x92,0x26,  //0x6de0~0x6def      .6....D..,<..Y.&
0x94,0x4E,0x58,0x10,0x80,0x02,0x3C,0x1E,0x01,0x59,0x3C,0x2C,0x01,0x59,0x44,0x1F,  //0x6df0~0x6dff      .NX...<..Y<,.YD.
0xF0,0x3F,0xFE,0x56,0x58,0x10,0x80,0x80,0x3C,0x1E,0x01,0x59,0x3C,0x2C,0x01,0x58,  //0x6e00~0x6e0f      .?.VX...<..Y<,.X
0x84,0x3B,0xFE,0x56,0x3C,0x1E,0x01,0x58,0xF1,0x02,0x3C,0x3C,0x01,0x58,0x96,0x46,  //0x6e10~0x6e1f      .;.V<..X..<<.X.F
0x94,0x8F,0x44,0x1F,0xFF,0x7F,0xFE,0x5E,0xFE,0x57,0x3C,0x1E,0x01,0x58,0x3C,0x1C,  //0x6e20~0x6e2f      ..D....^.W<..X<.
0x01,0x58,0x58,0x10,0x80,0x10,0x3C,0x1E,0x01,0x58,0x3C,0x2C,0x01,0x58,0x84,0x37,  //0x6e30~0x6e3f      .XX...<..X<,.X.7
0xFE,0x56,0x3C,0x1E,0x01,0x58,0x3C,0x08,0x02,0xB6,0xFC,0xC3,0xFC,0x00,0x3C,0x1C,  //0x6e40~0x6e4f      .V<..X<.......<.
0x01,0x5D,0x2E,0x37,0xFF,0x84,0x92,0x2E,0x54,0x40,0x80,0x07,0x3C,0x10,0x02,0xB8,  //0x6e50~0x6e5f      .].7....T@..<...
0x96,0x49,0x5A,0x08,0x01,0x05,0x3C,0x10,0x02,0xB6,0x96,0x49,0x50,0x50,0xFF,0xEB,  //0x6e60~0x6e6f      .IZ...<....IPP..
0x84,0x00,0x3C,0x5F,0xFF,0x4E,0x3C,0x0F,0xFF,0x50,0xCB,0x04,0x3C,0x3F,0xFF,0x51,  //0x6e70~0x6e7f      ..<_.N<..P..<?.Q
0xD5,0x13,0x84,0x41,0x84,0x02,0x40,0x21,0x0C,0x0C,0x40,0x21,0x00,0x56,0x8E,0x41,  //0x6e80~0x6e8f      ...A..@!..@!.V.A
0xFA,0x17,0x81,0xE1,0x42,0xF1,0x00,0x75,0x50,0x27,0xFF,0xD9,0x80,0x0F,0xE6,0x62,  //0x6e90~0x6e9f      ....B..uP'.....b
0x3C,0x2F,0xFF,0x51,0xE8,0x07,0x8E,0xAA,0x3C,0x5F,0xFF,0x4F,0x84,0x01,0xC3,0x14,  //0x6ea0~0x6eaf      </.Q....<_.O....
0xD5,0x04,0x8E,0x1F,0x3C,0x0F,0xFF,0x4F,0x3C,0x0D,0xFF,0x51,0x50,0x20,0x00,0x18,  //0x6eb0~0x6ebf      ....<..O<..QP...
0x84,0x01,0x40,0x00,0x0C,0x0C,0x84,0x62,0x40,0x00,0x0C,0x16,0x8E,0x01,0xFA,0x77,  //0x6ec0~0x6ecf      ..@....b@......w
0x42,0x20,0x0C,0x73,0x80,0x02,0x8A,0x24,0x8E,0x32,0x3C,0x0F,0xFF,0x4D,0x3C,0x1F,  //0x6ed0~0x6edf      B..s...$.2<..M<.
0xFF,0x4C,0xFC,0x80,0xFC,0x40,0x84,0xC0,0x81,0x40,0x81,0x01,0x81,0x21,0x80,0xE6,  //0x6ee0~0x6eef      .L...@...@...!..
0x40,0x24,0xA0,0x01,0x96,0x90,0xE2,0x4A,0xE8,0x0A,0x84,0x01,0x84,0x20,0x08,0x24,  //0x6ef0~0x6eff      @$.....J.......$
0x80,0x01,0x49,0x00,0x0F,0x27,0xFF,0x87,0xFF,0xCF,0xD5,0xF3,0x96,0x30,0x3E,0x00,  //0x6f00~0x6f0f      ..I..'.......0>.
0x05,0x94,0x40,0x03,0x20,0x09,0x96,0x00,0x3E,0x00,0x05,0x98,0x40,0x03,0x40,0x09,  //0x6f10~0x6f1f      ..@.....>...@.@.
0x96,0x00,0x92,0xD8,0x3E,0x00,0x05,0x9C,0x3E,0x60,0x05,0xA0,0x3C,0x1C,0x01,0x69,  //0x6f20~0x6f2f      ....>...>`..<..i
0x84,0x10,0x97,0xDF,0xFE,0x0E,0xFF,0xC7,0x3C,0x7E,0x01,0x69,0xFC,0xC0,0xFC,0x00,  //0x6f30~0x6f3f      ........<~.i....
0x3C,0x1D,0xFF,0x50,0x44,0x01,0x0B,0x48,0x3C,0x4C,0x01,0x64,0x54,0x20,0xBF,0xFF,  //0x6f40~0x6f4f      <..PD..H<L.dT...
0xB4,0x20,0x97,0x1F,0x92,0x2E,0x40,0x10,0xB8,0x08,0xFE,0x57,0xB6,0x20,0x3C,0x2D,  //0x6f50~0x6f5f      ......@....W..<-
0xFF,0x51,0x46,0x1F,0x00,0x03,0x54,0x21,0x3F,0xFF,0x40,0x31,0x38,0x08,0xB4,0x40,  //0x6f60~0x6f6f      .QF...T!?.@18..@
0x50,0x10,0x8F,0xFF,0xFE,0x8E,0xFE,0x9F,0xB6,0x40,0x3C,0x2D,0xFF,0x4E,0x54,0x31,  //0x6f70~0x6f7f      P........@<-.NT1
0x3F,0xFF,0xA0,0x81,0x92,0x4E,0x40,0x21,0x38,0x08,0xFE,0x9F,0xA8,0x81,0x3C,0x2D,  //0x6f80~0x6f8f      ?....N@!8.....<-
0xFF,0x4F,0x54,0x21,0x3F,0xFF,0x40,0x31,0x38,0x08,0xA0,0x81,0xFE,0x8E,0xFE,0x9F,  //0x6f90~0x6f9f      .OT!?.@18.......
0xA8,0x81,0x3C,0x2D,0xFF,0x4C,0x54,0x31,0x3F,0xFF,0xA0,0x82,0x92,0x4E,0x40,0x21,  //0x6fa0~0x6faf      ..<-.LT1?....N@!
0x38,0x08,0xFE,0x9F,0xA8,0x82,0x3C,0x2D,0xFF,0x4D,0xA0,0xC2,0x54,0x21,0x3F,0xFF,  //0x6fb0~0x6fbf      8.....<-.M..T!?.
0xFE,0x5E,0x40,0x21,0x38,0x08,0xFE,0x57,0xA8,0x42,0x44,0x01,0x00,0x60,0xB4,0x20,  //0x6fc0~0x6fcf      .^@!8..W.BD..`..
0x58,0x10,0x80,0x01,0xB6,0x20,0xB4,0x40,0x84,0x3D,0xFE,0x56,0xB6,0x20,0xB4,0x20,  //0x6fd0~0x6fdf      X......@.=.V....
0x58,0x10,0x80,0x04,0xB6,0x20,0xB4,0x40,0x44,0x1F,0xF8,0x07,0xFE,0x56,0xB6,0x20,  //0x6fe0~0x6fef      X......@D....V..
0xB4,0x40,0x44,0x18,0x07,0xFF,0xFE,0x56,0x44,0x25,0x00,0x00,0xFE,0x57,0xB6,0x20,  //0x6ff0~0x6fff      .@D....VD%...W..
0xB4,0x40,0x46,0x1F,0x80,0x7F,0x50,0x10,0x8F,0xFF,0xFE,0x56,0x46,0x20,0x0F,0x00,  //0x7000~0x700f      .@F...P....VF...
0xFE,0x57,0xB6,0x20,0xB4,0x40,0x46,0x1F,0x7F,0xFF,0x50,0x10,0x8F,0xFF,0xFE,0x56,  //0x7010~0x701f      .W...@F...P....V
0xB6,0x20,0x44,0x10,0x94,0x9C,0x38,0x10,0x91,0x00,0xAE,0x44,0x49,0xFF,0xFD,0x35,  //0x7020~0x702f      ..D...8....DI..5
0xFC,0x80,0xFC,0x00,0x84,0x20,0x44,0x20,0x01,0x10,0x44,0x02,0x08,0x80,0x49,0x00,  //0x7030~0x703f      ......D...D...I.
0x0E,0xC3,0xFC,0x80,0xFC,0x00,0x84,0x20,0x84,0x4E,0x44,0x02,0x08,0xE8,0x49,0x00,  //0x7040~0x704f      .........ND...I.
0x0E,0xBB,0xFC,0x80,0xFC,0x40,0x84,0x49,0x80,0xE1,0x80,0xC0,0x44,0x10,0x00,0x3F,  //0x7050~0x705f      .....@.I....D..?
0x44,0x02,0x08,0x80,0x49,0x00,0x0E,0xB0,0x85,0x3B,0x80,0xA7,0x44,0x22,0x08,0x80,  //0x7060~0x706f      D...I....;..D"..
0x44,0x0F,0xFF,0xDF,0x44,0x1F,0xFF,0xE7,0x85,0x5C,0x9A,0xEF,0x96,0xD8,0xE2,0x66,  //0x7070~0x707f      D...D..........f
0xE8,0x1F,0x08,0x42,0x80,0x01,0x40,0x32,0x08,0x09,0x97,0x0F,0xCC,0x06,0x38,0x41,  //0x7080~0x708f      ...B..@2......8A
0x0C,0x00,0x40,0x42,0x28,0x02,0xD5,0x11,0x5A,0x48,0x01,0x07,0x38,0x41,0x0C,0x00,  //0x7090~0x709f      ..@B(...ZH..8A..
0x40,0x42,0x24,0x02,0xD5,0x0A,0x5A,0x48,0x02,0x06,0x38,0x41,0x0C,0x00,0xFF,0x0E,  //0x70a0~0x70af      @B$...ZH..8A....
0xD5,0x04,0x38,0x41,0x0C,0x00,0xFF,0x06,0x38,0x41,0x0C,0x08,0xD5,0xDF,0x44,0x02,  //0x70b0~0x70bf      ..8A....8A....D.
0x08,0x80,0x10,0x60,0x00,0x09,0xFC,0xC0,0x80,0x61,0x44,0x52,0x08,0x80,0x9A,0x99,  //0x70c0~0x70cf      ...`.....aDR....
0x96,0x90,0xE2,0x40,0xE8,0x07,0x08,0x41,0x80,0x01,0x88,0x85,0x10,0x22,0x00,0x0C,  //0x70d0~0x70df      ...@...A....."..
0xD5,0xF7,0xDD,0x9E,0xFC,0x00,0x44,0x52,0x08,0x80,0x80,0x82,0x9A,0xE2,0x96,0xD8,  //0x70e0~0x70ef      ......DR........
0xE2,0x60,0xE8,0x09,0x08,0x32,0x00,0x01,0x08,0x60,0x80,0x01,0x88,0x65,0x10,0x61,  //0x70f0~0x70ff      .`...2...`...e.a
0x80,0x30,0xD5,0xF5,0xFC,0x80,0xFC,0x43,0xB1,0x81,0x81,0x41,0x81,0x22,0x84,0x20,  //0x7100~0x710f      .0.....C...A."..
0x80,0xE0,0xFA,0x42,0x80,0x06,0x49,0x00,0x0E,0x57,0x80,0x2A,0x80,0x69,0x40,0x01,  //0x7110~0x711f      ...B..I..W.*.i@.
0xA4,0x01,0x96,0x00,0xE2,0x07,0xE8,0x18,0x08,0x00,0x80,0x01,0x40,0x20,0x04,0x09,  //0x7120~0x712f      ............@...
0x96,0x06,0xC8,0x09,0xA6,0x18,0x38,0x43,0x08,0x00,0x96,0x1F,0xFE,0x27,0x38,0x03,  //0x7130~0x713f      ......8C.....'8.
0x08,0x08,0xD5,0x08,0xA7,0x18,0x38,0x03,0x08,0x00,0x95,0x24,0xFF,0x07,0x38,0x43,  //0x7140~0x714f      ......8....$..8C
0x08,0x08,0x8C,0x61,0xD5,0xE5,0x3A,0x23,0x14,0x04,0x44,0x02,0x08,0xD4,0x3A,0x20,  //0x7150~0x715f      ...a..:#..D...:.
0x14,0x24,0x80,0x20,0xA4,0x30,0xAC,0x08,0xFC,0xC3,0x40,0x10,0x08,0x09,0x44,0x22,  //0x7160~0x716f      .$...0....@...D"
0x08,0x80,0x96,0x0F,0x88,0x22,0x94,0x01,0x84,0x41,0x40,0x01,0x00,0x0C,0x00,0x20,  //0x7170~0x717f      ....."...A@.....
0x80,0x68,0xFE,0x17,0x10,0x00,0x80,0x68,0xDD,0x9E,0x44,0x01,0x03,0xF4,0x00,0x30,  //0x7180~0x718f      .h.....h..D....0
0x01,0x71,0x44,0x52,0x08,0x80,0x54,0x41,0x80,0x3F,0x04,0x32,0x80,0x1E,0x00,0x20,  //0x7190~0x719f      .qDR..TA.?.2....
0x01,0x75,0x92,0x66,0x00,0x10,0x01,0x73,0x94,0xDE,0x54,0x01,0x00,0x7F,0x94,0x86,  //0x71a0~0x71af      .u.f...s..T.....
0xFE,0xE7,0x44,0x0F,0xE0,0x3F,0xFE,0x1E,0xFE,0x17,0x96,0x5F,0x44,0x2E,0x1F,0xFF,  //0x71b0~0x71bf      ..D..?....._D...
0x40,0x10,0xB4,0x08,0xFE,0x16,0xFE,0x0F,0x14,0x02,0x80,0x1E,0xDD,0x9E,0x44,0x01,  //0x71c0~0x71cf      @.............D.
0x03,0xF4,0x00,0x30,0x01,0x72,0x44,0x52,0x08,0x80,0x54,0x41,0x80,0x3F,0x04,0x32,  //0x71d0~0x71df      ...0.rDR..TA.?.2
0x80,0x1F,0x00,0x20,0x01,0x76,0x92,0x66,0x00,0x10,0x01,0x74,0x94,0xDE,0x54,0x01,  //0x71e0~0x71ef      .....v.f...t..T.
0x00,0x7F,0x94,0x86,0xFE,0xE7,0x44,0x0F,0xE0,0x3F,0xFE,0x1E,0xFE,0x17,0x96,0x5F,  //0x71f0~0x71ff      ......D..?....._
0x44,0x2E,0x1F,0xFF,0x40,0x10,0xB4,0x08,0xFE,0x16,0xFE,0x0F,0x14,0x02,0x80,0x1F,  //0x7200~0x720f      D...@...........
0xDD,0x9E,0xFC,0x43,0x81,0x01,0x83,0x80,0x80,0xE2,0x81,0x43,0x81,0x24,0x80,0xC2,  //0x7210~0x721f      ...C.......C.$..
0x98,0x51,0x80,0xA2,0xD1,0x0A,0x08,0x02,0x80,0x01,0xF1,0x82,0xF5,0x81,0x49,0xFF,  //0x7220~0x722f      .Q............I.
0xFF,0x9E,0xF1,0x02,0xF5,0x01,0xD5,0xF7,0x49,0xFF,0xFF,0xA9,0x49,0xFF,0xFF,0xC9,  //0x7230~0x723f      ........I...I...
0x4F,0xC3,0x00,0x2D,0x80,0x1C,0x44,0x32,0x08,0x80,0x44,0x4F,0xE0,0x3F,0x44,0x5E,  //0x7240~0x724f      O..-..D2..DO.?D^
0x1F,0xFF,0x96,0x40,0xE2,0x28,0xE8,0x21,0x38,0x13,0x80,0x00,0x50,0x60,0x00,0x20,  //0x7250~0x725f      ...@.(.!8...P`..
0x54,0x20,0x80,0x3F,0x38,0x11,0x9A,0x02,0x92,0x26,0x94,0x4E,0xFE,0x57,0x38,0x11,  //0x7260~0x726f      T..?8....&.N.W8.
0x9A,0x0A,0x38,0x25,0x00,0x00,0xFE,0x66,0x96,0xB7,0x94,0x96,0xFE,0x57,0x38,0x11,  //0x7270~0x727f      ..8%...f.....W8.
0x9A,0x0A,0x38,0x24,0x80,0x00,0xFE,0x6E,0x96,0x9F,0x40,0x21,0x34,0x08,0xFE,0x57,  //0x7280~0x728f      ..8$...n..@!4..W
0x38,0x11,0x9A,0x0A,0x8C,0x01,0xD5,0xDE,0xFC,0xC3,0x46,0x4F,0xF8,0x1F,0x50,0x42,  //0x7290~0x729f      8.........FO..PB
0x0F,0xFF,0xF4,0x81,0x46,0x4E,0x07,0xFF,0x50,0x42,0x0F,0xFF,0xF4,0x82,0x46,0x4F,  //0x72a0~0x72af      ....FN..PB....FO
0xF0,0x3F,0x84,0x07,0x84,0x40,0x50,0x42,0x0F,0xFF,0x40,0x04,0x00,0x17,0x80,0x62,  //0x72b0~0x72bf      .?...@PB..@....b
0x44,0x12,0x08,0x80,0xF4,0x83,0x97,0x58,0xE2,0xA0,0xE8,0x77,0xA7,0x70,0x50,0xF1,  //0x72c0~0x72cf      D......X...w.pP.
0x80,0x10,0x55,0xC2,0x80,0x3F,0x38,0x50,0xBF,0x02,0x8C,0x61,0x92,0xA6,0x95,0x6E,  //0x72d0~0x72df      ..U..?8P...a...n
0x40,0x52,0xF0,0x04,0x38,0x50,0xBF,0x0A,0x01,0xC3,0x00,0x01,0xF4,0x01,0x55,0xCE,  //0x72e0~0x72ef      @R..8P........U.
0x00,0x3F,0x41,0xCE,0x44,0x08,0xFF,0x66,0x40,0x52,0xF0,0x04,0x38,0x50,0xBF,0x0A,  //0x72f0~0x72ff      .?A.D..f@R..8P..
0x01,0xC3,0x00,0x02,0xF4,0x02,0x55,0xCE,0x00,0x3F,0x41,0xCE,0x5C,0x08,0xFF,0x66,  //0x7300~0x730f      ......U..?A....f
0x40,0x52,0xF0,0x04,0x38,0x50,0xBF,0x0A,0x40,0x57,0x8C,0x08,0x41,0xC0,0x94,0x00,  //0x7310~0x731f      @R..8P..@W..A...
0xA7,0x73,0x44,0x4F,0xF0,0x3F,0x55,0xE2,0x80,0x3F,0xBD,0x01,0x8C,0xC7,0x92,0xA6,  //0x7320~0x732f      .sDO.?U..?......
0x95,0x6E,0x40,0x52,0xF8,0x04,0xBD,0x81,0x01,0xE3,0x7F,0xFD,0xFF,0x66,0x55,0xEF,  //0x7330~0x733f      .n@R.........fU.
0x00,0x3F,0x41,0xEF,0x18,0x08,0x40,0x52,0xF8,0x04,0xBD,0x81,0x01,0xE3,0x7F,0xFE,  //0x7340~0x734f      .?A...@R........
0x44,0x4C,0x0F,0xFF,0x55,0xEF,0x00,0x3F,0x41,0xEF,0x30,0x08,0xFF,0x66,0x40,0x52,  //0x7350~0x735f      DL..U..?A.0..f@R
0xF8,0x04,0xBD,0x81,0x01,0xE3,0x7F,0xFF,0xF4,0x03,0x55,0xEF,0x00,0x3F,0x41,0xEF,  //0x7360~0x736f      ..........U..?A.
0x48,0x08,0xFF,0x66,0x40,0x52,0xF8,0x04,0xBD,0x81,0x38,0x55,0x08,0x00,0x45,0xEF,  //0x7370~0x737f      H..f@R....8U..E.
0xE0,0x3F,0x97,0x77,0x41,0xC2,0x98,0x08,0x38,0x50,0xBF,0x02,0x40,0x52,0xF8,0x02,  //0x7380~0x738f      .?.wA...8P..@R..
0x40,0x52,0xF0,0x04,0x38,0x50,0xBF,0x0A,0x39,0xC4,0x88,0x00,0x45,0xEE,0x1F,0xFF,  //0x7390~0x739f      @R..8P..9...E...
0x55,0xCE,0x00,0x0F,0x41,0xCE,0x34,0x08,0x40,0x52,0xF8,0x02,0x40,0x52,0xF0,0x04,  //0x73a0~0x73af      U...A.4.@R..@R..
0x38,0x50,0xBF,0x0A,0x8C,0x47,0xD5,0x88,0x84,0x47,0x40,0x44,0x08,0x77,0x96,0xD8,  //0x73b0~0x73bf      8P...G...G@D.w..
0xC3,0x7C,0x42,0x10,0x08,0x24,0x54,0x80,0x80,0xFF,0x50,0x60,0x00,0x10,0x38,0x05,  //0x73c0~0x73cf      .|B..$T...P`..8.
0x20,0x00,0x45,0xC2,0x08,0x80,0xF3,0x81,0x38,0x4E,0x1B,0x02,0x96,0x37,0x94,0x46,  //0x73d0~0x73df      ..E.....8N...7.F
0x44,0x0F,0xE0,0x3F,0xFE,0x26,0xFE,0x0F,0x38,0x0E,0x1B,0x0A,0x38,0x14,0xA0,0x00,  //0x73e0~0x73ef      D..?.&..8...8...
0x44,0x4E,0x1F,0xFF,0x96,0x5F,0xFE,0x26,0x40,0x10,0xB4,0x08,0xFE,0x0F,0x38,0x0E,  //0x73f0~0x73ff      DN..._.&@.....8.
0x1B,0x0A,0x80,0x27,0xB0,0x04,0x49,0x00,0x0C,0xB9,0xF3,0x01,0x40,0x13,0xA0,0x00,  //0x7400~0x740f      ...'..I.....@...
0x80,0x43,0xB0,0x04,0x49,0x00,0x0C,0xB2,0x00,0x2F,0x80,0x10,0x46,0x0F,0xF8,0x1F,  //0x7410~0x741f      .C..I..../..F...
0x54,0x11,0x00,0x3F,0x38,0x2E,0x1B,0x02,0x50,0x00,0x0F,0xFF,0x92,0x46,0x94,0x96,  //0x7420~0x742f      T..?8...P....F..
0xFE,0x8F,0x38,0x2E,0x1B,0x0A,0x00,0x1F,0x80,0x11,0xFE,0x16,0x96,0x6F,0x40,0x10,  //0x7430~0x743f      ..8..........o@.
0xC4,0x08,0xFE,0x0F,0x38,0x0E,0x1B,0x0A,0x00,0x1F,0x80,0x12,0x46,0x2E,0x07,0xFF,  //0x7440~0x744f      ....8.......F...
0x50,0x21,0x0F,0xFF,0x96,0x6F,0x40,0x10,0xDC,0x08,0xFE,0x16,0xFE,0x0F,0x38,0x0E,  //0x7450~0x745f      P!...o@.......8.
0x1B,0x0A,0x00,0x3F,0x80,0x13,0x94,0x33,0x88,0x1C,0x54,0x21,0x80,0x3F,0xA0,0xC1,  //0x7460~0x746f      ...?...3..T!.?..
0x92,0x66,0x94,0xDE,0xFE,0xD7,0xA8,0xC1,0x00,0x2F,0x80,0x14,0x54,0x11,0x00,0x3F,  //0x7470~0x747f      .f......./..T..?
0x94,0x8E,0x44,0x1F,0xF0,0x3F,0xFE,0x5E,0xFE,0x57,0xA8,0x41,0x00,0x2F,0x80,0x15,  //0x7480~0x748f      ..D..?.^.W.A./..
0x44,0x3C,0x0F,0xFF,0x96,0xAF,0x40,0x21,0x30,0x08,0xFE,0x5E,0xFE,0x57,0xA8,0x41,  //0x7490~0x749f      D<....@!0..^.W.A
0x00,0x2F,0x80,0x16,0x46,0x3F,0xF0,0x3F,0x96,0xAF,0x50,0x31,0x8F,0xFF,0x40,0x21,  //0x74a0~0x74af      ./..F?.?..P1..@!
0x48,0x08,0xFE,0x5E,0xFE,0x57,0xA8,0x41,0xFC,0xC3,0xFC,0x01,0x44,0x61,0x03,0xF4,  //0x74b0~0x74bf      H..^.W.A....Da..
0xF0,0x81,0x49,0xFF,0xFD,0xB8,0x49,0xFF,0xFD,0xBF,0xA6,0x31,0xA0,0x74,0x49,0xFF,  //0x74c0~0x74cf      ..I...I....1.tI.
0xFD,0xC3,0xA6,0x31,0xA0,0x74,0x49,0xFF,0xFD,0xF9,0xA6,0x31,0x50,0x13,0x00,0x14,  //0x74d0~0x74df      ...1.tI....1P...
0xA0,0xB4,0x49,0xFF,0xFE,0x01,0xA6,0x31,0xA0,0x74,0x50,0x23,0x00,0x5C,0x49,0xFF,  //0x74e0~0x74ef      ..I....1.tP#..I.
0xFE,0x0C,0x80,0x66,0x08,0x11,0x80,0x38,0xA0,0xB3,0x50,0x43,0x00,0x80,0x00,0x03,  //0x74f0~0x74ff      ...f...8..PC....
0x01,0x5F,0x49,0xFF,0xFE,0x88,0xF0,0x01,0x49,0xFF,0xFB,0x4A,0xA6,0x31,0xA0,0x74,  //0x7500~0x750f      ._I.....I..J.1.t
0x49,0xFF,0xFC,0xEA,0xF0,0x01,0x49,0xFF,0xFC,0x9B,0x49,0xFF,0xFD,0x12,0xFC,0x81,  //0x7510~0x751f      I.....I...I.....
0xFC,0x00,0x84,0x20,0x44,0x20,0x01,0x70,0x44,0x02,0x00,0x6C,0x49,0x00,0x0C,0x4C,  //0x7520~0x752f      ....D..pD..lI..L
0xFC,0x80,0x5C,0xF0,0x80,0x24,0xE9,0x22,0xFA,0x54,0x40,0x20,0x88,0x37,0x94,0x49,  //0x7530~0x753f      .....$.".T@..7.I
0x54,0x10,0x80,0xFE,0x54,0x40,0x80,0x03,0x40,0x30,0x88,0x09,0x44,0x22,0x00,0x6C,  //0x7540~0x754f      T...T@..@0..D".l
0x44,0x50,0x00,0x5C,0xCC,0x0A,0x42,0x20,0x14,0x73,0x97,0x18,0x98,0xD4,0x00,0x21,  //0x7550~0x755f      DP....B..s.....!
0x80,0x38,0x54,0x21,0x00,0x3E,0xD5,0x1E,0x97,0x18,0x42,0x20,0x14,0x73,0x88,0x44,  //0x7560~0x756f      .8T!.>....B..s.D
0x00,0x31,0x00,0x38,0x54,0x31,0x80,0x37,0xD5,0x3B,0x54,0x20,0x80,0x01,0x44,0x50,  //0x7570~0x757f      .1.8T1.7.;T...DP
0x00,0x5C,0xCA,0x1C,0x54,0x40,0x80,0x03,0x40,0x30,0x88,0x09,0x44,0x22,0x00,0x6C,  //0x7580~0x758f      ....T@..@0..D".l
0xCC,0x0C,0x42,0x20,0x14,0x73,0x97,0x18,0x98,0xD4,0x00,0x21,0x80,0x38,0x54,0x21,  //0x7590~0x759f      ..B..s.....!.8T!
0x00,0x3C,0x10,0x21,0x80,0x38,0xD5,0x26,0x97,0x18,0x42,0x20,0x14,0x73,0x88,0x44,  //0x75a0~0x75af      .<.!.8.&..B..s.D
0x00,0x31,0x00,0x38,0x54,0x31,0x80,0x27,0xD5,0x1B,0x8E,0x21,0x96,0x48,0x54,0x40,  //0x75b0~0x75bf      .1.8T1.'...!.HT@
0x80,0x03,0x40,0x30,0x88,0x09,0x44,0x22,0x00,0x6C,0xCC,0x0A,0x42,0x20,0x14,0x73,  //0x75c0~0x75cf      ..@0..D".l..B..s
0x97,0x18,0x98,0xD4,0x00,0x21,0x80,0x38,0x54,0x21,0x00,0x3D,0xD5,0xE3,0x97,0x18,  //0x75d0~0x75df      .....!.8T!.=....
0x42,0x20,0x14,0x73,0x88,0x44,0x00,0x31,0x00,0x38,0x54,0x31,0x80,0x2F,0x10,0x31,  //0x75e0~0x75ef      B..s.D.1.8T1./.1
0x00,0x38,0x44,0x40,0x00,0x5C,0x44,0x32,0x00,0x6C,0x42,0x30,0x10,0x73,0x40,0x20,  //0x75f0~0x75ff      .8D@..D2.lB0.s@.
0x8C,0x09,0x80,0x03,0x88,0x02,0x50,0x00,0x00,0x40,0x84,0x41,0x96,0x57,0x40,0x11,  //0x7600~0x760f      ......P..@.A.W@.
0x04,0x0C,0xA6,0x84,0xFE,0x57,0xAE,0x44,0xDD,0x9E,0x5C,0xF1,0x00,0x24,0x44,0x42,  //0x7610~0x761f      .....W.D.....$DB
0x00,0x6C,0xE9,0x0A,0xFA,0x74,0x40,0x21,0x0C,0x77,0x96,0x98,0x44,0x30,0x00,0x5C,  //0x7620~0x762f      .l...t@!.w..D0..
0x42,0x20,0x0C,0x73,0xD5,0x0C,0x54,0x31,0x00,0x01,0x44,0x50,0x00,0x5C,0xCB,0x03,  //0x7630~0x763f      B..s..T1..DP....
0x92,0x41,0xD5,0x03,0x8E,0x41,0x90,0x41,0x42,0x20,0x14,0x73,0x38,0x12,0x08,0x08,  //0x7640~0x764f      .A...A.AB..s8...
0xDD,0x9E,0x5C,0xF0,0x80,0x24,0xE9,0x12,0xFA,0x94,0x40,0x10,0x90,0x97,0x96,0x60,  //0x7650~0x765f      .....$....@....`
0x95,0x09,0x44,0x50,0x00,0x5C,0x44,0x12,0x00,0x6C,0x42,0x10,0x14,0x73,0x88,0x24,  //0x7660~0x766f      ..DP..D..lB..s.$
0x10,0x30,0x80,0x14,0x10,0x20,0x80,0x15,0xDD,0x9E,0xFC,0x00,0x44,0x42,0x00,0x6C,  //0x7670~0x767f      .0..........DB.l
0x44,0x60,0x00,0x5C,0x54,0x50,0x80,0x01,0x42,0x40,0x18,0x73,0x88,0x24,0xCD,0x06,  //0x7680~0x768f      D`..TP..B@.s.$..
0x10,0x30,0x80,0x14,0x10,0x20,0x80,0x15,0xFC,0x80,0x10,0x30,0x80,0x13,0x10,0x20,  //0x7690~0x769f      .0.........0....
0x80,0x14,0xFC,0x80,0xFC,0x4A,0xB1,0xCB,0x80,0xC0,0x81,0x21,0x80,0x07,0x44,0x10,  //0x76a0~0x76af      .....J.....!..D.
0x00,0xFF,0xFA,0x54,0x49,0x00,0x0B,0x88,0x80,0x26,0x9A,0x0E,0x96,0x00,0xE2,0x09,  //0x76b0~0x76bf      ...TI....&......
0xE8,0x06,0x08,0x20,0x80,0x01,0x38,0x03,0x88,0x08,0xD5,0xF8,0x84,0x00,0x80,0x40,  //0x76c0~0x76cf      ......8........@
0x80,0x80,0xB0,0x41,0x44,0xA1,0x0A,0xE8,0x97,0x40,0xE2,0xA9,0xE8,0x28,0x54,0x32,  //0x76d0~0x76df      ...AD....@...(T2
0x80,0x01,0xCB,0x22,0x54,0x81,0x80,0xFF,0xE3,0x02,0xE8,0x09,0x8C,0x61,0x40,0x80,  //0x76e0~0x76ef      ..."T........a@.
0x8C,0x00,0x00,0x84,0x7F,0xFF,0x4C,0x82,0xFF,0xF7,0xD5,0x16,0x38,0x33,0x00,0x00,  //0x76f0~0x76ff      ......L.....83..
0x54,0x51,0x80,0x01,0x4E,0x53,0x00,0x8A,0x99,0x7B,0xA7,0x69,0x54,0xF2,0x80,0x01,  //0x7700~0x770f      TQ..NS...{.iT...
0xE9,0x07,0x50,0x81,0x00,0x01,0x38,0x50,0x88,0x08,0x54,0x24,0x00,0xFF,0x9D,0x61,  //0x7710~0x771f      ..P...8P..T$...a
0x38,0x35,0x10,0x08,0x97,0x28,0xE6,0x92,0x8C,0x01,0xE9,0xD7,0x2E,0x17,0xFA,0x68,  //0x7720~0x772f      85...(.........h
0x84,0xA0,0x9C,0x09,0x3E,0x07,0xFA,0x68,0x44,0x02,0x00,0x6C,0x10,0x40,0x00,0x49,  //0x7730~0x773f      ....>..hD..l.@.I
0x80,0x65,0x80,0x85,0xB0,0x06,0x45,0xC1,0x0A,0xE8,0x54,0x82,0x80,0xFF,0xE3,0x09,  //0x7740~0x774f      .e....E...T.....
0xE8,0x29,0x54,0xA4,0x00,0x01,0x4E,0xA2,0x00,0x23,0x85,0x40,0x54,0xF5,0x00,0xFF,  //0x7750~0x775f      .)T...N..#.@T...
0x40,0xF7,0x8C,0x06,0xE8,0x09,0x8D,0x41,0x40,0xF0,0x28,0x00,0x00,0xF7,0xFF,0xFF,  //0x7760~0x776f      @......A@.(.....
0x4C,0xF4,0x7F,0xF6,0xD5,0x14,0x38,0xA3,0x14,0x00,0x54,0xF5,0x00,0x01,0xE9,0x5B,  //0x7770~0x777f      L.....8...T....[
0x40,0x83,0xA8,0x00,0x00,0x84,0x00,0x01,0x54,0xF4,0x00,0x01,0xE9,0x4B,0x50,0x82,  //0x7780~0x778f      @.......T....KP.
0x00,0x01,0x88,0x9C,0x10,0xA2,0x00,0x12,0x54,0x44,0x00,0xFF,0xE6,0x92,0x8C,0xA1,  //0x7790~0x779f      ........TD......
0xE9,0xD5,0x44,0x02,0x00,0x6C,0x10,0x40,0x00,0xA5,0x9C,0x0A,0x3E,0x07,0xFA,0x68,  //0x77a0~0x77af      ..D..l.@....>..h
0xC2,0x18,0x84,0x00,0xB1,0x41,0x44,0x71,0x0A,0xE8,0x97,0x00,0xE2,0x82,0xE8,0x0A,  //0x77b0~0x77bf      .....ADq........
0x38,0x40,0x14,0x00,0x38,0x93,0x10,0x00,0x99,0x07,0x10,0x92,0x00,0x24,0x8C,0x01,  //0x77c0~0x77cf      8@..8........$..
0xD5,0xF5,0x44,0x02,0x00,0x6C,0x8C,0x23,0x10,0x20,0x01,0x01,0x3E,0x17,0xFA,0x68,  //0x77d0~0x77df      ..D..l.#....>..h
0xCB,0x02,0xFC,0xCA,0x84,0x00,0xB0,0x86,0x44,0x41,0x0A,0xE8,0x96,0x40,0xE2,0x23,  //0x77e0~0x77ef      ........DA...@.#
0xE8,0x0A,0x38,0x10,0x08,0x00,0x38,0x53,0x04,0x00,0x98,0x44,0x10,0x50,0x80,0x36,  //0x77f0~0x77ff      ..8...8S...D.P.6
0x8C,0x01,0xD5,0xF5,0x44,0x02,0x00,0x6C,0x10,0x30,0x01,0x5D,0x2E,0x07,0xFA,0x68,  //0x7800~0x780f      ....D..l.0.]...h
0x8C,0x01,0x3E,0x07,0xFA,0x68,0xFC,0xCA,0x99,0x7B,0x00,0x52,0xFF,0xFF,0x48,0xFF,  //0x7810~0x781f      ..>..h...{.R..H.
0xFF,0x77,0x5A,0x80,0xFF,0xB6,0x50,0xF1,0x80,0x01,0x38,0x80,0x0C,0x08,0x54,0x37,  //0x7820~0x782f      .wZ...P...8...T7
0x80,0xFF,0xD5,0xAE,0x40,0x83,0xA8,0x00,0x00,0x84,0x7F,0xFF,0xD5,0xA6,0xFC,0x40,  //0x7830~0x783f      ....@..........@
0x44,0x52,0x00,0xA4,0x44,0x62,0x02,0x14,0x80,0x05,0x44,0x10,0x00,0x3F,0x84,0x49,  //0x7840~0x784f      DR..Db....D..?.I
0x49,0x00,0x0A,0xBA,0x50,0x50,0x00,0x5C,0xDE,0xF8,0x84,0xC0,0x44,0xA2,0x00,0x6C,  //0x7850~0x785f      I...PP......D..l
0x2E,0x07,0xFA,0x68,0xE2,0xC0,0xE8,0x1E,0x44,0x00,0x00,0x5C,0x81,0x2A,0x42,0x93,  //0x7860~0x786f      ...h....D....*B.
0x00,0x73,0x84,0xE0,0x50,0x94,0x80,0x48,0x00,0x04,0x80,0x01,0xE2,0xE0,0xE8,0x0F,  //0x7870~0x787f      .s..P..H........
0xFA,0x02,0x80,0x27,0x42,0x13,0x00,0x73,0x44,0x21,0x0A,0xE8,0x80,0x06,0x38,0x11,  //0x7880~0x788f      ...'B..sD!....8.
0x04,0x00,0x8C,0xE1,0x49,0xFF,0xFE,0x4F,0x97,0xF8,0xD5,0xEF,0x8C,0xC1,0x97,0xB0,  //0x7890~0x789f      ....I..O........
0xD5,0xE0,0xFC,0xC0,0xFC,0x00,0x80,0xA0,0x80,0x81,0x9A,0xE1,0x96,0x18,0xE2,0x02,  //0x78a0~0x78af      ................
0xE8,0x06,0xA7,0xA8,0x08,0x32,0x00,0x01,0x4C,0x61,0xFF,0xF9,0xFC,0x80,0xFC,0x42,  //0x78b0~0x78bf      .....2..La.....B
0x84,0xC0,0xF0,0x81,0xF1,0x82,0x44,0x82,0x00,0x6C,0x2E,0x07,0xFA,0x68,0xE2,0xC0,  //0x78c0~0x78cf      ......D..l...h..
0xE8,0x26,0x44,0x00,0x00,0x5C,0x81,0x48,0x42,0xA3,0x00,0x73,0x84,0xE0,0x50,0xA5,  //0x78d0~0x78df      .&D....HB..s..P.
0x00,0x48,0x00,0x05,0x00,0x01,0xE2,0xE0,0xE8,0x17,0xFA,0x02,0x81,0x27,0x42,0x93,  //0x78e0~0x78ef      .H...........'B.
0x00,0x73,0x44,0x01,0x0A,0xE8,0x89,0x20,0xF1,0x01,0xF2,0x02,0x80,0x09,0x49,0xFF,  //0x78f0~0x78ff      .sD...........I.
0xFF,0xD3,0xF0,0x83,0xF1,0x03,0x80,0x06,0x00,0x24,0x80,0x00,0x8C,0xE1,0x49,0xFF,  //0x7900~0x790f      .........$....I.
0xFE,0x86,0x97,0xF8,0xD5,0xE7,0x8C,0xC1,0x97,0xB0,0xD5,0xD8,0xFC,0xC2,0xFC,0x40,  //0x7910~0x791f      ...............@
0xC8,0x09,0x2E,0x97,0xFA,0x68,0x44,0x62,0x00,0x6C,0x44,0x70,0x00,0x5C,0x85,0x43,  //0x7920~0x792f      .....hDb.lDp...C
0xD5,0x0E,0x2E,0x37,0xFA,0x68,0x84,0xA0,0x44,0x42,0x00,0x6C,0x44,0x60,0x00,0x5C,  //0x7930~0x793f      ...7.h..DB.lD`..
0x44,0x71,0x0A,0xE8,0xFB,0x22,0xD5,0x21,0x8C,0x01,0x96,0x00,0x4C,0x04,0xBF,0xF3,  //0x7940~0x794f      Dq...".!....L...
0x80,0xA6,0x80,0x81,0x42,0x50,0x1C,0x73,0x9A,0xE1,0x96,0xD8,0xE2,0x62,0xE8,0xF5,  //0x7950~0x795f      ....BP.s.....b..
0x08,0x32,0x00,0x01,0x40,0x81,0x88,0x09,0x89,0x05,0x50,0x84,0x00,0x48,0x96,0xCF,  //0x7960~0x796f      .2..@.....P..H..
0x00,0xF4,0x00,0x04,0x94,0xD9,0x40,0x35,0x0C,0x0C,0x40,0x31,0xBC,0x04,0x10,0x34,  //0x7970~0x797f      ......@5..@1...4
0x00,0x04,0xD5,0xEB,0x8C,0xA1,0x97,0x68,0xD3,0x26,0x80,0x44,0x42,0x22,0x98,0x73,  //0x7980~0x798f      .......h.&.DB".s
0x84,0x20,0x50,0xA1,0x00,0x48,0x42,0x82,0xA4,0x24,0x87,0x83,0x00,0x05,0x00,0x01,  //0x7990~0x799f      ..P..HB..$......
0xE2,0x20,0xE8,0xF1,0x40,0x04,0x04,0x00,0x38,0x03,0x80,0x00,0x8C,0x21,0x40,0xF0,  //0x79a0~0x79af      ....@...8....!@.
0x08,0x09,0x40,0xF1,0x3C,0x00,0x96,0x0F,0x50,0xF7,0x80,0x48,0x94,0x01,0x01,0xE7,  //0x79b0~0x79bf      ..@.<...P..H....
0x80,0x04,0x40,0x0E,0x00,0x0C,0xFE,0x03,0x40,0x00,0x78,0x02,0x10,0x07,0x80,0x04,  //0x79c0~0x79cf      ..@.....@.x.....
0x96,0x48,0xD5,0xE5,0xFC,0xC0,0xFC,0x42,0x84,0xC0,0xF0,0x81,0x81,0x01,0xF2,0x82,  //0x79d0~0x79df      .H.....B........
0xF3,0x83,0x44,0xA2,0x00,0x6C,0x2E,0x07,0xFA,0x68,0xE2,0xC0,0xE8,0x28,0x44,0x00,  //0x79e0~0x79ef      ..D..l...h...(D.
0x00,0x5C,0x83,0x8A,0x43,0xC3,0x00,0x73,0x84,0xE0,0x51,0xCE,0x00,0x48,0x00,0x0E,  //0x79f0~0x79ff      ....C..s..Q..H..
0x00,0x01,0xE2,0xE0,0xE8,0x19,0xFA,0x02,0x81,0x27,0x42,0x93,0x00,0x73,0x44,0x21,  //0x7a00~0x7a0f      .........'B..sD!
0x0A,0xE8,0x89,0x22,0xF1,0x02,0xF2,0x03,0x80,0x09,0x49,0xFF,0xFF,0x45,0xF3,0x01,  //0x7a10~0x7a1f      ..."......I..E..
0x38,0x24,0x00,0x00,0x00,0x14,0x80,0x00,0x80,0x06,0xA6,0xD8,0x8C,0xE1,0x49,0xFF,  //0x7a20~0x7a2f      8$............I.
0xFE,0x12,0x97,0xF8,0xD5,0xE5,0x8C,0xC1,0x97,0xB0,0xD5,0xD6,0xFC,0xC2,0xFC,0x20,  //0x7a30~0x7a3f      ................
0x2E,0x47,0xFF,0x6F,0x3C,0x53,0xFF,0xB5,0x2E,0x27,0xFF,0x72,0x5A,0x08,0x01,0x08,  //0x7a40~0x7a4f      .G.o<S...'.rZ...
0x2E,0x47,0xFF,0x7B,0x3C,0x53,0xFF,0xBB,0x2E,0x27,0xFF,0x7E,0x84,0x00,0xE6,0x82,  //0x7a50~0x7a5f      .G.{<S...'.~....
0x3C,0x0F,0xFF,0x50,0x3C,0x0F,0xFF,0x51,0xE9,0x07,0x84,0x82,0x44,0x70,0x00,0x76,  //0x7a60~0x7a6f      <..P<..Q....Dp.v
0x44,0x10,0x00,0x4A,0xD5,0x06,0x5A,0x40,0x01,0x3F,0x80,0x80,0x80,0xE0,0x80,0x20,  //0x7a70~0x7a7f      D..J..Z@.?......
0xE2,0x22,0xE8,0x04,0x9A,0x51,0x3C,0x1F,0xFF,0x51,0xCD,0x02,0x84,0xA1,0x3C,0x3D,  //0x7a80~0x7a8f      ."...Q<..Q....<=
0xFF,0x51,0x94,0x11,0x52,0x11,0xFF,0xF7,0x9A,0x08,0x3C,0x1D,0xFF,0x56,0x9B,0x87,  //0x7a90~0x7a9f      .Q..R.....<..V..
0x44,0x00,0x03,0xE8,0x40,0x10,0x80,0x37,0x40,0x00,0x94,0x17,0x88,0x06,0x5C,0xF0,  //0x7aa0~0x7aaf      D...@..7@.......
0x00,0x21,0xE9,0x05,0x84,0x23,0x40,0x00,0x04,0x17,0xD5,0x02,0x84,0x0B,0x3C,0x0F,  //0x7ab0~0x7abf      .!...#@.......<.
0xFF,0x4E,0x3C,0x0D,0xFF,0x4E,0x84,0x21,0x40,0x40,0x90,0x0C,0x94,0x01,0x40,0x42,  //0x7ac0~0x7acf      .N<..N.!@@....@B
0x04,0x0E,0x8C,0x03,0xFA,0x37,0x88,0x02,0x88,0x61,0x8E,0x81,0xFF,0x0C,0x3C,0x0F,  //0x7ad0~0x7adf      .....7...a....<.
0xFF,0x4F,0x9A,0x9A,0x8C,0x0A,0x88,0x04,0x88,0x82,0x3C,0x0F,0xFF,0x4C,0x3C,0x4F,  //0x7ae0~0x7aef      .O........<..L<O
0xFF,0x4D,0xFC,0xA0,0xFA,0xFC,0xFA,0x34,0xD5,0xC4,0xFC,0x40,0x2E,0x57,0xFF,0x70,  //0x7af0~0x7aff      .M.....4...@.W.p
0x2E,0x37,0xFF,0x6F,0x94,0x6B,0x8C,0x29,0x96,0x48,0x84,0x41,0x9F,0x09,0x40,0x21,  //0x7b00~0x7b0f      .7.o.k.).H.A..@!
0x0C,0x0C,0x40,0x22,0x08,0x56,0x96,0x90,0x2E,0x77,0xFF,0x72,0x2E,0x67,0xFF,0x71,  //0x7b10~0x7b1f      ..@".V...w.r.g.q
0x3E,0x27,0xFF,0x6D,0x5A,0x08,0x01,0x15,0x2E,0x57,0xFF,0x7C,0x2E,0x37,0xFF,0x7B,  //0x7b20~0x7b2f      >'.mZ....W.|.7.{
0x94,0x6B,0x8C,0x29,0x96,0x48,0x9E,0x89,0x40,0x00,0x0C,0x0C,0x40,0x01,0x00,0x16,  //0x7b30~0x7b3f      .k.).H..@...@...
0x96,0x80,0x2E,0x77,0xFF,0x7E,0x2E,0x67,0xFF,0x7D,0x3E,0x27,0xFF,0x79,0x2E,0x07,  //0x7b40~0x7b4f      ...w.~.g.}>'.y..
0xFA,0x68,0x3C,0x9C,0x01,0x59,0x96,0x2F,0x95,0x06,0x44,0x0F,0xF0,0x3F,0x40,0x04,  //0x7b50~0x7b5f      .h<..Y./..D..?@.
0x80,0x02,0xFE,0x27,0x3C,0x0E,0x01,0x59,0x3C,0x4C,0x01,0x58,0x46,0x0F,0xC0,0x00,  //0x7b60~0x7b6f      ...'<..Y<L.XF...
0x50,0x00,0x03,0xFF,0xFE,0x26,0x44,0x47,0xFC,0x00,0xFE,0x27,0x3C,0x0E,0x01,0x58,  //0x7b70~0x7b7f      P....&DG...'<..X
0x3C,0x0C,0x01,0x58,0x96,0xD7,0x58,0x00,0x02,0x00,0x3C,0x0E,0x01,0x58,0x84,0x04,  //0x7b80~0x7b8f      <..X..X...<..X..
0x3E,0x00,0x05,0x6B,0x3C,0x4C,0x01,0x5C,0x46,0x0F,0xFE,0xFF,0x50,0x00,0x0F,0xFF,  //0x7b90~0x7b9f      >..k<L..F...P...
0xFE,0x26,0x3C,0x0E,0x01,0x5C,0x3C,0x4C,0x01,0x5C,0x46,0x02,0x00,0x00,0xFE,0x27,  //0x7ba0~0x7baf      .&<...<L..F....'
0x9D,0x16,0x97,0x20,0x3C,0x0E,0x01,0x5C,0x3E,0x40,0x05,0x68,0x54,0x02,0x80,0x0F,  //0x7bb0~0x7bbf      ....<...>@.hT...
0x3C,0x4C,0x01,0x5C,0x40,0x20,0x40,0x08,0x46,0x0F,0xFF,0x0F,0x50,0x00,0x0F,0xFF,  //0x7bc0~0x7bcf      <L..@.@.F...P...
0xFE,0x26,0xFE,0x17,0x3C,0x0E,0x01,0x5C,0x40,0x50,0xD4,0x08,0x46,0x4E,0x01,0xFF,  //0x7bd0~0x7bdf      .&..<...@P..FN..
0x3C,0x1C,0x01,0x5C,0x50,0x42,0x0F,0xFF,0xFF,0x0E,0xFF,0x2F,0x3C,0x4E,0x01,0x5C,  //0x7be0~0x7bef      <...PB...../<N..
0x3C,0x2C,0x01,0x5D,0x84,0x18,0xFE,0x86,0xFE,0x9F,0x3C,0x2E,0x01,0x5D,0x3C,0x2C,  //0x7bf0~0x7bff      <,.]......<..]<,
0x01,0x5D,0x54,0x03,0x80,0x7F,0x94,0x47,0x44,0x0F,0xC0,0x7F,0xFE,0x16,0xFE,0x0F,  //0x7c00~0x7c0f      .]T....GD.......
0x3C,0x0E,0x01,0x5D,0x3C,0x1C,0x01,0x58,0x44,0x0F,0xFF,0xDF,0xFE,0x0E,0x3C,0x0E,  //0x7c10~0x7c1f      <..]<..XD.....<.
0x01,0x58,0x3C,0x1C,0x01,0x58,0x44,0x0F,0xFF,0xEF,0xFE,0x0E,0x3C,0x0E,0x01,0x58,  //0x7c20~0x7c2f      .X<..XD.....<..X
0x3C,0x0C,0x01,0x58,0x97,0x9F,0x58,0x00,0x00,0x08,0x3C,0x0E,0x01,0x58,0x3C,0x1C,  //0x7c30~0x7c3f      <..X..X...<..X<.
0x01,0x58,0x84,0x1B,0xFE,0x0E,0x3C,0x0E,0x01,0x58,0x3C,0x1C,0x01,0x58,0x84,0x1D,  //0x7c40~0x7c4f      .X....<..X<..X..
0xFE,0x0E,0x3C,0x0E,0x01,0x58,0x3C,0x1C,0x01,0x64,0x84,0x10,0xFE,0x0E,0xFF,0x87,  //0x7c50~0x7c5f      ..<..X<..d......
0x3C,0x6E,0x01,0x64,0xFC,0xC0,0x44,0x02,0x00,0x6C,0x00,0x20,0x00,0xA0,0x00,0x10,  //0x7c60~0x7c6f      <n.d..D..l......
0x00,0x44,0x44,0x31,0x0B,0x5C,0xFE,0x57,0x00,0x20,0x00,0xFC,0xFE,0x57,0x00,0x20,  //0x7c70~0x7c7f      .DD1...W.....W..
0x01,0x58,0xFE,0x57,0x10,0x11,0x80,0x08,0x00,0x20,0x00,0xA1,0x00,0x10,0x00,0x45,  //0x7c80~0x7c8f      .X.W...........E
0xFE,0x57,0x00,0x20,0x00,0xFD,0xFE,0x57,0x00,0x20,0x01,0x59,0xFE,0x57,0x10,0x11,  //0x7c90~0x7c9f      .W.....W...Y.W..
0x80,0x0C,0x00,0x20,0x00,0xA2,0x00,0x10,0x00,0x46,0xFE,0x57,0x00,0x20,0x00,0xFE,  //0x7ca0~0x7caf      .........F.W....
0xFE,0x57,0x00,0x20,0x01,0x5A,0xFE,0x57,0x10,0x11,0x80,0x10,0x00,0x20,0x00,0xA3,  //0x7cb0~0x7cbf      .W...Z.W........
0x00,0x10,0x00,0x47,0xFE,0x57,0x00,0x20,0x00,0xFF,0xFE,0x57,0x00,0x20,0x01,0x5B,  //0x7cc0~0x7ccf      ...G.W.....W...[
0xFE,0x57,0x10,0x11,0x80,0x14,0x00,0x20,0x00,0xA4,0x00,0x10,0x00,0x48,0xFE,0x57,  //0x7cd0~0x7cdf      .W...........H.W
0x00,0x20,0x01,0x00,0xFE,0x57,0x00,0x20,0x01,0x5C,0x40,0x00,0x88,0x04,0xA0,0x9E,  //0x7ce0~0x7cef      .....W....@.....
0x54,0x10,0x00,0x0F,0x84,0x10,0xFE,0x16,0xFE,0x0F,0xA8,0x1E,0xDD,0x9E,0xFC,0x20,  //0x7cf0~0x7cff      T...............
0x80,0xE0,0x3C,0x6C,0x01,0x64,0x49,0xFF,0xFE,0x9C,0x80,0x07,0x49,0xFF,0xFE,0xF7,  //0x7d00~0x7d0f      ..<l.dI.....I...
0x3C,0x0C,0x01,0x64,0x44,0x1F,0xFF,0xDF,0xFE,0x46,0x97,0x9F,0x3C,0x1E,0x01,0x64,  //0x7d10~0x7d1f      <..dD....F..<..d
0xCF,0x07,0x3C,0x0C,0x01,0x64,0x58,0x00,0x00,0x20,0x3C,0x0E,0x01,0x64,0x3C,0x0D,  //0x7d20~0x7d2f      ..<..dX...<..d<.
0xFF,0x50,0x54,0x10,0x3F,0xFF,0x3C,0x0C,0x01,0x5E,0x92,0x0E,0x40,0x00,0x38,0x08,  //0x7d30~0x7d3f      .PT.?.<..^..@.8.
0xFE,0x0F,0x3C,0x1D,0xFF,0x51,0x3C,0x0E,0x01,0x5E,0x54,0x10,0xBF,0xFF,0x40,0x20,  //0x7d40~0x7d4f      ..<..Q<..^T...@.
0xB8,0x08,0x46,0x0F,0x00,0x03,0x3C,0x1C,0x01,0x5E,0x50,0x00,0x0F,0xFF,0xFE,0x46,  //0x7d50~0x7d5f      ..F...<..^P....F
0xFE,0x57,0x3C,0x1E,0x01,0x5E,0x3C,0x1D,0xFF,0x4E,0x54,0x20,0xBF,0xFF,0x3C,0x1C,  //0x7d60~0x7d6f      .W<..^<..NT...<.
0x01,0x5F,0x92,0x2E,0x40,0x10,0xB8,0x08,0xFE,0x57,0x3C,0x1E,0x01,0x5F,0x3C,0x1D,  //0x7d70~0x7d7f      ._..@....W<.._<.
0xFF,0x4F,0x54,0x10,0xBF,0xFF,0x40,0x20,0xB8,0x08,0x3C,0x1C,0x01,0x5F,0xFE,0x46,  //0x7d80~0x7d8f      .OT...@...<.._.F
0xFE,0x57,0x3C,0x1E,0x01,0x5F,0x3C,0x1D,0xFF,0x4C,0x54,0x20,0xBF,0xFF,0x3C,0x1C,  //0x7d90~0x7d9f      .W<.._<..LT...<.
0x01,0x60,0x92,0x2E,0x40,0x10,0xB8,0x08,0xFE,0x57,0x3C,0x1E,0x01,0x60,0x3C,0x1D,  //0x7da0~0x7daf      .`..@....W<..`<.
0xFF,0x4D,0x3C,0x2C,0x01,0x60,0x54,0x10,0xBF,0xFF,0xFE,0x16,0x40,0x10,0xB8,0x08,  //0x7db0~0x7dbf      .M<,.`T.....@...
0xFE,0x0F,0x3C,0x0E,0x01,0x60,0x3C,0x0D,0xFE,0xA4,0x58,0x00,0x00,0x01,0x3C,0x0F,  //0x7dc0~0x7dcf      ..<..`<...X...<.
0xFE,0xA4,0x3C,0x1D,0xFE,0xA4,0x84,0x1D,0xFE,0x0E,0x3C,0x0F,0xFE,0xA4,0x3C,0x0D,  //0x7dd0~0x7ddf      ..<.......<...<.
0xFE,0xA4,0x58,0x00,0x00,0x04,0x3C,0x0F,0xFE,0xA4,0x3C,0x1D,0xFE,0xA4,0x44,0x0F,  //0x7de0~0x7def      ..X...<...<...D.
0xF8,0x07,0xFE,0x0E,0x3C,0x0F,0xFE,0xA4,0x3C,0x1D,0xFE,0xA4,0x44,0x08,0x07,0xFF,  //0x7df0~0x7dff      ....<...<...D...
0xFE,0x0E,0x44,0x15,0x00,0x00,0xFE,0x0F,0x3C,0x0F,0xFE,0xA4,0x3C,0x1D,0xFE,0xA4,  //0x7e00~0x7e0f      ..D.....<...<...
0x46,0x0F,0x80,0x7F,0x50,0x00,0x0F,0xFF,0xFE,0x0E,0x46,0x10,0x0F,0x00,0xFE,0x0F,  //0x7e10~0x7e1f      F...P.....F.....
0x3C,0x0F,0xFE,0xA4,0x3C,0x1D,0xFE,0xA4,0x46,0x0F,0x7F,0xFF,0x50,0x00,0x0F,0xFF,  //0x7e20~0x7e2f      <...<...F...P...
0xFE,0x0E,0x3C,0x0F,0xFE,0xA4,0x44,0x00,0x94,0x9C,0x38,0x00,0x19,0x00,0x3E,0x07,  //0x7e30~0x7e3f      ..<...D...8...>.
0xFA,0x94,0x49,0xFF,0xFF,0x12,0x49,0xFF,0xF6,0x28,0xFC,0xA0,0xFC,0x41,0x84,0x20,  //0x7e40~0x7e4f      ..I...I..(...A..
0x80,0xE0,0x2E,0x97,0xFE,0x24,0x2E,0x07,0xFE,0x25,0x3E,0x17,0xFA,0x68,0x2E,0x17,  //0x7e50~0x7e5f      .....$...%>..h..
0xFF,0x6E,0x40,0x60,0x24,0x00,0x3C,0x8D,0xFF,0x8C,0x97,0xB0,0x10,0x1F,0x80,0x07,  //0x7e60~0x7e6f      .n@`$.<.........
0x5A,0x78,0x01,0x09,0x2E,0x17,0xFF,0x7A,0x44,0xA1,0x05,0x04,0x10,0x1F,0x80,0x07,  //0x7e70~0x7e7f      Zx.....zD.......
0xD5,0x03,0x44,0xA1,0x04,0xCE,0x2E,0x17,0xF7,0x59,0x5A,0x18,0x01,0x05,0x3C,0x8D,  //0x7e80~0x7e8f      ..D......YZ...<.
0xFF,0x8D,0x81,0x20,0x49,0xFF,0xFB,0x46,0xFD,0x04,0x49,0xFF,0xFC,0x05,0x49,0xFF,  //0x7e90~0x7e9f      ....I..F..I...I.
0xFC,0xD0,0x80,0x26,0x44,0x01,0x04,0x98,0x49,0xFF,0xFD,0x0B,0x50,0x0F,0x80,0x07,  //0x7ea0~0x7eaf      ...&D...I...P...
0x80,0x2A,0x80,0x66,0x44,0x21,0x04,0x98,0x49,0xFF,0xFD,0x8F,0x80,0x07,0x44,0x11,  //0x7eb0~0x7ebf      .*.fD!..I.....D.
0x04,0x98,0x80,0x46,0x49,0xFF,0xFD,0x2D,0x80,0x07,0x49,0xFF,0xFF,0x1A,0xFC,0xC1,  //0x7ec0~0x7ecf      ...FI..-..I.....
0x3C,0x0D,0xE3,0xCB,0x44,0x3F,0xFF,0xDF,0x04,0x10,0x00,0x0E,0xFE,0x5E,0x14,0x10,  //0x7ed0~0x7edf      <...D?.......^..
0x00,0x0E,0x3C,0x2D,0xE3,0xC9,0x84,0x3E,0xA1,0x12,0xFE,0x66,0xA8,0x52,0x84,0x20,  //0x7ee0~0x7eef      ..<-...>...f.R..
0xA8,0x42,0xA8,0x43,0xA8,0x44,0xA8,0x45,0xA8,0x46,0xA8,0x53,0xA8,0x54,0xA8,0x55,  //0x7ef0~0x7eff      .B.C.D.E.F.S.T.U
0xA8,0x56,0xA8,0x57,0xA1,0x57,0x84,0x90,0xFF,0x2E,0xA9,0x17,0xA1,0x57,0x44,0x4F,  //0x7f00~0x7f0f      .V.W.W.......WDO
0xFF,0xBF,0xFF,0x2E,0xA9,0x17,0xA1,0x01,0x44,0x2F,0xFF,0xEF,0xFF,0x16,0xA9,0x01,  //0x7f10~0x7f1f      ........D/......
0xA1,0x01,0xFE,0xE6,0xA8,0xC1,0x04,0x30,0x00,0x0E,0xFE,0x9E,0x14,0x20,0x00,0x0E,  //0x7f20~0x7f2f      .......0........
0x14,0x10,0x00,0x0F,0x14,0x10,0x00,0x10,0xDD,0x9E,0xFC,0x20,0x3C,0x1D,0xE3,0xC9,  //0x7f30~0x7f3f      ............<...
0x44,0x3F,0xFF,0xEF,0xA0,0x09,0x44,0x6F,0xFF,0xDF,0xFE,0x1E,0xA8,0x09,0x3C,0x0D,  //0x7f40~0x7f4f      D?....Do......<.
0xE3,0xCB,0x83,0x80,0xBA,0x0E,0xFE,0xB6,0xBA,0x8E,0xA1,0x0A,0x84,0x5E,0xFE,0xA6,  //0x7f50~0x7f5f      .............^..
0xA8,0x8A,0x84,0x40,0xA8,0x82,0xA8,0x83,0xA8,0x84,0xA8,0x85,0xA8,0x86,0xA8,0x8B,  //0x7f60~0x7f6f      ...@............
0xA8,0x8C,0xA8,0x8D,0xA8,0x8E,0xA8,0x8F,0xA1,0x4F,0x84,0x90,0xFF,0x2E,0xA9,0x0F,  //0x7f70~0x7f7f      .........O......
0xA1,0x4F,0x44,0x4F,0xFF,0xBF,0xFF,0x2E,0xA9,0x0F,0x3C,0x1D,0xE3,0xC6,0x46,0x4F,  //0x7f80~0x7f8f      .ODO......<...FO
0x8F,0xFF,0xB4,0xA1,0x50,0x42,0x0F,0xFF,0xFF,0x2E,0x46,0x50,0x60,0x00,0xFF,0x2F,  //0x7f90~0x7f9f      ....PB....FP`../
0xB6,0x81,0xA1,0x49,0x44,0x41,0xFE,0x00,0xA1,0xC9,0xFF,0x66,0x44,0x4C,0x01,0xFF,  //0x7fa0~0x7faf      ...IDA.....fDL..
0xFF,0x3E,0xFF,0x2F,0xA9,0x09,0xA0,0x41,0xFE,0x5E,0xA8,0x41,0xA0,0x41,0xFF,0x8E,  //0x7fb0~0x7fbf      .>./...A.^.A.A..
0xA9,0x81,0xB9,0x0E,0xFE,0xCE,0xBB,0x8E,0xBA,0x8F,0xBA,0x90,0xFC,0xA0,0xFC,0x00,  //0x7fc0~0x7fcf      ................
0x49,0xFF,0xFF,0x80,0xFC,0x80,0xFC,0x00,0x49,0xFF,0xFF,0xB1,0xFC,0x80,0x3C,0x0D,  //0x7fd0~0x7fdf      I.......I.....<.
0xE3,0xC3,0xB4,0x20,0x58,0x10,0x80,0x01,0xB6,0x20,0xB4,0x20,0x58,0x10,0x80,0x02,  //0x7fe0~0x7fef      ....X.......X...
0xB6,0x20,0xB4,0x20,0x58,0x10,0x80,0x04,0xB6,0x20,0x3C,0x1D,0xE3,0xCC,0x46,0x00,  //0x7ff0~0x7fff      ....X.....<...F.
0x01,0x00,0xA0,0x8C,0xFE,0x17,0xA8,0x0C,0xDD,0x9E,0x3C,0x4D,0xE3,0xC9,0x96,0x17,  //0x8000~0x800f      ..........<M....
0xA0,0xA2,0x96,0x6F,0x58,0x21,0x00,0x01,0xA8,0xA2,0x3C,0x2D,0xE3,0xCB,0x04,0x31,  //0x8010~0x801f      ...oX!....<-...1
0x00,0x0E,0x58,0x31,0x80,0x10,0x14,0x31,0x00,0x0E,0x84,0x60,0x14,0x31,0x00,0x0F,  //0x8020~0x802f      ..X1...1...`.1..
0x04,0x51,0x00,0x10,0x84,0x70,0xFE,0xEE,0x58,0x31,0x80,0x01,0x14,0x31,0x00,0x10,  //0x8030~0x803f      .Q...p..X1...1..
0xB4,0xA4,0x84,0x78,0xFE,0xEE,0xFE,0x1F,0xB6,0x04,0x04,0x01,0x00,0x11,0x92,0x06,  //0x8040~0x804f      ...x............
0x94,0x06,0xFE,0x0F,0x14,0x01,0x00,0x11,0x04,0x01,0x00,0x11,0x58,0x00,0x00,0x40,  //0x8050~0x805f      ............X..@
0x14,0x01,0x00,0x11,0x3C,0x1D,0xE3,0xCC,0x04,0x00,0x80,0x09,0x92,0x02,0x96,0x06,  //0x8060~0x806f      ....<...........
0xC0,0xFC,0x50,0x31,0x00,0x40,0xA0,0x59,0x44,0x0F,0xFF,0xBF,0xFE,0x0E,0xA8,0x19,  //0x8070~0x807f      ..P1.@.YD.......
0x84,0x00,0xB6,0x03,0xDD,0x9E,0xFC,0x4F,0x2E,0x07,0xFE,0x25,0x2E,0x67,0xFE,0x24,  //0x8080~0x808f      .......O...%.g.$
0x2E,0x27,0xFA,0x3C,0x88,0xC0,0x2E,0x77,0xF8,0x85,0x2E,0x07,0xF8,0x84,0x40,0x73,  //0x8090~0x809f      .'.<...w......@s
0xA0,0x08,0xE6,0x48,0xFF,0xC7,0x2E,0x17,0xFA,0x3D,0x97,0xB0,0x80,0x02,0xE9,0x02,  //0x80a0~0x80af      ...H.....=......
0x84,0x07,0x96,0x00,0xF0,0x81,0x85,0x21,0xC1,0x08,0x5C,0xF0,0x80,0x21,0x80,0x01,  //0x80b0~0x80bf      .......!.....!..
0xE9,0x02,0xFA,0x10,0x54,0x90,0x00,0xFF,0x84,0x01,0x49,0xFF,0xF9,0xF8,0x3C,0x8D,  //0x80c0~0x80cf      ....T.....I...<.
0xE3,0xCC,0x46,0x0F,0xC0,0x00,0xB4,0x28,0x50,0x00,0x03,0xFF,0xFE,0x0E,0x40,0x73,  //0x80d0~0x80df      ..F....(P.....@s
0xA8,0x08,0xFF,0xC7,0xB6,0xE8,0xB4,0x28,0x44,0x0F,0xFD,0xFF,0xFE,0x0E,0xB6,0x08,  //0x80e0~0x80ef      .......(D.......
0x64,0x03,0x00,0x02,0x84,0x3B,0xFE,0x0E,0x64,0x03,0x00,0x03,0x64,0x00,0x00,0x08,  //0x80f0~0x80ff      d....;..d...d...
0x49,0xFF,0xF3,0xE9,0x44,0x00,0x13,0x88,0x49,0xFF,0xEE,0x94,0x49,0xFF,0xF7,0x93,  //0x8100~0x810f      I...D...I...I...
0x49,0xFF,0xFF,0x67,0x84,0x20,0x44,0x20,0x00,0x6A,0x44,0x04,0x08,0xF4,0x49,0x00,  //0x8110~0x811f      I..g..D..jD...I.
0x06,0x53,0x44,0x02,0x00,0x00,0x84,0x20,0x44,0x20,0x08,0x00,0x49,0x00,0x06,0x4C,  //0x8120~0x812f      .SD.....D...I..L
0x84,0x00,0x10,0x04,0x00,0x0B,0x84,0xE0,0x45,0xC1,0x03,0xF4,0x84,0x20,0xB0,0x03,  //0x8130~0x813f      ........E.......
0x44,0x20,0x00,0x6A,0x49,0x00,0x06,0x40,0x44,0x52,0x08,0xE8,0x44,0x1F,0xFF,0xAA,  //0x8140~0x814f      D..jI..@DR..D...
0x44,0x02,0x08,0xF6,0x18,0x12,0x80,0x01,0xD8,0xFE,0x85,0x00,0x44,0xA2,0x00,0x00,  //0x8150~0x815f      D...........D...
0x54,0x04,0x00,0xFF,0xE2,0x06,0xE8,0x0F,0x40,0x14,0x70,0x00,0xF0,0x01,0x00,0x10,  //0x8160~0x816f      T.......@.p.....
0x80,0xA4,0x49,0xFF,0xFF,0x4C,0x00,0x05,0x00,0x00,0xB0,0x43,0x38,0x00,0xA1,0x09,  //0x8170~0x817f      ..I..L.....C8...
0x8D,0x01,0xD5,0xEF,0x44,0x14,0x08,0xF4,0x84,0x00,0x96,0x80,0xE2,0x46,0xE8,0x0A,  //0x8180~0x818f      ....D........F..
0xB0,0x83,0x38,0x31,0x01,0x01,0xA4,0x88,0x8C,0x01,0x88,0x43,0x1A,0x20,0x80,0x01,  //0x8190~0x819f      ..81.......C....
0xD5,0xF5,0x8C,0xE1,0x97,0xF8,0x4C,0x74,0xFF,0xCB,0x44,0x04,0x08,0xF4,0x84,0xA0,  //0x81a0~0x81af      ......Lt..D.....
0xD6,0x09,0xA4,0x40,0x8C,0xA1,0x40,0x10,0xA4,0x36,0x1A,0x10,0x00,0x01,0x97,0x68,  //0x81b0~0x81bf      ...@..@..6.....h
0xD5,0xF8,0x64,0x03,0x00,0x02,0x58,0x00,0x00,0x04,0x64,0x03,0x00,0x03,0x64,0x00,  //0x81c0~0x81cf      ..d...X...d...d.
0x00,0x08,0xFC,0xCF,0x2E,0x07,0xFD,0x48,0x5A,0x08,0x01,0x0B,0x84,0x00,0x3E,0x07,  //0x81d0~0x81df      .......HZ.....>.
0xFD,0x48,0x3C,0x0D,0xFF,0x53,0xC0,0x04,0xFC,0x00,0xDD,0x20,0xFC,0x80,0xDD,0x9E,  //0x81e0~0x81ef      .H<..S..........
0xFC,0x00,0x64,0x12,0x00,0x43,0x64,0x00,0x00,0x08,0x84,0x01,0x3E,0x07,0xFA,0x69,  //0x81f0~0x81ff      ..d..Cd.....>..i
0x49,0xFF,0xF3,0x73,0x2E,0x07,0xFD,0x2C,0x96,0x00,0x5A,0x08,0x01,0x05,0x3E,0x07,  //0x8200~0x820f      I..s...,..Z...>.
0xFD,0x48,0xFC,0x80,0x3C,0x0D,0xFF,0x53,0xC0,0x02,0xDD,0x20,0xFC,0x80,0x3C,0x0D,  //0x8210~0x821f      .H..<..S......<.
0xE3,0xCD,0xA0,0x42,0x92,0x2A,0x40,0x10,0xA8,0x08,0x58,0x10,0x81,0xB0,0xA8,0x42,  //0x8220~0x822f      ...B.*@...X....B
0x3C,0x1D,0xFF,0x56,0x5A,0x18,0x02,0x09,0xA0,0x42,0x92,0x2A,0x40,0x10,0xA8,0x08,  //0x8230~0x823f      <..VZ....B.*@...
0x58,0x10,0x80,0x6C,0xA8,0x42,0xB4,0x20,0x92,0x2A,0x54,0x10,0x87,0xFF,0x3C,0x1B,  //0x8240~0x824f      X..l.B...*T...<.
0xFD,0x35,0xA0,0x41,0x58,0x10,0x80,0x40,0xA8,0x41,0xB4,0x40,0x46,0x1F,0xFE,0x00,  //0x8250~0x825f      .5.AX..@.A.@F...
0x50,0x10,0x83,0xFF,0xFE,0x56,0xB6,0x20,0x3C,0x0D,0xE3,0xC9,0xB4,0x00,0x92,0x03,  //0x8260~0x826f      P....V..<.......
0x96,0x0F,0x3C,0x0B,0xFE,0xA8,0xDD,0x9E,0xFC,0x00,0x3C,0x2D,0xE3,0xCD,0x44,0x0F,  //0x8270~0x827f      ..<.......<-..D.
0xFF,0xBF,0xA0,0x51,0xFE,0x0E,0xA8,0x11,0x3C,0x03,0xFD,0x35,0xB4,0x62,0x54,0x00,  //0x8280~0x828f      ...Q....<..5.bT.
0x07,0xFF,0x40,0x10,0x28,0x08,0x46,0x0F,0xFE,0x00,0x50,0x00,0x03,0xFF,0xFE,0x1E,  //0x8290~0x829f      ..@.(.F...P.....
0xFE,0x0F,0xB6,0x02,0x84,0x0F,0x49,0xFF,0xED,0xC5,0xFC,0x80,0xFC,0x00,0x49,0xFF,  //0x82a0~0x82af      ......I.......I.
0xFF,0xB8,0x3C,0x1D,0xE3,0xCD,0xA0,0x09,0x58,0x00,0x00,0x02,0xA8,0x09,0x49,0xFF,  //0x82b0~0x82bf      ..<.....X.....I.
0xFF,0xDD,0xFC,0x80,0x3C,0x2D,0xE3,0xC8,0x44,0x1F,0xFF,0x7F,0xA0,0xD3,0x84,0x97,  //0x82c0~0x82cf      ....<-..D.......
0xFE,0x5E,0xA8,0x53,0xA0,0x53,0x44,0x3F,0xFF,0xBF,0xFE,0x5E,0xA8,0x53,0x3C,0x1D,  //0x82d0~0x82df      .^.S.SD?...^.S<.
0xE3,0xCD,0xA1,0x49,0xFF,0x2E,0xA9,0x09,0xA1,0x09,0x58,0x42,0x00,0x04,0xA9,0x09,  //0x82e0~0x82ef      ...I......XB....
0xA1,0x49,0x84,0x9B,0xFF,0x2E,0xA9,0x09,0xA1,0x09,0xFE,0xE6,0xA8,0xC9,0x54,0x30,  //0x82f0~0x82ff      .I............T0
0x00,0x02,0xC3,0x0D,0xA0,0xD3,0x58,0x31,0x80,0x40,0xA8,0xD3,0xA0,0xD3,0x58,0x31,  //0x8300~0x830f      ......X1.@....X1
0x80,0x80,0xA8,0xD3,0xA0,0x89,0x58,0x21,0x00,0x10,0xA8,0x89,0x96,0x16,0xC0,0x09,  //0x8310~0x831f      ......X!........
0xA0,0x09,0x58,0x00,0x00,0x20,0xA8,0x09,0xA0,0x09,0x58,0x00,0x00,0x08,0xA8,0x09,  //0x8320~0x832f      ..X.......X.....
0xA0,0x89,0x84,0x1D,0xFE,0x16,0xA8,0x09,0xA0,0x09,0x58,0x00,0x00,0x01,0xA8,0x09,  //0x8330~0x833f      ..........X.....
0xDD,0x9E,0x3C,0x2D,0xE3,0xCD,0xB4,0x22,0xB4,0x62,0x92,0x2A,0xFE,0x0F,0x54,0x00,  //0x8340~0x834f      ..<-...".b.*..T.
0x07,0xFF,0x40,0x10,0x28,0x08,0x46,0x0F,0xFE,0x00,0x50,0x00,0x03,0xFF,0xFE,0x1E,  //0x8350~0x835f      ..@.(.F...P.....
0xFE,0x0F,0xB6,0x02,0xDD,0x9E,0x3C,0x2D,0xE3,0xCD,0xFE,0x03,0xB4,0x22,0xB4,0x62,  //0x8360~0x836f      ......<-.....".b
0x92,0x2A,0x54,0x10,0x87,0xFF,0xFE,0x0E,0x40,0x10,0x28,0x08,0x46,0x0F,0xFE,0x00,  //0x8370~0x837f      .*T.....@.(.F...
0x50,0x00,0x03,0xFF,0xFE,0x1E,0xFE,0x0F,0xB6,0x02,0xDD,0x9E,0x3C,0x0D,0xE3,0xCD,  //0x8380~0x838f      P...........<...
0x46,0x1F,0xFE,0x00,0xB4,0x40,0x50,0x10,0x83,0xFF,0xFE,0x56,0x46,0x20,0x01,0x1F,  //0x8390~0x839f      F....@P....VF...
0x50,0x21,0x0C,0x00,0xFE,0x57,0xB6,0x20,0x3C,0x1D,0xE3,0xC8,0x44,0x2F,0xFF,0x7F,  //0x83a0~0x83af      P!...W..<...D/..
0xA0,0xCB,0xFE,0x9E,0xA8,0x8B,0xA0,0xCB,0x44,0x2F,0xFF,0xBF,0xFE,0x9E,0xA8,0x8B,  //0x83b0~0x83bf      ........D/......
0xA0,0xC1,0x84,0x57,0xFE,0x9E,0xA8,0x81,0xA0,0x81,0x58,0x21,0x00,0x04,0xA8,0x81,  //0x83c0~0x83cf      ...W......X!....
0xA0,0xC1,0x84,0x5B,0xFE,0x9E,0xA8,0x81,0xA0,0x8B,0x58,0x21,0x00,0x40,0xA8,0x8B,  //0x83d0~0x83df      ...[......X!.@..
0xA0,0x81,0x58,0x21,0x00,0x10,0xA8,0x81,0xA0,0x8B,0x58,0x21,0x00,0x80,0xA8,0x8B,  //0x83e0~0x83ef      ..X!......X!....
0xA0,0x41,0x58,0x10,0x80,0x20,0xA8,0x41,0xA0,0x41,0x58,0x10,0x80,0x08,0xA8,0x41,  //0x83f0~0x83ff      .AX....A.AX....A
0x64,0x03,0x60,0x02,0x46,0x1F,0xFC,0xFF,0x50,0x10,0x8F,0xFF,0xFE,0x0E,0x46,0x10,  //0x8400~0x840f      d.`.F...P.....F.
0x02,0x00,0xFE,0x0F,0x64,0x03,0x60,0x03,0x64,0x00,0x00,0x08,0x64,0x03,0x00,0x02,  //0x8410~0x841f      ....d.`.d...d...
0x58,0x00,0x04,0x00,0x64,0x03,0x00,0x03,0x64,0x00,0x00,0x08,0x64,0x03,0x60,0x02,  //0x8420~0x842f      X...d...d...d.`.
0x44,0x1F,0x3F,0xFF,0xFE,0x0E,0x44,0x10,0x80,0x00,0xFE,0x0F,0x64,0x03,0x60,0x03,  //0x8430~0x843f      D.?...D.....d.`.
0x64,0x00,0x00,0x08,0x64,0x03,0x00,0x02,0x58,0x00,0x00,0x80,0x64,0x03,0x00,0x03,  //0x8440~0x844f      d...d...X...d...
0x64,0x00,0x00,0x08,0xDD,0x9E,0xFC,0x02,0x44,0x10,0x94,0xC4,0x3A,0x20,0x94,0x00,  //0x8450~0x845f      d.......D...:...
0x3C,0x1D,0xE3,0xC9,0x3A,0x2F,0x94,0x20,0xB4,0x21,0x92,0x23,0x96,0x4F,0x38,0x0F,  //0x8460~0x846f      <...:/...!.#.O8.
0x86,0x02,0xFC,0x82,0xFC,0x00,0x49,0xFF,0xFF,0xF0,0x3C,0x0F,0xFF,0x56,0xFC,0x80,  //0x8470~0x847f      ......I...<..V..
0xFC,0x00,0x3C,0x3D,0xE3,0xC9,0x54,0x10,0x00,0x03,0xB4,0x83,0x94,0x8B,0x44,0x1F,  //0x8480~0x848f      ..<=..T.......D.
0xFF,0xE7,0xFE,0x66,0xFE,0x57,0xB6,0x23,0x3C,0x1D,0xE3,0xC8,0x5A,0x08,0x02,0x06,  //0x8490~0x849f      ...f.W.#<...Z...
0xA0,0x0B,0x58,0x00,0x40,0x00,0xD5,0x05,0xA0,0x8B,0x44,0x0F,0xBF,0xFF,0xFE,0x16,  //0x84a0~0x84af      ..X.@.....D.....
0xA8,0x0B,0x49,0xFF,0xFF,0xE1,0xFC,0x80,0x3C,0x1D,0xE3,0xC8,0x44,0x0F,0xFF,0xBF,  //0x84b0~0x84bf      ..I.....<...D...
0xA0,0x8B,0xFE,0x86,0xA8,0x8B,0xA0,0x8B,0x58,0x21,0x00,0x40,0xA8,0x8B,0x3C,0x2D,  //0x84c0~0x84cf      ........X!.@..<-
0xE3,0xCD,0xA0,0x51,0xFE,0x0E,0xA8,0x11,0x3C,0x03,0xFD,0x35,0xB4,0x62,0x54,0x00,  //0x84d0~0x84df      ...Q....<..5.bT.
0x07,0xFF,0x40,0x10,0x28,0x08,0x46,0x0F,0xFE,0x00,0x50,0x00,0x03,0xFF,0xFE,0x1E,  //0x84e0~0x84ef      ..@.(.F...P.....
0xFE,0x0F,0xB6,0x02,0x44,0x00,0x03,0xE8,0x3C,0x0B,0xFD,0x20,0xDD,0x9E,0x3C,0x0D,  //0x84f0~0x84ff      ....D...<.....<.
0xE3,0xCD,0xA0,0x41,0x58,0x10,0x80,0x04,0xA8,0x41,0xA0,0x81,0x84,0x3B,0xFE,0x56,  //0x8500~0x850f      ...AX....A...;.V
0xA8,0x41,0xA0,0x81,0x44,0x1F,0xFF,0xBF,0xFE,0x56,0xA8,0x41,0x3C,0x13,0xFD,0x35,  //0x8510~0x851f      .A..D....V.A<..5
0xB4,0x60,0x54,0x10,0x87,0xFF,0x40,0x20,0xA8,0x08,0x46,0x1F,0xFE,0x00,0x50,0x10,  //0x8520~0x852f      .`T...@...F...P.
0x83,0xFF,0xFE,0x5E,0xFE,0x57,0xB6,0x20,0xDD,0x9E,0x3C,0x2D,0xE3,0xC6,0xA0,0x51,  //0x8530~0x853f      ...^.W....<-...Q
0xA0,0xD1,0x92,0x29,0xFE,0x0F,0x54,0x00,0x01,0xFF,0x40,0x10,0x24,0x08,0x44,0x0C,  //0x8540~0x854f      ...)..T...@.$.D.
0x01,0xFF,0xFE,0x1E,0xFE,0x0F,0xA8,0x11,0xDD,0x9E,0x3C,0x2D,0xE3,0xC6,0xA0,0x51,  //0x8550~0x855f      ..........<-...Q
0xFE,0x0F,0x54,0x10,0x01,0xFF,0xA0,0x11,0x92,0x09,0x40,0x00,0x24,0x08,0xFE,0x0F,  //0x8560~0x856f      ..T.......@.$...
0xA8,0x11,0xDD,0x9E,0x5A,0x00,0x01,0x11,0x5A,0x08,0x40,0x17,0x3C,0x3D,0xE3,0xC6,  //0x8570~0x857f      ....Z...Z.@.<=..
0x46,0x0F,0xFE,0x3F,0xB4,0x43,0x50,0x00,0x0F,0xFF,0xFE,0x16,0x46,0x20,0x00,0xC0,  //0x8580~0x858f      F..?.CP.....F...
0xFE,0x17,0xB6,0x03,0xD5,0x09,0x3C,0x2D,0xE3,0xC6,0x84,0x18,0xB4,0x62,0xFE,0x1E,  //0x8590~0x859f      ......<-.....b..
0x58,0x00,0x00,0x03,0xB6,0x02,0x5A,0x10,0x02,0x05,0x5A,0x10,0x80,0x0D,0xDD,0x9E,  //0x85a0~0x85af      X.....Z...Z.....
0x3C,0x1D,0xE3,0xC6,0x44,0x0F,0xFF,0xC7,0xB4,0x41,0xFE,0x16,0x58,0x00,0x00,0x18,  //0x85b0~0x85bf      <...D....A..X...
0xB6,0x01,0xDD,0x9E,0x3C,0x2D,0xE3,0xC6,0x46,0x0F,0xF1,0xFF,0xB4,0x22,0x50,0x00,  //0x85c0~0x85cf      ....<-..F...."P.
0x0F,0xFF,0xFE,0x0E,0x46,0x10,0x06,0x00,0xFE,0x0F,0xB6,0x02,0xDD,0x9E,0x5A,0x00,  //0x85d0~0x85df      ....F.........Z.
0x04,0x05,0x5A,0x00,0x20,0x0D,0xDD,0x9E,0x3C,0x1D,0xE3,0xC6,0x44,0x0F,0xFE,0x3F,  //0x85e0~0x85ef      ..Z.....<...D..?
0xB4,0x41,0xFE,0x16,0x58,0x00,0x01,0x40,0xB6,0x01,0xDD,0x9E,0x3C,0x2D,0xE3,0xC6,  //0x85f0~0x85ff      .A..X..@....<-..
0x44,0x0C,0x7F,0xFF,0xB4,0x22,0xFE,0x0E,0x44,0x12,0x80,0x00,0xFE,0x0F,0xB6,0x02,  //0x8600~0x860f      D...."..D.......
0xDD,0x9E,0xFC,0x00,0x5A,0x00,0x10,0x50,0xE6,0x11,0xE8,0x1C,0x5A,0x00,0x02,0x3A,  //0x8610~0x861f      ....Z..P....Z..:
0xE6,0x03,0xE8,0x0B,0x5A,0x08,0x01,0x69,0x3C,0x1D,0xE3,0xC6,0x84,0x18,0xB4,0x41,  //0x8620~0x862f      ....Z..i<......A
0xFE,0x16,0x58,0x00,0x00,0x06,0xD5,0x47,0x5A,0x00,0x04,0x35,0x5A,0x08,0x08,0x5D,  //0x8630~0x863f      ..X....GZ..5Z..]
0x3C,0x1D,0xE3,0xC6,0x44,0x0F,0xF1,0xFF,0xB4,0x41,0xFE,0x16,0x58,0x00,0x0C,0x00,  //0x8640~0x864f      <...D....A..X...
0xD5,0x3A,0x5A,0x00,0x40,0x3B,0x5C,0xF0,0x00,0x41,0xE8,0x0C,0x5A,0x08,0x20,0x4D,  //0x8650~0x865f      .:Z.@;...A..Z..M
0x3C,0x2D,0xE3,0xC6,0x44,0x0C,0x7F,0xFF,0xB4,0x22,0xFE,0x0E,0x44,0x13,0x00,0x00,  //0x8660~0x866f      <-..D...."..D...
0xD5,0x41,0x5A,0x00,0x80,0x36,0x5A,0x09,0x00,0x40,0x3C,0x2D,0xE3,0xC6,0x46,0x0F,  //0x8670~0x867f      .AZ..6Z..@<-..F.
0x8F,0xFF,0xB4,0x22,0x50,0x00,0x0F,0xFF,0xFE,0x0E,0x46,0x10,0x60,0x00,0xD5,0x32,  //0x8680~0x868f      ..."P.....F.`..2
0x3C,0x1D,0xE3,0xC6,0x44,0x0F,0xFF,0xC7,0xB4,0x41,0xFE,0x16,0x58,0x00,0x00,0x30,  //0x8690~0x869f      <...D....A..X..0
0xD5,0x12,0x3C,0x1D,0xE3,0xC6,0x44,0x0F,0xFE,0x3F,0xB4,0x41,0xFE,0x16,0x58,0x00,  //0x86a0~0x86af      ..<...D..?.A..X.
0x01,0x80,0xD5,0x09,0x3C,0x1D,0xE3,0xC6,0x44,0x0F,0x8F,0xFF,0xB4,0x41,0xFE,0x16,  //0x86b0~0x86bf      ....<...D....A..
0x58,0x00,0x60,0x00,0xB6,0x01,0xD5,0x18,0x3C,0x2D,0xE3,0xC6,0x46,0x0F,0xFE,0x3F,  //0x86c0~0x86cf      X.`.....<-..F..?
0xB4,0x22,0x50,0x00,0x0F,0xFF,0xFE,0x0E,0x46,0x10,0x01,0x80,0xD5,0x0B,0x3C,0x2D,  //0x86d0~0x86df      ."P.....F.....<-
0xE3,0xC6,0x46,0x0F,0xF1,0xFF,0xB4,0x22,0x50,0x00,0x0F,0xFF,0xFE,0x0E,0x46,0x10,  //0x86e0~0x86ef      ..F...."P.....F.
0x0C,0x00,0xFE,0x0F,0xB6,0x02,0xFC,0x80,0xC1,0x05,0xFC,0x00,0x49,0xFF,0xFF,0x1F,  //0x86f0~0x86ff      ............I...
0xFC,0x80,0x80,0x40,0x3C,0x1D,0xE3,0xC6,0xFE,0x93,0xA0,0x09,0xA0,0xC9,0x92,0x09,  //0x8700~0x870f      ...@<...........
0x54,0x00,0x01,0xFF,0xFE,0x86,0x40,0x01,0x24,0x08,0x44,0x2C,0x01,0xFF,0xFE,0x9E,  //0x8710~0x871f      T.....@.$.D,....
0xFE,0x87,0xA8,0x89,0xDD,0x9E,0xC1,0x05,0xFC,0x00,0x49,0xFF,0xFF,0x18,0xFC,0x80,  //0x8720~0x872f      ..........I.....
0x80,0x40,0x3C,0x1D,0xE3,0xC6,0xFE,0x93,0xA0,0x09,0x54,0x00,0x01,0xFF,0xFE,0x16,  //0x8730~0x873f      .@<.......T.....
0xA0,0x89,0x92,0x49,0x40,0x21,0x24,0x08,0xFE,0x87,0xA8,0x89,0xDD,0x9E,0xFC,0x01,  //0x8740~0x874f      ...I@!$.........
0xF0,0x81,0x5A,0x18,0x05,0x05,0x49,0xFF,0xFF,0x44,0xFC,0x81,0x84,0x22,0x84,0x01,  //0x8750~0x875f      ..Z...I..D..."..
0x49,0xFF,0xFF,0x0A,0xF0,0x01,0x49,0xFF,0xFE,0xEA,0xF0,0x01,0x49,0xFF,0xFF,0x53,  //0x8760~0x876f      I.....I.....I..S
0xFC,0x81,0xFC,0x00,0x80,0xC0,0x2E,0x07,0xFF,0xE3,0x5A,0x08,0x03,0x12,0x80,0x26,  //0x8770~0x877f      ..........Z....&
0x84,0x04,0x49,0xFF,0xFF,0xD2,0x84,0x04,0x49,0xFF,0xFE,0xD9,0x3C,0x1D,0xE3,0xC6,  //0x8780~0x878f      ..I.....I...<...
0x44,0x0F,0xFE,0x3F,0xB4,0x41,0xFE,0x16,0x58,0x00,0x01,0x80,0xD5,0x0F,0xC8,0x14,  //0x8790~0x879f      D..?.A..X.......
0x84,0x04,0x80,0x26,0x49,0xFF,0xFF,0xC1,0xC6,0x0B,0x3C,0x1D,0xE3,0xC6,0x44,0x0F,  //0x87a0~0x87af      ...&I.....<...D.
0xFE,0x3F,0xB4,0x41,0xFE,0x16,0x58,0x00,0x01,0x40,0xB6,0x01,0xFC,0x80,0x84,0x04,  //0x87b0~0x87bf      .?.A..X..@......
0x84,0x26,0x49,0xFF,0xFF,0xC6,0xFC,0x80,0x64,0x12,0x00,0x43,0x64,0x00,0x00,0x08,  //0x87c0~0x87cf      .&I.....d..Cd...
0x64,0x03,0x00,0x02,0x92,0x01,0x94,0x01,0x64,0x03,0x00,0x03,0x64,0x00,0x00,0x08,  //0x87d0~0x87df      d.......d...d...
0x3C,0x0D,0xFF,0x57,0xC0,0x0C,0xFC,0x00,0xDD,0x20,0x64,0x03,0x00,0x02,0x58,0x00,  //0x87e0~0x87ef      <..W......d...X.
0x00,0x01,0x64,0x03,0x00,0x03,0x64,0x00,0x00,0x08,0xFC,0x80,0x64,0x03,0x00,0x02,  //0x87f0~0x87ff      ..d...d.....d...
0x58,0x00,0x00,0x01,0x64,0x03,0x00,0x03,0x64,0x00,0x00,0x08,0xDD,0x9E,0x3C,0x0D,  //0x8800~0x880f      X...d...d.....<.
0xE3,0xC7,0xB4,0x20,0x58,0x10,0x80,0x40,0xB6,0x20,0xB4,0x40,0x44,0x1F,0xFF,0xBF,  //0x8810~0x881f      ....X..@...@D...
0xFE,0x56,0xB6,0x20,0xDD,0x9E,0x3C,0x0D,0xE3,0xC7,0xB4,0x20,0x58,0x10,0x80,0x20,  //0x8820~0x882f      .V....<.....X...
0xB6,0x20,0xB4,0x40,0x44,0x1F,0xFF,0xDF,0xFE,0x56,0xB6,0x20,0xDD,0x9E,0x3C,0x0D,  //0x8830~0x883f      ...@D....V....<.
0xE3,0xC7,0xA0,0x41,0x58,0x10,0x80,0x20,0xA8,0x41,0xA0,0x81,0x44,0x1F,0xFF,0xDF,  //0x8840~0x884f      ...AX....A..D...
0xFE,0x56,0xA8,0x41,0xDD,0x9E,0xFC,0x00,0x49,0xFF,0xFF,0xDB,0x64,0x12,0x00,0x43,  //0x8850~0x885f      .V.A....I...d..C
0x64,0x00,0x00,0x08,0x3C,0x0D,0xFF,0x5A,0xC0,0x02,0xDD,0x20,0xFC,0x80,0xFC,0x00,  //0x8860~0x886f      d...<..Z........
0x49,0xFF,0xFF,0xDB,0x64,0x12,0x00,0x43,0x64,0x00,0x00,0x08,0x3C,0x0D,0xFF,0x59,  //0x8870~0x887f      I...d..Cd...<..Y
0xC0,0x02,0xDD,0x20,0xFC,0x80,0xFC,0x00,0x49,0xFF,0xFF,0xDB,0x64,0x12,0x00,0x43,  //0x8880~0x888f      ........I...d..C
0x64,0x00,0x00,0x08,0x3C,0x0D,0xFF,0x58,0xC0,0x02,0xDD,0x20,0xFC,0x80,0x3C,0x0D,  //0x8890~0x889f      d...<..X......<.
0xFE,0xC5,0xC0,0x04,0xFC,0x00,0xDD,0x20,0xFC,0x80,0xDD,0x9E,0xFC,0x00,0x49,0xFF,  //0x88a0~0x88af      ..............I.
0xE1,0x52,0xFC,0x80,0xFC,0x00,0x3C,0x6D,0xE3,0xC8,0xA0,0x34,0x96,0x00,0x3E,0x07,  //0x88b0~0x88bf      .R....<m...4..>.
0xFA,0x5A,0x44,0x00,0x00,0x72,0x3E,0x07,0xFA,0x59,0x49,0xFF,0xD6,0xAF,0x2E,0x07,  //0x88c0~0x88cf      .ZD..r>..YI.....
0xFA,0x5A,0x96,0x00,0xA8,0x35,0xFC,0x80,0xFC,0x00,0x3C,0x6D,0xE3,0xC8,0xA0,0x34,  //0x88d0~0x88df      .Z...5....<m...4
0x96,0x00,0x3E,0x07,0xFA,0x5A,0x44,0x00,0x00,0x77,0x3E,0x07,0xFA,0x59,0x49,0xFF,  //0x88e0~0x88ef      ..>..ZD..w>..YI.
0xD6,0x9D,0x2E,0x07,0xFA,0x5A,0x96,0x00,0xA8,0x35,0xFC,0x80,0xFC,0x00,0x2E,0x07,  //0x88f0~0x88ff      .....Z...5......
0xFB,0x58,0x5A,0x08,0x01,0x07,0x3C,0x0D,0xFE,0xC6,0xC0,0x05,0xDD,0x20,0xD5,0x03,  //0x8900~0x890f      .XZ...<.........
0x49,0xFF,0xC2,0x69,0x84,0x00,0x3E,0x07,0xFB,0x34,0x44,0x00,0x00,0x64,0x3E,0x07,  //0x8910~0x891f      I..i..>..4D..d>.
0xFA,0x6C,0xFC,0x80,0xFC,0x00,0x3C,0x03,0xFE,0xBA,0x8C,0x01,0x3C,0x0B,0xFE,0xBA,  //0x8920~0x892f      .l....<.....<...
0x49,0xFF,0xDE,0x43,0xFC,0x80,0xFC,0x00,0x84,0x08,0x84,0x21,0x49,0xFF,0xFE,0xF5,  //0x8930~0x893f      I..C.......!I...
0x84,0x08,0x84,0x20,0x49,0xFF,0xFE,0xDA,0xFA,0x00,0x84,0x21,0x49,0xFF,0xFE,0xED,  //0x8940~0x894f      ....I......!I...
0xFA,0x00,0x84,0x20,0x49,0xFF,0xFE,0xD2,0xFC,0x80,0x84,0x00,0x3C,0x0B,0xFE,0xB7,  //0x8950~0x895f      ....I.......<...
0xDD,0x9E,0x3C,0x03,0xFE,0xBA,0x3C,0x0B,0xFE,0xB9,0x84,0x00,0x3C,0x0B,0xFE,0xBA,  //0x8960~0x896f      ..<...<.....<...
0xDD,0x9E,0xFC,0x00,0x49,0xFF,0xFF,0xF7,0x2E,0x07,0xFA,0x4F,0x3E,0x07,0xFD,0x70,  //0x8970~0x897f      ....I......O>..p
0x49,0xFF,0xFF,0xED,0xFC,0x80,0xFC,0x00,0x49,0xFF,0xFF,0xED,0x2E,0x07,0xFA,0x4F,  //0x8980~0x898f      I.......I......O
0x3E,0x07,0xFD,0x70,0x49,0xFF,0xFF,0xE3,0xFC,0x80,0xFC,0x00,0x44,0x00,0x89,0x24,  //0x8990~0x899f      >..pI.......D..$
0x3C,0x0F,0xFF,0x46,0x44,0x00,0x88,0xD8,0x3C,0x0F,0xFF,0x4A,0x44,0x00,0x88,0xB4,  //0x89a0~0x89af      <..FD...<..JD...
0x3C,0x0F,0xFF,0x49,0x44,0x00,0x88,0xFC,0x3C,0x0F,0xFF,0x48,0x44,0x00,0x88,0xAC,  //0x89b0~0x89bf      <..ID...<..HD...
0x3C,0x0F,0xFF,0x53,0x44,0x00,0x88,0x9E,0x3C,0x0F,0xFF,0x57,0x44,0x00,0x89,0x72,  //0x89c0~0x89cf      <..SD...<..WD..r
0x3C,0x0F,0xFE,0xCC,0x44,0x00,0x89,0x86,0x3C,0x0F,0xFE,0xCB,0xFC,0x80,0x54,0x10,  //0x89d0~0x89df      <...D...<.....T.
0x00,0x01,0xC1,0x17,0x3C,0x2D,0xE3,0xCD,0x44,0x3F,0xFC,0x3F,0xB4,0x02,0x54,0x00,  //0x89e0~0x89ef      ....<-..D?.?..T.
0x03,0x80,0x58,0x10,0x00,0x40,0xB4,0x02,0xFE,0x1E,0xFE,0x0F,0xB6,0x02,0xB4,0x22,  //0x89f0~0x89ff      ..X..@........."
0xB4,0x02,0x54,0x10,0x83,0x80,0xFE,0x1E,0xFE,0x0F,0xB6,0x02,0x84,0x00,0xDD,0x9E,  //0x8a00~0x8a0f      ..T.............
0x54,0x10,0x00,0x02,0xC1,0x17,0x3C,0x2D,0xE3,0xCD,0x44,0x3F,0xFC,0x3F,0xB4,0x02,  //0x8a10~0x8a1f      T.....<-..D?.?..
0x54,0x00,0x03,0x40,0x58,0x10,0x00,0x80,0xB4,0x02,0xFE,0x1E,0xFE,0x0F,0xB6,0x02,  //0x8a20~0x8a2f      T..@X...........
0xB4,0x22,0xB4,0x02,0x54,0x10,0x83,0x40,0xFE,0x1E,0xFE,0x0F,0xB6,0x02,0x84,0x04,  //0x8a30~0x8a3f      ."..T..@........
0xDD,0x9E,0x54,0x10,0x00,0x04,0xC1,0x17,0x3C,0x2D,0xE3,0xCD,0x44,0x3F,0xFC,0x3F,  //0x8a40~0x8a4f      ..T.....<-..D?.?
0xB4,0x02,0x54,0x00,0x02,0xC0,0x58,0x10,0x01,0x00,0xB4,0x02,0xFE,0x1E,0xFE,0x0F,  //0x8a50~0x8a5f      ..T...X.........
0xB6,0x02,0xB4,0x22,0xB4,0x02,0x54,0x10,0x82,0xC0,0xFE,0x1E,0xFE,0x0F,0xB6,0x02,  //0x8a60~0x8a6f      ..."..T.........
0x84,0x01,0xDD,0x9E,0x96,0x1E,0xC0,0x16,0x3C,0x2D,0xE3,0xCD,0x44,0x3F,0xFC,0x3F,  //0x8a70~0x8a7f      ........<-..D?.?
0xB4,0x02,0x54,0x00,0x01,0xC0,0x58,0x10,0x02,0x00,0xB4,0x02,0xFE,0x1E,0xFE,0x0F,  //0x8a80~0x8a8f      ..T...X.........
0xB6,0x02,0xB4,0x22,0xB4,0x02,0x54,0x10,0x81,0xC0,0xFE,0x1E,0xFE,0x0F,0xB6,0x02,  //0x8a90~0x8a9f      ..."..T.........
0x84,0x08,0xDD,0x9E,0xFC,0x00,0x3C,0x0D,0xE3,0xCD,0xA0,0x03,0x96,0x1F,0x49,0xFF,  //0x8aa0~0x8aaf      ......<.......I.
0xFF,0x98,0x3C,0x0F,0xFE,0xD4,0xFC,0x80,0x2E,0x07,0xF6,0x5A,0x5A,0x00,0xFF,0x06,  //0x8ab0~0x8abf      ..<........ZZ...
0x2E,0x07,0xF9,0xB5,0x5A,0x00,0x58,0x03,0xD5,0x00,0xFC,0x00,0x44,0x00,0x55,0x55,  //0x8ac0~0x8acf      ....Z.X.....D.UU
0x3C,0x0B,0xFD,0x1C,0x49,0xFF,0xFF,0xE8,0x84,0x00,0x49,0xFF,0xFC,0xD3,0x49,0xFF,  //0x8ad0~0x8adf      <...I.....I...I.
0xFC,0x57,0x49,0xFF,0xEA,0x03,0x49,0xFF,0xFF,0x28,0x84,0x00,0x49,0xFF,0xEB,0xD2,  //0x8ae0~0x8aef      .WI...I..(..I...
0x64,0x12,0x00,0x43,0x64,0x00,0x00,0x08,0x49,0xFF,0xEB,0x5C,0x49,0xFF,0xFF,0x4F,  //0x8af0~0x8aff      d..Cd...I...I..O
0x2E,0x07,0xF6,0x53,0x5A,0x00,0xAA,0x06,0x3C,0x0D,0xE3,0xC5,0x84,0x5D,0xD5,0x11,  //0x8b00~0x8b0f      ...SZ...<....]..
0x2E,0x07,0xF6,0x54,0x5A,0x08,0x55,0xFA,0x44,0x00,0x55,0xAA,0x3C,0x0B,0xFD,0x1C,  //0x8b10~0x8b1f      ...TZ.U.D.U.<...
0x44,0x10,0x94,0xD4,0x84,0x46,0x44,0x01,0x00,0x14,0x49,0x00,0x01,0x27,0xFC,0x80,  //0x8b20~0x8b2f      D....FD...I..'..
0xB4,0x20,0x58,0x10,0x80,0x02,0xB6,0x20,0xB4,0x20,0xFE,0x56,0xB6,0x20,0xD5,0xF9,  //0x8b30~0x8b3f      ..X........V....
0xFC,0x00,0x49,0xFF,0xFF,0xBB,0x2E,0x07,0xFD,0x6C,0x8C,0x01,0x3E,0x07,0xFD,0x6C,  //0x8b40~0x8b4f      ..I......l..>..l
0x49,0xFF,0xFF,0x09,0x49,0xFF,0xFF,0x03,0x49,0xFF,0xC5,0x96,0xD5,0xFA,0xDD,0x9E,  //0x8b50~0x8b5f      I...I...I.......
0xDD,0x9E,0xFC,0x00,0x44,0x01,0x00,0x00,0x44,0x21,0x00,0x00,0x44,0x10,0x95,0x08,  //0x8b60~0x8b6f      ....D...D!..D...
0x8A,0x40,0x49,0x00,0x01,0x03,0x44,0x01,0x00,0x00,0x44,0x21,0x00,0x40,0x44,0x10,  //0x8b70~0x8b7f      .@I...D...D!.@D.
0x95,0x20,0x8A,0x40,0x49,0x00,0x00,0xFA,0x44,0x04,0x00,0x00,0x44,0x24,0x00,0x00,  //0x8b80~0x8b8f      ...@I...D...D$..
0x44,0x10,0xA0,0xC4,0x8A,0x40,0x49,0x00,0x00,0xF1,0x44,0x01,0x00,0x40,0x44,0x21,  //0x8b90~0x8b9f      D....@I...D..@D!
0x0B,0xA4,0x84,0x20,0x8A,0x40,0x49,0x00,0x01,0x0F,0xFC,0x80,0x84,0x00,0x64,0x05,  //0x8ba0~0x8baf      .....@I.......d.
0xE4,0x03,0x64,0x03,0x00,0x03,0x64,0x12,0x24,0x02,0x54,0x10,0x88,0x00,0x80,0x40,  //0x8bb0~0x8bbf      ..d...d.$.T....@
0xC1,0x03,0x64,0x03,0x04,0x03,0x64,0x22,0x24,0x03,0x64,0x12,0x00,0x02,0x84,0x19,  //0x8bc0~0x8bcf      ..d...d"$.d.....
0xFE,0x0E,0x44,0x17,0x00,0x08,0xFE,0x0F,0x64,0x02,0x00,0x03,0x64,0x00,0x00,0x08,  //0x8bd0~0x8bdf      ..D.....d...d...
0x64,0x02,0x24,0x02,0x96,0x06,0xC0,0x04,0x84,0x00,0x64,0x02,0x28,0x03,0xDD,0x9E,  //0x8be0~0x8bef      d.$.......d.(...
0xFC,0x00,0x49,0xFF,0xFF,0xDD,0x49,0xFF,0xFF,0xB6,0xFC,0x80,0xD5,0x00,0x3A,0x1F,  //0x8bf0~0x8bff      ..I...I.......:.
0xA4,0x3C,0x3A,0xFF,0xBF,0xBC,0x64,0x62,0xA4,0x02,0x9D,0xB4,0x64,0x72,0x04,0x02,  //0x8c00~0x8c0f      .<:...db....dr..
0x3A,0x6F,0x9C,0x3C,0x64,0x62,0x00,0x02,0x9F,0xB2,0x64,0x62,0x00,0x03,0x64,0x00,  //0x8c10~0x8c1f      :o.<db....db..d.
0x00,0x08,0x49,0xFF,0xFF,0x9E,0x3A,0x6F,0x9C,0x04,0x64,0x62,0xA4,0x03,0x64,0x72,  //0x8c20~0x8c2f      ..I...:o..db..dr
0x04,0x03,0x3A,0xFF,0xBF,0x84,0x3A,0x1F,0xA4,0x04,0x64,0x00,0x00,0x04,0x3A,0x1F,  //0x8c30~0x8c3f      ..:...:...d...:.
0x94,0x3C,0x3A,0xFF,0xBF,0xBC,0x64,0x12,0xA4,0x02,0x64,0x22,0x04,0x02,0x3A,0x1F,  //0x8c40~0x8c4f      .<:...d...d"..:.
0x88,0x3C,0x64,0x12,0x00,0x02,0x9E,0x4A,0x64,0x12,0x00,0x03,0x44,0x10,0x00,0xA4,  //0x8c50~0x8c5f      .<d....Jd...D...
0x38,0x10,0x82,0x02,0xDD,0x21,0x3A,0x0F,0x84,0x04,0x64,0x02,0x00,0x43,0x64,0x00,  //0x8c60~0x8c6f      8....!:...d..Cd.
0x00,0x08,0x64,0x02,0xA4,0x03,0x64,0x12,0x04,0x03,0x3A,0xFF,0xBF,0x84,0x3A,0x1F,  //0x8c70~0x8c7f      ..d...d...:...:.
0x94,0x04,0x3A,0x0F,0x80,0x04,0x64,0x00,0x00,0x04,0x3A,0x1F,0x94,0x3C,0x3A,0xFF,  //0x8c80~0x8c8f      ..:...d...:..<:.
0xBF,0xBC,0x44,0x10,0x00,0xA4,0x38,0x10,0x82,0x02,0xDD,0x21,0x3A,0xFF,0xBF,0x84,  //0x8c90~0x8c9f      ..D...8....!:...
0x3A,0x1F,0x94,0x04,0x3A,0x0F,0x80,0x04,0x64,0x00,0x00,0x04,0xD5,0x00,0x3A,0x0F,  //0x8ca0~0x8caf      :...:...d.....:.
0x80,0x3C,0x84,0x00,0xD5,0xC5,0x3A,0x0F,0x80,0x3C,0x84,0x01,0xD5,0xC1,0x3A,0x0F,  //0x8cb0~0x8cbf      .<....:..<....:.
0x80,0x3C,0x84,0x02,0xD5,0xBD,0x3A,0x0F,0x80,0x3C,0x84,0x03,0xD5,0xB9,0x3A,0x0F,  //0x8cc0~0x8ccf      .<....:..<....:.
0x80,0x3C,0x84,0x04,0xD5,0xB5,0x3A,0x0F,0x80,0x3C,0x84,0x05,0xD5,0xB1,0x3A,0x0F,  //0x8cd0~0x8cdf      .<....:..<....:.
0x80,0x3C,0x84,0x06,0xD5,0xAD,0x3A,0x0F,0x80,0x3C,0x84,0x07,0xD5,0xA9,0x3A,0x0F,  //0x8ce0~0x8cef      .<....:..<....:.
0x80,0x3C,0x84,0x08,0xD5,0xA5,0x3A,0x0F,0x80,0x3C,0x84,0x09,0xD5,0xA1,0x3A,0x0F,  //0x8cf0~0x8cff      .<....:..<....:.
0x80,0x3C,0x84,0x0A,0xD5,0x9D,0x3A,0x0F,0x80,0x3C,0x84,0x0B,0xD5,0x99,0x3A,0x0F,  //0x8d00~0x8d0f      .<....:..<....:.
0x80,0x3C,0x84,0x0C,0xD5,0x95,0x3A,0x0F,0x80,0x3C,0x44,0x00,0x00,0x0D,0xD5,0x90,  //0x8d10~0x8d1f      .<....:..<D.....
0x84,0x20,0x84,0x40,0x84,0x60,0x84,0x80,0x84,0xA0,0x84,0xC0,0x84,0xE0,0x85,0x00,  //0x8d20~0x8d2f      ...@.`..........
0x85,0x20,0x85,0x40,0x85,0xE0,0x87,0x80,0x87,0xA0,0x87,0xC0,0x87,0xE0,0x45,0xD1,  //0x8d30~0x8d3f      ...@..........E.
0x05,0xD0,0x45,0xF1,0x17,0xF8,0x49,0xFF,0xFF,0x55,0x49,0xFF,0xFE,0xFB,0xD5,0x00,  //0x8d40~0x8d4f      ..E...I..UI.....
0xC2,0x12,0x52,0x31,0x00,0x20,0x4E,0x36,0x00,0x07,0xFE,0xDA,0x84,0x80,0x40,0x10,  //0x8d50~0x8d5f      ..R1..N6......@.
0x0C,0x0C,0xD5,0x08,0x40,0x30,0x0C,0x0D,0x40,0x10,0x88,0x0C,0x40,0x40,0x08,0x0C,  //0x8d60~0x8d6f      ....@0..@...@@..
0xFE,0x5F,0x80,0x04,0xDD,0x9E,0x00,0x00,0x80,0x60,0x54,0xF1,0x00,0x03,0xE9,0x1B,  //0x8d70~0x8d7f      ._.......`T.....
0xE6,0x44,0xE9,0x19,0x54,0x41,0x80,0x03,0x54,0x50,0x80,0x03,0xDC,0x14,0xC5,0x0A,  //0x8d80~0x8d8f      .D..TA..TP......
0x52,0x52,0x80,0x04,0x9A,0x95,0x99,0x69,0x08,0x40,0x80,0x01,0x18,0x41,0x80,0x01,  //0x8d90~0x8d9f      RR.....i.@...A..
0xD9,0xFC,0x40,0x51,0x08,0x09,0xC5,0x07,0x95,0x6A,0x99,0x69,0x96,0x8F,0xA3,0x09,  //0x8da0~0x8daf      ..@Q.....j.i....
0xAB,0x19,0xD9,0xFE,0xC2,0x07,0x99,0x4A,0x08,0x40,0x80,0x01,0x18,0x41,0x80,0x01,  //0x8db0~0x8dbf      .......J.@...A..
0xD9,0xFC,0xDD,0x9E,0x80,0x60,0xE6,0x44,0xE9,0x1A,0x54,0x51,0x80,0x03,0xC5,0x08,  //0x8dc0~0x8dcf      .....`.D..TQ....
0x52,0x52,0x80,0x04,0x9A,0x95,0x99,0x6B,0x18,0x11,0x80,0x01,0xDB,0xFE,0x40,0x51,  //0x8dd0~0x8ddf      RR.....k......@Q
0x08,0x09,0x96,0x8F,0xC5,0x0C,0x95,0x6A,0x99,0x5D,0x96,0x48,0x40,0x40,0xA0,0x08,  //0x8de0~0x8def      .......j.].H@@..
0xFE,0x67,0x40,0x40,0xC0,0x08,0xFE,0x67,0xAA,0x59,0xDB,0xFF,0x99,0x5A,0xD3,0x04,  //0x8df0~0x8dff      .g@@...g.Y...Z..
0x18,0x11,0x80,0x01,0xD5,0xFD,0xDD,0x9E,0x33,0x00,0x00,0x00,0x20,0x20,0x53,0x74,  //0x8e00~0x8e0f      ........3.....St
0x75,0x6D,0x70,0x65,0x56,0x65,0x72,0x5F,0x44,0x65,0x62,0x75,0x67,0x56,0x5F,0x33,  //0x8e10~0x8e1f      umpeVer_DebugV_3
0x5F,0x52,0x65,0x6C,0x65,0x61,0x73,0x65,0x56,0x5F,0x31,0x5F,0x44,0x41,0x54,0x41,  //0x8e20~0x8e2f      _ReleaseV_1_DATA
0x5F,0x4A,0x75,0x6E,0x20,0x32,0x35,0x20,0x32,0x30,0x32,0x31,0x5F,0x54,0x49,0x4D,  //0x8e30~0x8e3f      _Jun.25.2021_TIM
0x45,0x5F,0x31,0x35,0x3A,0x34,0x33,0x3A,0x32,0x32,0x5F,0x31,0x37,0x35,0x32,0x30,  //0x8e40~0x8e4f      E_15:43:22_17520
0x20,0x20,0x00,0x00,0x0C,0x8E,0x00,0x00,0x88,0x2A,0x0C,0x00,0x00,0x32,0x0C,0x00,  //0x8e50~0x8e5f      .........*...2..
0x00,0x3A,0x0C,0x00,0x00,0x42,0x0C,0x00,0x00,0x8E,0x0C,0x00,0x00,0x96,0x0C,0x00,  //0x8e60~0x8e6f      .:...B..........
0x00,0x9E,0x0C,0x00,0x00,0xA6,0x0C,0x00,0x00,0x22,0x0C,0x00,0x00,0x1A,0x0C,0x00,  //0x8e70~0x8e7f      ........."......
0x00,0x18,0x0C,0x00,0x00,0x4A,0x0C,0x00,0x00,0x56,0x0C,0x00,0x00,0x5E,0x0C,0x00,  //0x8e80~0x8e8f      .....J...V...^..
0x00,0x72,0x0C,0x00,0x00,0x7A,0x0C,0x00,0x00,0x86,0x0C,0x00,0x00,0x64,0x14,0x00,  //0x8e90~0x8e9f      .r...z.......d..
0x00,0x99,0x00,0x00,0x14,0x3A,0x3D,0x3E,0x3F,0x40,0x08,0x54,0x59,0x12,0x29,0x02,  //0x8ea0~0x8eaf      .....:=>?@.TY.).
0x03,0x4E,0x04,0x05,0x06,0x07,0x53,0x09,0x0A,0x0B,0x0C,0x0D,0x0E,0x0F,0x10,0x11,  //0x8eb0~0x8ebf      .N....S.........
0x13,0x2E,0x2F,0x30,0x31,0x32,0x33,0x34,0x35,0x36,0x37,0x38,0x39,0x52,0x4F,0x55,  //0x8ec0~0x8ecf      ../0123456789ROU
0x56,0x57,0x58,0x5A,0x5B,0x5C,0x5D,0x5E,0x5F,0x60,0x61,0x62,0x63,0x64,0x65,0x6A,  //0x8ed0~0x8edf      VWXZ[.]^_`abcdej
0x00,0x00,0x00,0x01,0x66,0x67,0x6B,0x6C,0x6D,0x6E,0x6F,0x70,0x71,0x7C,0x7D,0x7E,  //0x8ee0~0x8eef      ....fgklmnopq|}~
0x7F,0x00,0x00,0x00,0x00,0x00,0x26,0x72,0x73,0x00,0x75,0x76,0x77,0x78,0x79,0x7A,  //0x8ef0~0x8eff      ......&rs.uvwxyz
0x7B,0x74,0x84,0x85,0x86,0x87,0x88,0x89,0x8A,0x00,0x00,0x00,0x00,0x00,0x00,0x00,  //0x8f00~0x8f0f      {t..............
0x00,0x00,0x00,0x27,0x4C,0x00,0x00,0x21,0x1A,0x1B,0x1E,0x1C,0x1D,0x1F,0x00,0x00,  //0x8f10~0x8f1f      ...'L..!........
0x00,0x00,0x00,0x00,0x2B,0x2C,0x2D,0x00,0x00,0x00,0x19,0x00,0x15,0x16,0x01,0x80,  //0x8f20~0x8f2f      ....+,-.........
0x00,0x00,0x00,0x00,0x00,0x00,0x00,0x00,0x00,0x00,0x00,0x00,0x48,0x00,0x00,0x00,  //0x8f30~0x8f3f      ............H...
0x23,0x24,0x00,0x00,0x00,0x00,0x00,0x00,0x00,0x28,0x00,0x00,0x00,0x00,0x00,0x00,  //0x8f40~0x8f4f      #$.......(......
0x00,0x00,0x00,0x00,0x22,0x3C,0x00,0x00,0x41,0x42,0x43,0x44,0x45,0x46,0x47,0x4B,  //0x8f50~0x8f5f      ...."<..ABCDEFGK
0x50,0x51,0x00,0x00,0x49,0x4A,0x68,0x69,0x00,0x00,0x00,0x00,0x00,0x00,0x00,0x00,  //0x8f60~0x8f6f      PQ..IJhi........
0x00,0x00,0x00,0x00,0x00,0x00,0x00,0x00,0x00,0x00,0x00,0x00,0x00,0x00,0x00,0x00,  //0x8f70~0x8f7f      ................
0x00,0x00,0x00,0x00,0x00,0x00,0x00,0x00,0x00,0x00,0x00,0x00,0x00,0x00,0x00,0x00,  //0x8f80~0x8f8f      ................
0x00,0x00,0x00,0x00,0x00,0x81,0x00,0x00,0x83,0x82,0x3B,0x2A,0x17,0x18,0x00,0x00,  //0x8f90~0x8f9f      ..........;*....
0x00,0x20,0x25,0x4D,0x01,0x03,0x00,0x00,0x00,0x00,0x00,0x00,0x01,0x03,0x00,0x00,  //0x8fa0~0x8faf      ..%M............
0x5B,0x01,0x01,0x00,0x01,0x01,0x00,0x00,0x53,0x05,0x01,0x00,0x01,0x01,0x00,0x00,  //0x8fb0~0x8fbf      [.......S.......
0x57,0x05,0x01,0x00,0x01,0x24,0x00,0x00,0x2C,0x04,0x01,0x00,0x01,0x24,0x00,0x00,  //0x8fc0~0x8fcf      W....$..,....$..
0x08,0x04,0x01,0x00,0x01,0x02,0x00,0x00,0x5A,0x05,0x01,0x00,0x01,0x02,0x00,0x00,  //0x8fd0~0x8fdf      ........Z.......
0x5C,0x05,0x01,0x00,0x01,0x02,0x00,0x00,0x58,0x05,0x01,0x00,0x01,0x01,0x00,0x00,  //0x8fe0~0x8fef      ........X.......
0x5F,0x05,0x01,0x00,0x01,0x01,0x00,0x00,0x60,0x05,0x01,0x00,0x01,0x01,0x00,0x00,  //0x8ff0~0x8fff      _.......`.......
0x5E,0x05,0x01,0x00,0x01,0x01,0x00,0x00,0x63,0x05,0x01,0x00,0x01,0x01,0x00,0x00,  //0x9000~0x900f      ^.......c.......
0x64,0x05,0x01,0x00,0x01,0x01,0x00,0x00,0x65,0x05,0x01,0x00,0x01,0x01,0x00,0x00,  //0x9010~0x901f      d.......e.......
0x66,0x05,0x01,0x00,0x01,0x02,0x00,0x00,0x3A,0x05,0x01,0x00,0x01,0x01,0x00,0x00,  //0x9020~0x902f      f.......:.......
0x3C,0x05,0x01,0x00,0x01,0x36,0x00,0x00,0x04,0x05,0x01,0x00,0x01,0x01,0x00,0x00,  //0x9030~0x903f      <....6..........
0x3E,0x05,0x01,0x00,0x01,0x01,0x00,0x00,0x50,0x00,0x01,0x00,0x01,0x01,0x00,0x00,  //0x9040~0x904f      >.......P.......
0x4B,0x03,0x01,0x00,0x01,0x01,0x00,0x00,0x4C,0x03,0x01,0x00,0x01,0x04,0x00,0x00,  //0x9050~0x905f      K.......L.......
0x44,0x01,0x01,0x00,0x01,0x04,0x00,0x00,0x40,0x01,0x01,0x00,0x01,0x01,0x00,0x00,  //0x9060~0x906f      D.......@.......
0x4A,0x03,0x01,0x00,0x01,0x01,0x00,0x00,0xAD,0x05,0x01,0x00,0x01,0x01,0x00,0x00,  //0x9070~0x907f      J...............
0xAE,0x05,0x01,0x00,0x01,0x01,0x00,0x00,0xAF,0x05,0x01,0x00,0x01,0x01,0x00,0x00,  //0x9080~0x908f      ................
0xB0,0x05,0x01,0x00,0x01,0x01,0x00,0x00,0xB1,0x05,0x01,0x00,0x01,0x01,0x00,0x00,  //0x9090~0x909f      ................
0xB2,0x05,0x01,0x00,0x01,0x01,0x00,0x00,0x2A,0x01,0x01,0x00,0x01,0x01,0x00,0x00,  //0x90a0~0x90af      ........*.......
0xB4,0x05,0x01,0x00,0x01,0x01,0x00,0x00,0x55,0x03,0x01,0x00,0x01,0x01,0x00,0x00,  //0x90b0~0x90bf      ........U.......
0x53,0x03,0x01,0x00,0x01,0x01,0x00,0x00,0x54,0x03,0x01,0x00,0x01,0x01,0x00,0x00,  //0x90c0~0x90cf      S.......T.......
0x1E,0x00,0x01,0x00,0x01,0x01,0x00,0x00,0x27,0x01,0x01,0x00,0x01,0x01,0x00,0x00,  //0x90d0~0x90df      ........'.......
0x28,0x01,0x01,0x00,0x01,0x01,0x00,0x00,0x4E,0x03,0x01,0x00,0x01,0x03,0x00,0x00,  //0x90e0~0x90ef      (.......N.......
0x20,0x01,0x01,0x00,0x01,0x01,0x00,0x00,0x50,0x03,0x01,0x00,0x01,0x02,0x00,0x00,  //0x90f0~0x90ff      ........P.......
0x84,0x03,0x01,0x00,0x01,0x02,0x00,0x00,0x86,0x03,0x01,0x00,0x01,0x02,0x00,0x00,  //0x9100~0x910f      ................
0x7C,0x03,0x01,0x00,0x00,0xFF,0x00,0x00,0x00,0x00,0x04,0x00,0x00,0xFF,0x00,0x00,  //0x9110~0x911f      |...............
0xB0,0x05,0x04,0x00,0x00,0xFF,0x00,0x00,0xD8,0x02,0x04,0x00,0x00,0x6C,0x00,0x00,  //0x9120~0x912f      .............l..
0x88,0x08,0x04,0x00,0x00,0x6C,0x00,0x00,0xF4,0x08,0x04,0x00,0x01,0x01,0x00,0x00,  //0x9130~0x913f      .....l..........
0x78,0x03,0x01,0x00,0x01,0x01,0x00,0x00,0xF4,0x03,0x01,0x00,0x01,0x01,0x00,0x00,  //0x9140~0x914f      x...............
0xF5,0x03,0x01,0x00,0x00,0x6C,0x00,0x00,0x60,0x09,0x04,0x00,0x00,0x6C,0x00,0x00,  //0x9150~0x915f      .....l..`....l..
0x38,0x0A,0x04,0x00,0x00,0x6C,0x00,0x00,0xCC,0x09,0x04,0x00,0x00,0x6C,0x00,0x00,  //0x9160~0x916f      8....l.......l..
0xA4,0x0A,0x04,0x00,0x00,0x3F,0x00,0x00,0xA9,0x0A,0x01,0x00,0x01,0x01,0x00,0x00,  //0x9170~0x917f      .....?..........
0xB3,0x05,0x01,0x00,0x00,0x01,0x00,0x00,0xB7,0x05,0x01,0x00,0x00,0x3F,0x00,0x00,  //0x9180~0x918f      .............?..
0xB1,0x0A,0x01,0x00,0x00,0x3F,0x00,0x00,0xB7,0x0A,0x01,0x00,0x00,0x3F,0x00,0x00,  //0x9190~0x919f      .....?.......?..
0xBD,0x0A,0x01,0x00,0x00,0x3F,0x00,0x00,0xC3,0x0A,0x01,0x00,0x00,0x14,0x00,0x00,  //0x91a0~0x91af      .....?..........
0x0F,0xFC,0x00,0x00,0x01,0x01,0x00,0x00,0x2C,0xFC,0x00,0x00,0x00,0x07,0x00,0x00,  //0x91b0~0x91bf      ........,.......
0x2A,0xFC,0x00,0x00,0x00,0x02,0x00,0x00,0x2D,0xFC,0x00,0x00,0x00,0x3F,0x00,0x00,  //0x91c0~0x91cf      *.......-....?..
0x00,0xFC,0x00,0x00,0x00,0x02,0x00,0x00,0x2F,0xFC,0x00,0x00,0x01,0x04,0x00,0x00,  //0x91d0~0x91df      ......../.......
0x64,0x01,0x01,0x00,0x00,0x04,0x00,0x00,0xB9,0x05,0x01,0x00,0x00,0x01,0x00,0x00,  //0x91e0~0x91ef      d...............
0x6B,0xFC,0x00,0x00,0x00,0x01,0x00,0x00,0x6C,0xFC,0x00,0x00,0x00,0x02,0x00,0x00,  //0x91f0~0x91ff      k.......l.......
0x31,0xFC,0x00,0x00,0x01,0x01,0x00,0x00,0x95,0x05,0x01,0x00,0x01,0x01,0x00,0x00,  //0x9200~0x920f      1...............
0x1F,0x00,0x01,0x00,0x01,0x36,0x00,0x00,0xCE,0x04,0x01,0x00,0x00,0x02,0x00,0x00,  //0x9210~0x921f      .....6..........
0xAA,0x03,0x01,0x00,0x01,0x01,0x00,0x00,0x69,0xFC,0x00,0x00,0x01,0x01,0x00,0x00,  //0x9220~0x922f      ........i.......
0x6A,0xFC,0x00,0x00,0x01,0x01,0x00,0x00,0x24,0x01,0x01,0x00,0x01,0x01,0x00,0x00,  //0x9230~0x923f      j.......$.......
0x59,0x01,0x01,0x00,0x01,0x01,0x00,0x00,0x3D,0x05,0x01,0x00,0x01,0x01,0x00,0x00,  //0x9240~0x924f      Y.......=.......
0xA5,0x03,0x01,0x00,0x01,0x48,0x00,0x00,0xAC,0x03,0x01,0x00,0x01,0x24,0x00,0x00,  //0x9250~0x925f      .....H.......$..
0x00,0x04,0x01,0x00,0x01,0x24,0x00,0x00,0x04,0x04,0x01,0x00,0x01,0x01,0x00,0x00,  //0x9260~0x926f      .....$..........
0x5A,0x01,0x01,0x00,0x00,0x01,0x00,0x00,0x30,0x06,0x01,0x00,0x00,0x01,0x00,0x00,  //0x9270~0x927f      Z.......0.......
0x31,0x06,0x01,0x00,0x00,0x01,0x00,0x00,0xA7,0x05,0x01,0x00,0x01,0x36,0x00,0x00,  //0x9280~0x928f      1............6..
0x98,0x04,0x01,0x00,0x01,0x01,0x00,0x00,0x06,0x00,0x01,0x00,0x01,0x01,0x00,0x00,  //0x9290~0x929f      ................
0x1D,0x01,0x01,0x00,0x01,0x01,0x00,0x00,0x05,0x00,0x01,0x00,0x01,0x01,0x00,0x00,  //0x92a0~0x92af      ................
0x1C,0x01,0x01,0x00,0x01,0x01,0x00,0x00,0x04,0x00,0x01,0x00,0x01,0x05,0x00,0x00,  //0x92b0~0x92bf      ................
0x14,0x01,0x01,0x00,0x01,0x01,0x00,0x00,0x1C,0x00,0x01,0x00,0x00,0x07,0x00,0x00,  //0x92c0~0x92cf      ................
0x14,0x00,0x01,0x00,0x01,0x01,0x00,0x00,0x68,0x05,0x01,0x00,0x01,0x01,0x00,0x00,  //0x92d0~0x92df      ........h.......
0x6A,0x05,0x01,0x00,0x01,0x02,0x00,0x00,0x0C,0x00,0x01,0x00,0x01,0x02,0x00,0x00,  //0x92e0~0x92ef      j...............
0x6A,0x01,0x01,0x00,0x00,0x0C,0x00,0x00,0x7D,0xFD,0x00,0x00,0x01,0x01,0x00,0x00,  //0x92f0~0x92ff      j.......}.......
0x54,0x05,0x01,0x00,0x01,0x01,0x00,0x00,0x55,0x05,0x01,0x00,0x01,0x01,0x00,0x00,  //0x9300~0x930f      T.......U.......
0x56,0x05,0x01,0x00,0x01,0x24,0x00,0x00,0x74,0x04,0x01,0x00,0x01,0x24,0x00,0x00,  //0x9310~0x931f      V....$..t....$..
0x50,0x04,0x01,0x00,0x01,0x01,0x00,0x00,0x41,0x05,0x01,0x00,0x01,0x01,0x00,0x00,  //0x9320~0x932f      P.......A.......
0x42,0x05,0x01,0x00,0x01,0x01,0x00,0x00,0x3F,0x05,0x01,0x00,0x01,0x01,0x00,0x00,  //0x9330~0x933f      B.......?.......
0x40,0x05,0x01,0x00,0x01,0x02,0x00,0x00,0x46,0x05,0x01,0x00,0x01,0x01,0x00,0x00,  //0x9340~0x934f      @.......F.......
0x48,0x05,0x01,0x00,0x01,0x01,0x00,0x00,0x49,0x05,0x01,0x00,0x01,0x01,0x00,0x00,  //0x9350~0x935f      H.......I.......
0x4A,0x05,0x01,0x00,0x01,0x01,0x00,0x00,0x4B,0x05,0x01,0x00,0x01,0x01,0x00,0x00,  //0x9360~0x936f      J.......K.......
0x4C,0x05,0x01,0x00,0x01,0x01,0x00,0x00,0x4D,0x05,0x01,0x00,0x01,0x01,0x00,0x00,  //0x9370~0x937f      L.......M.......
0x4E,0x05,0x01,0x00,0x01,0x02,0x00,0x00,0x80,0x05,0x01,0x00,0x01,0x02,0x00,0x00,  //0x9380~0x938f      N...............
0x82,0x05,0x01,0x00,0x01,0x48,0x00,0x00,0x4C,0x0C,0x04,0x00,0x01,0x48,0x00,0x00,  //0x9390~0x939f      .....H..L....H..
0x94,0x0C,0x04,0x00,0x01,0x01,0x00,0x00,0x56,0x03,0x01,0x00,0x01,0x01,0x00,0x00,  //0x93a0~0x93af      ........V.......
0x68,0x01,0x01,0x00,0x01,0x01,0x00,0x00,0x69,0x01,0x01,0x00,0x01,0x06,0x00,0x00,  //0x93b0~0x93bf      h.......i.......
0xBF,0x05,0x01,0x00,0x01,0x02,0x00,0x00,0x64,0x15,0x04,0x00,0x01,0x02,0x00,0x00,  //0x93c0~0x93cf      ........d.......
0x66,0x15,0x04,0x00,0x01,0x01,0x00,0x00,0x68,0x15,0x04,0x00,0x01,0x01,0x00,0x00,  //0x93d0~0x93df      f.......h.......
0x69,0x15,0x04,0x00,0x01,0x01,0x00,0x00,0x6A,0x15,0x04,0x00,0x01,0xFF,0x00,0x00,  //0x93e0~0x93ef      i.......j.......
0x6C,0x15,0x04,0x00,0x01,0xFF,0x00,0x00,0xFC,0x16,0x04,0x00,0x7C,0x03,0x01,0x00,  //0x93f0~0x93ff      l...........|...
0x48,0x03,0x01,0x00,0x02,0x64,0x00,0x00,0x7E,0x03,0x01,0x00,0x49,0x03,0x01,0x00,  //0x9400~0x940f      H....d..~...I...
0x02,0x64,0x00,0x00,0x00,0x00,0x00,0x00,0x00,0x00,0x00,0x00,0x00,0x01,0x00,0x00,  //0x9410~0x941f      .d..............
0x20,0x20,0x53,0x74,0x75,0x6D,0x70,0x65,0x56,0x65,0x72,0x5F,0x4C,0x49,0x42,0x5F,  //0x9420~0x942f      ..StumpeVer_LIB_
0x44,0x41,0x54,0x41,0x5F,0x4A,0x75,0x6E,0x20,0x32,0x34,0x20,0x32,0x30,0x32,0x31,  //0x9430~0x943f      DATA_Jun.24.2021
0x5F,0x54,0x49,0x4D,0x45,0x5F,0x31,0x30,0x3A,0x33,0x34,0x3A,0x34,0x31,0x5F,0x31,  //0x9440~0x944f      _TIME_10:34:41_1
0x37,0x35,0x32,0x30,0x20,0x20,0x00,0x00,0x20,0x94,0x00,0x00,0x63,0x68,0x70,0x5F,  //0x9450~0x945f      7520........chp_
0x63,0x66,0x67,0x5F,0x6D,0x61,0x72,0x00,0xFC,0x44,0x00,0x00,0x40,0x45,0x00,0x00,  //0x9460~0x946f      cfg_mar..D..@E..
0xFA,0x44,0x00,0x00,0x74,0x45,0x00,0x00,0xF4,0x08,0x04,0x00,0xEC,0x49,0x00,0x00,  //0x9470~0x947f      .D..tE.......I..
0x38,0x0A,0x04,0x00,0xF6,0x49,0x00,0x00,0xD8,0x02,0x04,0x00,0xD8,0x49,0x00,0x00,  //0x9480~0x948f      8....I.......I..
0x10,0x0B,0x04,0x00,0xE2,0x49,0x00,0x00,0x01,0x02,0x00,0x00,0x2B,0x00,0x40,0x00,  //0x9490~0x949f      .....I......+.@.
0x55,0x00,0x6B,0x00,0x80,0x00,0x95,0x00,0xAB,0x00,0xC0,0x00,0xD5,0x00,0xEB,0x00,  //0x94a0~0x94af      U.k.............
0x00,0x01,0x00,0x01,0x00,0x01,0x00,0x01,0x00,0x01,0x00,0x01,0x00,0x00,0x02,0x00,  //0x94b0~0x94bf      ................
0x00,0x00,0x02,0x00,0x00,0x51,0x25,0x02,0x80,0xA8,0x12,0x01,0x40,0x54,0x89,0x00,  //0x94c0~0x94cf      .....Q%.....@T..
0xB0,0x71,0x0B,0x00,0x62,0x74,0x6C,0x69,0x66,0x65,0x00,0x00,0x2C,0x04,0x03,0x00,  //0x94d0~0x94df      .q..btlife..,...
0x1C,0x04,0x03,0x00,0x18,0x04,0x03,0x00,0x00,0x04,0x03,0x00,0x18,0x03,0x03,0x00,  //0x94e0~0x94ef      ................
0x00,0x03,0x03,0x00,0x48,0x02,0x03,0x00,0x00,0x05,0x03,0x00,0x00,0x02,0x03,0x00,  //0x94f0~0x94ff      ....H...........
0x00,0x01,0x03,0x00,0x00,0x00,0x03,0x00,0x00,0x00,0x00,0x00,0x00,0x00,0x00,0x00,  //0x9500~0x950f      ................
0x00,0x00,0x00,0x00,0x00,0x00,0x00,0x00,0x00,0x00,0x00,0x00,0x00,0x00,0x00,0x00,  //0x9510~0x951f      ................
0x01,0xFF,0xC8,0xFF,0x23,0x01,0x03,0x02,0x55,0xAA,0x00,0x00,0x00,0x03,0x00,0x00,  //0x9520~0x952f      ....#...U.......
0xE8,0x03,0x00,0x00,0x6E,0x6F,0x66,0x00,0x00,0x00,0x00,0x00,0x02,0x01,0xFF,0x02,  //0x9530~0x953f      ....nof.........
0xFF,0xFF,0x00,0x00,0xFF,0xFF,0x00,0x00,0x01,0xFF,0xFF,0xFF,0x01,0x00,0x00,0x00,  //0x9540~0x954f      ................
0x28,0x24,0x2C,0x2C,0x3D,0x4E,0x00,0x00,0x02,0x01,0xFF,0x07,0xFF,0x00,0x00,0x00,  //0x9550~0x955f      ($,,=N..........
0x00,0x00,0x00,0x00,0x00,0x00,0x00,0x00,0x00,0x00,0x00,0x00,0x00,0x00,0x00,0x00,  //0x9560~0x956f      ................
0x00,0x00,0x00,0x00,0x00,0x00,0x00,0x00,0x00,0x00,0x00,0x00,0x00,0x00,0x00,0x00,  //0x9570~0x957f      ................
0x00,0x00,0x00,0x00,0x00,0x00,0x00,0x00,0x00,0x00,0x00,0x00,0x00,0x00,0x00,0x00,  //0x9580~0x958f      ................
0x00,0x00,0x00,0x00,0x00,0x00,0x00,0x00,0x00,0x00,0x00,0x00,0x00,0x00,0x00,0x00,  //0x9590~0x959f      ................
0x00,0x00,0x00,0x00,0x00,0x00,0x00,0x00,0x00,0x00,0x00,0x00,0x00,0x00,0x00,0x00,  //0x95a0~0x95af      ................
0x00,0x00,0x00,0x00,0x00,0x00,0x00,0x00,0x00,0x00,0x00,0x00,0x00,0x00,0x00,0x00,  //0x95b0~0x95bf      ................
0x00,0x00,0x00,0x00,0x00,0x00,0x00,0x00,0x00,0x00,0x00,0x00,0x00,0x00,0x00,0x00,  //0x95c0~0x95cf      ................
0x00,0x00,0x00,0x00,0x00,0x00,0x00,0x00,0x00,0x00,0x00,0x00,0x00,0x00,0x00,0x00,  //0x95d0~0x95df      ................
0x00,0x00,0x00,0x00,0x00,0x00,0x00,0x00,0x00,0x00,0x00,0x00,0x00,0x00,0x00,0x00,  //0x95e0~0x95ef      ................
0x00,0x00,0x00,0x00,0x00,0x00,0x00,0x00,0x00,0x00,0x00,0x00,0x00,0x00,0x00,0x00,  //0x95f0~0x95ff      ................
0x00,0x00,0x00,0x00,0x00,0x00,0x00,0x00,0x00,0x00,0x00,0x00,0x00,0x00,0x00,0x00,  //0x9600~0x960f      ................
0x00,0x00,0x00,0x00,0x00,0x00,0x00,0x00,0x00,0x00,0x00,0x00,0x00,0x00,0x00,0x00,  //0x9610~0x961f      ................
0x00,0x00,0x00,0x00,0x00,0x00,0x00,0x00,0x00,0x00,0x00,0x00,0x00,0x00,0x00,0x00,  //0x9620~0x962f      ................
0x00,0x00,0x00,0x00,0x00,0x00,0x00,0x00,0x00,0x00,0x00,0x00,0x00,0x00,0x00,0x00,  //0x9630~0x963f      ................
0x00,0x00,0x00,0x00,0x00,0x00,0x00,0x00,0x00,0x00,0x00,0x00,0x00,0x00,0x00,0x00,  //0x9640~0x964f      ................
0x00,0x00,0x00,0x00,0x00,0x00,0x00,0x00,0x00,0x00,0x00,0x00,0x00,0x00,0x00,0x00,  //0x9650~0x965f      ................
0x00,0x00,0x00,0x00,0x00,0x00,0x00,0x00,0x00,0x00,0x00,0x00,0x00,0x00,0x00,0x00,  //0x9660~0x966f      ................
0x00,0x00,0x00,0x00,0x00,0x00,0x00,0x00,0x00,0x00,0x00,0x00,0x00,0x00,0x00,0x00,  //0x9670~0x967f      ................
0x00,0x00,0x00,0x00,0x00,0x00,0x00,0x00,0x00,0x00,0x00,0x00,0x00,0x00,0x00,0x00,  //0x9680~0x968f      ................
0x00,0x00,0x00,0x00,0x00,0x00,0x00,0x00,0x00,0x00,0x00,0x00,0x00,0x00,0x00,0x00,  //0x9690~0x969f      ................
0x00,0x00,0x00,0x00,0x00,0x00,0x00,0x00,0x00,0x00,0x00,0x00,0x00,0x00,0x00,0x00,  //0x96a0~0x96af      ................
0x00,0x00,0x00,0x00,0x00,0x00,0x00,0x00,0x00,0x00,0x00,0x00,0x00,0x00,0x00,0x00,  //0x96b0~0x96bf      ................
0x00,0x00,0x00,0x00,0x00,0x00,0x00,0x00,0x00,0x00,0x00,0x00,0x00,0x00,0x00,0x00,  //0x96c0~0x96cf      ................
0x00,0x00,0x00,0x00,0x00,0x00,0x00,0x00,0x00,0x00,0x00,0x00,0x00,0x00,0x00,0x00,  //0x96d0~0x96df      ................
0x00,0x00,0x00,0x00,0x00,0x00,0x00,0x00,0x00,0x00,0x00,0x00,0x00,0x00,0x00,0x00,  //0x96e0~0x96ef      ................
0x00,0x00,0x00,0x00,0x00,0x00,0x00,0x00,0x00,0x00,0x00,0x00,0x00,0x00,0x00,0x00,  //0x96f0~0x96ff      ................
0x00,0x00,0x00,0x00,0x00,0x00,0x00,0x00,0x00,0x00,0x00,0x00,0x00,0x00,0x00,0x00,  //0x9700~0x970f      ................
0x00,0x00,0x00,0x00,0x00,0x00,0x00,0x00,0x00,0x00,0x00,0x00,0x00,0x00,0x00,0x00,  //0x9710~0x971f      ................
0x00,0x00,0x00,0x00,0x00,0x00,0x00,0x00,0x00,0x00,0x00,0x00,0x00,0x00,0x00,0x00,  //0x9720~0x972f      ................
0x00,0x00,0x00,0x00,0x00,0x00,0x00,0x00,0x00,0x00,0x00,0x00,0x00,0x00,0x00,0x00,  //0x9730~0x973f      ................
0x00,0x00,0x00,0x00,0x00,0x00,0x00,0x00,0x00,0x00,0x00,0x00,0x00,0x00,0x00,0x00,  //0x9740~0x974f      ................
0x00,0x00,0x00,0x00,0x00,0x00,0x00,0x00,0x00,0x00,0x00,0x00,0x00,0x00,0x00,0x00,  //0x9750~0x975f      ................
0x00,0x00,0x00,0x00,0x00,0x00,0x00,0x00,0x00,0x00,0x00,0x00,0x00,0x00,0x00,0x00,  //0x9760~0x976f      ................
0x00,0x00,0x00,0x00,0x00,0x00,0x00,0x00,0x00,0x00,0x00,0x00,0x00,0x00,0x00,0x00,  //0x9770~0x977f      ................
0x00,0x00,0x00,0x00,0x00,0x00,0x00,0x00,0x00,0x00,0x00,0x00,0x00,0x00,0x00,0x00,  //0x9780~0x978f      ................
0x00,0x00,0x00,0x00,0x00,0x00,0x00,0x00,0x00,0x00,0x00,0x00,0x00,0x00,0x00,0x00,  //0x9790~0x979f      ................
0x00,0x00,0x00,0x00,0x00,0x00,0x00,0x00,0x00,0x00,0x00,0x00,0x00,0x00,0x00,0x00,  //0x97a0~0x97af      ................
0x00,0x00,0x00,0x00,0x00,0x00,0x00,0x00,0x00,0x00,0x00,0x00,0x00,0x00,0x00,0x00,  //0x97b0~0x97bf      ................
0x00,0x00,0x00,0x00,0x00,0x00,0x00,0x00,0x00,0x00,0x00,0x00,0x00,0x00,0x00,0x00,  //0x97c0~0x97cf      ................
0x00,0x00,0x00,0x00,0x00,0x00,0x00,0x00,0x00,0x00,0x00,0x00,0x00,0x00,0x00,0x00,  //0x97d0~0x97df      ................
0x00,0x00,0x00,0x00,0x00,0x00,0x00,0x00,0x00,0x00,0x00,0x00,0x00,0x00,0x00,0x00,  //0x97e0~0x97ef      ................
0x00,0x00,0x00,0x00,0x00,0x00,0x00,0x00,0x00,0x00,0x00,0x00,0x00,0x00,0x00,0x00,  //0x97f0~0x97ff      ................
0x00,0x00,0x00,0x00,0x00,0x00,0x00,0x00,0x00,0x00,0x00,0x00,0x00,0x00,0x00,0x00,  //0x9800~0x980f      ................
0x00,0x00,0x00,0x00,0x00,0x00,0x00,0x00,0x00,0x00,0x00,0x00,0x00,0x00,0x00,0x00,  //0x9810~0x981f      ................
0x00,0x00,0x00,0x00,0x00,0x00,0x00,0x00,0x00,0x00,0x00,0x00,0x00,0x00,0x00,0x00,  //0x9820~0x982f      ................
0x00,0x00,0x00,0x00,0x00,0x00,0x00,0x00,0x00,0x00,0x00,0x00,0x00,0x00,0x00,0x00,  //0x9830~0x983f      ................
0x00,0x00,0x00,0x00,0x00,0x00,0x00,0x00,0x00,0x00,0x00,0x00,0x00,0x00,0x00,0x00,  //0x9840~0x984f      ................
0x00,0x00,0x00,0x00,0x00,0x00,0x00,0x00,0x00,0x00,0x00,0x00,0x00,0x00,0x00,0x00,  //0x9850~0x985f      ................
0x00,0x00,0x00,0x00,0x00,0x00,0x00,0x00,0x00,0x00,0x00,0x00,0x00,0x00,0x00,0x00,  //0x9860~0x986f      ................
0x00,0x00,0x00,0x00,0x00,0x00,0x00,0x00,0x00,0x00,0x00,0x00,0x00,0x00,0x00,0x00,  //0x9870~0x987f      ................
0x00,0x00,0x00,0x00,0x00,0x00,0x00,0x00,0x00,0x00,0x00,0x00,0x00,0x00,0x00,0x00,  //0x9880~0x988f      ................
0x00,0x00,0x00,0x00,0x00,0x00,0x00,0x00,0x00,0x00,0x00,0x00,0x00,0x00,0x00,0x00,  //0x9890~0x989f      ................
0x00,0x00,0x00,0x00,0x00,0x00,0x00,0x00,0x00,0x00,0x00,0x00,0x00,0x00,0x00,0x00,  //0x98a0~0x98af      ................
0x00,0x00,0x00,0x00,0x00,0x00,0x00,0x00,0x00,0x00,0x00,0x00,0x00,0x00,0x00,0x00,  //0x98b0~0x98bf      ................
0x00,0x00,0x00,0x00,0x00,0x00,0x00,0x00,0x00,0x00,0x00,0x00,0x00,0x00,0x00,0x00,  //0x98c0~0x98cf      ................
0x00,0x00,0x00,0x00,0x00,0x00,0x00,0x00,0x00,0x00,0x00,0x00,0x00,0x00,0x00,0x00,  //0x98d0~0x98df      ................
0x00,0x00,0x00,0x00,0x00,0x00,0x00,0x00,0x00,0x00,0x00,0x00,0x00,0x00,0x00,0x00,  //0x98e0~0x98ef      ................
0x00,0x00,0x00,0x00,0x00,0x00,0x00,0x00,0x00,0x00,0x00,0x00,0x00,0x00,0x00,0x00,  //0x98f0~0x98ff      ................
0x00,0x00,0x00,0x00,0x00,0x00,0x00,0x00,0x00,0x00,0x00,0x00,0x00,0x00,0x00,0x00,  //0x9900~0x990f      ................
0x00,0x00,0x00,0x00,0x00,0x00,0x00,0x00,0x00,0x00,0x00,0x00,0x00,0x00,0x00,0x00,  //0x9910~0x991f      ................
0x00,0x00,0x00,0x00,0x00,0x00,0x00,0x00,0x00,0x00,0x00,0x00,0x00,0x00,0x00,0x00,  //0x9920~0x992f      ................
0x00,0x00,0x00,0x00,0x00,0x00,0x00,0x00,0x00,0x00,0x00,0x00,0x00,0x00,0x00,0x00,  //0x9930~0x993f      ................
0x00,0x00,0x00,0x00,0x00,0x00,0x00,0x00,0x00,0x00,0x00,0x00,0x00,0x00,0x00,0x00,  //0x9940~0x994f      ................
0x00,0x00,0x00,0x00,0x00,0x00,0x00,0x00,0x00,0x00,0x00,0x00,0x00,0x00,0x00,0x00,  //0x9950~0x995f      ................
0x00,0x00,0x00,0x00,0x00,0x00,0x00,0x00,0x00,0x00,0x00,0x00,0x00,0x00,0x00,0x00,  //0x9960~0x996f      ................
0x00,0x00,0x00,0x00,0x00,0x00,0x00,0x00,0x00,0x00,0x00,0x00,0x00,0x00,0x00,0x00,  //0x9970~0x997f      ................
0x00,0x00,0x00,0x00,0x00,0x00,0x00,0x00,0x00,0x00,0x00,0x00,0x00,0x00,0x00,0x00,  //0x9980~0x998f      ................
0x00,0x00,0x00,0x00,0x00,0x00,0x00,0x00,0x00,0x00,0x00,0x00,0x00,0x00,0x00,0x00,  //0x9990~0x999f      ................
0x00,0x00,0x00,0x00,0x00,0x00,0x00,0x00,0x00,0x00,0x00,0x00,0x00,0x00,0x00,0x00,  //0x99a0~0x99af      ................
0x00,0x00,0x00,0x00,0x00,0x00,0x00,0x00,0x00,0x00,0x00,0x00,0x00,0x00,0x00,0x00,  //0x99b0~0x99bf      ................
0x00,0x00,0x00,0x00,0x00,0x00,0x00,0x00,0x00,0x00,0x00,0x00,0x00,0x00,0x00,0x00,  //0x99c0~0x99cf      ................
0x00,0x00,0x00,0x00,0x00,0x00,0x00,0x00,0x00,0x00,0x00,0x00,0x00,0x00,0x00,0x00,  //0x99d0~0x99df      ................
0x00,0x00,0x00,0x00,0x00,0x00,0x00,0x00,0x00,0x00,0x00,0x00,0x00,0x00,0x00,0x00,  //0x99e0~0x99ef      ................
0x00,0x00,0x00,0x00,0x00,0x00,0x00,0x00,0x00,0x00,0x00,0x00,0x00,0x00,0x00,0x00,  //0x99f0~0x99ff      ................
0x00,0x00,0x00,0x00,0x00,0x00,0x00,0x00,0x00,0x00,0x00,0x00,0x00,0x00,0x00,0x00,  //0x9a00~0x9a0f      ................
0x00,0x00,0x00,0x00,0x00,0x00,0x00,0x00,0x00,0x00,0x00,0x00,0x00,0x00,0x00,0x00,  //0x9a10~0x9a1f      ................
0x00,0x00,0x00,0x00,0x00,0x00,0x00,0x00,0x00,0x00,0x00,0x00,0x00,0x00,0x00,0x00,  //0x9a20~0x9a2f      ................
0x00,0x00,0x00,0x00,0x00,0x00,0x00,0x00,0x00,0x00,0x00,0x00,0x00,0x00,0x00,0x00,  //0x9a30~0x9a3f      ................
0x00,0x00,0x00,0x00,0x00,0x00,0x00,0x00,0x00,0x00,0x00,0x00,0x00,0x00,0x00,0x00,  //0x9a40~0x9a4f      ................
0x00,0x00,0x00,0x00,0x00,0x00,0x00,0x00,0x00,0x00,0x00,0x00,0x00,0x00,0x00,0x00,  //0x9a50~0x9a5f      ................
0x00,0x00,0x00,0x00,0x00,0x00,0x00,0x00,0x00,0x00,0x00,0x00,0x00,0x00,0x00,0x00,  //0x9a60~0x9a6f      ................
0x00,0x00,0x00,0x00,0x00,0x00,0x00,0x00,0x00,0x00,0x00,0x00,0x00,0x00,0x00,0x00,  //0x9a70~0x9a7f      ................
0x00,0x00,0x00,0x00,0x00,0x00,0x00,0x00,0x00,0x00,0x00,0x00,0x00,0x00,0x00,0x00,  //0x9a80~0x9a8f      ................
0x00,0x00,0x00,0x00,0x00,0x00,0x00,0x00,0x00,0x00,0x00,0x00,0x00,0x00,0x00,0x00,  //0x9a90~0x9a9f      ................
0x00,0x00,0x00,0x00,0x00,0x00,0x00,0x00,0x00,0x00,0x00,0x00,0x00,0x00,0x00,0x00,  //0x9aa0~0x9aaf      ................
0x00,0x00,0x00,0x00,0x00,0x00,0x00,0x00,0x00,0x00,0x00,0x00,0x00,0x00,0x00,0x00,  //0x9ab0~0x9abf      ................
0x00,0x00,0x00,0x00,0x00,0x00,0x00,0x00,0x00,0x00,0x00,0x00,0x00,0x00,0x00,0x00,  //0x9ac0~0x9acf      ................
0x00,0x00,0x00,0x00,0x00,0x00,0x00,0x00,0x00,0x00,0x00,0x00,0x00,0x00,0x00,0x00,  //0x9ad0~0x9adf      ................
0x00,0x00,0x00,0x00,0x00,0x00,0x00,0x00,0x00,0x00,0x00,0x00,0x00,0x00,0x00,0x00,  //0x9ae0~0x9aef      ................
0x00,0x00,0x00,0x00,0x00,0x00,0x00,0x00,0x00,0x00,0x00,0x00,0x00,0x00,0x00,0x00,  //0x9af0~0x9aff      ................
0x00,0x00,0x00,0x00,0x00,0x00,0x00,0x00,0x00,0x00,0x00,0x00,0x00,0x00,0x00,0x00,  //0x9b00~0x9b0f      ................
0x00,0x00,0x00,0x00,0x00,0x00,0x00,0x00,0x00,0x00,0x00,0x00,0x00,0x00,0x00,0x00,  //0x9b10~0x9b1f      ................
0x00,0x00,0x00,0x00,0x00,0x00,0x00,0x00,0x00,0x00,0x00,0x00,0x00,0x00,0x00,0x00,  //0x9b20~0x9b2f      ................
0x00,0x00,0x00,0x00,0x00,0x00,0x00,0x00,0x00,0x00,0x00,0x00,0x00,0x00,0x00,0x00,  //0x9b30~0x9b3f      ................
0x00,0x00,0x00,0x00,0x00,0x00,0x00,0x00,0x00,0x00,0x00,0x00,0x00,0x00,0x00,0x00,  //0x9b40~0x9b4f      ................
0x00,0x00,0x00,0x00,0x00,0x00,0x00,0x00,0x00,0x00,0x00,0x00,0x00,0x00,0x00,0x00,  //0x9b50~0x9b5f      ................
0x00,0x00,0x00,0x00,0x00,0x00,0x00,0x00,0x00,0x00,0x00,0x00,0x00,0x00,0x00,0x00,  //0x9b60~0x9b6f      ................
0x00,0x00,0x00,0x00,0x00,0x00,0x00,0x00,0x00,0x00,0x00,0x00,0x00,0x00,0x00,0x00,  //0x9b70~0x9b7f      ................
0x00,0x00,0x00,0x00,0x00,0x00,0x00,0x00,0x00,0x00,0x00,0x00,0x00,0x00,0x00,0x00,  //0x9b80~0x9b8f      ................
0x00,0x00,0x00,0x00,0x00,0x00,0x00,0x00,0x00,0x00,0x00,0x00,0x00,0x00,0x00,0x00,  //0x9b90~0x9b9f      ................
0x00,0x00,0x00,0x00,0x00,0x00,0x00,0x00,0x00,0x00,0x00,0x00,0x00,0x00,0x00,0x00,  //0x9ba0~0x9baf      ................
0x00,0x00,0x00,0x00,0x00,0x00,0x00,0x00,0x00,0x00,0x00,0x00,0x00,0x00,0x00,0x00,  //0x9bb0~0x9bbf      ................
0x00,0x00,0x00,0x00,0x00,0x00,0x00,0x00,0x00,0x00,0x00,0x00,0x00,0x00,0x00,0x00,  //0x9bc0~0x9bcf      ................
0x00,0x00,0x00,0x00,0x00,0x00,0x00,0x00,0x00,0x00,0x00,0x00,0x00,0x00,0x00,0x00,  //0x9bd0~0x9bdf      ................
0x00,0x00,0x00,0x00,0x00,0x00,0x00,0x00,0x00,0x00,0x00,0x00,0x00,0x00,0x00,0x00,  //0x9be0~0x9bef      ................
0x00,0x00,0x00,0x00,0x00,0x00,0x00,0x00,0x00,0x00,0x00,0x00,0x00,0x00,0x00,0x00,  //0x9bf0~0x9bff      ................
0x00,0x00,0x00,0x00,0x00,0x00,0x00,0x00,0x00,0x00,0x00,0x00,0x00,0x00,0x00,0x00,  //0x9c00~0x9c0f      ................
0x00,0x00,0x00,0x00,0x00,0x00,0x00,0x00,0x00,0x00,0x00,0x00,0x00,0x00,0x00,0x00,  //0x9c10~0x9c1f      ................
0x00,0x00,0x00,0x00,0x00,0x00,0x00,0x00,0x00,0x00,0x00,0x00,0x00,0x00,0x00,0x00,  //0x9c20~0x9c2f      ................
0x00,0x00,0x00,0x00,0x00,0x00,0x00,0x00,0x00,0x00,0x00,0x00,0x00,0x00,0x00,0x00,  //0x9c30~0x9c3f      ................
0x00,0x00,0x00,0x00,0x00,0x00,0x00,0x00,0x00,0x00,0x00,0x00,0x00,0x00,0x00,0x00,  //0x9c40~0x9c4f      ................
0x00,0x00,0x00,0x00,0x00,0x00,0x00,0x00,0x00,0x00,0x00,0x00,0x00,0x00,0x00,0x00,  //0x9c50~0x9c5f      ................
0x00,0x00,0x00,0x00,0x00,0x00,0x00,0x00,0x00,0x00,0x00,0x00,0x00,0x00,0x00,0x00,  //0x9c60~0x9c6f      ................
0x00,0x00,0x00,0x00,0x00,0x00,0x00,0x00,0x00,0x00,0x00,0x00,0x00,0x00,0x00,0x00,  //0x9c70~0x9c7f      ................
0x00,0x00,0x00,0x00,0x00,0x00,0x00,0x00,0x00,0x00,0x00,0x00,0x00,0x00,0x00,0x00,  //0x9c80~0x9c8f      ................
0x00,0x00,0x00,0x00,0x00,0x00,0x00,0x00,0x00,0x00,0x00,0x00,0x00,0x00,0x00,0x00,  //0x9c90~0x9c9f      ................
0x00,0x00,0x00,0x00,0x00,0x00,0x00,0x00,0x00,0x00,0x00,0x00,0x00,0x00,0x00,0x00,  //0x9ca0~0x9caf      ................
0x00,0x00,0x00,0x00,0x00,0x00,0x00,0x00,0x00,0x00,0x00,0x00,0x00,0x00,0x00,0x00,  //0x9cb0~0x9cbf      ................
0x00,0x00,0x00,0x00,0x00,0x00,0x00,0x00,0x00,0x00,0x00,0x00,0x00,0x00,0x00,0x00,  //0x9cc0~0x9ccf      ................
0x00,0x00,0x00,0x00,0x00,0x00,0x00,0x00,0x00,0x00,0x00,0x00,0x00,0x00,0x00,0x00,  //0x9cd0~0x9cdf      ................
0x00,0x00,0x00,0x00,0x00,0x00,0x00,0x00,0x00,0x00,0x00,0x00,0x00,0x00,0x00,0x00,  //0x9ce0~0x9cef      ................
0x00,0x00,0x00,0x00,0x00,0x00,0x00,0x00,0x00,0x00,0x00,0x00,0x00,0x00,0x00,0x00,  //0x9cf0~0x9cff      ................
0x00,0x00,0x00,0x00,0x00,0x00,0x00,0x00,0x00,0x00,0x00,0x00,0x00,0x00,0x00,0x00,  //0x9d00~0x9d0f      ................
0x00,0x00,0x00,0x00,0x00,0x00,0x00,0x00,0x00,0x00,0x00,0x00,0x00,0x00,0x00,0x00,  //0x9d10~0x9d1f      ................
0x00,0x00,0x00,0x00,0x00,0x00,0x00,0x00,0x00,0x00,0x00,0x00,0x00,0x00,0x00,0x00,  //0x9d20~0x9d2f      ................
0x00,0x00,0x00,0x00,0x00,0x00,0x00,0x00,0x00,0x00,0x00,0x00,0x00,0x00,0x00,0x00,  //0x9d30~0x9d3f      ................
0x00,0x00,0x00,0x00,0x00,0x00,0x00,0x00,0x00,0x00,0x00,0x00,0x00,0x00,0x00,0x00,  //0x9d40~0x9d4f      ................
0x00,0x00,0x00,0x00,0x00,0x00,0x00,0x00,0x00,0x00,0x00,0x00,0x00,0x00,0x00,0x00,  //0x9d50~0x9d5f      ................
0x00,0x00,0x00,0x00,0x00,0x00,0x00,0x00,0x00,0x00,0x00,0x00,0x00,0x00,0x00,0x00,  //0x9d60~0x9d6f      ................
0x00,0x00,0x00,0x00,0x00,0x00,0x00,0x00,0x00,0x00,0x00,0x00,0x00,0x00,0x00,0x00,  //0x9d70~0x9d7f      ................
0x00,0x00,0x00,0x00,0x00,0x00,0x00,0x00,0x00,0x00,0x00,0x00,0x00,0x00,0x00,0x00,  //0x9d80~0x9d8f      ................
0x00,0x00,0x00,0x00,0x00,0x00,0x00,0x00,0x00,0x00,0x00,0x00,0x00,0x00,0x00,0x00,  //0x9d90~0x9d9f      ................
0x00,0x00,0x00,0x00,0x00,0x00,0x00,0x00,0x00,0x00,0x00,0x00,0x00,0x00,0x00,0x00,  //0x9da0~0x9daf      ................
0x00,0x00,0x00,0x00,0x00,0x00,0x00,0x00,0x00,0x00,0x00,0x00,0x00,0x00,0x00,0x00,  //0x9db0~0x9dbf      ................
0x00,0x00,0x00,0x00,0x00,0x00,0x00,0x00,0x00,0x00,0x00,0x00,0x00,0x00,0x00,0x00,  //0x9dc0~0x9dcf      ................
0x00,0x00,0x00,0x00,0x00,0x00,0x00,0x00,0x00,0x00,0x00,0x00,0x00,0x00,0x00,0x00,  //0x9dd0~0x9ddf      ................
0x00,0x00,0x00,0x00,0x00,0x00,0x00,0x00,0x00,0x00,0x00,0x00,0x00,0x00,0x00,0x00,  //0x9de0~0x9def      ................
0x00,0x00,0x00,0x00,0x00,0x00,0x00,0x00,0x00,0x00,0x00,0x00,0x00,0x00,0x00,0x00,  //0x9df0~0x9dff      ................
0x00,0x00,0x00,0x00,0x00,0x00,0x00,0x00,0x00,0x00,0x00,0x00,0x00,0x00,0x00,0x00,  //0x9e00~0x9e0f      ................
0x00,0x00,0x00,0x00,0x00,0x00,0x00,0x00,0x00,0x00,0x00,0x00,0x00,0x00,0x00,0x00,  //0x9e10~0x9e1f      ................
0x00,0x00,0x00,0x00,0x00,0x00,0x00,0x00,0x00,0x00,0x00,0x00,0x00,0x00,0x00,0x00,  //0x9e20~0x9e2f      ................
0x00,0x00,0x00,0x00,0x00,0x00,0x00,0x00,0x00,0x00,0x00,0x00,0x00,0x00,0x00,0x00,  //0x9e30~0x9e3f      ................
0x00,0x00,0x00,0x00,0x00,0x00,0x00,0x00,0x00,0x00,0x00,0x00,0x00,0x00,0x00,0x00,  //0x9e40~0x9e4f      ................
0x00,0x00,0x00,0x00,0x00,0x00,0x00,0x00,0x00,0x00,0x00,0x00,0x00,0x00,0x00,0x00,  //0x9e50~0x9e5f      ................
0x00,0x00,0x00,0x00,0x00,0x00,0x00,0x00,0x00,0x00,0x00,0x00,0x00,0x00,0x00,0x00,  //0x9e60~0x9e6f      ................
0x00,0x00,0x00,0x00,0x00,0x00,0x00,0x00,0x00,0x00,0x00,0x00,0x00,0x00,0x00,0x00,  //0x9e70~0x9e7f      ................
0x00,0x00,0x00,0x00,0x00,0x00,0x00,0x00,0x00,0x00,0x00,0x00,0x00,0x00,0x00,0x00,  //0x9e80~0x9e8f      ................
0x00,0x00,0x00,0x00,0x00,0x00,0x00,0x00,0x00,0x00,0x00,0x00,0x00,0x00,0x00,0x00,  //0x9e90~0x9e9f      ................
0x00,0x00,0x00,0x00,0x00,0x00,0x00,0x00,0x00,0x00,0x00,0x00,0x00,0x00,0x00,0x00,  //0x9ea0~0x9eaf      ................
0x00,0x00,0x00,0x00,0x00,0x00,0x00,0x00,0x00,0x00,0x00,0x00,0x00,0x00,0x00,0x00,  //0x9eb0~0x9ebf      ................
0x00,0x00,0x00,0x00,0x00,0x00,0x00,0x00,0x00,0x00,0x00,0x00,0x00,0x00,0x00,0x00,  //0x9ec0~0x9ecf      ................
0x00,0x00,0x00,0x00,0x00,0x00,0x00,0x00,0x00,0x00,0x00,0x00,0x00,0x00,0x00,0x00,  //0x9ed0~0x9edf      ................
0x00,0x00,0x00,0x00,0x00,0x00,0x00,0x00,0x00,0x00,0x00,0x00,0x00,0x00,0x00,0x00,  //0x9ee0~0x9eef      ................
0x00,0x00,0x00,0x00,0x00,0x00,0x00,0x00,0x00,0x00,0x00,0x00,0x00,0x00,0x00,0x00,  //0x9ef0~0x9eff      ................
0x00,0x00,0x00,0x00,0x00,0x00,0x00,0x00,0x00,0x00,0x00,0x00,0x00,0x00,0x00,0x00,  //0x9f00~0x9f0f      ................
0x00,0x00,0x00,0x00,0x00,0x00,0x00,0x00,0x00,0x00,0x00,0x00,0x00,0x00,0x00,0x00,  //0x9f10~0x9f1f      ................
0x00,0x00,0x00,0x00,0x00,0x00,0x00,0x00,0x00,0x00,0x00,0x00,0x00,0x00,0x00,0x00,  //0x9f20~0x9f2f      ................
0x00,0x00,0x00,0x00,0x00,0x00,0x00,0x00,0x00,0x00,0x00,0x00,0x00,0x00,0x00,0x00,  //0x9f30~0x9f3f      ................
0x00,0x00,0x00,0x00,0x00,0x00,0x00,0x00,0x00,0x00,0x00,0x00,0x00,0x00,0x00,0x00,  //0x9f40~0x9f4f      ................
0x00,0x00,0x00,0x00,0x00,0x00,0x00,0x00,0x00,0x00,0x00,0x00,0x00,0x00,0x00,0x00,  //0x9f50~0x9f5f      ................
0x00,0x00,0x00,0x00,0x00,0x00,0x00,0x00,0x00,0x00,0x00,0x00,0x00,0x00,0x00,0x00,  //0x9f60~0x9f6f      ................
0x00,0x00,0x00,0x00,0x00,0x00,0x00,0x00,0x00,0x00,0x00,0x00,0x00,0x00,0x00,0x00,  //0x9f70~0x9f7f      ................
0x00,0x00,0x00,0x00,0x00,0x00,0x00,0x00,0x00,0x00,0x00,0x00,0x00,0x00,0x00,0x00,  //0x9f80~0x9f8f      ................
0x00,0x00,0x00,0x00,0x00,0x00,0x00,0x00,0x00,0x00,0x00,0x00,0x00,0x00,0x00,0x00,  //0x9f90~0x9f9f      ................
0x00,0x00,0x00,0x00,0x00,0x00,0x00,0x00,0x00,0x00,0x00,0x00,0x00,0x00,0x00,0x00,  //0x9fa0~0x9faf      ................
0x00,0x00,0x00,0x00,0x00,0x00,0x00,0x00,0x00,0x00,0x00,0x00,0x00,0x00,0x00,0x00,  //0x9fb0~0x9fbf      ................
0x00,0x00,0x00,0x00,0x00,0x00,0x00,0x00,0x00,0x00,0x00,0x00,0x00,0x00,0x00,0x00,  //0x9fc0~0x9fcf      ................
0x00,0x00,0x00,0x00,0x00,0x00,0x00,0x00,0x00,0x00,0x00,0x00,0x00,0x00,0x00,0x00,  //0x9fd0~0x9fdf      ................
0x00,0x00,0x00,0x00,0x00,0x00,0x00,0x00,0x00,0x00,0x00,0x00,0x00,0x00,0x00,0x00,  //0x9fe0~0x9fef      ................
0x00,0x00,0x00,0x00,0x00,0x00,0x00,0x00,0x00,0x00,0x00,0x00,0x00,0x00,0x00,0x00,  //0x9ff0~0x9fff      ................
0x00,0x00,0x00,0x00,0x00,0x00,0x00,0x00,0x00,0x00,0x00,0x00,0x00,0x00,0x00,0x00,  //0xa000~0xa00f      ................
0x00,0x00,0x00,0x00,0x00,0x00,0x00,0x00,0x00,0x00,0x00,0x00,0x00,0x00,0x00,0x00,  //0xa010~0xa01f      ................
0x00,0x00,0x00,0x00,0x00,0x00,0x00,0x00,0x00,0x00,0x00,0x00,0x00,0x00,0x00,0x00,  //0xa020~0xa02f      ................
0x00,0x00,0x00,0x00,0x00,0x00,0x00,0x00,0x00,0x00,0x00,0x00,0x00,0x00,0x00,0x00,  //0xa030~0xa03f      ................
0x00,0x00,0x00,0x00,0x00,0x00,0x00,0x00,0x00,0x00,0x00,0x00,0x00,0x00,0x00,0x00,  //0xa040~0xa04f      ................
0x00,0x00,0x00,0x00,0x00,0x00,0x00,0x00,0x00,0x00,0x00,0x00,0x00,0x00,0x00,0x00,  //0xa050~0xa05f      ................
0x00,0x00,0x00,0x00,0x00,0x00,0x00,0x00,0x00,0x00,0x00,0x00,0x00,0x00,0x00,0x00,  //0xa060~0xa06f      ................
0x00,0x00,0x00,0x00,0x00,0x00,0x00,0x00,0x00,0x00,0x00,0x00,0x00,0x00,0x00,0x00,  //0xa070~0xa07f      ................
0x00,0x00,0x00,0x00,0x00,0x00,0x00,0x00,0x00,0x00,0x00,0x00,0x00,0x00,0x00,0x00,  //0xa080~0xa08f      ................
0x00,0x00,0x00,0x00,0x00,0x00,0x00,0x00,0x00,0x00,0x00,0x00,0x00,0x00,0x00,0x00,  //0xa090~0xa09f      ................
0x00,0x00,0x00,0x00,0x00,0x00,0x00,0x00,0x00,0x00,0x00,0x00,0x00,0x00,0x00,0x00,  //0xa0a0~0xa0af      ................
0x00,0x00,0x00,0x00,0x00,0x00,0x00,0x00,0x00,0x00,0x00,0x00,0x00,0x00,0x00,0x00,  //0xa0b0~0xa0bf      ................
0x00,0x00,0x00,0x00,0x00,0x00,0x00,0x00,0x00,0x00,0x00,0x00,0x00,0x00,0x00,0x00,  //0xa0c0~0xa0cf      ................
0x00,0x00,0x00,0x00,0x00,0x00,0x00,0x00,0x00,0x00,0x00,0x00,0x00,0x00,0x00,0x00,  //0xa0d0~0xa0df      ................
0x00,0x00,0x00,0x00,0x00,0x00,0x00,0x00,0x00,0x00,0x00,0x00,0x00,0x00,0x00,0x00,  //0xa0e0~0xa0ef      ................
0x00,0x00,0x00,0x00,0x00,0x00,0x00,0x00,0x00,0x00,0x00,0x00,0x00,0x00,0x00,0x00,  //0xa0f0~0xa0ff      ................
0x00,0x00,0x00,0x00,0x00,0x00,0x00,0x00,0x00,0x00,0x00,0x00,0x00,0x00,0x00,0x00,  //0xa100~0xa10f      ................
0x00,0x00,0x00,0x00,0x00,0x00,0x00,0x00,0x00,0x00,0x00,0x00,0x00,0x00,0x00,0x00,  //0xa110~0xa11f      ................
0x00,0x00,0x00,0x00,0x00,0x00,0x00,0x00,0x00,0x00,0x00,0x00,0x00,0x00,0x00,0x00,  //0xa120~0xa12f      ................
0x00,0x00,0x00,0x00,0x00,0x00,0x00,0x00,0x00,0x00,0x00,0x00,0x00,0x00,0x00,0x00,  //0xa130~0xa13f      ................
0x00,0x00,0x00,0x00,0x00,0x00,0x00,0x00,0x00,0x00,0x00,0x00,0x00,0x00,0x00,0x00,  //0xa140~0xa14f      ................
0x00,0x00,0x00,0x00,0x00,0x00,0x00,0x00,0x00,0x00,0x00,0x00,0x00,0x00,0x00,0x00,  //0xa150~0xa15f      ................
0x00,0x00,0x00,0x00,0x00,0x00,0x00,0x00,0x00,0x00,0x00,0x00,0x00,0x00,0x00,0x00,  //0xa160~0xa16f      ................
0x00,0x00,0x00,0x00,0x00,0x00,0x00,0x00,0x00,0x00,0x00,0x00,0x00,0x00,0x00,0x00,  //0xa170~0xa17f      ................
0x00,0x00,0x00,0x00,0x00,0x00,0x00,0x00,0x00,0x00,0x00,0x00,0x00,0x00,0x00,0x00,  //0xa180~0xa18f      ................
0x00,0x00,0x00,0x00,0x00,0x00,0x00,0x00,0x00,0x00,0x00,0x00,0x00,0x00,0x00,0x00,  //0xa190~0xa19f      ................
0x00,0x00,0x00,0x00,0x00,0x00,0x00,0x00,0x00,0x00,0x00,0x00,0x00,0x00,0x00,0x00,  //0xa1a0~0xa1af      ................
0x00,0x00,0x00,0x00,0x00,0x00,0x00,0x00,0x00,0x00,0x00,0x00,0x00,0x00,0x00,0x00,  //0xa1b0~0xa1bf      ................
0x00,0x00,0x00,0x00,0x00,0x00,0x00,0x00,0x00,0x00,0x00,0x00,0x00,0x00,0x00,0x00,  //0xa1c0~0xa1cf      ................
0x00,0x00,0x00,0x00,0x00,0x00,0x00,0x00,0x00,0x00,0x00,0x00,0x00,0x00,0x00,0x00,  //0xa1d0~0xa1df      ................
0x00,0x00,0x00,0x00,0x00,0x00,0x00,0x00,0x00,0x00,0x00,0x00,0x00,0x00,0x00,0x00,  //0xa1e0~0xa1ef      ................
0x00,0x00,0x00,0x00,0x00,0x00,0x00,0x00,0x00,0x00,0x00,0x00,0x00,0x00,0x00,0x00,  //0xa1f0~0xa1ff      ................
0x00,0x00,0x00,0x00,0x00,0x00,0x00,0x00,0x00,0x00,0x00,0x00,0x00,0x00,0x00,0x00,  //0xa200~0xa20f      ................
0x00,0x00,0x00,0x00,0x00,0x00,0x00,0x00,0x00,0x00,0x00,0x00,0x00,0x00,0x00,0x00,  //0xa210~0xa21f      ................
0x00,0x00,0x00,0x00,0x00,0x00,0x00,0x00,0x00,0x00,0x00,0x00,0x00,0x00,0x00,0x00,  //0xa220~0xa22f      ................
0x00,0x00,0x00,0x00,0x00,0x00,0x00,0x00,0x00,0x00,0x00,0x00,0x00,0x00,0x00,0x00,  //0xa230~0xa23f      ................
0x00,0x00,0x00,0x00,0x00,0x00,0x00,0x00,0x00,0x00,0x00,0x00,0x00,0x00,0x00,0x00,  //0xa240~0xa24f      ................
0x00,0x00,0x00,0x00,0x00,0x00,0x00,0x00,0x00,0x00,0x00,0x00,0x00,0x00,0x00,0x00,  //0xa250~0xa25f      ................
0x00,0x00,0x00,0x00,0x00,0x00,0x00,0x00,0x00,0x00,0x00,0x00,0x00,0x00,0x00,0x00,  //0xa260~0xa26f      ................
0x00,0x00,0x00,0x00,0x00,0x00,0x00,0x00,0x00,0x00,0x00,0x00,0x00,0x00,0x00,0x00,  //0xa270~0xa27f      ................
0x00,0x00,0x00,0x00,0x00,0x00,0x00,0x00,0x00,0x00,0x00,0x00,0x00,0x00,0x00,0x00,  //0xa280~0xa28f      ................
0x00,0x00,0x00,0x00,0x00,0x00,0x00,0x00,0x00,0x00,0x00,0x00,0x00,0x00,0x00,0x00,  //0xa290~0xa29f      ................
0x00,0x00,0x00,0x00,0x00,0x00,0x00,0x00,0x00,0x00,0x00,0x00,0x00,0x00,0x00,0x00,  //0xa2a0~0xa2af      ................
0x00,0x00,0x00,0x00,0x00,0x00,0x00,0x00,0x00,0x00,0x00,0x00,0x00,0x00,0x00,0x00,  //0xa2b0~0xa2bf      ................
0x00,0x00,0x00,0x00,0x00,0x00,0x00,0x00,0x00,0x00,0x00,0x00,0x00,0x00,0x00,0x00,  //0xa2c0~0xa2cf      ................
0x00,0x00,0x00,0x00,0x00,0x00,0x00,0x00,0x00,0x00,0x00,0x00,0x00,0x00,0x00,0x00,  //0xa2d0~0xa2df      ................
0x00,0x00,0x00,0x00,0x00,0x00,0x00,0x00,0x00,0x00,0x00,0x00,0x00,0x00,0x00,0x00,  //0xa2e0~0xa2ef      ................
0x00,0x00,0x00,0x00,0x00,0x00,0x00,0x00,0x00,0x00,0x00,0x00,0x00,0x00,0x00,0x00,  //0xa2f0~0xa2ff      ................
0x00,0x00,0x00,0x00,0x00,0x00,0x00,0x00,0x00,0x00,0x00,0x00,0x00,0x00,0x00,0x00,  //0xa300~0xa30f      ................
0x00,0x00,0x00,0x00,0x00,0x00,0x00,0x00,0x00,0x00,0x00,0x00,0x00,0x00,0x00,0x00,  //0xa310~0xa31f      ................
0x00,0x00,0x00,0x00,0x00,0x00,0x00,0x00,0x00,0x00,0x00,0x00,0x00,0x00,0x00,0x00,  //0xa320~0xa32f      ................
0x00,0x00,0x00,0x00,0x00,0x00,0x00,0x00,0x00,0x00,0x00,0x00,0x00,0x00,0x00,0x00,  //0xa330~0xa33f      ................
0x00,0x00,0x00,0x00,0x00,0x00,0x00,0x00,0x00,0x00,0x00,0x00,0x00,0x00,0x00,0x00,  //0xa340~0xa34f      ................
0x00,0x00,0x00,0x00,0x00,0x00,0x00,0x00,0x00,0x00,0x00,0x00,0x00,0x00,0x00,0x00,  //0xa350~0xa35f      ................
0x00,0x00,0x00,0x00,0x00,0x00,0x00,0x00,0x00,0x00,0x00,0x00,0x00,0x00,0x00,0x00,  //0xa360~0xa36f      ................
0x00,0x00,0x00,0x00,0x00,0x00,0x00,0x00,0x00,0x00,0x00,0x00,0x00,0x00,0x00,0x00,  //0xa370~0xa37f      ................
0x00,0x00,0x00,0x00,0x00,0x00,0x00,0x00,0x00,0x00,0x00,0x00,0x00,0x00,0x00,0x00,  //0xa380~0xa38f      ................
0x00,0x00,0x00,0x00,0x00,0x00,0x00,0x00,0x00,0x00,0x00,0x00,0x00,0x00,0x00,0x00,  //0xa390~0xa39f      ................
0x00,0x00,0x00,0x00,0x00,0x00,0x00,0x00,0x00,0x00,0x00,0x00,0x00,0x00,0x00,0x00,  //0xa3a0~0xa3af      ................
0x00,0x00,0x00,0x00,0x00,0x00,0x00,0x00,0x00,0x00,0x00,0x00,0x00,0x00,0x00,0x00,  //0xa3b0~0xa3bf      ................
0x00,0x00,0x00,0x00,0x00,0x00,0x00,0x00,0x00,0x00,0x00,0x00,0x00,0x00,0x00,0x00,  //0xa3c0~0xa3cf      ................
0x00,0x00,0x00,0x00,0x00,0x00,0x00,0x00,0x00,0x00,0x00,0x00,0x00,0x00,0x00,0x00,  //0xa3d0~0xa3df      ................
0x00,0x00,0x00,0x00,0x00,0x00,0x00,0x00,0x00,0x00,0x00,0x00,0x00,0x00,0x00,0x00,  //0xa3e0~0xa3ef      ................
0x00,0x00,0x00,0x00,0x00,0x00,0x00,0x00,0x00,0x00,0x00,0x00,0x00,0x00,0x00,0x00,  //0xa3f0~0xa3ff      ................
0x00,0x00,0x00,0x00,0x00,0x00,0x00,0x00,0x00,0x00,0x00,0x00,0x00,0x00,0x00,0x00,  //0xa400~0xa40f      ................
0x00,0x00,0x00,0x00,0x00,0x00,0x00,0x00,0x00,0x00,0x00,0x00,0x00,0x00,0x00,0x00,  //0xa410~0xa41f      ................
0x00,0x00,0x00,0x00,0x00,0x00,0x00,0x00,0x00,0x00,0x00,0x00,0x00,0x00,0x00,0x00,  //0xa420~0xa42f      ................
0x00,0x00,0x00,0x00,0x00,0x00,0x00,0x00,0x00,0x00,0x00,0x00,0x00,0x00,0x00,0x00,  //0xa430~0xa43f      ................
0x00,0x00,0x00,0x00,0x00,0x00,0x00,0x00,0x00,0x00,0x00,0x00,0x00,0x00,0x00,0x00,  //0xa440~0xa44f      ................
0x00,0x00,0x00,0x00,0x00,0x00,0x00,0x00,0x00,0x00,0x00,0x00,0x00,0x00,0x00,0x00,  //0xa450~0xa45f      ................
0x00,0x00,0x00,0x00,0x00,0x00,0x00,0x00,0x00,0x00,0x00,0x00,0x00,0x00,0x00,0x00,  //0xa460~0xa46f      ................
0x00,0x00,0x00,0x00,0x00,0x00,0x00,0x00,0x00,0x00,0x00,0x00,0x00,0x00,0x00,0x00,  //0xa470~0xa47f      ................
0x00,0x00,0x00,0x00,0x00,0x00,0x00,0x00,0x00,0x00,0x00,0x00,0x00,0x00,0x00,0x00,  //0xa480~0xa48f      ................
0x00,0x00,0x00,0x00,0x00,0x00,0x00,0x00,0x00,0x00,0x00,0x00,0x00,0x00,0x00,0x00,  //0xa490~0xa49f      ................
0x00,0x00,0x00,0x00,0x00,0x00,0x00,0x00,0x00,0x00,0x00,0x00,0x00,0x00,0x00,0x00,  //0xa4a0~0xa4af      ................
0x00,0x00,0x00,0x00,0x00,0x00,0x00,0x00,0x00,0x00,0x00,0x00,0x00,0x00,0x00,0x00,  //0xa4b0~0xa4bf      ................
0x00,0x00,0x00,0x00,0x00,0x00,0x00,0x00,0x00,0x00,0x00,0x00,0x00,0x00,0x00,0x00,  //0xa4c0~0xa4cf      ................
0x00,0x00,0x00,0x00,0x00,0x00,0x00,0x00,0x00,0x00,0x00,0x00,0x00,0x00,0x00,0x00,  //0xa4d0~0xa4df      ................
0x00,0x00,0x00,0x00,0x00,0x00,0x00,0x00,0x00,0x00,0x00,0x00,0x00,0x00,0x00,0x00,  //0xa4e0~0xa4ef      ................
0x00,0x00,0x00,0x00,0x00,0x00,0x00,0x00,0x00,0x00,0x00,0x00,0x00,0x00,0x00,0x00,  //0xa4f0~0xa4ff      ................
0x00,0x00,0x00,0x00,0x00,0x00,0x00,0x00,0x00,0x00,0x00,0x00,0x00,0x00,0x00,0x00,  //0xa500~0xa50f      ................
0x00,0x00,0x00,0x00,0x00,0x00,0x00,0x00,0x00,0x00,0x00,0x00,0x00,0x00,0x00,0x00,  //0xa510~0xa51f      ................
0x00,0x00,0x00,0x00,0x00,0x00,0x00,0x00,0x00,0x00,0x00,0x00,0x00,0x00,0x00,0x00,  //0xa520~0xa52f      ................
0x00,0x00,0x00,0x00,0x00,0x00,0x00,0x00,0x00,0x00,0x00,0x00,0x00,0x00,0x00,0x00,  //0xa530~0xa53f      ................
0x00,0x00,0x00,0x00,0x00,0x00,0x00,0x00,0x00,0x00,0x00,0x00,0x00,0x00,0x00,0x00,  //0xa540~0xa54f      ................
0x00,0x00,0x00,0x00,0x00,0x00,0x00,0x00,0x00,0x00,0x00,0x00,0x00,0x00,0x00,0x00,  //0xa550~0xa55f      ................
0x00,0x00,0x00,0x00,0x00,0x00,0x00,0x00,0x00,0x00,0x00,0x00,0x00,0x00,0x00,0x00,  //0xa560~0xa56f      ................
0x00,0x00,0x00,0x00,0x00,0x00,0x00,0x00,0x00,0x00,0x00,0x00,0x00,0x00,0x00,0x00,  //0xa570~0xa57f      ................
0x00,0x00,0x00,0x00,0x00,0x00,0x00,0x00,0x00,0x00,0x00,0x00,0x00,0x00,0x00,0x00,  //0xa580~0xa58f      ................
0x00,0x00,0x00,0x00,0x00,0x00,0x00,0x00,0x00,0x00,0x00,0x00,0x00,0x00,0x00,0x00,  //0xa590~0xa59f      ................
0x00,0x00,0x00,0x00,0x00,0x00,0x00,0x00,0x00,0x00,0x00,0x00,0x00,0x00,0x00,0x00,  //0xa5a0~0xa5af      ................
0x00,0x00,0x00,0x00,0x00,0x00,0x00,0x00,0x00,0x00,0x00,0x00,0x00,0x00,0x00,0x00,  //0xa5b0~0xa5bf      ................
0x00,0x00,0x00,0x00,0x00,0x00,0x00,0x00,0x00,0x00,0x00,0x00,0x00,0x00,0x00,0x00,  //0xa5c0~0xa5cf      ................
0x00,0x00,0x00,0x00,0x00,0x00,0x00,0x00,0x00,0x00,0x00,0x00,0x00,0x00,0x00,0x00,  //0xa5d0~0xa5df      ................
0x00,0x00,0x00,0x00,0x00,0x00,0x00,0x00,0x00,0x00,0x00,0x00,0x00,0x00,0x00,0x00,  //0xa5e0~0xa5ef      ................
0x00,0x00,0x00,0x00,0x00,0x00,0x00,0x00,0x00,0x00,0x00,0x00,0x00,0x00,0x00,0x00,  //0xa5f0~0xa5ff      ................
0x00,0x00,0x00,0x00,0x00,0x00,0x00,0x00,0x00,0x00,0x00,0x00,0x00,0x00,0x00,0x00,  //0xa600~0xa60f      ................
0x00,0x00,0x00,0x00,0x00,0x00,0x00,0x00,0x00,0x00,0x00,0x00,0x00,0x00,0x00,0x00,  //0xa610~0xa61f      ................
0x00,0x00,0x00,0x00,0x00,0x00,0x00,0x00,0x00,0x00,0x00,0x00,0x00,0x00,0x00,0x00,  //0xa620~0xa62f      ................
0x00,0x00,0x00,0x00,0x00,0x00,0x00,0x00,0x00,0x00,0x00,0x00,0x00,0x00,0x00,0x00,  //0xa630~0xa63f      ................
0x00,0x00,0x00,0x00,0x00,0x00,0x00,0x00,0x00,0x00,0x00,0x00,0x00,0x00,0x00,0x00,  //0xa640~0xa64f      ................
0x00,0x00,0x00,0x00,0x00,0x00,0x00,0x00,0x00,0x00,0x00,0x00,0x00,0x00,0x00,0x00,  //0xa650~0xa65f      ................
0x00,0x00,0x00,0x00,0x00,0x00,0x00,0x00,0x00,0x00,0x00,0x00,0x00,0x00,0x00,0x00,  //0xa660~0xa66f      ................
0x00,0x00,0x00,0x00,0x00,0x00,0x00,0x00,0x00,0x00,0x00,0x00,0x00,0x00,0x00,0x00,  //0xa670~0xa67f      ................
0x00,0x00,0x00,0x00,0x00,0x00,0x00,0x00,0x00,0x00,0x00,0x00,0x00,0x00,0x00,0x00,  //0xa680~0xa68f      ................
0x00,0x00,0x00,0x00,0x00,0x00,0x00,0x00,0x00,0x00,0x00,0x00,0x00,0x00,0x00,0x00,  //0xa690~0xa69f      ................
0x00,0x00,0x00,0x00,0x00,0x00,0x00,0x00,0x00,0x00,0x00,0x00,0x00,0x00,0x00,0x00,  //0xa6a0~0xa6af      ................
0x00,0x00,0x00,0x00,0x00,0x00,0x00,0x00,0x00,0x00,0x00,0x00,0x00,0x00,0x00,0x00,  //0xa6b0~0xa6bf      ................
0x00,0x00,0x00,0x00,0x00,0x00,0x00,0x00,0x00,0x00,0x00,0x00,0x00,0x00,0x00,0x00,  //0xa6c0~0xa6cf      ................
0x00,0x00,0x00,0x00,0x00,0x00,0x00,0x00,0x00,0x00,0x00,0x00,0x00,0x00,0x00,0x00,  //0xa6d0~0xa6df      ................
0x00,0x00,0x00,0x00,0x00,0x00,0x00,0x00,0x00,0x00,0x00,0x00,0x00,0x00,0x00,0x00,  //0xa6e0~0xa6ef      ................
0x00,0x00,0x00,0x00,0x00,0x00,0x00,0x00,0x00,0x00,0x00,0x00,0x00,0x00,0x00,0x00,  //0xa6f0~0xa6ff      ................
0x00,0x00,0x00,0x00,0x00,0x00,0x00,0x00,0x00,0x00,0x00,0x00,0x00,0x00,0x00,0x00,  //0xa700~0xa70f      ................
0x00,0x00,0x00,0x00,0x00,0x00,0x00,0x00,0x00,0x00,0x00,0x00,0x00,0x00,0x00,0x00,  //0xa710~0xa71f      ................
0x00,0x00,0x00,0x00,0x00,0x00,0x00,0x00,0x00,0x00,0x00,0x00,0x00,0x00,0x00,0x00,  //0xa720~0xa72f      ................
0x00,0x00,0x00,0x00,0x00,0x00,0x00,0x00,0x00,0x00,0x00,0x00,0x00,0x00,0x00,0x00,  //0xa730~0xa73f      ................
0x00,0x00,0x00,0x00,0x00,0x00,0x00,0x00,0x00,0x00,0x00,0x00,0x00,0x00,0x00,0x00,  //0xa740~0xa74f      ................
0x00,0x00,0x00,0x00,0x00,0x00,0x00,0x00,0x00,0x00,0x00,0x00,0x00,0x00,0x00,0x00,  //0xa750~0xa75f      ................
0x00,0x00,0x00,0x00,0x00,0x00,0x00,0x00,0x00,0x00,0x00,0x00,0x00,0x00,0x00,0x00,  //0xa760~0xa76f      ................
0x00,0x00,0x00,0x00,0x00,0x00,0x00,0x00,0x00,0x00,0x00,0x00,0x00,0x00,0x00,0x00,  //0xa770~0xa77f      ................
0x00,0x00,0x00,0x00,0x00,0x00,0x00,0x00,0x00,0x00,0x00,0x00,0x00,0x00,0x00,0x00,  //0xa780~0xa78f      ................
0x00,0x00,0x00,0x00,0x00,0x00,0x00,0x00,0x00,0x00,0x00,0x00,0x00,0x00,0x00,0x00,  //0xa790~0xa79f      ................
0x00,0x00,0x00,0x00,0x00,0x00,0x00,0x00,0x00,0x00,0x00,0x00,0x00,0x00,0x00,0x00,  //0xa7a0~0xa7af      ................
0x00,0x00,0x00,0x00,0x00,0x00,0x00,0x00,0x00,0x00,0x00,0x00,0x00,0x00,0x00,0x00,  //0xa7b0~0xa7bf      ................
0x00,0x00,0x00,0x00,0x00,0x00,0x00,0x00,0x00,0x00,0x00,0x00,0x00,0x00,0x00,0x00,  //0xa7c0~0xa7cf      ................
0x00,0x00,0x00,0x00,0x00,0x00,0x00,0x00,0x00,0x00,0x00,0x00,0x00,0x00,0x00,0x00,  //0xa7d0~0xa7df      ................
0x00,0x00,0x00,0x00,0x00,0x00,0x00,0x00,0x00,0x00,0x00,0x00,0x00,0x00,0x00,0x00,  //0xa7e0~0xa7ef      ................
0x00,0x00,0x00,0x00,0x00,0x00,0x00,0x00,0x00,0x00,0x00,0x00,0x00,0x00,0x00,0x00,  //0xa7f0~0xa7ff      ................
0x00,0x00,0x00,0x00,0x00,0x00,0x00,0x00,0x00,0x00,0x00,0x00,0x00,0x00,0x00,0x00,  //0xa800~0xa80f      ................
0x00,0x00,0x00,0x00,0x00,0x00,0x00,0x00,0x00,0x00,0x00,0x00,0x00,0x00,0x00,0x00,  //0xa810~0xa81f      ................
0x00,0x00,0x00,0x00,0x00,0x00,0x00,0x00,0x00,0x00,0x00,0x00,0x00,0x00,0x00,0x00,  //0xa820~0xa82f      ................
0x00,0x00,0x00,0x00,0x00,0x00,0x00,0x00,0x00,0x00,0x00,0x00,0x00,0x00,0x00,0x00,  //0xa830~0xa83f      ................
0x00,0x00,0x00,0x00,0x00,0x00,0x00,0x00,0x00,0x00,0x00,0x00,0x00,0x00,0x00,0x00,  //0xa840~0xa84f      ................
0x00,0x00,0x00,0x00,0x00,0x00,0x00,0x00,0x00,0x00,0x00,0x00,0x00,0x00,0x00,0x00,  //0xa850~0xa85f      ................
0x00,0x00,0x00,0x00,0x00,0x00,0x00,0x00,0x00,0x00,0x00,0x00,0x00,0x00,0x00,0x00,  //0xa860~0xa86f      ................
0x00,0x00,0x00,0x00,0x00,0x00,0x00,0x00,0x00,0x00,0x00,0x00,0x00,0x00,0x00,0x00,  //0xa870~0xa87f      ................
0x00,0x00,0x00,0x00,0x00,0x00,0x00,0x00,0x00,0x00,0x00,0x00,0x00,0x00,0x00,0x00,  //0xa880~0xa88f      ................
0x00,0x00,0x00,0x00,0x00,0x00,0x00,0x00,0x00,0x00,0x00,0x00,0x00,0x00,0x00,0x00,  //0xa890~0xa89f      ................
0x00,0x00,0x00,0x00,0x00,0x00,0x00,0x00,0x00,0x00,0x00,0x00,0x00,0x00,0x00,0x00,  //0xa8a0~0xa8af      ................
0x00,0x00,0x00,0x00,0x00,0x00,0x00,0x00,0x00,0x00,0x00,0x00,0x00,0x00,0x00,0x00,  //0xa8b0~0xa8bf      ................
0x00,0x00,0x00,0x00,0x00,0x00,0x00,0x00,0x00,0x00,0x00,0x00,0x00,0x00,0x00,0x00,  //0xa8c0~0xa8cf      ................
0x00,0x00,0x00,0x00,0x00,0x00,0x00,0x00,0x00,0x00,0x00,0x00,0x00,0x00,0x00,0x00,  //0xa8d0~0xa8df      ................
0x00,0x00,0x00,0x00,0x00,0x00,0x00,0x00,0x00,0x00,0x00,0x00,0x00,0x00,0x00,0x00,  //0xa8e0~0xa8ef      ................
0x00,0x00,0x00,0x00,0x00,0x00,0x00,0x00,0x00,0x00,0x00,0x00,0x00,0x00,0x00,0x00,  //0xa8f0~0xa8ff      ................
0x00,0x00,0x00,0x00,0x00,0x00,0x00,0x00,0x00,0x00,0x00,0x00,0x00,0x00,0x00,0x00,  //0xa900~0xa90f      ................
0x00,0x00,0x00,0x00,0x00,0x00,0x00,0x00,0x00,0x00,0x00,0x00,0x00,0x00,0x00,0x00,  //0xa910~0xa91f      ................
0x00,0x00,0x00,0x00,0x00,0x00,0x00,0x00,0x00,0x00,0x00,0x00,0x00,0x00,0x00,0x00,  //0xa920~0xa92f      ................
0x00,0x00,0x00,0x00,0x00,0x00,0x00,0x00,0x00,0x00,0x00,0x00,0x00,0x00,0x00,0x00,  //0xa930~0xa93f      ................
0x00,0x00,0x00,0x00,0x00,0x00,0x00,0x00,0x00,0x00,0x00,0x00,0x00,0x00,0x00,0x00,  //0xa940~0xa94f      ................
0x00,0x00,0x00,0x00,0x00,0x00,0x00,0x00,0x00,0x00,0x00,0x00,0x00,0x00,0x00,0x00,  //0xa950~0xa95f      ................
0x00,0x00,0x00,0x00,0x00,0x00,0x00,0x00,0x00,0x00,0x00,0x00,0x00,0x00,0x00,0x00,  //0xa960~0xa96f      ................
0x00,0x00,0x00,0x00,0x00,0x00,0x00,0x00,0x00,0x00,0x00,0x00,0x00,0x00,0x00,0x00,  //0xa970~0xa97f      ................
0x00,0x00,0x00,0x00,0x00,0x00,0x00,0x00,0x00,0x00,0x00,0x00,0x00,0x00,0x00,0x00,  //0xa980~0xa98f      ................
0x00,0x00,0x00,0x00,0x00,0x00,0x00,0x00,0x00,0x00,0x00,0x00,0x00,0x00,0x00,0x00,  //0xa990~0xa99f      ................
0x00,0x00,0x00,0x00,0x00,0x00,0x00,0x00,0x00,0x00,0x00,0x00,0x00,0x00,0x00,0x00,  //0xa9a0~0xa9af      ................
0x00,0x00,0x00,0x00,0x00,0x00,0x00,0x00,0x00,0x00,0x00,0x00,0x00,0x00,0x00,0x00,  //0xa9b0~0xa9bf      ................
0x00,0x00,0x00,0x00,0x00,0x00,0x00,0x00,0x00,0x00,0x00,0x00,0x00,0x00,0x00,0x00,  //0xa9c0~0xa9cf      ................
0x00,0x00,0x00,0x00,0x00,0x00,0x00,0x00,0x00,0x00,0x00,0x00,0x00,0x00,0x00,0x00,  //0xa9d0~0xa9df      ................
0x00,0x00,0x00,0x00,0x00,0x00,0x00,0x00,0x00,0x00,0x00,0x00,0x00,0x00,0x00,0x00,  //0xa9e0~0xa9ef      ................
0x00,0x00,0x00,0x00,0x00,0x00,0x00,0x00,0x00,0x00,0x00,0x00,0x00,0x00,0x00,0x00,  //0xa9f0~0xa9ff      ................
0x00,0x00,0x00,0x00,0x00,0x00,0x00,0x00,0x00,0x00,0x00,0x00,0x00,0x00,0x00,0x00,  //0xaa00~0xaa0f      ................
0x00,0x00,0x00,0x00,0x00,0x00,0x00,0x00,0x00,0x00,0x00,0x00,0x00,0x00,0x00,0x00,  //0xaa10~0xaa1f      ................
0x00,0x00,0x00,0x00,0x00,0x00,0x00,0x00,0x00,0x00,0x00,0x00,0x00,0x00,0x00,0x00,  //0xaa20~0xaa2f      ................
0x00,0x00,0x00,0x00,0x00,0x00,0x00,0x00,0x00,0x00,0x00,0x00,0x00,0x00,0x00,0x00,  //0xaa30~0xaa3f      ................
0x00,0x00,0x00,0x00,0x00,0x00,0x00,0x00,0x00,0x00,0x00,0x00,0x00,0x00,0x00,0x00,  //0xaa40~0xaa4f      ................
0x00,0x00,0x00,0x00,0x00,0x00,0x00,0x00,0x00,0x00,0x00,0x00,0x00,0x00,0x00,0x00,  //0xaa50~0xaa5f      ................
0x00,0x00,0x00,0x00,0x00,0x00,0x00,0x00,0x00,0x00,0x00,0x00,0x00,0x00,0x00,0x00,  //0xaa60~0xaa6f      ................
0x00,0x00,0x00,0x00,0x00,0x00,0x00,0x00,0x00,0x00,0x00,0x00,0x00,0x00,0x00,0x00,  //0xaa70~0xaa7f      ................
0x00,0x00,0x00,0x00,0x00,0x00,0x00,0x00,0x00,0x00,0x00,0x00,0x00,0x00,0x00,0x00,  //0xaa80~0xaa8f      ................
0x00,0x00,0x00,0x00,0x00,0x00,0x00,0x00,0x00,0x00,0x00,0x00,0x00,0x00,0x00,0x00,  //0xaa90~0xaa9f      ................
0x00,0x00,0x00,0x00,0x00,0x00,0x00,0x00,0x00,0x00,0x00,0x00,0x00,0x00,0x00,0x00,  //0xaaa0~0xaaaf      ................
0x00,0x00,0x00,0x00,0x00,0x00,0x00,0x00,0x00,0x00,0x00,0x00,0x00,0x00,0x00,0x00,  //0xaab0~0xaabf      ................
0x00,0x00,0x00,0x00,0x00,0x00,0x00,0x00,0x00,0x00,0x00,0x00,0x00,0x00,0x00,0x00,  //0xaac0~0xaacf      ................
0x00,0x00,0x00,0x00,0x00,0x00,0x00,0x00,0x00,0x00,0x00,0x00,0x00,0x00,0x00,0x00,  //0xaad0~0xaadf      ................
0x00,0x00,0x00,0x00,0x00,0x00,0x00,0x00,0x00,0x00,0x00,0x00,0x00,0x00,0x00,0x00,  //0xaae0~0xaaef      ................
0x00,0x00,0x00,0x00,0x00,0x00,0x00,0x00,0x00,0x00,0x00,0x00,0x00,0x00,0x00,0x00,  //0xaaf0~0xaaff      ................
0x00,0x00,0x00,0x00,0x00,0x00,0x00,0x00,0x00,0x00,0x00,0x00,0x00,0x00,0x00,0x00,  //0xab00~0xab0f      ................
0x00,0x00,0x00,0x00,0x00,0x00,0x00,0x00,0x00,0x00,0x00,0x00,0x00,0x00,0x00,0x00,  //0xab10~0xab1f      ................
0x00,0x00,0x00,0x00,0x00,0x00,0x00,0x00,0x00,0x00,0x00,0x00,0x00,0x00,0x00,0x00,  //0xab20~0xab2f      ................
0x00,0x00,0x00,0x00,0x00,0x00,0x00,0x00,0x00,0x00,0x00,0x00,0x00,0x00,0x00,0x00,  //0xab30~0xab3f      ................
0x00,0x00,0x00,0x00,0x00,0x00,0x00,0x00,0x00,0x00,0x00,0x00,0x00,0x00,0x00,0x00,  //0xab40~0xab4f      ................
0x00,0x00,0x00,0x00,0x00,0x00,0x00,0x00,0x00,0x00,0x00,0x00,0x00,0x00,0x00,0x00,  //0xab50~0xab5f      ................
0x00,0x00,0x00,0x00,0x00,0x00,0x00,0x00,0x00,0x00,0x00,0x00,0x00,0x00,0x00,0x00,  //0xab60~0xab6f      ................
0x00,0x00,0x00,0x00,0x00,0x00,0x00,0x00,0x00,0x00,0x00,0x00,0x00,0x00,0x00,0x00,  //0xab70~0xab7f      ................
0x00,0x00,0x00,0x00,0x00,0x00,0x00,0x00,0x00,0x00,0x00,0x00,0x00,0x00,0x00,0x00,  //0xab80~0xab8f      ................
0x00,0x00,0x00,0x00,0x00,0x00,0x00,0x00,0x00,0x00,0x00,0x00,0x00,0x00,0x00,0x00,  //0xab90~0xab9f      ................
0x00,0x00,0x00,0x00,0x00,0x00,0x00,0x00,0x00,0x00,0x00,0x00,0x00,0x00,0x00,0x00,  //0xaba0~0xabaf      ................
0x00,0x00,0x00,0x00,0x00,0x00,0x00,0x00,0x00,0x00,0x00,0x00,0x00,0x00,0x00,0x00,  //0xabb0~0xabbf      ................
0x00,0x00,0x00,0x00,0x00,0x00,0x00,0x00,0x00,0x00,0x00,0x00,0x00,0x00,0x00,0x00,  //0xabc0~0xabcf      ................
0x00,0x00,0x00,0x00,0x00,0x00,0x00,0x00,0x00,0x00,0x00,0x00,0x00,0x00,0x00,0x00,  //0xabd0~0xabdf      ................
0x00,0x00,0x00,0x00,0x00,0x00,0x00,0x00,0x00,0x00,0x00,0x00,0x00,0x00,0x00,0x00,  //0xabe0~0xabef      ................
0x00,0x00,0x00,0x00,0x00,0x00,0x00,0x00,0x00,0x00,0x00,0x00,0x00,0x00,0x00,0x00,  //0xabf0~0xabff      ................
0x00,0x00,0x00,0x00,0x00,0x00,0x00,0x00,0x00,0x00,0x00,0x00,0x00,0x00,0x00,0x00,  //0xac00~0xac0f      ................
0x00,0x00,0x00,0x00,0x00,0x00,0x00,0x00,0x00,0x00,0x00,0x00,0x00,0x00,0x00,0x00,  //0xac10~0xac1f      ................
0x00,0x00,0x00,0x00,0x00,0x00,0x00,0x00,0x00,0x00,0x00,0x00,0x00,0x00,0x00,0x00,  //0xac20~0xac2f      ................
0x00,0x00,0x00,0x00,0x00,0x00,0x00,0x00,0x00,0x00,0x00,0x00,0x00,0x00,0x00,0x00,  //0xac30~0xac3f      ................
0x00,0x00,0x00,0x00,0x00,0x00,0x00,0x00,0x00,0x00,0x00,0x00,0x00,0x00,0x00,0x00,  //0xac40~0xac4f      ................
0x00,0x00,0x00,0x00,0x00,0x00,0x00,0x00,0x00,0x00,0x00,0x00,0x00,0x00,0x00,0x00,  //0xac50~0xac5f      ................
0x00,0x00,0x00,0x00,0x00,0x00,0x00,0x00,0x00,0x00,0x00,0x00,0x00,0x00,0x00,0x00,  //0xac60~0xac6f      ................
0x00,0x00,0x00,0x00,0x00,0x00,0x00,0x00,0x00,0x00,0x00,0x00,0x00,0x00,0x00,0x00,  //0xac70~0xac7f      ................
0x00,0x00,0x00,0x00,0x00,0x00,0x00,0x00,0x00,0x00,0x00,0x00,0x00,0x00,0x00,0x00,  //0xac80~0xac8f      ................
0x00,0x00,0x00,0x00,0x00,0x00,0x00,0x00,0x00,0x00,0x00,0x00,0x00,0x00,0x00,0x00,  //0xac90~0xac9f      ................
0x00,0x00,0x00,0x00,0x00,0x00,0x00,0x00,0x00,0x00,0x00,0x00,0x00,0x00,0x00,0x00,  //0xaca0~0xacaf      ................
0x00,0x00,0x00,0x00,0x00,0x00,0x00,0x00,0x00,0x00,0x00,0x00,0x00,0x00,0x00,0x00,  //0xacb0~0xacbf      ................
0x00,0x00,0x00,0x00,0x00,0x00,0x00,0x00,0x00,0x00,0x00,0x00,0x00,0x00,0x00,0x00,  //0xacc0~0xaccf      ................
0x00,0x00,0x00,0x00,0x00,0x00,0x00,0x00,0x00,0x00,0x00,0x00,0x00,0x00,0x00,0x00,  //0xacd0~0xacdf      ................
0x00,0x00,0x00,0x00,0x00,0x00,0x00,0x00,0x00,0x00,0x00,0x00,0x00,0x00,0x00,0x00,  //0xace0~0xacef      ................
0x00,0x00,0x00,0x00,0x00,0x00,0x00,0x00,0x00,0x00,0x00,0x00,0x00,0x00,0x00,0x00,  //0xacf0~0xacff      ................
0x00,0x00,0x00,0x00,0x00,0x00,0x00,0x00,0x00,0x00,0x00,0x00,0x00,0x00,0x00,0x00,  //0xad00~0xad0f      ................
0x00,0x00,0x00,0x00,0x00,0x00,0x00,0x00,0x00,0x00,0x00,0x00,0x00,0x00,0x00,0x00,  //0xad10~0xad1f      ................
0x00,0x00,0x00,0x00,0x00,0x00,0x00,0x00,0x00,0x00,0x00,0x00,0x00,0x00,0x00,0x00,  //0xad20~0xad2f      ................
0x00,0x00,0x00,0x00,0x00,0x00,0x00,0x00,0x00,0x00,0x00,0x00,0x00,0x00,0x00,0x00,  //0xad30~0xad3f      ................
0x00,0x00,0x00,0x00,0x00,0x00,0x00,0x00,0x00,0x00,0x00,0x00,0x00,0x00,0x00,0x00,  //0xad40~0xad4f      ................
0x00,0x00,0x00,0x00,0x00,0x00,0x00,0x00,0x00,0x00,0x00,0x00,0x00,0x00,0x00,0x00,  //0xad50~0xad5f      ................
0x00,0x00,0x00,0x00,0x00,0x00,0x00,0x00,0x00,0x00,0x00,0x00,0x00,0x00,0x00,0x00,  //0xad60~0xad6f      ................
0x00,0x00,0x00,0x00,0x00,0x00,0x00,0x00,0x00,0x00,0x00,0x00,0x00,0x00,0x00,0x00,  //0xad70~0xad7f      ................
0x00,0x00,0x00,0x00,0x00,0x00,0x00,0x00,0x00,0x00,0x00,0x00,0x00,0x00,0x00,0x00,  //0xad80~0xad8f      ................
0x00,0x00,0x00,0x00,0x00,0x00,0x00,0x00,0x00,0x00,0x00,0x00,0x00,0x00,0x00,0x00,  //0xad90~0xad9f      ................
0x00,0x00,0x00,0x00,0x00,0x00,0x00,0x00,0x00,0x00,0x00,0x00,0x00,0x00,0x00,0x00,  //0xada0~0xadaf      ................
0x00,0x00,0x00,0x00,0x00,0x00,0x00,0x00,0x00,0x00,0x00,0x00,0x00,0x00,0x00,0x00,  //0xadb0~0xadbf      ................
0x00,0x00,0x00,0x00,0x00,0x00,0x00,0x00,0x00,0x00,0x00,0x00,0x00,0x00,0x00,0x00,  //0xadc0~0xadcf      ................
0x00,0x00,0x00,0x00,0x00,0x00,0x00,0x00,0x00,0x00,0x00,0x00,0x00,0x00,0x00,0x00,  //0xadd0~0xaddf      ................
0x00,0x00,0x00,0x00,0x00,0x00,0x00,0x00,0x00,0x00,0x00,0x00,0x00,0x00,0x00,0x00,  //0xade0~0xadef      ................
0x00,0x00,0x00,0x00,0x00,0x00,0x00,0x00,0x00,0x00,0x00,0x00,0x00,0x00,0x00,0x00,  //0xadf0~0xadff      ................
0x00,0x00,0x00,0x00,0x00,0x00,0x00,0x00,0x00,0x00,0x00,0x00,0x00,0x00,0x00,0x00,  //0xae00~0xae0f      ................
0x00,0x00,0x00,0x00,0x00,0x00,0x00,0x00,0x00,0x00,0x00,0x00,0x00,0x00,0x00,0x00,  //0xae10~0xae1f      ................
0x00,0x00,0x00,0x00,0x00,0x00,0x00,0x00,0x00,0x00,0x00,0x00,0x00,0x00,0x00,0x00,  //0xae20~0xae2f      ................
0x00,0x00,0x00,0x00,0x00,0x00,0x00,0x00,0x00,0x00,0x00,0x00,0x00,0x00,0x00,0x00,  //0xae30~0xae3f      ................
0x00,0x00,0x00,0x00,0x00,0x00,0x00,0x00,0x00,0x00,0x00,0x00,0x00,0x00,0x00,0x00,  //0xae40~0xae4f      ................
0x00,0x00,0x00,0x00,0x00,0x00,0x00,0x00,0x00,0x00,0x00,0x00,0x00,0x00,0x00,0x00,  //0xae50~0xae5f      ................
0x00,0x00,0x00,0x00,0x00,0x00,0x00,0x00,0x00,0x00,0x00,0x00,0x00,0x00,0x00,0x00,  //0xae60~0xae6f      ................
0x00,0x00,0x00,0x00,0x00,0x00,0x00,0x00,0x00,0x00,0x00,0x00,0x00,0x00,0x00,0x00,  //0xae70~0xae7f      ................
0x00,0x00,0x00,0x00,0x00,0x00,0x00,0x00,0x00,0x00,0x00,0x00,0x00,0x00,0x00,0x00,  //0xae80~0xae8f      ................
0x00,0x00,0x00,0x00,0x00,0x00,0x00,0x00,0x00,0x00,0x00,0x00,0x00,0x00,0x00,0x00,  //0xae90~0xae9f      ................
0x00,0x00,0x00,0x00,0x00,0x00,0x00,0x00,0x00,0x00,0x00,0x00,0x00,0x00,0x00,0x00,  //0xaea0~0xaeaf      ................
0x00,0x00,0x00,0x00,0x00,0x00,0x00,0x00,0x00,0x00,0x00,0x00,0x00,0x00,0x00,0x00,  //0xaeb0~0xaebf      ................
0x00,0x00,0x00,0x00,0x00,0x00,0x00,0x00,0x00,0x00,0x00,0x00,0x00,0x00,0x00,0x00,  //0xaec0~0xaecf      ................
0x00,0x00,0x00,0x00,0x00,0x00,0x00,0x00,0x00,0x00,0x00,0x00,0x00,0x00,0x00,0x00,  //0xaed0~0xaedf      ................
0x00,0x00,0x00,0x00,0x00,0x00,0x00,0x00,0x00,0x00,0x00,0x00,0x00,0x00,0x00,0x00,  //0xaee0~0xaeef      ................
0x00,0x00,0x00,0x00,0x00,0x00,0x00,0x00,0x00,0x00,0x00,0x00,0x00,0x00,0x00,0x00,  //0xaef0~0xaeff      ................
0x00,0x00,0x00,0x00,0x00,0x00,0x00,0x00,0x00,0x00,0x00,0x00,0x00,0x00,0x00,0x00,  //0xaf00~0xaf0f      ................
0x00,0x00,0x00,0x00,0x00,0x00,0x00,0x00,0x00,0x00,0x00,0x00,0x00,0x00,0x00,0x00,  //0xaf10~0xaf1f      ................
0x00,0x00,0x00,0x00,0x00,0x00,0x00,0x00,0x00,0x00,0x00,0x00,0x00,0x00,0x00,0x00,  //0xaf20~0xaf2f      ................
0x00,0x00,0x00,0x00,0x00,0x00,0x00,0x00,0x00,0x00,0x00,0x00,0x00,0x00,0x00,0x00,  //0xaf30~0xaf3f      ................
0x00,0x00,0x00,0x00,0x00,0x00,0x00,0x00,0x00,0x00,0x00,0x00,0x00,0x00,0x00,0x00,  //0xaf40~0xaf4f      ................
0x00,0x00,0x00,0x00,0x00,0x00,0x00,0x00,0x00,0x00,0x00,0x00,0x00,0x00,0x00,0x00,  //0xaf50~0xaf5f      ................
0x00,0x00,0x00,0x00,0x00,0x00,0x00,0x00,0x00,0x00,0x00,0x00,0x00,0x00,0x00,0x00,  //0xaf60~0xaf6f      ................
0x00,0x00,0x00,0x00,0x00,0x00,0x00,0x00,0x00,0x00,0x00,0x00,0x00,0x00,0x00,0x00,  //0xaf70~0xaf7f      ................
0x00,0x00,0x00,0x00,0x00,0x00,0x00,0x00,0x00,0x00,0x00,0x00,0x00,0x00,0x00,0x00,  //0xaf80~0xaf8f      ................
0x00,0x00,0x00,0x00,0x00,0x00,0x00,0x00,0x00,0x00,0x00,0x00,0x00,0x00,0x00,0x00,  //0xaf90~0xaf9f      ................
0x00,0x00,0x00,0x00,0x00,0x00,0x00,0x00,0x00,0x00,0x00,0x00,0x00,0x00,0x00,0x00,  //0xafa0~0xafaf      ................
0x00,0x00,0x00,0x00,0x00,0x00,0x00,0x00,0x00,0x00,0x00,0x00,0x00,0x00,0x00,0x00,  //0xafb0~0xafbf      ................
0x00,0x00,0x00,0x00,0x00,0x00,0x00,0x00,0x00,0x00,0x00,0x00,0x00,0x00,0x00,0x00,  //0xafc0~0xafcf      ................
0x00,0x00,0x00,0x00,0x00,0x00,0x00,0x00,0x00,0x00,0x00,0x00,0x00,0x00,0x00,0x00,  //0xafd0~0xafdf      ................
0x00,0x00,0x00,0x00,0x00,0x00,0x00,0x00,0x00,0x00,0x00,0x00,0x00,0x00,0x00,0x00,  //0xafe0~0xafef      ................
0x00,0x00,0x00,0x00,0x00,0x00,0x00,0x00,0x00,0x00,0x00,0x00,0x00,0x00,0x00,0x00,  //0xaff0~0xafff      ................
0x00,0x00,0x00,0x00,0x00,0x00,0x00,0x00,0x00,0x00,0x00,0x00,0x00,0x00,0x00,0x00,  //0xb000~0xb00f      ................
0x00,0x00,0x00,0x00,0x00,0x00,0x00,0x00,0x00,0x00,0x00,0x00,0x00,0x00,0x00,0x00,  //0xb010~0xb01f      ................
0x00,0x00,0x00,0x00,0x00,0x00,0x00,0x00,0x00,0x00,0x00,0x00,0x00,0x00,0x00,0x00,  //0xb020~0xb02f      ................
0x00,0x00,0x00,0x00,0x00,0x00,0x00,0x00,0x00,0x00,0x00,0x00,0x00,0x00,0x00,0x00,  //0xb030~0xb03f      ................
0x00,0x00,0x00,0x00,0x00,0x00,0x00,0x00,0x00,0x00,0x00,0x00,0x00,0x00,0x00,0x00,  //0xb040~0xb04f      ................
0x00,0x00,0x00,0x00,0x00,0x00,0x00,0x00,0x00,0x00,0x00,0x00,0x00,0x00,0x00,0x00,  //0xb050~0xb05f      ................
0x00,0x00,0x00,0x00,0x00,0x00,0x00,0x00,0x00,0x00,0x00,0x00,0x00,0x00,0x00,0x00,  //0xb060~0xb06f      ................
0x00,0x00,0x00,0x00,0x00,0x00,0x00,0x00,0x00,0x00,0x00,0x00,0x00,0x00,0x00,0x00,  //0xb070~0xb07f      ................
0x00,0x00,0x00,0x00,0x00,0x00,0x00,0x00,0x00,0x00,0x00,0x00,0x00,0x00,0x00,0x00,  //0xb080~0xb08f      ................
0x00,0x00,0x00,0x00,0x00,0x00,0x00,0x00,0x00,0x00,0x00,0x00,0x00,0x00,0x00,0x00,  //0xb090~0xb09f      ................
0x00,0x00,0x00,0x00,0x00,0x00,0x00,0x00,0x00,0x00,0x00,0x00,0x00,0x00,0x00,0x00,  //0xb0a0~0xb0af      ................
0x00,0x00,0x00,0x00,0x00,0x00,0x00,0x00,0x00,0x00,0x00,0x00,0x00,0x00,0x00,0x00,  //0xb0b0~0xb0bf      ................
0x00,0x00,0x00,0x00,0x00,0x00,0x00,0x00,0x00,0x00,0x00,0x00,0x00,0x00,0x00,0x00,  //0xb0c0~0xb0cf      ................
0x00,0x00,0x00,0x00,0x00,0x00,0x00,0x00,0x00,0x00,0x00,0x00,0x00,0x00,0x00,0x00,  //0xb0d0~0xb0df      ................
0x00,0x00,0x00,0x00,0x00,0x00,0x00,0x00,0x00,0x00,0x00,0x00,0x00,0x00,0x00,0x00,  //0xb0e0~0xb0ef      ................
0x00,0x00,0x00,0x00,0x00,0x00,0x00,0x00,0x00,0x00,0x00,0x00,0x00,0x00,0x00,0x00,  //0xb0f0~0xb0ff      ................
0x00,0x00,0x00,0x00,0x00,0x00,0x00,0x00,0x00,0x00,0x00,0x00,0x00,0x00,0x00,0x00,  //0xb100~0xb10f      ................
0x00,0x00,0x00,0x00,0x00,0x00,0x00,0x00,0x00,0x00,0x00,0x00,0x00,0x00,0x00,0x00,  //0xb110~0xb11f      ................
0x00,0x00,0x00,0x00,0x00,0x00,0x00,0x00,0x00,0x00,0x00,0x00,0x00,0x00,0x00,0x00,  //0xb120~0xb12f      ................
0x00,0x00,0x00,0x00,0x00,0x00,0x00,0x00,0x00,0x00,0x00,0x00,0x00,0x00,0x00,0x00,  //0xb130~0xb13f      ................
0x00,0x00,0x00,0x00,0x00,0x00,0x00,0x00,0x00,0x00,0x00,0x00,0x00,0x00,0x00,0x00,  //0xb140~0xb14f      ................
0x00,0x00,0x00,0x00,0x00,0x00,0x00,0x00,0x00,0x00,0x00,0x00,0x00,0x00,0x00,0x00,  //0xb150~0xb15f      ................
0x00,0x00,0x00,0x00,0x00,0x00,0x00,0x00,0x00,0x00,0x00,0x00,0x00,0x00,0x00,0x00,  //0xb160~0xb16f      ................
0x00,0x00,0x00,0x00,0x00,0x00,0x00,0x00,0x00,0x00,0x00,0x00,0x00,0x00,0x00,0x00,  //0xb170~0xb17f      ................
0x00,0x00,0x00,0x00,0x00,0x00,0x00,0x00,0x00,0x00,0x00,0x00,0x00,0x00,0x00,0x00,  //0xb180~0xb18f      ................
0x00,0x00,0x00,0x00,0x00,0x00,0x00,0x00,0x00,0x00,0x00,0x00,0x00,0x00,0x00,0x00,  //0xb190~0xb19f      ................
0x00,0x00,0x00,0x00,0x00,0x00,0x00,0x00,0x00,0x00,0x00,0x00,0x00,0x00,0x00,0x00,  //0xb1a0~0xb1af      ................
0x00,0x00,0x00,0x00,0x00,0x00,0x00,0x00,0x00,0x00,0x00,0x00,0x00,0x00,0x00,0x00,  //0xb1b0~0xb1bf      ................
0x00,0x00,0x00,0x00,0x00,0x00,0x00,0x00,0x00,0x00,0x00,0x00,0x00,0x00,0x00,0x00,  //0xb1c0~0xb1cf      ................
0x00,0x00,0x00,0x00,0x00,0x00,0x00,0x00,0x00,0x00,0x00,0x00,0x00,0x00,0x00,0x00,  //0xb1d0~0xb1df      ................
0x00,0x00,0x00,0x00,0x00,0x00,0x00,0x00,0x00,0x00,0x00,0x00,0x00,0x00,0x00,0x00,  //0xb1e0~0xb1ef      ................
0x00,0x00,0x00,0x00,0x00,0x00,0x00,0x00,0x00,0x00,0x00,0x00,0x00,0x00,0x00,0x00,  //0xb1f0~0xb1ff      ................
0x00,0x00,0x00,0x00,0x00,0x00,0x00,0x00,0x00,0x00,0x00,0x00,0x00,0x00,0x00,0x00,  //0xb200~0xb20f      ................
0x00,0x00,0x00,0x00,0x00,0x00,0x00,0x00,0x00,0x00,0x00,0x00,0x00,0x00,0x00,0x00,  //0xb210~0xb21f      ................
0x00,0x00,0x00,0x00,0x00,0x00,0x00,0x00,0x00,0x00,0x00,0x00,0x00,0x00,0x00,0x00,  //0xb220~0xb22f      ................
0x00,0x00,0x00,0x00,0x00,0x00,0x00,0x00,0x00,0x00,0x00,0x00,0x00,0x00,0x00,0x00,  //0xb230~0xb23f      ................
0x00,0x00,0x00,0x00,0x00,0x00,0x00,0x00,0x00,0x00,0x00,0x00,0x00,0x00,0x00,0x00,  //0xb240~0xb24f      ................
0x00,0x00,0x00,0x00,0x00,0x00,0x00,0x00,0x00,0x00,0x00,0x00,0x00,0x00,0x00,0x00,  //0xb250~0xb25f      ................
0x00,0x00,0x00,0x00,0x00,0x00,0x00,0x00,0x00,0x00,0x00,0x00,0x00,0x00,0x00,0x00,  //0xb260~0xb26f      ................
0x00,0x00,0x00,0x00,0x00,0x00,0x00,0x00,0x00,0x00,0x00,0x00,0x00,0x00,0x00,0x00,  //0xb270~0xb27f      ................
0x00,0x00,0x00,0x00,0x00,0x00,0x00,0x00,0x00,0x00,0x00,0x00,0x00,0x00,0x00,0x00,  //0xb280~0xb28f      ................
0x00,0x00,0x00,0x00,0x00,0x00,0x00,0x00,0x00,0x00,0x00,0x00,0x00,0x00,0x00,0x00,  //0xb290~0xb29f      ................
0x00,0x00,0x00,0x00,0x00,0x00,0x00,0x00,0x00,0x00,0x00,0x00,0x00,0x00,0x00,0x00,  //0xb2a0~0xb2af      ................
0x00,0x00,0x00,0x00,0x00,0x00,0x00,0x00,0x00,0x00,0x00,0x00,0x00,0x00,0x00,0x00,  //0xb2b0~0xb2bf      ................
0x00,0x00,0x00,0x00,0x00,0x00,0x00,0x00,0x00,0x00,0x00,0x00,0x00,0x00,0x00,0x00,  //0xb2c0~0xb2cf      ................
0x00,0x00,0x00,0x00,0x00,0x00,0x00,0x00,0x00,0x00,0x00,0x00,0x00,0x00,0x00,0x00,  //0xb2d0~0xb2df      ................
0x00,0x00,0x00,0x00,0x00,0x00,0x00,0x00,0x00,0x00,0x00,0x00,0x00,0x00,0x00,0x00,  //0xb2e0~0xb2ef      ................
0x00,0x00,0x00,0x00,0x00,0x00,0x00,0x00,0x00,0x00,0x00,0x00,0x00,0x00,0x00,0x00,  //0xb2f0~0xb2ff      ................
0x00,0x00,0x00,0x00,0x00,0x00,0x00,0x00,0x00,0x00,0x00,0x00,0x00,0x00,0x00,0x00,  //0xb300~0xb30f      ................
0x00,0x00,0x00,0x00,0x00,0x00,0x00,0x00,0x00,0x00,0x00,0x00,0x00,0x00,0x00,0x00,  //0xb310~0xb31f      ................
0x00,0x00,0x00,0x00,0x00,0x00,0x00,0x00,0x00,0x00,0x00,0x00,0x00,0x00,0x00,0x00,  //0xb320~0xb32f      ................
0x00,0x00,0x00,0x00,0x00,0x00,0x00,0x00,0x00,0x00,0x00,0x00,0x00,0x00,0x00,0x00,  //0xb330~0xb33f      ................
0x00,0x00,0x00,0x00,0x00,0x00,0x00,0x00,0x00,0x00,0x00,0x00,0x00,0x00,0x00,0x00,  //0xb340~0xb34f      ................
0x00,0x00,0x00,0x00,0x00,0x00,0x00,0x00,0x00,0x00,0x00,0x00,0x00,0x00,0x00,0x00,  //0xb350~0xb35f      ................
0x00,0x00,0x00,0x00,0x00,0x00,0x00,0x00,0x00,0x00,0x00,0x00,0x00,0x00,0x00,0x00,  //0xb360~0xb36f      ................
0x00,0x00,0x00,0x00,0x00,0x00,0x00,0x00,0x00,0x00,0x00,0x00,0x00,0x00,0x00,0x00,  //0xb370~0xb37f      ................
0x00,0x00,0x00,0x00,0x00,0x00,0x00,0x00,0x00,0x00,0x00,0x00,0x00,0x00,0x00,0x00,  //0xb380~0xb38f      ................
0x00,0x00,0x00,0x00,0x00,0x00,0x00,0x00,0x00,0x00,0x00,0x00,0x00,0x00,0x00,0x00,  //0xb390~0xb39f      ................
0x00,0x00,0x00,0x00,0x00,0x00,0x00,0x00,0x00,0x00,0x00,0x00,0x00,0x00,0x00,0x00,  //0xb3a0~0xb3af      ................
0x00,0x00,0x00,0x00,0x00,0x00,0x00,0x00,0x00,0x00,0x00,0x00,0x00,0x00,0x00,0x00,  //0xb3b0~0xb3bf      ................
0x00,0x00,0x00,0x00,0x00,0x00,0x00,0x00,0x00,0x00,0x00,0x00,0x00,0x00,0x00,0x00,  //0xb3c0~0xb3cf      ................
0x00,0x00,0x00,0x00,0x00,0x00,0x00,0x00,0x00,0x00,0x00,0x00,0x00,0x00,0x00,0x00,  //0xb3d0~0xb3df      ................
0x00,0x00,0x00,0x00,0x00,0x00,0x00,0x00,0x00,0x00,0x00,0x00,0x00,0x00,0x00,0x00,  //0xb3e0~0xb3ef      ................
0x00,0x00,0x00,0x00,0x00,0x00,0x00,0x00,0x00,0x00,0x00,0x00,0x00,0x00,0x00,0x00,  //0xb3f0~0xb3ff      ................
0x00,0x00,0x00,0x00,0x00,0x00,0x00,0x00,0x00,0x00,0x00,0x00,0x00,0x00,0x00,0x00,  //0xb400~0xb40f      ................
0x00,0x00,0x00,0x00,0x00,0x00,0x00,0x00,0x00,0x00,0x00,0x00,0x00,0x00,0x00,0x00,  //0xb410~0xb41f      ................
0x00,0x00,0x00,0x00,0x00,0x00,0x00,0x00,0x00,0x00,0x00,0x00,0x00,0x00,0x00,0x00,  //0xb420~0xb42f      ................
0x00,0x00,0x00,0x00,0x00,0x00,0x00,0x00,0x00,0x00,0x00,0x00,0x00,0x00,0x00,0x00,  //0xb430~0xb43f      ................
0x00,0x00,0x00,0x00,0x00,0x00,0x00,0x00,0x00,0x00,0x00,0x00,0x00,0x00,0x00,0x00,  //0xb440~0xb44f      ................
0x00,0x00,0x00,0x00,0x00,0x00,0x00,0x00,0x00,0x00,0x00,0x00,0x00,0x00,0x00,0x00,  //0xb450~0xb45f      ................
0x00,0x00,0x00,0x00,0x00,0x00,0x00,0x00,0x00,0x00,0x00,0x00,0x00,0x00,0x00,0x00,  //0xb460~0xb46f      ................
0x00,0x00,0x00,0x00,0x00,0x00,0x00,0x00,0x00,0x00,0x00,0x00,0x00,0x00,0x00,0x00,  //0xb470~0xb47f      ................
0x00,0x00,0x00,0x00,0x00,0x00,0x00,0x00,0x00,0x00,0x00,0x00,0x00,0x00,0x00,0x00,  //0xb480~0xb48f      ................
0x00,0x00,0x00,0x00,0x00,0x00,0x00,0x00,0x00,0x00,0x00,0x00,0x00,0x00,0x00,0x00,  //0xb490~0xb49f      ................
0x00,0x00,0x00,0x00,0x00,0x00,0x00,0x00,0x00,0x00,0x00,0x00,0x00,0x00,0x00,0x00,  //0xb4a0~0xb4af      ................
0x00,0x00,0x00,0x00,0x00,0x00,0x00,0x00,0x00,0x00,0x00,0x00,0x00,0x00,0x00,0x00,  //0xb4b0~0xb4bf      ................
0x00,0x00,0x00,0x00,0x00,0x00,0x00,0x00,0x00,0x00,0x00,0x00,0x00,0x00,0x00,0x00,  //0xb4c0~0xb4cf      ................
0x00,0x00,0x00,0x00,0x00,0x00,0x00,0x00,0x00,0x00,0x00,0x00,0x00,0x00,0x00,0x00,  //0xb4d0~0xb4df      ................
0x00,0x00,0x00,0x00,0x00,0x00,0x00,0x00,0x00,0x00,0x00,0x00,0x00,0x00,0x00,0x00,  //0xb4e0~0xb4ef      ................
0x00,0x00,0x00,0x00,0x00,0x00,0x00,0x00,0x00,0x00,0x00,0x00,0x00,0x00,0x00,0x00,  //0xb4f0~0xb4ff      ................
0x00,0x00,0x00,0x00,0x00,0x00,0x00,0x00,0x00,0x00,0x00,0x00,0x00,0x00,0x00,0x00,  //0xb500~0xb50f      ................
0x00,0x00,0x00,0x00,0x00,0x00,0x00,0x00,0x00,0x00,0x00,0x00,0x00,0x00,0x00,0x00,  //0xb510~0xb51f      ................
0x00,0x00,0x00,0x00,0x00,0x00,0x00,0x00,0x00,0x00,0x00,0x00,0x00,0x00,0x00,0x00,  //0xb520~0xb52f      ................
0x00,0x00,0x00,0x00,0x00,0x00,0x00,0x00,0x00,0x00,0x00,0x00,0x00,0x00,0x00,0x00,  //0xb530~0xb53f      ................
0x00,0x00,0x00,0x00,0x00,0x00,0x00,0x00,0x00,0x00,0x00,0x00,0x00,0x00,0x00,0x00,  //0xb540~0xb54f      ................
0x00,0x00,0x00,0x00,0x00,0x00,0x00,0x00,0x00,0x00,0x00,0x00,0x00,0x00,0x00,0x00,  //0xb550~0xb55f      ................
0x00,0x00,0x00,0x00,0x00,0x00,0x00,0x00,0x00,0x00,0x00,0x00,0x00,0x00,0x00,0x00,  //0xb560~0xb56f      ................
0x00,0x00,0x00,0x00,0x00,0x00,0x00,0x00,0x00,0x00,0x00,0x00,0x00,0x00,0x00,0x00,  //0xb570~0xb57f      ................
0x00,0x00,0x00,0x00,0x00,0x00,0x00,0x00,0x00,0x00,0x00,0x00,0x00,0x00,0x00,0x00,  //0xb580~0xb58f      ................
0x00,0x00,0x00,0x00,0x00,0x00,0x00,0x00,0x00,0x00,0x00,0x00,0x00,0x00,0x00,0x00,  //0xb590~0xb59f      ................
0x00,0x00,0x00,0x00,0x00,0x00,0x00,0x00,0x00,0x00,0x00,0x00,0x00,0x00,0x00,0x00,  //0xb5a0~0xb5af      ................
0x00,0x00,0x00,0x00,0x00,0x00,0x00,0x00,0x00,0x00,0x00,0x00,0x00,0x00,0x00,0x00,  //0xb5b0~0xb5bf      ................
0x00,0x00,0x00,0x00,0x00,0x00,0x00,0x00,0x00,0x00,0x00,0x00,0x00,0x00,0x00,0x00,  //0xb5c0~0xb5cf      ................
0x00,0x00,0x00,0x00,0x00,0x00,0x00,0x00,0x00,0x00,0x00,0x00,0x00,0x00,0x00,0x00,  //0xb5d0~0xb5df      ................
0x00,0x00,0x00,0x00,0x00,0x00,0x00,0x00,0x00,0x00,0x00,0x00,0x00,0x00,0x00,0x00,  //0xb5e0~0xb5ef      ................
0x00,0x00,0x00,0x00,0x00,0x00,0x00,0x00,0x00,0x00,0x00,0x00,0x00,0x00,0x00,0x00,  //0xb5f0~0xb5ff      ................
0x00,0x00,0x00,0x00,0x00,0x00,0x00,0x00,0x00,0x00,0x00,0x00,0x00,0x00,0x00,0x00,  //0xb600~0xb60f      ................
0x00,0x00,0x00,0x00,0x00,0x00,0x00,0x00,0x00,0x00,0x00,0x00,0x00,0x00,0x00,0x00,  //0xb610~0xb61f      ................
0x00,0x00,0x00,0x00,0x00,0x00,0x00,0x00,0x00,0x00,0x00,0x00,0x00,0x00,0x00,0x00,  //0xb620~0xb62f      ................
0x00,0x00,0x00,0x00,0x00,0x00,0x00,0x00,0x00,0x00,0x00,0x00,0x00,0x00,0x00,0x00,  //0xb630~0xb63f      ................
0x00,0x00,0x00,0x00,0x00,0x00,0x00,0x00,0x00,0x00,0x00,0x00,0x00,0x00,0x00,0x00,  //0xb640~0xb64f      ................
0x00,0x00,0x00,0x00,0x00,0x00,0x00,0x00,0x00,0x00,0x00,0x00,0x00,0x00,0x00,0x00,  //0xb650~0xb65f      ................
0x00,0x00,0x00,0x00,0x00,0x00,0x00,0x00,0x00,0x00,0x00,0x00,0x00,0x00,0x00,0x00,  //0xb660~0xb66f      ................
0x00,0x00,0x00,0x00,0x00,0x00,0x00,0x00,0x00,0x00,0x00,0x00,0x00,0x00,0x00,0x00,  //0xb670~0xb67f      ................
0x00,0x00,0x00,0x00,0x00,0x00,0x00,0x00,0x00,0x00,0x00,0x00,0x00,0x00,0x00,0x00,  //0xb680~0xb68f      ................
0x00,0x00,0x00,0x00,0x00,0x00,0x00,0x00,0x00,0x00,0x00,0x00,0x00,0x00,0x00,0x00,  //0xb690~0xb69f      ................
0x00,0x00,0x00,0x00,0x00,0x00,0x00,0x00,0x00,0x00,0x00,0x00,0x00,0x00,0x00,0x00,  //0xb6a0~0xb6af      ................
0x00,0x00,0x00,0x00,0x00,0x00,0x00,0x00,0x00,0x00,0x00,0x00,0x00,0x00,0x00,0x00,  //0xb6b0~0xb6bf      ................
0x00,0x00,0x00,0x00,0x00,0x00,0x00,0x00,0x00,0x00,0x00,0x00,0x00,0x00,0x00,0x00,  //0xb6c0~0xb6cf      ................
0x00,0x00,0x00,0x00,0x00,0x00,0x00,0x00,0x00,0x00,0x00,0x00,0x00,0x00,0x00,0x00,  //0xb6d0~0xb6df      ................
0x00,0x00,0x00,0x00,0x00,0x00,0x00,0x00,0x00,0x00,0x00,0x00,0x00,0x00,0x00,0x00,  //0xb6e0~0xb6ef      ................
0x00,0x00,0x00,0x00,0x00,0x00,0x00,0x00,0x00,0x00,0x00,0x00,0x00,0x00,0x00,0x00,  //0xb6f0~0xb6ff      ................
0x00,0x00,0x00,0x00,0x00,0x00,0x00,0x00,0x00,0x00,0x00,0x00,0x00,0x00,0x00,0x00,  //0xb700~0xb70f      ................
0x00,0x00,0x00,0x00,0x00,0x00,0x00,0x00,0x00,0x00,0x00,0x00,0x00,0x00,0x00,0x00,  //0xb710~0xb71f      ................
0x00,0x00,0x00,0x00,0x00,0x00,0x00,0x00,0x00,0x00,0x00,0x00,0x00,0x00,0x00,0x00,  //0xb720~0xb72f      ................
0x00,0x00,0x00,0x00,0x00,0x00,0x00,0x00,0x00,0x00,0x00,0x00,0x00,0x00,0x00,0x00,  //0xb730~0xb73f      ................
0x00,0x00,0x00,0x00,0x00,0x00,0x00,0x00,0x00,0x00,0x00,0x00,0x00,0x00,0x00,0x00,  //0xb740~0xb74f      ................
0x00,0x00,0x00,0x00,0x00,0x00,0x00,0x00,0x00,0x00,0x00,0x00,0x00,0x00,0x00,0x00,  //0xb750~0xb75f      ................
0x00,0x00,0x00,0x00,0x00,0x00,0x00,0x00,0x00,0x00,0x00,0x00,0x00,0x00,0x00,0x00,  //0xb760~0xb76f      ................
0x00,0x00,0x00,0x00,0x00,0x00,0x00,0x00,0x00,0x00,0x00,0x00,0x00,0x00,0x00,0x00,  //0xb770~0xb77f      ................
0x00,0x00,0x00,0x00,0x00,0x00,0x00,0x00,0x00,0x00,0x00,0x00,0x00,0x00,0x00,0x00,  //0xb780~0xb78f      ................
0x00,0x00,0x00,0x00,0x00,0x00,0x00,0x00,0x00,0x00,0x00,0x00,0x00,0x00,0x00,0x00,  //0xb790~0xb79f      ................
0x00,0x00,0x00,0x00,0x00,0x00,0x00,0x00,0x00,0x00,0x00,0x00,0x00,0x00,0x00,0x00,  //0xb7a0~0xb7af      ................
0x00,0x00,0x00,0x00,0x00,0x00,0x00,0x00,0x00,0x00,0x00,0x00,0x00,0x00,0x00,0x00,  //0xb7b0~0xb7bf      ................
0x00,0x00,0x00,0x00,0x00,0x00,0x00,0x00,0x00,0x00,0x00,0x00,0x00,0x00,0x00,0x00,  //0xb7c0~0xb7cf      ................
0x00,0x00,0x00,0x00,0x00,0x00,0x00,0x00,0x00,0x00,0x00,0x00,0x00,0x00,0x00,0x00,  //0xb7d0~0xb7df      ................
0x00,0x00,0x00,0x00,0x00,0x00,0x00,0x00,0x00,0x00,0x00,0x00,0x00,0x00,0x00,0x00,  //0xb7e0~0xb7ef      ................
0x00,0x00,0x00,0x00,0x00,0x00,0x00,0x00,0x00,0x00,0x00,0x00,0x00,0x00,0x00,0x00,  //0xb7f0~0xb7ff      ................
0x00,0x00,0x00,0x00,0x00,0x00,0x00,0x00,0x00,0x00,0x00,0x00,0x00,0x00,0x00,0x00,  //0xb800~0xb80f      ................
0x00,0x00,0x00,0x00,0x00,0x00,0x00,0x00,0x00,0x00,0x00,0x00,0x00,0x00,0x00,0x00,  //0xb810~0xb81f      ................
0x00,0x00,0x00,0x00,0x00,0x00,0x00,0x00,0x00,0x00,0x00,0x00,0x00,0x00,0x00,0x00,  //0xb820~0xb82f      ................
0x00,0x00,0x00,0x00,0x00,0x00,0x00,0x00,0x00,0x00,0x00,0x00,0x00,0x00,0x00,0x00,  //0xb830~0xb83f      ................
0x00,0x00,0x00,0x00,0x00,0x00,0x00,0x00,0x00,0x00,0x00,0x00,0x00,0x00,0x00,0x00,  //0xb840~0xb84f      ................
0x00,0x00,0x00,0x00,0x00,0x00,0x00,0x00,0x00,0x00,0x00,0x00,0x00,0x00,0x00,0x00,  //0xb850~0xb85f      ................
0x00,0x00,0x00,0x00,0x00,0x00,0x00,0x00,0x00,0x00,0x00,0x00,0x00,0x00,0x00,0x00,  //0xb860~0xb86f      ................
0x00,0x00,0x00,0x00,0x00,0x00,0x00,0x00,0x00,0x00,0x00,0x00,0x00,0x00,0x00,0x00,  //0xb870~0xb87f      ................
0x00,0x00,0x00,0x00,0x00,0x00,0x00,0x00,0x00,0x00,0x00,0x00,0x00,0x00,0x00,0x00,  //0xb880~0xb88f      ................
0x00,0x00,0x00,0x00,0x00,0x00,0x00,0x00,0x00,0x00,0x00,0x00,0x00,0x00,0x00,0x00,  //0xb890~0xb89f      ................
0x00,0x00,0x00,0x00,0x00,0x00,0x00,0x00,0x00,0x00,0x00,0x00,0x00,0x00,0x00,0x00,  //0xb8a0~0xb8af      ................
0x00,0x00,0x00,0x00,0x00,0x00,0x00,0x00,0x00,0x00,0x00,0x00,0x00,0x00,0x00,0x00,  //0xb8b0~0xb8bf      ................
0x00,0x00,0x00,0x00,0x00,0x00,0x00,0x00,0x00,0x00,0x00,0x00,0x00,0x00,0x00,0x00,  //0xb8c0~0xb8cf      ................
0x00,0x00,0x00,0x00,0x00,0x00,0x00,0x00,0x00,0x00,0x00,0x00,0x00,0x00,0x00,0x00,  //0xb8d0~0xb8df      ................
0x00,0x00,0x00,0x00,0x00,0x00,0x00,0x00,0x00,0x00,0x00,0x00,0x00,0x00,0x00,0x00,  //0xb8e0~0xb8ef      ................
0x00,0x00,0x00,0x00,0x00,0x00,0x00,0x00,0x00,0x00,0x00,0x00,0x00,0x00,0x00,0x00,  //0xb8f0~0xb8ff      ................
0x00,0x00,0x00,0x00,0x00,0x00,0x00,0x00,0x00,0x00,0x00,0x00,0x00,0x00,0x00,0x00,  //0xb900~0xb90f      ................
0x00,0x00,0x00,0x00,0x00,0x00,0x00,0x00,0x00,0x00,0x00,0x00,0x00,0x00,0x00,0x00,  //0xb910~0xb91f      ................
0x00,0x00,0x00,0x00,0x00,0x00,0x00,0x00,0x00,0x00,0x00,0x00,0x00,0x00,0x00,0x00,  //0xb920~0xb92f      ................
0x00,0x00,0x00,0x00,0x00,0x00,0x00,0x00,0x00,0x00,0x00,0x00,0x00,0x00,0x00,0x00,  //0xb930~0xb93f      ................
0x00,0x00,0x00,0x00,0x00,0x00,0x00,0x00,0x00,0x00,0x00,0x00,0x00,0x00,0x00,0x00,  //0xb940~0xb94f      ................
0x00,0x00,0x00,0x00,0x00,0x00,0x00,0x00,0x00,0x00,0x00,0x00,0x00,0x00,0x00,0x00,  //0xb950~0xb95f      ................
0x00,0x00,0x00,0x00,0x00,0x00,0x00,0x00,0x00,0x00,0x00,0x00,0x00,0x00,0x00,0x00,  //0xb960~0xb96f      ................
0x00,0x00,0x00,0x00,0x00,0x00,0x00,0x00,0x00,0x00,0x00,0x00,0x00,0x00,0x00,0x00,  //0xb970~0xb97f      ................
0x00,0x00,0x00,0x00,0x00,0x00,0x00,0x00,0x00,0x00,0x00,0x00,0x00,0x00,0x00,0x00,  //0xb980~0xb98f      ................
0x00,0x00,0x00,0x00,0x00,0x00,0x00,0x00,0x00,0x00,0x00,0x00,0x00,0x00,0x00,0x00,  //0xb990~0xb99f      ................
0x00,0x00,0x00,0x00,0x00,0x00,0x00,0x00,0x00,0x00,0x00,0x00,0x00,0x00,0x00,0x00,  //0xb9a0~0xb9af      ................
0x00,0x00,0x00,0x00,0x00,0x00,0x00,0x00,0x00,0x00,0x00,0x00,0x00,0x00,0x00,0x00,  //0xb9b0~0xb9bf      ................
0x00,0x00,0x00,0x00,0x00,0x00,0x00,0x00,0x00,0x00,0x00,0x00,0x00,0x00,0x00,0x00,  //0xb9c0~0xb9cf      ................
0x00,0x00,0x00,0x00,0x00,0x00,0x00,0x00,0x00,0x00,0x00,0x00,0x00,0x00,0x00,0x00,  //0xb9d0~0xb9df      ................
0x00,0x00,0x00,0x00,0x00,0x00,0x00,0x00,0x00,0x00,0x00,0x00,0x00,0x00,0x00,0x00,  //0xb9e0~0xb9ef      ................
0x00,0x00,0x00,0x00,0x00,0x00,0x00,0x00,0x00,0x00,0x00,0x00,0x00,0x00,0x00,0x00,  //0xb9f0~0xb9ff      ................
0x00,0x00,0x00,0x00,0x00,0x00,0x00,0x00,0x00,0x00,0x00,0x00,0x00,0x00,0x00,0x00,  //0xba00~0xba0f      ................
0x00,0x00,0x00,0x00,0x00,0x00,0x00,0x00,0x00,0x00,0x00,0x00,0x00,0x00,0x00,0x00,  //0xba10~0xba1f      ................
0x00,0x00,0x00,0x00,0x00,0x00,0x00,0x00,0x00,0x00,0x00,0x00,0x00,0x00,0x00,0x00,  //0xba20~0xba2f      ................
0x00,0x00,0x00,0x00,0x00,0x00,0x00,0x00,0x00,0x00,0x00,0x00,0x00,0x00,0x00,0x00,  //0xba30~0xba3f      ................
0x00,0x00,0x00,0x00,0x00,0x00,0x00,0x00,0x00,0x00,0x00,0x00,0x00,0x00,0x00,0x00,  //0xba40~0xba4f      ................
0x00,0x00,0x00,0x00,0x00,0x00,0x00,0x00,0x00,0x00,0x00,0x00,0x00,0x00,0x00,0x00,  //0xba50~0xba5f      ................
0x00,0x00,0x00,0x00,0x00,0x00,0x00,0x00,0x00,0x00,0x00,0x00,0x00,0x00,0x00,0x00,  //0xba60~0xba6f      ................
0x00,0x00,0x00,0x00,0x00,0x00,0x00,0x00,0x00,0x00,0x00,0x00,0x00,0x00,0x00,0x00,  //0xba70~0xba7f      ................
0x00,0x00,0x00,0x00,0x00,0x00,0x00,0x00,0x00,0x00,0x00,0x00,0x00,0x00,0x00,0x00,  //0xba80~0xba8f      ................
0x00,0x00,0x00,0x00,0x00,0x00,0x00,0x00,0x00,0x00,0x00,0x00,0x00,0x00,0x00,0x00,  //0xba90~0xba9f      ................
0x00,0x00,0x00,0x00,0x00,0x00,0x00,0x00,0x00,0x00,0x00,0x00,0x00,0x00,0x00,0x00,  //0xbaa0~0xbaaf      ................
0x00,0x00,0x00,0x00,0x00,0x00,0x00,0x00,0x00,0x00,0x00,0x00,0x00,0x00,0x00,0x00,  //0xbab0~0xbabf      ................
0x00,0x00,0x00,0x00,0x00,0x00,0x00,0x00,0x00,0x00,0x00,0x00,0x00,0x00,0x00,0x00,  //0xbac0~0xbacf      ................
0x00,0x00,0x00,0x00,0x00,0x00,0x00,0x00,0x00,0x00,0x00,0x00,0x00,0x00,0x00,0x00,  //0xbad0~0xbadf      ................
0x00,0x00,0x00,0x00,0x00,0x00,0x00,0x00,0x00,0x00,0x00,0x00,0x00,0x00,0x00,0x00,  //0xbae0~0xbaef      ................
0x00,0x00,0x00,0x00,0x00,0x00,0x00,0x00,0x00,0x00,0x00,0x00,0x00,0x00,0x00,0x00,  //0xbaf0~0xbaff      ................
0x00,0x00,0x00,0x00,0x00,0x00,0x00,0x00,0x00,0x00,0x00,0x00,0x00,0x00,0x00,0x00,  //0xbb00~0xbb0f      ................
0x00,0x00,0x00,0x00,0x00,0x00,0x00,0x00,0x00,0x00,0x00,0x00,0x00,0x00,0x00,0x00,  //0xbb10~0xbb1f      ................
0x00,0x00,0x00,0x00,0x00,0x00,0x00,0x00,0x00,0x00,0x00,0x00,0x00,0x00,0x00,0x00,  //0xbb20~0xbb2f      ................
0x00,0x00,0x00,0x00,0x00,0x00,0x00,0x00,0x00,0x00,0x00,0x00,0x00,0x00,0x00,0x00,  //0xbb30~0xbb3f      ................
0x00,0x00,0x00,0x00,0x00,0x00,0x00,0x00,0x00,0x00,0x00,0x00,0x00,0x00,0x00,0x00,  //0xbb40~0xbb4f      ................
0x00,0x00,0x00,0x00,0x00,0x00,0x00,0x00,0x00,0x00,0x00,0x00,0x00,0x00,0x00,0x00,  //0xbb50~0xbb5f      ................
0x00,0x00,0x00,0x00,0x00,0x00,0x00,0x00,0x00,0x00,0x00,0x00,0x00,0x00,0x00,0x00,  //0xbb60~0xbb6f      ................
0x00,0x00,0x00,0x00,0x00,0x00,0x00,0x00,0x00,0x00,0x00,0x00,0x00,0x00,0x00,0x00,  //0xbb70~0xbb7f      ................
0x00,0x00,0x00,0x00,0x00,0x00,0x00,0x00,0x00,0x00,0x00,0x00,0x00,0x00,0x00,0x00,  //0xbb80~0xbb8f      ................
0x00,0x00,0x00,0x00,0x00,0x00,0x00,0x00,0x00,0x00,0x00,0x00,0x00,0x00,0x00,0x00,  //0xbb90~0xbb9f      ................
0x00,0x00,0x00,0x00,0x00,0x00,0x00,0x00,0x00,0x00,0x00,0x00,0x00,0x00,0x00,0x00,  //0xbba0~0xbbaf      ................
0x00,0x00,0x00,0x00,0x00,0x00,0x00,0x00,0x00,0x00,0x00,0x00,0x00,0x00,0x00,0x00,  //0xbbb0~0xbbbf      ................
0x00,0x00,0x00,0x00,0x00,0x00,0x00,0x00,0x00,0x00,0x00,0x00,0x00,0x00,0x00,0x00,  //0xbbc0~0xbbcf      ................
0x00,0x00,0x00,0x00,0x00,0x00,0x00,0x00,0x00,0x00,0x00,0x00,0x00,0x00,0x00,0x00,  //0xbbd0~0xbbdf      ................
0x00,0x00,0x00,0x00,0x00,0x00,0x00,0x00,0x00,0x00,0x00,0x00,0x00,0x00,0x00,0x00,  //0xbbe0~0xbbef      ................
0x00,0x00,0x00,0x00,0x00,0x00,0x00,0x00,0x00,0x00,0x00,0x00,0x00,0x00,0x00,0x00,  //0xbbf0~0xbbff      ................
0x00,0x00,0x00,0x00,0x00,0x00,0x00,0x00,0x00,0x00,0x00,0x00,0x00,0x00,0x00,0x00,  //0xbc00~0xbc0f      ................
0x00,0x00,0x00,0x00,0x00,0x00,0x00,0x00,0x00,0x00,0x00,0x00,0x00,0x00,0x00,0x00,  //0xbc10~0xbc1f      ................
0x00,0x00,0x00,0x00,0x00,0x00,0x00,0x00,0x00,0x00,0x00,0x00,0x00,0x00,0x00,0x00,  //0xbc20~0xbc2f      ................
0x00,0x00,0x00,0x00,0x00,0x00,0x00,0x00,0x00,0x00,0x00,0x00,0x00,0x00,0x00,0x00,  //0xbc30~0xbc3f      ................
0x00,0x00,0x00,0x00,0x00,0x00,0x00,0x00,0x00,0x00,0x00,0x00,0x00,0x00,0x00,0x00,  //0xbc40~0xbc4f      ................
0x00,0x00,0x00,0x00,0x00,0x00,0x00,0x00,0x00,0x00,0x00,0x00,0x00,0x00,0x00,0x00,  //0xbc50~0xbc5f      ................
0x00,0x00,0x00,0x00,0x00,0x00,0x00,0x00,0x00,0x00,0x00,0x00,0x00,0x00,0x00,0x00,  //0xbc60~0xbc6f      ................
0x00,0x00,0x00,0x00,0x00,0x00,0x00,0x00,0x00,0x00,0x00,0x00,0x00,0x00,0x00,0x00,  //0xbc70~0xbc7f      ................
0x00,0x00,0x00,0x00,0x00,0x00,0x00,0x00,0x00,0x00,0x00,0x00,0x00,0x00,0x00,0x00,  //0xbc80~0xbc8f      ................
0x00,0x00,0x00,0x00,0x00,0x00,0x00,0x00,0x00,0x00,0x00,0x00,0x00,0x00,0x00,0x00,  //0xbc90~0xbc9f      ................
0x00,0x00,0x00,0x00,0x00,0x00,0x00,0x00,0x00,0x00,0x00,0x00,0x00,0x00,0x00,0x00,  //0xbca0~0xbcaf      ................
0x00,0x00,0x00,0x00,0x00,0x00,0x00,0x00,0x00,0x00,0x00,0x00,0x00,0x00,0x00,0x00,  //0xbcb0~0xbcbf      ................
0x00,0x00,0x00,0x00,0x00,0x00,0x00,0x00,0x00,0x00,0x00,0x00,0x00,0x00,0x00,0x00,  //0xbcc0~0xbccf      ................
0x00,0x00,0x00,0x00,0x00,0x00,0x00,0x00,0x00,0x00,0x00,0x00,0x00,0x00,0x00,0x00,  //0xbcd0~0xbcdf      ................
0x00,0x00,0x00,0x00,0x00,0x00,0x00,0x00,0x00,0x00,0x00,0x00,0x00,0x00,0x00,0x00,  //0xbce0~0xbcef      ................
0x00,0x00,0x00,0x00,0x00,0x00,0x00,0x00,0x00,0x00,0x00,0x00,0x00,0x00,0x00,0x00,  //0xbcf0~0xbcff      ................
0x00,0x00,0x00,0x00,0x00,0x00,0x00,0x00,0x00,0x00,0x00,0x00,0x00,0x00,0x00,0x00,  //0xbd00~0xbd0f      ................
0x00,0x00,0x00,0x00,0x00,0x00,0x00,0x00,0x00,0x00,0x00,0x00,0x00,0x00,0x00,0x00,  //0xbd10~0xbd1f      ................
0x00,0x00,0x00,0x00,0x00,0x00,0x00,0x00,0x00,0x00,0x00,0x00,0x00,0x00,0x00,0x00,  //0xbd20~0xbd2f      ................
0x00,0x00,0x00,0x00,0x00,0x00,0x00,0x00,0x00,0x00,0x00,0x00,0x00,0x00,0x00,0x00,  //0xbd30~0xbd3f      ................
0x00,0x00,0x00,0x00,0x00,0x00,0x00,0x00,0x00,0x00,0x00,0x00,0x00,0x00,0x00,0x00,  //0xbd40~0xbd4f      ................
0x00,0x00,0x00,0x00,0x00,0x00,0x00,0x00,0x00,0x00,0x00,0x00,0x00,0x00,0x00,0x00,  //0xbd50~0xbd5f      ................
0x00,0x00,0x00,0x00,0x00,0x00,0x00,0x00,0x00,0x00,0x00,0x00,0x00,0x00,0x00,0x00,  //0xbd60~0xbd6f      ................
0x00,0x00,0x00,0x00,0x00,0x00,0x00,0x00,0x00,0x00,0x00,0x00,0x00,0x00,0x00,0x00,  //0xbd70~0xbd7f      ................
0x00,0x00,0x00,0x00,0x00,0x00,0x00,0x00,0x00,0x00,0x00,0x00,0x00,0x00,0x00,0x00,  //0xbd80~0xbd8f      ................
0x00,0x00,0x00,0x00,0x00,0x00,0x00,0x00,0x00,0x00,0x00,0x00,0x00,0x00,0x00,0x00,  //0xbd90~0xbd9f      ................
0x00,0x00,0x00,0x00,0x00,0x00,0x00,0x00,0x00,0x00,0x00,0x00,0x00,0x00,0x00,0x00,  //0xbda0~0xbdaf      ................
0x00,0x00,0x00,0x00,0x00,0x00,0x00,0x00,0x00,0x00,0x00,0x00,0x00,0x00,0x00,0x00,  //0xbdb0~0xbdbf      ................
0x00,0x00,0x00,0x00,0x00,0x00,0x00,0x00,0x00,0x00,0x00,0x00,0x00,0x00,0x00,0x00,  //0xbdc0~0xbdcf      ................
0x00,0x00,0x00,0x00,0x00,0x00,0x00,0x00,0x00,0x00,0x00,0x00,0x00,0x00,0x00,0x00,  //0xbdd0~0xbddf      ................
0x00,0x00,0x00,0x00,0x00,0x00,0x00,0x00,0x00,0x00,0x00,0x00,0x00,0x00,0x00,0x00,  //0xbde0~0xbdef      ................
0x00,0x00,0x00,0x00,0x00,0x00,0x00,0x00,0x00,0x00,0x00,0x00,0x00,0x00,0x00,0x00,  //0xbdf0~0xbdff      ................
0x00,0x00,0x00,0x00,0x00,0x00,0x00,0x00,0x00,0x00,0x00,0x00,0x00,0x00,0x00,0x00,  //0xbe00~0xbe0f      ................
0x00,0x00,0x00,0x00,0x00,0x00,0x00,0x00,0x00,0x00,0x00,0x00,0x00,0x00,0x00,0x00,  //0xbe10~0xbe1f      ................
0x00,0x00,0x00,0x00,0x00,0x00,0x00,0x00,0x00,0x00,0x00,0x00,0x00,0x00,0x00,0x00,  //0xbe20~0xbe2f      ................
0x00,0x00,0x00,0x00,0x00,0x00,0x00,0x00,0x00,0x00,0x00,0x00,0x00,0x00,0x00,0x00,  //0xbe30~0xbe3f      ................
0x00,0x00,0x00,0x00,0x00,0x00,0x00,0x00,0x00,0x00,0x00,0x00,0x00,0x00,0x00,0x00,  //0xbe40~0xbe4f      ................
0x00,0x00,0x00,0x00,0x00,0x00,0x00,0x00,0x00,0x00,0x00,0x00,0x00,0x00,0x00,0x00,  //0xbe50~0xbe5f      ................
0x00,0x00,0x00,0x00,0x00,0x00,0x00,0x00,0x00,0x00,0x00,0x00,0x00,0x00,0x00,0x00,  //0xbe60~0xbe6f      ................
0x00,0x00,0x00,0x00,0x00,0x00,0x00,0x00,0x00,0x00,0x00,0x00,0x00,0x00,0x00,0x00,  //0xbe70~0xbe7f      ................
0x00,0x00,0x00,0x00,0x00,0x00,0x00,0x00,0x00,0x00,0x00,0x00,0x00,0x00,0x00,0x00,  //0xbe80~0xbe8f      ................
0x00,0x00,0x00,0x00,0x00,0x00,0x00,0x00,0x00,0x00,0x00,0x00,0x00,0x00,0x00,0x00,  //0xbe90~0xbe9f      ................
0x00,0x00,0x00,0x00,0x00,0x00,0x00,0x00,0x00,0x00,0x00,0x00,0x00,0x00,0x00,0x00,  //0xbea0~0xbeaf      ................
0x00,0x00,0x00,0x00,0x00,0x00,0x00,0x00,0x00,0x00,0x00,0x00,0x00,0x00,0x00,0x00,  //0xbeb0~0xbebf      ................
0x00,0x00,0x00,0x00,0x00,0x00,0x00,0x00,0x00,0x00,0x00,0x00,0x00,0x00,0x00,0x00,  //0xbec0~0xbecf      ................
0x00,0x00,0x00,0x00,0x00,0x00,0x00,0x00,0x00,0x00,0x00,0x00,0x00,0x00,0x00,0x00,  //0xbed0~0xbedf      ................
0x00,0x00,0x00,0x00,0x00,0x00,0x00,0x00,0x00,0x00,0x00,0x00,0x00,0x00,0x00,0x00,  //0xbee0~0xbeef      ................
0x00,0x00,0x00,0x00,0x00,0x00,0x00,0x00,0x00,0x00,0x00,0x00,0x00,0x00,0x00,0x00,  //0xbef0~0xbeff      ................
0x00,0x00,0x00,0x00,0x00,0x00,0x00,0x00,0x00,0x00,0x00,0x00,0x00,0x00,0x00,0x00,  //0xbf00~0xbf0f      ................
0x00,0x00,0x00,0x00,0x00,0x00,0x00,0x00,0x00,0x00,0x00,0x00,0x00,0x00,0x00,0x00,  //0xbf10~0xbf1f      ................
0x00,0x00,0x00,0x00,0x00,0x00,0x00,0x00,0x00,0x00,0x00,0x00,0x00,0x00,0x00,0x00,  //0xbf20~0xbf2f      ................
0x00,0x00,0x00,0x00,0x00,0x00,0x00,0x00,0x00,0x00,0x00,0x00,0x00,0x00,0x00,0x00,  //0xbf30~0xbf3f      ................
0x00,0x00,0x00,0x00,0x00,0x00,0x00,0x00,0x00,0x00,0x00,0x00,0x00,0x00,0x00,0x00,  //0xbf40~0xbf4f      ................
0x00,0x00,0x00,0x00,0x00,0x00,0x00,0x00,0x00,0x00,0x00,0x00,0x00,0x00,0x00,0x00,  //0xbf50~0xbf5f      ................
0x00,0x00,0x00,0x00,0x00,0x00,0x00,0x00,0x00,0x00,0x00,0x00,0x00,0x00,0x00,0x00,  //0xbf60~0xbf6f      ................
0x00,0x00,0x00,0x00,0x00,0x00,0x00,0x00,0x00,0x00,0x00,0x00,0x00,0x00,0x00,0x00,  //0xbf70~0xbf7f      ................
0x00,0x00,0x00,0x00,0x00,0x00,0x00,0x00,0x00,0x00,0x00,0x00,0x00,0x00,0x00,0x00,  //0xbf80~0xbf8f      ................
0x00,0x00,0x00,0x00,0x00,0x00,0x00,0x00,0x00,0x00,0x00,0x00,0x00,0x00,0x00,0x00,  //0xbf90~0xbf9f      ................
0x00,0x00,0x00,0x00,0x00,0x00,0x00,0x00,0x00,0x00,0x00,0x00,0x00,0x00,0x00,0x00,  //0xbfa0~0xbfaf      ................
0x00,0x00,0x00,0x00,0x00,0x00,0x00,0x00,0x00,0x00,0x00,0x00,0x00,0x00,0x00,0x00,  //0xbfb0~0xbfbf      ................
0x00,0x00,0x00,0x00,0x00,0x00,0x00,0x00,0x00,0x00,0x00,0x00,0x00,0x00,0x00,0x00,  //0xbfc0~0xbfcf      ................
0x00,0x00,0x00,0x00,0x00,0x00,0x00,0x00,0x00,0x00,0x00,0x00,0x00,0x00,0x00,0x00,  //0xbfd0~0xbfdf      ................
0x00,0x00,0x00,0x00,0x00,0x00,0x00,0x00,0x00,0x00,0x00,0x00,0x00,0x00,0x00,0x00,  //0xbfe0~0xbfef      ................
0x00,0x00,0x00,0x00,0x00,0x00,0x00,0x00,0x00,0x00,0x00,0x00,0x00,0x00,0x00,0x00,  //0xbff0~0xbfff      ................
0x00,0x00,0x00,0x00,0x00,0x00,0x00,0x00,0x00,0x00,0x00,0x00,0x00,0x00,0x00,0x00,  //0xc000~0xc00f      ................
0x00,0x00,0x00,0x00,0x00,0x00,0x00,0x00,0x00,0x00,0x00,0x00,0x00,0x00,0x00,0x00,  //0xc010~0xc01f      ................
0x00,0x00,0x00,0x00,0x00,0x00,0x00,0x00,0x00,0x00,0x00,0x00,0x00,0x00,0x00,0x00,  //0xc020~0xc02f      ................
0x00,0x00,0x00,0x00,0x00,0x00,0x00,0x00,0x00,0x00,0x00,0x00,0x00,0x00,0x00,0x00,  //0xc030~0xc03f      ................
0x00,0x00,0x00,0x00,0x00,0x00,0x00,0x00,0x00,0x00,0x00,0x00,0x00,0x00,0x00,0x00,  //0xc040~0xc04f      ................
0x00,0x00,0x00,0x00,0x00,0x00,0x00,0x00,0x00,0x00,0x00,0x00,0x00,0x00,0x00,0x00,  //0xc050~0xc05f      ................
0x00,0x00,0x00,0x00,0x00,0x00,0x00,0x00,0x00,0x00,0x00,0x00,0x00,0x00,0x00,0x00,  //0xc060~0xc06f      ................
0x00,0x00,0x00,0x00,0x00,0x00,0x00,0x00,0x00,0x00,0x00,0x00,0x00,0x00,0x00,0x00,  //0xc070~0xc07f      ................
0x00,0x00,0x00,0x00,0x00,0x00,0x00,0x00,0x00,0x00,0x00,0x00,0x00,0x00,0x00,0x00,  //0xc080~0xc08f      ................
0x00,0x00,0x00,0x00,0x00,0x00,0x00,0x00,0x00,0x00,0x00,0x00,0x00,0x00,0x00,0x00,  //0xc090~0xc09f      ................
0x00,0x00,0x00,0x00,0x00,0x00,0x00,0x00,0x00,0x00,0x00,0x00,0x00,0x00,0x00,0x00,  //0xc0a0~0xc0af      ................
0x00,0x00,0x00,0x00,0x00,0x00,0x00,0x00,0x00,0x00,0x00,0x00,0x00,0x00,0x00,0x00,  //0xc0b0~0xc0bf      ................
0x00,0x00,0x00,0x00,0x00,0x00,0x00,0x00,0x00,0x00,0x00,0x00,0x00,0x00,0x00,0x00,  //0xc0c0~0xc0cf      ................
0x00,0x00,0x00,0x00,0x00,0x00,0x00,0x00,0x00,0x00,0x00,0x00,0x00,0x00,0x00,0x00,  //0xc0d0~0xc0df      ................
0x00,0x00,0x00,0x00,0x00,0x00,0x00,0x00,0x00,0x00,0x00,0x00,0x00,0x00,0x00,0x00,  //0xc0e0~0xc0ef      ................
0x00,0x00,0x00,0x00,0x00,0x00,0x00,0x00,0x00,0x00,0x00,0x00,0x00,0x00,0x00,0x00,  //0xc0f0~0xc0ff      ................
0x00,0x00,0x00,0x00,0x00,0x00,0x00,0x00,0x00,0x00,0x00,0x00,0x00,0x00,0x00,0x00,  //0xc100~0xc10f      ................
0x00,0x00,0x00,0x00,0x00,0x00,0x00,0x00,0x00,0x00,0x00,0x00,0x00,0x00,0x00,0x00,  //0xc110~0xc11f      ................
0x00,0x00,0x00,0x00,0x00,0x00,0x00,0x00,0x00,0x00,0x00,0x00,0x00,0x00,0x00,0x00,  //0xc120~0xc12f      ................
0x00,0x00,0x00,0x00,0x00,0x00,0x00,0x00,0x00,0x00,0x00,0x00,0x00,0x00,0x00,0x00,  //0xc130~0xc13f      ................
0x00,0x00,0x00,0x00,0x00,0x00,0x00,0x00,0x00,0x00,0x00,0x00,0x00,0x00,0x00,0x00,  //0xc140~0xc14f      ................
0x00,0x00,0x00,0x00,0x00,0x00,0x00,0x00,0x00,0x00,0x00,0x00,0x00,0x00,0x00,0x00,  //0xc150~0xc15f      ................
0x00,0x00,0x00,0x00,0x00,0x00,0x00,0x00,0x00,0x00,0x00,0x00,0x00,0x00,0x00,0x00,  //0xc160~0xc16f      ................
0x00,0x00,0x00,0x00,0x00,0x00,0x00,0x00,0x00,0x00,0x00,0x00,0x00,0x00,0x00,0x00,  //0xc170~0xc17f      ................
0x00,0x00,0x00,0x00,0x00,0x00,0x00,0x00,0x00,0x00,0x00,0x00,0x00,0x00,0x00,0x00,  //0xc180~0xc18f      ................
0x00,0x00,0x00,0x00,0x00,0x00,0x00,0x00,0x00,0x00,0x00,0x00,0x00,0x00,0x00,0x00,  //0xc190~0xc19f      ................
0x00,0x00,0x00,0x00,0x00,0x00,0x00,0x00,0x00,0x00,0x00,0x00,0x00,0x00,0x00,0x00,  //0xc1a0~0xc1af      ................
0x00,0x00,0x00,0x00,0x00,0x00,0x00,0x00,0x00,0x00,0x00,0x00,0x00,0x00,0x00,0x00,  //0xc1b0~0xc1bf      ................
0x00,0x00,0x00,0x00,0x00,0x00,0x00,0x00,0x00,0x00,0x00,0x00,0x00,0x00,0x00,0x00,  //0xc1c0~0xc1cf      ................
0x00,0x00,0x00,0x00,0x00,0x00,0x00,0x00,0x00,0x00,0x00,0x00,0x00,0x00,0x00,0x00,  //0xc1d0~0xc1df      ................
0x00,0x00,0x00,0x00,0x00,0x00,0x00,0x00,0x00,0x00,0x00,0x00,0x00,0x00,0x00,0x00,  //0xc1e0~0xc1ef      ................
0x00,0x00,0x00,0x00,0x00,0x00,0x00,0x00,0x00,0x00,0x00,0x00,0x00,0x00,0x00,0x00,  //0xc1f0~0xc1ff      ................
0x00,0x00,0x00,0x00,0x00,0x00,0x00,0x00,0x00,0x00,0x00,0x00,0x00,0x00,0x00,0x00,  //0xc200~0xc20f      ................
0x00,0x00,0x00,0x00,0x00,0x00,0x00,0x00,0x00,0x00,0x00,0x00,0x00,0x00,0x00,0x00,  //0xc210~0xc21f      ................
0x00,0x00,0x00,0x00,0x00,0x00,0x00,0x00,0x00,0x00,0x00,0x00,0x00,0x00,0x00,0x00,  //0xc220~0xc22f      ................
0x00,0x00,0x00,0x00,0x00,0x00,0x00,0x00,0x00,0x00,0x00,0x00,0x00,0x00,0x00,0x00,  //0xc230~0xc23f      ................
0x00,0x00,0x00,0x00,0x00,0x00,0x00,0x00,0x00,0x00,0x00,0x00,0x00,0x00,0x00,0x00,  //0xc240~0xc24f      ................
0x00,0x00,0x00,0x00,0x00,0x00,0x00,0x00,0x00,0x00,0x00,0x00,0x00,0x00,0x00,0x00,  //0xc250~0xc25f      ................
0x00,0x00,0x00,0x00,0x00,0x00,0x00,0x00,0x00,0x00,0x00,0x00,0x00,0x00,0x00,0x00,  //0xc260~0xc26f      ................
0x00,0x00,0x00,0x00,0x00,0x00,0x00,0x00,0x00,0x00,0x00,0x00,0x00,0x00,0x00,0x00,  //0xc270~0xc27f      ................
0x00,0x00,0x00,0x00,0x00,0x00,0x00,0x00,0x00,0x00,0x00,0x00,0x00,0x00,0x00,0x00,  //0xc280~0xc28f      ................
0x00,0x00,0x00,0x00,0x00,0x00,0x00,0x00,0x00,0x00,0x00,0x00,0x00,0x00,0x00,0x00,  //0xc290~0xc29f      ................
0x00,0x00,0x00,0x00,0x00,0x00,0x00,0x00,0x00,0x00,0x00,0x00,0x00,0x00,0x00,0x00,  //0xc2a0~0xc2af      ................
0x00,0x00,0x00,0x00,0x00,0x00,0x00,0x00,0x00,0x00,0x00,0x00,0x00,0x00,0x00,0x00,  //0xc2b0~0xc2bf      ................
0x00,0x00,0x00,0x00,0x00,0x00,0x00,0x00,0x00,0x00,0x00,0x00,0x00,0x00,0x00,0x00,  //0xc2c0~0xc2cf      ................
0x00,0x00,0x00,0x00,0x00,0x00,0x00,0x00,0x00,0x00,0x00,0x00,0x00,0x00,0x00,0x00,  //0xc2d0~0xc2df      ................
0x00,0x00,0x00,0x00,0x00,0x00,0x00,0x00,0x00,0x00,0x00,0x00,0x00,0x00,0x00,0x00,  //0xc2e0~0xc2ef      ................
0x00,0x00,0x00,0x00,0x00,0x00,0x00,0x00,0x00,0x00,0x00,0x00,0x00,0x00,0x00,0x00,  //0xc2f0~0xc2ff      ................
0x00,0x00,0x00,0x00,0x00,0x00,0x00,0x00,0x00,0x00,0x00,0x00,0x00,0x00,0x00,0x00,  //0xc300~0xc30f      ................
0x00,0x00,0x00,0x00,0x00,0x00,0x00,0x00,0x00,0x00,0x00,0x00,0x00,0x00,0x00,0x00,  //0xc310~0xc31f      ................
0x00,0x00,0x00,0x00,0x00,0x00,0x00,0x00,0x00,0x00,0x00,0x00,0x00,0x00,0x00,0x00,  //0xc320~0xc32f      ................
0x00,0x00,0x00,0x00,0x00,0x00,0x00,0x00,0x00,0x00,0x00,0x00,0x00,0x00,0x00,0x00,  //0xc330~0xc33f      ................
0x00,0x00,0x00,0x00,0x00,0x00,0x00,0x00,0x00,0x00,0x00,0x00,0x00,0x00,0x00,0x00,  //0xc340~0xc34f      ................
0x00,0x00,0x00,0x00,0x00,0x00,0x00,0x00,0x00,0x00,0x00,0x00,0x00,0x00,0x00,0x00,  //0xc350~0xc35f      ................
0x00,0x00,0x00,0x00,0x00,0x00,0x00,0x00,0x00,0x00,0x00,0x00,0x00,0x00,0x00,0x00,  //0xc360~0xc36f      ................
0x00,0x00,0x00,0x00,0x00,0x00,0x00,0x00,0x00,0x00,0x00,0x00,0x00,0x00,0x00,0x00,  //0xc370~0xc37f      ................
0x00,0x00,0x00,0x00,0x00,0x00,0x00,0x00,0x00,0x00,0x00,0x00,0x00,0x00,0x00,0x00,  //0xc380~0xc38f      ................
0x00,0x00,0x00,0x00,0x00,0x00,0x00,0x00,0x00,0x00,0x00,0x00,0x00,0x00,0x00,0x00,  //0xc390~0xc39f      ................
0x00,0x00,0x00,0x00,0x00,0x00,0x00,0x00,0x00,0x00,0x00,0x00,0x00,0x00,0x00,0x00,  //0xc3a0~0xc3af      ................
0x00,0x00,0x00,0x00,0x00,0x00,0x00,0x00,0x00,0x00,0x00,0x00,0x00,0x00,0x00,0x00,  //0xc3b0~0xc3bf      ................
0x00,0x00,0x00,0x00,0x00,0x00,0x00,0x00,0x00,0x00,0x00,0x00,0x00,0x00,0x00,0x00,  //0xc3c0~0xc3cf      ................
0x00,0x00,0x00,0x00,0x00,0x00,0x00,0x00,0x00,0x00,0x00,0x00,0x00,0x00,0x00,0x00,  //0xc3d0~0xc3df      ................
0x00,0x00,0x00,0x00,0x00,0x00,0x00,0x00,0x00,0x00,0x00,0x00,0x00,0x00,0x00,0x00,  //0xc3e0~0xc3ef      ................
0x00,0x00,0x00,0x00,0x00,0x00,0x00,0x00,0x00,0x00,0x00,0x00,0x00,0x00,0x00,0x00,  //0xc3f0~0xc3ff      ................
0x00,0x00,0x00,0x00,0x00,0x00,0x00,0x00,0x00,0x00,0x00,0x00,0x00,0x00,0x00,0x00,  //0xc400~0xc40f      ................
0x00,0x00,0x00,0x00,0x00,0x00,0x00,0x00,0x00,0x00,0x00,0x00,0x00,0x00,0x00,0x00,  //0xc410~0xc41f      ................
0x00,0x00,0x00,0x00,0x00,0x00,0x00,0x00,0x00,0x00,0x00,0x00,0x00,0x00,0x00,0x00,  //0xc420~0xc42f      ................
0x00,0x00,0x00,0x00,0x00,0x00,0x00,0x00,0x00,0x00,0x00,0x00,0x00,0x00,0x00,0x00,  //0xc430~0xc43f      ................
0x00,0x00,0x00,0x00,0x00,0x00,0x00,0x00,0x00,0x00,0x00,0x00,0x00,0x00,0x00,0x00,  //0xc440~0xc44f      ................
0x00,0x00,0x00,0x00,0x00,0x00,0x00,0x00,0x00,0x00,0x00,0x00,0x00,0x00,0x00,0x00,  //0xc450~0xc45f      ................
0x00,0x00,0x00,0x00,0x00,0x00,0x00,0x00,0x00,0x00,0x00,0x00,0x00,0x00,0x00,0x00,  //0xc460~0xc46f      ................
0x00,0x00,0x00,0x00,0x00,0x00,0x00,0x00,0x00,0x00,0x00,0x00,0x00,0x00,0x00,0x00,  //0xc470~0xc47f      ................
0x00,0x00,0x00,0x00,0x00,0x00,0x00,0x00,0x00,0x00,0x00,0x00,0x00,0x00,0x00,0x00,  //0xc480~0xc48f      ................
0x00,0x00,0x00,0x00,0x00,0x00,0x00,0x00,0x00,0x00,0x00,0x00,0x00,0x00,0x00,0x00,  //0xc490~0xc49f      ................
0x00,0x00,0x00,0x00,0x00,0x00,0x00,0x00,0x00,0x00,0x00,0x00,0x00,0x00,0x00,0x00,  //0xc4a0~0xc4af      ................
0x00,0x00,0x00,0x00,0x00,0x00,0x00,0x00,0x00,0x00,0x00,0x00,0x00,0x00,0x00,0x00,  //0xc4b0~0xc4bf      ................
0x00,0x00,0x00,0x00,0x00,0x00,0x00,0x00,0x00,0x00,0x00,0x00,0x00,0x00,0x00,0x00,  //0xc4c0~0xc4cf      ................
0x00,0x00,0x00,0x00,0x00,0x00,0x00,0x00,0x00,0x00,0x00,0x00,0x00,0x00,0x00,0x00,  //0xc4d0~0xc4df      ................
0x00,0x00,0x00,0x00,0x00,0x00,0x00,0x00,0x00,0x00,0x00,0x00,0x00,0x00,0x00,0x00,  //0xc4e0~0xc4ef      ................
0x00,0x00,0x00,0x00,0x00,0x00,0x00,0x00,0x00,0x00,0x00,0x00,0x00,0x00,0x00,0x00,  //0xc4f0~0xc4ff      ................
0x00,0x00,0x00,0x00,0x00,0x00,0x00,0x00,0x00,0x00,0x00,0x00,0x00,0x00,0x00,0x00,  //0xc500~0xc50f      ................
0x00,0x00,0x00,0x00,0x00,0x00,0x00,0x00,0x00,0x00,0x00,0x00,0x00,0x00,0x00,0x00,  //0xc510~0xc51f      ................
0x00,0x00,0x00,0x00,0x00,0x00,0x00,0x00,0x00,0x00,0x00,0x00,0x00,0x00,0x00,0x00,  //0xc520~0xc52f      ................
0x00,0x00,0x00,0x00,0x00,0x00,0x00,0x00,0x00,0x00,0x00,0x00,0x00,0x00,0x00,0x00,  //0xc530~0xc53f      ................
0x00,0x00,0x00,0x00,0x00,0x00,0x00,0x00,0x00,0x00,0x00,0x00,0x00,0x00,0x00,0x00,  //0xc540~0xc54f      ................
0x00,0x00,0x00,0x00,0x00,0x00,0x00,0x00,0x00,0x00,0x00,0x00,0x00,0x00,0x00,0x00,  //0xc550~0xc55f      ................
0x00,0x00,0x00,0x00,0x00,0x00,0x00,0x00,0x00,0x00,0x00,0x00,0x00,0x00,0x00,0x00,  //0xc560~0xc56f      ................
0x00,0x00,0x00,0x00,0x00,0x00,0x00,0x00,0x00,0x00,0x00,0x00,0x00,0x00,0x00,0x00,  //0xc570~0xc57f      ................
0x00,0x00,0x00,0x00,0x00,0x00,0x00,0x00,0x00,0x00,0x00,0x00,0x00,0x00,0x00,0x00,  //0xc580~0xc58f      ................
0x00,0x00,0x00,0x00,0x00,0x00,0x00,0x00,0x00,0x00,0x00,0x00,0x00,0x00,0x00,0x00,  //0xc590~0xc59f      ................
0x00,0x00,0x00,0x00,0x00,0x00,0x00,0x00,0x00,0x00,0x00,0x00,0x00,0x00,0x00,0x00,  //0xc5a0~0xc5af      ................
0x00,0x00,0x00,0x00,0x00,0x00,0x00,0x00,0x00,0x00,0x00,0x00,0x00,0x00,0x00,0x00,  //0xc5b0~0xc5bf      ................
0x00,0x00,0x00,0x00,0x00,0x00,0x00,0x00,0x00,0x00,0x00,0x00,0x00,0x00,0x00,0x00,  //0xc5c0~0xc5cf      ................
0x00,0x00,0x00,0x00,0x00,0x00,0x00,0x00,0x00,0x00,0x00,0x00,0x00,0x00,0x00,0x00,  //0xc5d0~0xc5df      ................
0x00,0x00,0x00,0x00,0x00,0x00,0x00,0x00,0x00,0x00,0x00,0x00,0x00,0x00,0x00,0x00,  //0xc5e0~0xc5ef      ................
0x00,0x00,0x00,0x00,0x00,0x00,0x00,0x00,0x00,0x00,0x00,0x00,0x00,0x00,0x00,0x00,  //0xc5f0~0xc5ff      ................
0x00,0x00,0x00,0x00,0x00,0x00,0x00,0x00,0x00,0x00,0x00,0x00,0x00,0x00,0x00,0x00,  //0xc600~0xc60f      ................
0x00,0x00,0x00,0x00,0x00,0x00,0x00,0x00,0x00,0x00,0x00,0x00,0x00,0x00,0x00,0x00,  //0xc610~0xc61f      ................
0x00,0x00,0x00,0x00,0x00,0x00,0x00,0x00,0x00,0x00,0x00,0x00,0x00,0x00,0x00,0x00,  //0xc620~0xc62f      ................
0x00,0x00,0x00,0x00,0x00,0x00,0x00,0x00,0x00,0x00,0x00,0x00,0x00,0x00,0x00,0x00,  //0xc630~0xc63f      ................
0x00,0x00,0x00,0x00,0x00,0x00,0x00,0x00,0x00,0x00,0x00,0x00,0x00,0x00,0x00,0x00,  //0xc640~0xc64f      ................
0x00,0x00,0x00,0x00,0x00,0x00,0x00,0x00,0x00,0x00,0x00,0x00,0x00,0x00,0x00,0x00,  //0xc650~0xc65f      ................
0x00,0x00,0x00,0x00,0x00,0x00,0x00,0x00,0x00,0x00,0x00,0x00,0x00,0x00,0x00,0x00,  //0xc660~0xc66f      ................
0x00,0x00,0x00,0x00,0x00,0x00,0x00,0x00,0x00,0x00,0x00,0x00,0x00,0x00,0x00,0x00,  //0xc670~0xc67f      ................
0x00,0x00,0x00,0x00,0x00,0x00,0x00,0x00,0x00,0x00,0x00,0x00,0x00,0x00,0x00,0x00,  //0xc680~0xc68f      ................
0x00,0x00,0x00,0x00,0x00,0x00,0x00,0x00,0x00,0x00,0x00,0x00,0x00,0x00,0x00,0x00,  //0xc690~0xc69f      ................
0x00,0x00,0x00,0x00,0x00,0x00,0x00,0x00,0x00,0x00,0x00,0x00,0x00,0x00,0x00,0x00,  //0xc6a0~0xc6af      ................
0x00,0x00,0x00,0x00,0x00,0x00,0x00,0x00,0x00,0x00,0x00,0x00,0x00,0x00,0x00,0x00,  //0xc6b0~0xc6bf      ................
0x00,0x00,0x00,0x00,0x00,0x00,0x00,0x00,0x00,0x00,0x00,0x00,0x00,0x00,0x00,0x00,  //0xc6c0~0xc6cf      ................
0x00,0x00,0x00,0x00,0x00,0x00,0x00,0x00,0x00,0x00,0x00,0x00,0x00,0x00,0x00,0x00,  //0xc6d0~0xc6df      ................
0x00,0x00,0x00,0x00,0x00,0x00,0x00,0x00,0x00,0x00,0x00,0x00,0x00,0x00,0x00,0x00,  //0xc6e0~0xc6ef      ................
0x00,0x00,0x00,0x00,0x00,0x00,0x00,0x00,0x00,0x00,0x00,0x00,0x00,0x00,0x00,0x00,  //0xc6f0~0xc6ff      ................
0x00,0x00,0x00,0x00,0x00,0x00,0x00,0x00,0x00,0x00,0x00,0x00,0x00,0x00,0x00,0x00,  //0xc700~0xc70f      ................
0x00,0x00,0x00,0x00,0x00,0x00,0x00,0x00,0x00,0x00,0x00,0x00,0x00,0x00,0x00,0x00,  //0xc710~0xc71f      ................
0x00,0x00,0x00,0x00,0x00,0x00,0x00,0x00,0x00,0x00,0x00,0x00,0x00,0x00,0x00,0x00,  //0xc720~0xc72f      ................
0x00,0x00,0x00,0x00,0x00,0x00,0x00,0x00,0x00,0x00,0x00,0x00,0x00,0x00,0x00,0x00,  //0xc730~0xc73f      ................
0x00,0x00,0x00,0x00,0x00,0x00,0x00,0x00,0x00,0x00,0x00,0x00,0x00,0x00,0x00,0x00,  //0xc740~0xc74f      ................
0x00,0x00,0x00,0x00,0x00,0x00,0x00,0x00,0x00,0x00,0x00,0x00,0x00,0x00,0x00,0x00,  //0xc750~0xc75f      ................
0x00,0x00,0x00,0x00,0x00,0x00,0x00,0x00,0x00,0x00,0x00,0x00,0x00,0x00,0x00,0x00,  //0xc760~0xc76f      ................
0x00,0x00,0x00,0x00,0x00,0x00,0x00,0x00,0x00,0x00,0x00,0x00,0x00,0x00,0x00,0x00,  //0xc770~0xc77f      ................
0x00,0x00,0x00,0x00,0x00,0x00,0x00,0x00,0x00,0x00,0x00,0x00,0x00,0x00,0x00,0x00,  //0xc780~0xc78f      ................
0x00,0x00,0x00,0x00,0x00,0x00,0x00,0x00,0x00,0x00,0x00,0x00,0x00,0x00,0x00,0x00,  //0xc790~0xc79f      ................
0x00,0x00,0x00,0x00,0x00,0x00,0x00,0x00,0x00,0x00,0x00,0x00,0x00,0x00,0x00,0x00,  //0xc7a0~0xc7af      ................
0x00,0x00,0x00,0x00,0x00,0x00,0x00,0x00,0x00,0x00,0x00,0x00,0x00,0x00,0x00,0x00,  //0xc7b0~0xc7bf      ................
0x00,0x00,0x00,0x00,0x00,0x00,0x00,0x00,0x00,0x00,0x00,0x00,0x00,0x00,0x00,0x00,  //0xc7c0~0xc7cf      ................
0x00,0x00,0x00,0x00,0x00,0x00,0x00,0x00,0x00,0x00,0x00,0x00,0x00,0x00,0x00,0x00,  //0xc7d0~0xc7df      ................
0x00,0x00,0x00,0x00,0x00,0x00,0x00,0x00,0x00,0x00,0x00,0x00,0x00,0x00,0x00,0x00,  //0xc7e0~0xc7ef      ................
0x00,0x00,0x00,0x00,0x00,0x00,0x00,0x00,0x00,0x00,0x00,0x00,0x00,0x00,0x00,0x00,  //0xc7f0~0xc7ff      ................
0x00,0x00,0x00,0x00,0x00,0x00,0x00,0x00,0x00,0x00,0x00,0x00,0x00,0x00,0x00,0x00,  //0xc800~0xc80f      ................
0x00,0x00,0x00,0x00,0x00,0x00,0x00,0x00,0x00,0x00,0x00,0x00,0x00,0x00,0x00,0x00,  //0xc810~0xc81f      ................
0x00,0x00,0x00,0x00,0x00,0x00,0x00,0x00,0x00,0x00,0x00,0x00,0x00,0x00,0x00,0x00,  //0xc820~0xc82f      ................
0x00,0x00,0x00,0x00,0x00,0x00,0x00,0x00,0x00,0x00,0x00,0x00,0x00,0x00,0x00,0x00,  //0xc830~0xc83f      ................
0x00,0x00,0x00,0x00,0x00,0x00,0x00,0x00,0x00,0x00,0x00,0x00,0x00,0x00,0x00,0x00,  //0xc840~0xc84f      ................
0x00,0x00,0x00,0x00,0x00,0x00,0x00,0x00,0x00,0x00,0x00,0x00,0x00,0x00,0x00,0x00,  //0xc850~0xc85f      ................
0x00,0x00,0x00,0x00,0x00,0x00,0x00,0x00,0x00,0x00,0x00,0x00,0x00,0x00,0x00,0x00,  //0xc860~0xc86f      ................
0x00,0x00,0x00,0x00,0x00,0x00,0x00,0x00,0x00,0x00,0x00,0x00,0x00,0x00,0x00,0x00,  //0xc870~0xc87f      ................
0x00,0x00,0x00,0x00,0x00,0x00,0x00,0x00,0x00,0x00,0x00,0x00,0x00,0x00,0x00,0x00,  //0xc880~0xc88f      ................
0x00,0x00,0x00,0x00,0x00,0x00,0x00,0x00,0x00,0x00,0x00,0x00,0x00,0x00,0x00,0x00,  //0xc890~0xc89f      ................
0x00,0x00,0x00,0x00,0x00,0x00,0x00,0x00,0x00,0x00,0x00,0x00,0x00,0x00,0x00,0x00,  //0xc8a0~0xc8af      ................
0x00,0x00,0x00,0x00,0x00,0x00,0x00,0x00,0x00,0x00,0x00,0x00,0x00,0x00,0x00,0x00,  //0xc8b0~0xc8bf      ................
0x00,0x00,0x00,0x00,0x00,0x00,0x00,0x00,0x00,0x00,0x00,0x00,0x00,0x00,0x00,0x00,  //0xc8c0~0xc8cf      ................
0x00,0x00,0x00,0x00,0x00,0x00,0x00,0x00,0x00,0x00,0x00,0x00,0x00,0x00,0x00,0x00,  //0xc8d0~0xc8df      ................
0x00,0x00,0x00,0x00,0x00,0x00,0x00,0x00,0x00,0x00,0x00,0x00,0x00,0x00,0x00,0x00,  //0xc8e0~0xc8ef      ................
0x00,0x00,0x00,0x00,0x00,0x00,0x00,0x00,0x00,0x00,0x00,0x00,0x00,0x00,0x00,0x00,  //0xc8f0~0xc8ff      ................
0x00,0x00,0x00,0x00,0x00,0x00,0x00,0x00,0x00,0x00,0x00,0x00,0x00,0x00,0x00,0x00,  //0xc900~0xc90f      ................
0x00,0x00,0x00,0x00,0x00,0x00,0x00,0x00,0x00,0x00,0x00,0x00,0x00,0x00,0x00,0x00,  //0xc910~0xc91f      ................
0x00,0x00,0x00,0x00,0x00,0x00,0x00,0x00,0x00,0x00,0x00,0x00,0x00,0x00,0x00,0x00,  //0xc920~0xc92f      ................
0x00,0x00,0x00,0x00,0x00,0x00,0x00,0x00,0x00,0x00,0x00,0x00,0x00,0x00,0x00,0x00,  //0xc930~0xc93f      ................
0x00,0x00,0x00,0x00,0x00,0x00,0x00,0x00,0x00,0x00,0x00,0x00,0x00,0x00,0x00,0x00,  //0xc940~0xc94f      ................
0x00,0x00,0x00,0x00,0x00,0x00,0x00,0x00,0x00,0x00,0x00,0x00,0x00,0x00,0x00,0x00,  //0xc950~0xc95f      ................
0x00,0x00,0x00,0x00,0x00,0x00,0x00,0x00,0x00,0x00,0x00,0x00,0x00,0x00,0x00,0x00,  //0xc960~0xc96f      ................
0x00,0x00,0x00,0x00,0x00,0x00,0x00,0x00,0x00,0x00,0x00,0x00,0x00,0x00,0x00,0x00,  //0xc970~0xc97f      ................
0x00,0x00,0x00,0x00,0x00,0x00,0x00,0x00,0x00,0x00,0x00,0x00,0x00,0x00,0x00,0x00,  //0xc980~0xc98f      ................
0x00,0x00,0x00,0x00,0x00,0x00,0x00,0x00,0x00,0x00,0x00,0x00,0x00,0x00,0x00,0x00,  //0xc990~0xc99f      ................
0x00,0x00,0x00,0x00,0x00,0x00,0x00,0x00,0x00,0x00,0x00,0x00,0x00,0x00,0x00,0x00,  //0xc9a0~0xc9af      ................
0x00,0x00,0x00,0x00,0x00,0x00,0x00,0x00,0x00,0x00,0x00,0x00,0x00,0x00,0x00,0x00,  //0xc9b0~0xc9bf      ................
0x00,0x00,0x00,0x00,0x00,0x00,0x00,0x00,0x00,0x00,0x00,0x00,0x00,0x00,0x00,0x00,  //0xc9c0~0xc9cf      ................
0x00,0x00,0x00,0x00,0x00,0x00,0x00,0x00,0x00,0x00,0x00,0x00,0x00,0x00,0x00,0x00,  //0xc9d0~0xc9df      ................
0x00,0x00,0x00,0x00,0x00,0x00,0x00,0x00,0x00,0x00,0x00,0x00,0x00,0x00,0x00,0x00,  //0xc9e0~0xc9ef      ................
0x00,0x00,0x00,0x00,0x00,0x00,0x00,0x00,0x00,0x00,0x00,0x00,0x00,0x00,0x00,0x00,  //0xc9f0~0xc9ff      ................
0x00,0x00,0x00,0x00,0x00,0x00,0x00,0x00,0x00,0x00,0x00,0x00,0x00,0x00,0x00,0x00,  //0xca00~0xca0f      ................
0x00,0x00,0x00,0x00,0x00,0x00,0x00,0x00,0x00,0x00,0x00,0x00,0x00,0x00,0x00,0x00,  //0xca10~0xca1f      ................
0x00,0x00,0x00,0x00,0x00,0x00,0x00,0x00,0x00,0x00,0x00,0x00,0x00,0x00,0x00,0x00,  //0xca20~0xca2f      ................
0x00,0x00,0x00,0x00,0x00,0x00,0x00,0x00,0x00,0x00,0x00,0x00,0x00,0x00,0x00,0x00,  //0xca30~0xca3f      ................
0x00,0x00,0x00,0x00,0x00,0x00,0x00,0x00,0x00,0x00,0x00,0x00,0x00,0x00,0x00,0x00,  //0xca40~0xca4f      ................
0x00,0x00,0x00,0x00,0x00,0x00,0x00,0x00,0x00,0x00,0x00,0x00,0x00,0x00,0x00,0x00,  //0xca50~0xca5f      ................
0x00,0x00,0x00,0x00,0x00,0x00,0x00,0x00,0x00,0x00,0x00,0x00,0x00,0x00,0x00,0x00,  //0xca60~0xca6f      ................
0x00,0x00,0x00,0x00,0x00,0x00,0x00,0x00,0x00,0x00,0x00,0x00,0x00,0x00,0x00,0x00,  //0xca70~0xca7f      ................
0x00,0x00,0x00,0x00,0x00,0x00,0x00,0x00,0x00,0x00,0x00,0x00,0x00,0x00,0x00,0x00,  //0xca80~0xca8f      ................
0x00,0x00,0x00,0x00,0x00,0x00,0x00,0x00,0x00,0x00,0x00,0x00,0x00,0x00,0x00,0x00,  //0xca90~0xca9f      ................
0x00,0x00,0x00,0x00,0x00,0x00,0x00,0x00,0x00,0x00,0x00,0x00,0x00,0x00,0x00,0x00,  //0xcaa0~0xcaaf      ................
0x00,0x00,0x00,0x00,0x00,0x00,0x00,0x00,0x00,0x00,0x00,0x00,0x00,0x00,0x00,0x00,  //0xcab0~0xcabf      ................
0x00,0x00,0x00,0x00,0x00,0x00,0x00,0x00,0x00,0x00,0x00,0x00,0x00,0x00,0x00,0x00,  //0xcac0~0xcacf      ................
0x00,0x00,0x00,0x00,0x00,0x00,0x00,0x00,0x00,0x00,0x00,0x00,0x00,0x00,0x00,0x00,  //0xcad0~0xcadf      ................
0x00,0x00,0x00,0x00,0x00,0x00,0x00,0x00,0x00,0x00,0x00,0x00,0x00,0x00,0x00,0x00,  //0xcae0~0xcaef      ................
0x00,0x00,0x00,0x00,0x00,0x00,0x00,0x00,0x00,0x00,0x00,0x00,0x00,0x00,0x00,0x00,  //0xcaf0~0xcaff      ................
0x00,0x00,0x00,0x00,0x00,0x00,0x00,0x00,0x00,0x00,0x00,0x00,0x00,0x00,0x00,0x00,  //0xcb00~0xcb0f      ................
0x00,0x00,0x00,0x00,0x00,0x00,0x00,0x00,0x00,0x00,0x00,0x00,0x00,0x00,0x00,0x00,  //0xcb10~0xcb1f      ................
0x00,0x00,0x00,0x00,0x00,0x00,0x00,0x00,0x00,0x00,0x00,0x00,0x00,0x00,0x00,0x00,  //0xcb20~0xcb2f      ................
0x00,0x00,0x00,0x00,0x00,0x00,0x00,0x00,0x00,0x00,0x00,0x00,0x00,0x00,0x00,0x00,  //0xcb30~0xcb3f      ................
0x00,0x00,0x00,0x00,0x00,0x00,0x00,0x00,0x00,0x00,0x00,0x00,0x00,0x00,0x00,0x00,  //0xcb40~0xcb4f      ................
0x00,0x00,0x00,0x00,0x00,0x00,0x00,0x00,0x00,0x00,0x00,0x00,0x00,0x00,0x00,0x00,  //0xcb50~0xcb5f      ................
0x00,0x00,0x00,0x00,0x00,0x00,0x00,0x00,0x00,0x00,0x00,0x00,0x00,0x00,0x00,0x00,  //0xcb60~0xcb6f      ................
0x00,0x00,0x00,0x00,0x00,0x00,0x00,0x00,0x00,0x00,0x00,0x00,0x00,0x00,0x00,0x00,  //0xcb70~0xcb7f      ................
0x00,0x00,0x00,0x00,0x00,0x00,0x00,0x00,0x00,0x00,0x00,0x00,0x00,0x00,0x00,0x00,  //0xcb80~0xcb8f      ................
0x00,0x00,0x00,0x00,0x00,0x00,0x00,0x00,0x00,0x00,0x00,0x00,0x00,0x00,0x00,0x00,  //0xcb90~0xcb9f      ................
0x00,0x00,0x00,0x00,0x00,0x00,0x00,0x00,0x00,0x00,0x00,0x00,0x00,0x00,0x00,0x00,  //0xcba0~0xcbaf      ................
0x00,0x00,0x00,0x00,0x00,0x00,0x00,0x00,0x00,0x00,0x00,0x00,0x00,0x00,0x00,0x00,  //0xcbb0~0xcbbf      ................
0x00,0x00,0x00,0x00,0x00,0x00,0x00,0x00,0x00,0x00,0x00,0x00,0x00,0x00,0x00,0x00,  //0xcbc0~0xcbcf      ................
0x00,0x00,0x00,0x00,0x00,0x00,0x00,0x00,0x00,0x00,0x00,0x00,0x00,0x00,0x00,0x00,  //0xcbd0~0xcbdf      ................
0x00,0x00,0x00,0x00,0x00,0x00,0x00,0x00,0x00,0x00,0x00,0x00,0x00,0x00,0x00,0x00,  //0xcbe0~0xcbef      ................
0x00,0x00,0x00,0x00,0x00,0x00,0x00,0x00,0x00,0x00,0x00,0x00,0x00,0x00,0x00,0x00,  //0xcbf0~0xcbff      ................
0x00,0x00,0x00,0x00,0x00,0x00,0x00,0x00,0x00,0x00,0x00,0x00,0x00,0x00,0x00,0x00,  //0xcc00~0xcc0f      ................
0x00,0x00,0x00,0x00,0x00,0x00,0x00,0x00,0x00,0x00,0x00,0x00,0x00,0x00,0x00,0x00,  //0xcc10~0xcc1f      ................
0x00,0x00,0x00,0x00,0x00,0x00,0x00,0x00,0x00,0x00,0x00,0x00,0x00,0x00,0x00,0x00,  //0xcc20~0xcc2f      ................
0x00,0x00,0x00,0x00,0x00,0x00,0x00,0x00,0x00,0x00,0x00,0x00,0x00,0x00,0x00,0x00,  //0xcc30~0xcc3f      ................
0x00,0x00,0x00,0x00,0x00,0x00,0x00,0x00,0x00,0x00,0x00,0x00,0x00,0x00,0x00,0x00,  //0xcc40~0xcc4f      ................
0x00,0x00,0x00,0x00,0x00,0x00,0x00,0x00,0x00,0x00,0x00,0x00,0x00,0x00,0x00,0x00,  //0xcc50~0xcc5f      ................
0x00,0x00,0x00,0x00,0x00,0x00,0x00,0x00,0x00,0x00,0x00,0x00,0x00,0x00,0x00,0x00,  //0xcc60~0xcc6f      ................
0x00,0x00,0x00,0x00,0x00,0x00,0x00,0x00,0x00,0x00,0x00,0x00,0x00,0x00,0x00,0x00,  //0xcc70~0xcc7f      ................
0x00,0x00,0x00,0x00,0x00,0x00,0x00,0x00,0x00,0x00,0x00,0x00,0x00,0x00,0x00,0x00,  //0xcc80~0xcc8f      ................
0x00,0x00,0x00,0x00,0x00,0x00,0x00,0x00,0x00,0x00,0x00,0x00,0x00,0x00,0x00,0x00,  //0xcc90~0xcc9f      ................
0x00,0x00,0x00,0x00,0x00,0x00,0x00,0x00,0x00,0x00,0x00,0x00,0x00,0x00,0x00,0x00,  //0xcca0~0xccaf      ................
0x00,0x00,0x00,0x00,0x00,0x00,0x00,0x00,0x00,0x00,0x00,0x00,0x00,0x00,0x00,0x00,  //0xccb0~0xccbf      ................
0x00,0x00,0x00,0x00,0x00,0x00,0x00,0x00,0x00,0x00,0x00,0x00,0x00,0x00,0x00,0x00,  //0xccc0~0xcccf      ................
0x00,0x00,0x00,0x00,0x00,0x00,0x00,0x00,0x00,0x00,0x00,0x00,0x00,0x00,0x00,0x00,  //0xccd0~0xccdf      ................
0x00,0x00,0x00,0x00,0x00,0x00,0x00,0x00,0x00,0x00,0x00,0x00,0x00,0x00,0x00,0x00,  //0xcce0~0xccef      ................
0x00,0x00,0x00,0x00,0x00,0x00,0x00,0x00,0x00,0x00,0x00,0x00,0x00,0x00,0x00,0x00,  //0xccf0~0xccff      ................
0x00,0x00,0x00,0x00,0x00,0x00,0x00,0x00,0x00,0x00,0x00,0x00,0x00,0x00,0x00,0x00,  //0xcd00~0xcd0f      ................
0x00,0x00,0x00,0x00,0x00,0x00,0x00,0x00,0x00,0x00,0x00,0x00,0x00,0x00,0x00,0x00,  //0xcd10~0xcd1f      ................
0x00,0x00,0x00,0x00,0x00,0x00,0x00,0x00,0x00,0x00,0x00,0x00,0x00,0x00,0x00,0x00,  //0xcd20~0xcd2f      ................
0x00,0x00,0x00,0x00,0x00,0x00,0x00,0x00,0x00,0x00,0x00,0x00,0x00,0x00,0x00,0x00,  //0xcd30~0xcd3f      ................
0x00,0x00,0x00,0x00,0x00,0x00,0x00,0x00,0x00,0x00,0x00,0x00,0x00,0x00,0x00,0x00,  //0xcd40~0xcd4f      ................
0x00,0x00,0x00,0x00,0x00,0x00,0x00,0x00,0x00,0x00,0x00,0x00,0x00,0x00,0x00,0x00,  //0xcd50~0xcd5f      ................
0x00,0x00,0x00,0x00,0x00,0x00,0x00,0x00,0x00,0x00,0x00,0x00,0x00,0x00,0x00,0x00,  //0xcd60~0xcd6f      ................
0x00,0x00,0x00,0x00,0x00,0x00,0x00,0x00,0x00,0x00,0x00,0x00,0x00,0x00,0x00,0x00,  //0xcd70~0xcd7f      ................
0x00,0x00,0x00,0x00,0x00,0x00,0x00,0x00,0x00,0x00,0x00,0x00,0x00,0x00,0x00,0x00,  //0xcd80~0xcd8f      ................
0x00,0x00,0x00,0x00,0x00,0x00,0x00,0x00,0x00,0x00,0x00,0x00,0x00,0x00,0x00,0x00,  //0xcd90~0xcd9f      ................
0x00,0x00,0x00,0x00,0x00,0x00,0x00,0x00,0x00,0x00,0x00,0x00,0x00,0x00,0x00,0x00,  //0xcda0~0xcdaf      ................
0x00,0x00,0x00,0x00,0x00,0x00,0x00,0x00,0x00,0x00,0x00,0x00,0x00,0x00,0x00,0x00,  //0xcdb0~0xcdbf      ................
0x00,0x00,0x00,0x00,0x00,0x00,0x00,0x00,0x00,0x00,0x00,0x00,0x00,0x00,0x00,0x00,  //0xcdc0~0xcdcf      ................
0x00,0x00,0x00,0x00,0x00,0x00,0x00,0x00,0x00,0x00,0x00,0x00,0x00,0x00,0x00,0x00,  //0xcdd0~0xcddf      ................
0x00,0x00,0x00,0x00,0x00,0x00,0x00,0x00,0x00,0x00,0x00,0x00,0x00,0x00,0x00,0x00,  //0xcde0~0xcdef      ................
0x00,0x00,0x00,0x00,0x00,0x00,0x00,0x00,0x00,0x00,0x00,0x00,0x00,0x00,0x00,0x00,  //0xcdf0~0xcdff      ................
0x00,0x00,0x00,0x00,0x00,0x00,0x00,0x00,0x00,0x00,0x00,0x00,0x00,0x00,0x00,0x00,  //0xce00~0xce0f      ................
0x00,0x00,0x00,0x00,0x00,0x00,0x00,0x00,0x00,0x00,0x00,0x00,0x00,0x00,0x00,0x00,  //0xce10~0xce1f      ................
0x00,0x00,0x00,0x00,0x00,0x00,0x00,0x00,0x00,0x00,0x00,0x00,0x00,0x00,0x00,0x00,  //0xce20~0xce2f      ................
0x00,0x00,0x00,0x00,0x00,0x00,0x00,0x00,0x00,0x00,0x00,0x00,0x00,0x00,0x00,0x00,  //0xce30~0xce3f      ................
0x00,0x00,0x00,0x00,0x00,0x00,0x00,0x00,0x00,0x00,0x00,0x00,0x00,0x00,0x00,0x00,  //0xce40~0xce4f      ................
0x00,0x00,0x00,0x00,0x00,0x00,0x00,0x00,0x00,0x00,0x00,0x00,0x00,0x00,0x00,0x00,  //0xce50~0xce5f      ................
0x00,0x00,0x00,0x00,0x00,0x00,0x00,0x00,0x00,0x00,0x00,0x00,0x00,0x00,0x00,0x00,  //0xce60~0xce6f      ................
0x00,0x00,0x00,0x00,0x00,0x00,0x00,0x00,0x00,0x00,0x00,0x00,0x00,0x00,0x00,0x00,  //0xce70~0xce7f      ................
0x00,0x00,0x00,0x00,0x00,0x00,0x00,0x00,0x00,0x00,0x00,0x00,0x00,0x00,0x00,0x00,  //0xce80~0xce8f      ................
0x00,0x00,0x00,0x00,0x00,0x00,0x00,0x00,0x00,0x00,0x00,0x00,0x00,0x00,0x00,0x00,  //0xce90~0xce9f      ................
0x00,0x00,0x00,0x00,0x00,0x00,0x00,0x00,0x00,0x00,0x00,0x00,0x00,0x00,0x00,0x00,  //0xcea0~0xceaf      ................
0x00,0x00,0x00,0x00,0x00,0x00,0x00,0x00,0x00,0x00,0x00,0x00,0x00,0x00,0x00,0x00,  //0xceb0~0xcebf      ................
0x00,0x00,0x00,0x00,0x00,0x00,0x00,0x00,0x00,0x00,0x00,0x00,0x00,0x00,0x00,0x00,  //0xcec0~0xcecf      ................
0x00,0x00,0x00,0x00,0x00,0x00,0x00,0x00,0x00,0x00,0x00,0x00,0x00,0x00,0x00,0x00,  //0xced0~0xcedf      ................
0x00,0x00,0x00,0x00,0x00,0x00,0x00,0x00,0x00,0x00,0x00,0x00,0x00,0x00,0x00,0x00,  //0xcee0~0xceef      ................
0x00,0x00,0x00,0x00,0x00,0x00,0x00,0x00,0x00,0x00,0x00,0x00,0x00,0x00,0x00,0x00,  //0xcef0~0xceff      ................
0x00,0x00,0x00,0x00,0x00,0x00,0x00,0x00,0x00,0x00,0x00,0x00,0x00,0x00,0x00,0x00,  //0xcf00~0xcf0f      ................
0x00,0x00,0x00,0x00,0x00,0x00,0x00,0x00,0x00,0x00,0x00,0x00,0x00,0x00,0x00,0x00,  //0xcf10~0xcf1f      ................
0x00,0x00,0x00,0x00,0x00,0x00,0x00,0x00,0x00,0x00,0x00,0x00,0x00,0x00,0x00,0x00,  //0xcf20~0xcf2f      ................
0x00,0x00,0x00,0x00,0x00,0x00,0x00,0x00,0x00,0x00,0x00,0x00,0x00,0x00,0x00,0x00,  //0xcf30~0xcf3f      ................
0x00,0x00,0x00,0x00,0x00,0x00,0x00,0x00,0x00,0x00,0x00,0x00,0x00,0x00,0x00,0x00,  //0xcf40~0xcf4f      ................
0x00,0x00,0x00,0x00,0x00,0x00,0x00,0x00,0x00,0x00,0x00,0x00,0x00,0x00,0x00,0x00,  //0xcf50~0xcf5f      ................
0x00,0x00,0x00,0x00,0x00,0x00,0x00,0x00,0x00,0x00,0x00,0x00,0x00,0x00,0x00,0x00,  //0xcf60~0xcf6f      ................
0x00,0x00,0x00,0x00,0x00,0x00,0x00,0x00,0x00,0x00,0x00,0x00,0x00,0x00,0x00,0x00,  //0xcf70~0xcf7f      ................
0x00,0x00,0x00,0x00,0x00,0x00,0x00,0x00,0x00,0x00,0x00,0x00,0x00,0x00,0x00,0x00,  //0xcf80~0xcf8f      ................
0x00,0x00,0x00,0x00,0x00,0x00,0x00,0x00,0x00,0x00,0x00,0x00,0x00,0x00,0x00,0x00,  //0xcf90~0xcf9f      ................
0x00,0x00,0x00,0x00,0x00,0x00,0x00,0x00,0x00,0x00,0x00,0x00,0x00,0x00,0x00,0x00,  //0xcfa0~0xcfaf      ................
0x00,0x00,0x00,0x00,0x00,0x00,0x00,0x00,0x00,0x00,0x00,0x00,0x00,0x00,0x00,0x00,  //0xcfb0~0xcfbf      ................
0x00,0x00,0x00,0x00,0x00,0x00,0x00,0x00,0x00,0x00,0x00,0x00,0x00,0x00,0x00,0x00,  //0xcfc0~0xcfcf      ................
0x00,0x00,0x00,0x00,0x00,0x00,0x00,0x00,0x00,0x00,0x00,0x00,0x00,0x00,0x00,0x00,  //0xcfd0~0xcfdf      ................
0x00,0x00,0x00,0x00,0x00,0x00,0x00,0x00,0x00,0x00,0x00,0x00,0x00,0x00,0x00,0x00,  //0xcfe0~0xcfef      ................
0x00,0x00,0x00,0x00,0x00,0x00,0x00,0x00,0x00,0x00,0x00,0x00,0x00,0x00,0x00,0x00,  //0xcff0~0xcfff      ................
0x00,0x00,0x00,0x00,0x00,0x00,0x00,0x00,0x00,0x00,0x00,0x00,0x00,0x00,0x00,0x00,  //0xd000~0xd00f      ................
0x00,0x00,0x00,0x00,0x00,0x00,0x00,0x00,0x00,0x00,0x00,0x00,0x00,0x00,0x00,0x00,  //0xd010~0xd01f      ................
0x00,0x00,0x00,0x00,0x00,0x00,0x00,0x00,0x00,0x00,0x00,0x00,0x00,0x00,0x00,0x00,  //0xd020~0xd02f      ................
0x00,0x00,0x00,0x00,0x00,0x00,0x00,0x00,0x00,0x00,0x00,0x00,0x00,0x00,0x00,0x00,  //0xd030~0xd03f      ................
0x00,0x00,0x00,0x00,0x00,0x00,0x00,0x00,0x00,0x00,0x00,0x00,0x00,0x00,0x00,0x00,  //0xd040~0xd04f      ................
0x00,0x00,0x00,0x00,0x00,0x00,0x00,0x00,0x00,0x00,0x00,0x00,0x00,0x00,0x00,0x00,  //0xd050~0xd05f      ................
0x00,0x00,0x00,0x00,0x00,0x00,0x00,0x00,0x00,0x00,0x00,0x00,0x00,0x00,0x00,0x00,  //0xd060~0xd06f      ................
0x00,0x00,0x00,0x00,0x00,0x00,0x00,0x00,0x00,0x00,0x00,0x00,0x00,0x00,0x00,0x00,  //0xd070~0xd07f      ................
0x00,0x00,0x00,0x00,0x00,0x00,0x00,0x00,0x00,0x00,0x00,0x00,0x00,0x00,0x00,0x00,  //0xd080~0xd08f      ................
0x00,0x00,0x00,0x00,0x00,0x00,0x00,0x00,0x00,0x00,0x00,0x00,0x00,0x00,0x00,0x00,  //0xd090~0xd09f      ................
0x00,0x00,0x00,0x00,0x00,0x00,0x00,0x00,0x00,0x00,0x00,0x00,0x00,0x00,0x00,0x00,  //0xd0a0~0xd0af      ................
0x00,0x00,0x00,0x00,0x00,0x00,0x00,0x00,0x00,0x00,0x00,0x00,0x00,0x00,0x00,0x00,  //0xd0b0~0xd0bf      ................
0x00,0x00,0x00,0x00,0x00,0x00,0x00,0x00,0x00,0x00,0x00,0x00,0x00,0x00,0x00,0x00,  //0xd0c0~0xd0cf      ................
0x00,0x00,0x00,0x00,0x00,0x00,0x00,0x00,0x00,0x00,0x00,0x00,0x00,0x00,0x00,0x00,  //0xd0d0~0xd0df      ................
0x00,0x00,0x00,0x00,0x00,0x00,0x00,0x00,0x00,0x00,0x00,0x00,0x00,0x00,0x00,0x00,  //0xd0e0~0xd0ef      ................
0x00,0x00,0x00,0x00,0x00,0x00,0x00,0x00,0x00,0x00,0x00,0x00,0x00,0x00,0x00,0x00,  //0xd0f0~0xd0ff      ................
0x00,0x00,0x00,0x00,0x00,0x00,0x00,0x00,0x00,0x00,0x00,0x00,0x00,0x00,0x00,0x00,  //0xd100~0xd10f      ................
0x00,0x00,0x00,0x00,0x00,0x00,0x00,0x00,0x00,0x00,0x00,0x00,0x00,0x00,0x00,0x00,  //0xd110~0xd11f      ................
0x00,0x00,0x00,0x00,0x00,0x00,0x00,0x00,0x00,0x00,0x00,0x00,0x00,0x00,0x00,0x00,  //0xd120~0xd12f      ................
0x00,0x00,0x00,0x00,0x00,0x00,0x00,0x00,0x00,0x00,0x00,0x00,0x00,0x00,0x00,0x00,  //0xd130~0xd13f      ................
0x00,0x00,0x00,0x00,0x00,0x00,0x00,0x00,0x00,0x00,0x00,0x00,0x00,0x00,0x00,0x00,  //0xd140~0xd14f      ................
0x00,0x00,0x00,0x00,0x00,0x00,0x00,0x00,0x00,0x00,0x00,0x00,0x00,0x00,0x00,0x00,  //0xd150~0xd15f      ................
0x00,0x00,0x00,0x00,0x00,0x00,0x00,0x00,0x00,0x00,0x00,0x00,0x00,0x00,0x00,0x00,  //0xd160~0xd16f      ................
0x00,0x00,0x00,0x00,0x00,0x00,0x00,0x00,0x00,0x00,0x00,0x00,0x00,0x00,0x00,0x00,  //0xd170~0xd17f      ................
0x00,0x00,0x00,0x00,0x00,0x00,0x00,0x00,0x00,0x00,0x00,0x00,0x00,0x00,0x00,0x00,  //0xd180~0xd18f      ................
0x00,0x00,0x00,0x00,0x00,0x00,0x00,0x00,0x00,0x00,0x00,0x00,0x00,0x00,0x00,0x00,  //0xd190~0xd19f      ................
0x00,0x00,0x00,0x00,0x00,0x00,0x00,0x00,0x00,0x00,0x00,0x00,0x00,0x00,0x00,0x00,  //0xd1a0~0xd1af      ................
0x00,0x00,0x00,0x00,0x00,0x00,0x00,0x00,0x00,0x00,0x00,0x00,0x00,0x00,0x00,0x00,  //0xd1b0~0xd1bf      ................
0x00,0x00,0x00,0x00,0x00,0x00,0x00,0x00,0x00,0x00,0x00,0x00,0x00,0x00,0x00,0x00,  //0xd1c0~0xd1cf      ................
0x00,0x00,0x00,0x00,0x00,0x00,0x00,0x00,0x00,0x00,0x00,0x00,0x00,0x00,0x00,0x00,  //0xd1d0~0xd1df      ................
0x00,0x00,0x00,0x00,0x00,0x00,0x00,0x00,0x00,0x00,0x00,0x00,0x00,0x00,0x00,0x00,  //0xd1e0~0xd1ef      ................
0x00,0x00,0x00,0x00,0x00,0x00,0x00,0x00,0x00,0x00,0x00,0x00,0x00,0x00,0x00,0x00,  //0xd1f0~0xd1ff      ................
0x00,0x00,0x00,0x00,0x00,0x00,0x00,0x00,0x00,0x00,0x00,0x00,0x00,0x00,0x00,0x00,  //0xd200~0xd20f      ................
0x00,0x00,0x00,0x00,0x00,0x00,0x00,0x00,0x00,0x00,0x00,0x00,0x00,0x00,0x00,0x00,  //0xd210~0xd21f      ................
0x00,0x00,0x00,0x00,0x00,0x00,0x00,0x00,0x00,0x00,0x00,0x00,0x00,0x00,0x00,0x00,  //0xd220~0xd22f      ................
0x00,0x00,0x00,0x00,0x00,0x00,0x00,0x00,0x00,0x00,0x00,0x00,0x00,0x00,0x00,0x00,  //0xd230~0xd23f      ................
0x00,0x00,0x00,0x00,0x00,0x00,0x00,0x00,0x00,0x00,0x00,0x00,0x00,0x00,0x00,0x00,  //0xd240~0xd24f      ................
0x00,0x00,0x00,0x00,0x00,0x00,0x00,0x00,0x00,0x00,0x00,0x00,0x00,0x00,0x00,0x00,  //0xd250~0xd25f      ................
0x00,0x00,0x00,0x00,0x00,0x00,0x00,0x00,0x00,0x00,0x00,0x00,0x00,0x00,0x00,0x00,  //0xd260~0xd26f      ................
0x00,0x00,0x00,0x00,0x00,0x00,0x00,0x00,0x00,0x00,0x00,0x00,0x00,0x00,0x00,0x00,  //0xd270~0xd27f      ................
0x00,0x00,0x00,0x00,0x00,0x00,0x00,0x00,0x00,0x00,0x00,0x00,0x00,0x00,0x00,0x00,  //0xd280~0xd28f      ................
0x00,0x00,0x00,0x00,0x00,0x00,0x00,0x00,0x00,0x00,0x00,0x00,0x00,0x00,0x00,0x00,  //0xd290~0xd29f      ................
0x00,0x00,0x00,0x00,0x00,0x00,0x00,0x00,0x00,0x00,0x00,0x00,0x00,0x00,0x00,0x00,  //0xd2a0~0xd2af      ................
0x00,0x00,0x00,0x00,0x00,0x00,0x00,0x00,0x00,0x00,0x00,0x00,0x00,0x00,0x00,0x00,  //0xd2b0~0xd2bf      ................
0x00,0x00,0x00,0x00,0x00,0x00,0x00,0x00,0x00,0x00,0x00,0x00,0x00,0x00,0x00,0x00,  //0xd2c0~0xd2cf      ................
0x00,0x00,0x00,0x00,0x00,0x00,0x00,0x00,0x00,0x00,0x00,0x00,0x00,0x00,0x00,0x00,  //0xd2d0~0xd2df      ................
0x00,0x00,0x00,0x00,0x00,0x00,0x00,0x00,0x00,0x00,0x00,0x00,0x00,0x00,0x00,0x00,  //0xd2e0~0xd2ef      ................
0x00,0x00,0x00,0x00,0x00,0x00,0x00,0x00,0x00,0x00,0x00,0x00,0x00,0x00,0x00,0x00,  //0xd2f0~0xd2ff      ................
0x00,0x00,0x00,0x00,0x00,0x00,0x00,0x00,0x00,0x00,0x00,0x00,0x00,0x00,0x00,0x00,  //0xd300~0xd30f      ................
0x00,0x00,0x00,0x00,0x00,0x00,0x00,0x00,0x00,0x00,0x00,0x00,0x00,0x00,0x00,0x00,  //0xd310~0xd31f      ................
0x00,0x00,0x00,0x00,0x00,0x00,0x00,0x00,0x00,0x00,0x00,0x00,0x00,0x00,0x00,0x00,  //0xd320~0xd32f      ................
0x00,0x00,0x00,0x00,0x00,0x00,0x00,0x00,0x00,0x00,0x00,0x00,0x00,0x00,0x00,0x00,  //0xd330~0xd33f      ................
0x00,0x00,0x00,0x00,0x00,0x00,0x00,0x00,0x00,0x00,0x00,0x00,0x00,0x00,0x00,0x00,  //0xd340~0xd34f      ................
0x00,0x00,0x00,0x00,0x00,0x00,0x00,0x00,0x00,0x00,0x00,0x00,0x00,0x00,0x00,0x00,  //0xd350~0xd35f      ................
0x00,0x00,0x00,0x00,0x00,0x00,0x00,0x00,0x00,0x00,0x00,0x00,0x00,0x00,0x00,0x00,  //0xd360~0xd36f      ................
0x00,0x00,0x00,0x00,0x00,0x00,0x00,0x00,0x00,0x00,0x00,0x00,0x00,0x00,0x00,0x00,  //0xd370~0xd37f      ................
0x00,0x00,0x00,0x00,0x00,0x00,0x00,0x00,0x00,0x00,0x00,0x00,0x00,0x00,0x00,0x00,  //0xd380~0xd38f      ................
0x00,0x00,0x00,0x00,0x00,0x00,0x00,0x00,0x00,0x00,0x00,0x00,0x00,0x00,0x00,0x00,  //0xd390~0xd39f      ................
0x00,0x00,0x00,0x00,0x00,0x00,0x00,0x00,0x00,0x00,0x00,0x00,0x00,0x00,0x00,0x00,  //0xd3a0~0xd3af      ................
0x00,0x00,0x00,0x00,0x00,0x00,0x00,0x00,0x00,0x00,0x00,0x00,0x00,0x00,0x00,0x00,  //0xd3b0~0xd3bf      ................
0x00,0x00,0x00,0x00,0x00,0x00,0x00,0x00,0x00,0x00,0x00,0x00,0x00,0x00,0x00,0x00,  //0xd3c0~0xd3cf      ................
0x00,0x00,0x00,0x00,0x00,0x00,0x00,0x00,0x00,0x00,0x00,0x00,0x00,0x00,0x00,0x00,  //0xd3d0~0xd3df      ................
0x00,0x00,0x00,0x00,0x00,0x00,0x00,0x00,0x00,0x00,0x00,0x00,0x00,0x00,0x00,0x00,  //0xd3e0~0xd3ef      ................
0x00,0x00,0x00,0x00,0x00,0x00,0x00,0x00,0x00,0x00,0x00,0x00,0x00,0x00,0x00,0x00,  //0xd3f0~0xd3ff      ................
0x00,0x00,0x00,0x00,0x00,0x00,0x00,0x00,0x00,0x00,0x00,0x00,0x00,0x00,0x00,0x00,  //0xd400~0xd40f      ................
0x00,0x00,0x00,0x00,0x00,0x00,0x00,0x00,0x00,0x00,0x00,0x00,0x00,0x00,0x00,0x00,  //0xd410~0xd41f      ................
0x00,0x00,0x00,0x00,0x00,0x00,0x00,0x00,0x00,0x00,0x00,0x00,0x00,0x00,0x00,0x00,  //0xd420~0xd42f      ................
0x00,0x00,0x00,0x00,0x00,0x00,0x00,0x00,0x00,0x00,0x00,0x00,0x00,0x00,0x00,0x00,  //0xd430~0xd43f      ................
0x00,0x00,0x00,0x00,0x00,0x00,0x00,0x00,0x00,0x00,0x00,0x00,0x00,0x00,0x00,0x00,  //0xd440~0xd44f      ................
0x00,0x00,0x00,0x00,0x00,0x00,0x00,0x00,0x00,0x00,0x00,0x00,0x00,0x00,0x00,0x00,  //0xd450~0xd45f      ................
0x00,0x00,0x00,0x00,0x00,0x00,0x00,0x00,0x00,0x00,0x00,0x00,0x00,0x00,0x00,0x00,  //0xd460~0xd46f      ................
0x00,0x00,0x00,0x00,0x00,0x00,0x00,0x00,0x00,0x00,0x00,0x00,0x00,0x00,0x00,0x00,  //0xd470~0xd47f      ................
0x00,0x00,0x00,0x00,0x00,0x00,0x00,0x00,0x00,0x00,0x00,0x00,0x00,0x00,0x00,0x00,  //0xd480~0xd48f      ................
0x00,0x00,0x00,0x00,0x00,0x00,0x00,0x00,0x00,0x00,0x00,0x00,0x00,0x00,0x00,0x00,  //0xd490~0xd49f      ................
0x00,0x00,0x00,0x00,0x00,0x00,0x00,0x00,0x00,0x00,0x00,0x00,0x00,0x00,0x00,0x00,  //0xd4a0~0xd4af      ................
0x00,0x00,0x00,0x00,0x00,0x00,0x00,0x00,0x00,0x00,0x00,0x00,0x00,0x00,0x00,0x00,  //0xd4b0~0xd4bf      ................
0x00,0x00,0x00,0x00,0x00,0x00,0x00,0x00,0x00,0x00,0x00,0x00,0x00,0x00,0x00,0x00,  //0xd4c0~0xd4cf      ................
0x00,0x00,0x00,0x00,0x00,0x00,0x00,0x00,0x00,0x00,0x00,0x00,0x00,0x00,0x00,0x00,  //0xd4d0~0xd4df      ................
0x00,0x00,0x00,0x00,0x00,0x00,0x00,0x00,0x00,0x00,0x00,0x00,0x00,0x00,0x00,0x00,  //0xd4e0~0xd4ef      ................
0x00,0x00,0x00,0x00,0x00,0x00,0x00,0x00,0x00,0x00,0x00,0x00,0x00,0x00,0x00,0x00,  //0xd4f0~0xd4ff      ................
0x00,0x00,0x00,0x00,0x00,0x00,0x00,0x00,0x00,0x00,0x00,0x00,0x00,0x00,0x00,0x00,  //0xd500~0xd50f      ................
0x00,0x00,0x00,0x00,0x00,0x00,0x00,0x00,0x00,0x00,0x00,0x00,0x00,0x00,0x00,0x00,  //0xd510~0xd51f      ................
0x00,0x00,0x00,0x00,0x00,0x00,0x00,0x00,0x00,0x00,0x00,0x00,0x00,0x00,0x00,0x00,  //0xd520~0xd52f      ................
0x00,0x00,0x00,0x00,0x00,0x00,0x00,0x00,0x00,0x00,0x00,0x00,0x00,0x00,0x00,0x00,  //0xd530~0xd53f      ................
0x00,0x00,0x00,0x00,0x00,0x00,0x00,0x00,0x00,0x00,0x00,0x00,0x00,0x00,0x00,0x00,  //0xd540~0xd54f      ................
0x00,0x00,0x00,0x00,0x00,0x00,0x00,0x00,0x00,0x00,0x00,0x00,0x00,0x00,0x00,0x00,  //0xd550~0xd55f      ................
0x00,0x00,0x00,0x00,0x00,0x00,0x00,0x00,0x00,0x00,0x00,0x00,0x00,0x00,0x00,0x00,  //0xd560~0xd56f      ................
0x00,0x00,0x00,0x00,0x00,0x00,0x00,0x00,0x00,0x00,0x00,0x00,0x00,0x00,0x00,0x00,  //0xd570~0xd57f      ................
0x00,0x00,0x00,0x00,0x00,0x00,0x00,0x00,0x00,0x00,0x00,0x00,0x00,0x00,0x00,0x00,  //0xd580~0xd58f      ................
0x00,0x00,0x00,0x00,0x00,0x00,0x00,0x00,0x00,0x00,0x00,0x00,0x00,0x00,0x00,0x00,  //0xd590~0xd59f      ................
0x00,0x00,0x00,0x00,0x00,0x00,0x00,0x00,0x00,0x00,0x00,0x00,0x00,0x00,0x00,0x00,  //0xd5a0~0xd5af      ................
0x00,0x00,0x00,0x00,0x00,0x00,0x00,0x00,0x00,0x00,0x00,0x00,0x00,0x00,0x00,0x00,  //0xd5b0~0xd5bf      ................
0x00,0x00,0x00,0x00,0x00,0x00,0x00,0x00,0x00,0x00,0x00,0x00,0x00,0x00,0x00,0x00,  //0xd5c0~0xd5cf      ................
0x00,0x00,0x00,0x00,0x00,0x00,0x00,0x00,0x00,0x00,0x00,0x00,0x00,0x00,0x00,0x00,  //0xd5d0~0xd5df      ................
0x00,0x00,0x00,0x00,0x00,0x00,0x00,0x00,0x00,0x00,0x00,0x00,0x00,0x00,0x00,0x00,  //0xd5e0~0xd5ef      ................
0x00,0x00,0x00,0x00,0x00,0x00,0x00,0x00,0x00,0x00,0x00,0x00,0x00,0x00,0x00,0x00,  //0xd5f0~0xd5ff      ................
0x00,0x00,0x00,0x00,0x00,0x00,0x00,0x00,0x00,0x00,0x00,0x00,0x00,0x00,0x00,0x00,  //0xd600~0xd60f      ................
0x00,0x00,0x00,0x00,0x00,0x00,0x00,0x00,0x00,0x00,0x00,0x00,0x00,0x00,0x00,0x00,  //0xd610~0xd61f      ................
0x00,0x00,0x00,0x00,0x00,0x00,0x00,0x00,0x00,0x00,0x00,0x00,0x00,0x00,0x00,0x00,  //0xd620~0xd62f      ................
0x00,0x00,0x00,0x00,0x00,0x00,0x00,0x00,0x00,0x00,0x00,0x00,0x00,0x00,0x00,0x00,  //0xd630~0xd63f      ................
0x00,0x00,0x00,0x00,0x00,0x00,0x00,0x00,0x00,0x00,0x00,0x00,0x00,0x00,0x00,0x00,  //0xd640~0xd64f      ................
0x00,0x00,0x00,0x00,0x00,0x00,0x00,0x00,0x00,0x00,0x00,0x00,0x00,0x00,0x00,0x00,  //0xd650~0xd65f      ................
0x00,0x00,0x00,0x00,0x00,0x00,0x00,0x00,0x00,0x00,0x00,0x00,0x00,0x00,0x00,0x00,  //0xd660~0xd66f      ................
0x00,0x00,0x00,0x00,0x00,0x00,0x00,0x00,0x00,0x00,0x00,0x00,0x00,0x00,0x00,0x00,  //0xd670~0xd67f      ................
0x00,0x00,0x00,0x00,0x00,0x00,0x00,0x00,0x00,0x00,0x00,0x00,0x00,0x00,0x00,0x00,  //0xd680~0xd68f      ................
0x00,0x00,0x00,0x00,0x00,0x00,0x00,0x00,0x00,0x00,0x00,0x00,0x00,0x00,0x00,0x00,  //0xd690~0xd69f      ................
0x00,0x00,0x00,0x00,0x00,0x00,0x00,0x00,0x00,0x00,0x00,0x00,0x00,0x00,0x00,0x00,  //0xd6a0~0xd6af      ................
0x00,0x00,0x00,0x00,0x00,0x00,0x00,0x00,0x00,0x00,0x00,0x00,0x00,0x00,0x00,0x00,  //0xd6b0~0xd6bf      ................
0x00,0x00,0x00,0x00,0x00,0x00,0x00,0x00,0x00,0x00,0x00,0x00,0x00,0x00,0x00,0x00,  //0xd6c0~0xd6cf      ................
0x00,0x00,0x00,0x00,0x00,0x00,0x00,0x00,0x00,0x00,0x00,0x00,0x00,0x00,0x00,0x00,  //0xd6d0~0xd6df      ................
0x00,0x00,0x00,0x00,0x00,0x00,0x00,0x00,0x00,0x00,0x00,0x00,0x00,0x00,0x00,0x00,  //0xd6e0~0xd6ef      ................
0x00,0x00,0x00,0x00,0x00,0x00,0x00,0x00,0x00,0x00,0x00,0x00,0x00,0x00,0x00,0x00,  //0xd6f0~0xd6ff      ................
0x00,0x00,0x00,0x00,0x00,0x00,0x00,0x00,0x00,0x00,0x00,0x00,0x00,0x00,0x00,0x00,  //0xd700~0xd70f      ................
0x00,0x00,0x00,0x00,0x00,0x00,0x00,0x00,0x00,0x00,0x00,0x00,0x00,0x00,0x00,0x00,  //0xd710~0xd71f      ................
0x00,0x00,0x00,0x00,0x00,0x00,0x00,0x00,0x00,0x00,0x00,0x00,0x00,0x00,0x00,0x00,  //0xd720~0xd72f      ................
0x00,0x00,0x00,0x00,0x00,0x00,0x00,0x00,0x00,0x00,0x00,0x00,0x00,0x00,0x00,0x00,  //0xd730~0xd73f      ................
0x00,0x00,0x00,0x00,0x00,0x00,0x00,0x00,0x00,0x00,0x00,0x00,0x00,0x00,0x00,0x00,  //0xd740~0xd74f      ................
0x00,0x00,0x00,0x00,0x00,0x00,0x00,0x00,0x00,0x00,0x00,0x00,0x00,0x00,0x00,0x00,  //0xd750~0xd75f      ................
0x00,0x00,0x00,0x00,0x00,0x00,0x00,0x00,0x00,0x00,0x00,0x00,0x00,0x00,0x00,0x00,  //0xd760~0xd76f      ................
0x00,0x00,0x00,0x00,0x00,0x00,0x00,0x00,0x00,0x00,0x00,0x00,0x00,0x00,0x00,0x00,  //0xd770~0xd77f      ................
0x00,0x00,0x00,0x00,0x00,0x00,0x00,0x00,0x00,0x00,0x00,0x00,0x00,0x00,0x00,0x00,  //0xd780~0xd78f      ................
0x00,0x00,0x00,0x00,0x00,0x00,0x00,0x00,0x00,0x00,0x00,0x00,0x00,0x00,0x00,0x00,  //0xd790~0xd79f      ................
0x00,0x00,0x00,0x00,0x00,0x00,0x00,0x00,0x00,0x00,0x00,0x00,0x00,0x00,0x00,0x00,  //0xd7a0~0xd7af      ................
0x00,0x00,0x00,0x00,0x00,0x00,0x00,0x00,0x00,0x00,0x00,0x00,0x00,0x00,0x00,0x00,  //0xd7b0~0xd7bf      ................
0x00,0x00,0x00,0x00,0x00,0x00,0x00,0x00,0x00,0x00,0x00,0x00,0x00,0x00,0x00,0x00,  //0xd7c0~0xd7cf      ................
0x00,0x00,0x00,0x00,0x00,0x00,0x00,0x00,0x00,0x00,0x00,0x00,0x00,0x00,0x00,0x00,  //0xd7d0~0xd7df      ................
0x00,0x00,0x00,0x00,0x00,0x00,0x00,0x00,0x00,0x00,0x00,0x00,0x00,0x00,0x00,0x00,  //0xd7e0~0xd7ef      ................
0x00,0x00,0x00,0x00,0x00,0x00,0x00,0x00,0x00,0x00,0x00,0x00,0x00,0x00,0x00,0x00,  //0xd7f0~0xd7ff      ................
0x00,0x00,0x00,0x00,0x00,0x00,0x00,0x00,0x00,0x00,0x00,0x00,0x00,0x00,0x00,0x00,  //0xd800~0xd80f      ................
0x00,0x00,0x00,0x00,0x00,0x00,0x00,0x00,0x00,0x00,0x00,0x00,0x00,0x00,0x00,0x00,  //0xd810~0xd81f      ................
0x00,0x00,0x00,0x00,0x00,0x00,0x00,0x00,0x00,0x00,0x00,0x00,0x00,0x00,0x00,0x00,  //0xd820~0xd82f      ................
0x00,0x00,0x00,0x00,0x00,0x00,0x00,0x00,0x00,0x00,0x00,0x00,0x00,0x00,0x00,0x00,  //0xd830~0xd83f      ................
0x00,0x00,0x00,0x00,0x00,0x00,0x00,0x00,0x00,0x00,0x00,0x00,0x00,0x00,0x00,0x00,  //0xd840~0xd84f      ................
0x00,0x00,0x00,0x00,0x00,0x00,0x00,0x00,0x00,0x00,0x00,0x00,0x00,0x00,0x00,0x00,  //0xd850~0xd85f      ................
0x00,0x00,0x00,0x00,0x00,0x00,0x00,0x00,0x00,0x00,0x00,0x00,0x00,0x00,0x00,0x00,  //0xd860~0xd86f      ................
0x00,0x00,0x00,0x00,0x00,0x00,0x00,0x00,0x00,0x00,0x00,0x00,0x00,0x00,0x00,0x00,  //0xd870~0xd87f      ................
0x00,0x00,0x00,0x00,0x00,0x00,0x00,0x00,0x00,0x00,0x00,0x00,0x00,0x00,0x00,0x00,  //0xd880~0xd88f      ................
0x00,0x00,0x00,0x00,0x00,0x00,0x00,0x00,0x00,0x00,0x00,0x00,0x00,0x00,0x00,0x00,  //0xd890~0xd89f      ................
0x00,0x00,0x00,0x00,0x00,0x00,0x00,0x00,0x00,0x00,0x00,0x00,0x00,0x00,0x00,0x00,  //0xd8a0~0xd8af      ................
0x00,0x00,0x00,0x00,0x00,0x00,0x00,0x00,0x00,0x00,0x00,0x00,0x00,0x00,0x00,0x00,  //0xd8b0~0xd8bf      ................
0x00,0x00,0x00,0x00,0x00,0x00,0x00,0x00,0x00,0x00,0x00,0x00,0x00,0x00,0x00,0x00,  //0xd8c0~0xd8cf      ................
0x00,0x00,0x00,0x00,0x00,0x00,0x00,0x00,0x00,0x00,0x00,0x00,0x00,0x00,0x00,0x00,  //0xd8d0~0xd8df      ................
0x00,0x00,0x00,0x00,0x00,0x00,0x00,0x00,0x00,0x00,0x00,0x00,0x00,0x00,0x00,0x00,  //0xd8e0~0xd8ef      ................
0x00,0x00,0x00,0x00,0x00,0x00,0x00,0x00,0x00,0x00,0x00,0x00,0x00,0x00,0x00,0x00,  //0xd8f0~0xd8ff      ................
0x00,0x00,0x00,0x00,0x00,0x00,0x00,0x00,0x00,0x00,0x00,0x00,0x00,0x00,0x00,0x00,  //0xd900~0xd90f      ................
0x00,0x00,0x00,0x00,0x00,0x00,0x00,0x00,0x00,0x00,0x00,0x00,0x00,0x00,0x00,0x00,  //0xd910~0xd91f      ................
0x00,0x00,0x00,0x00,0x00,0x00,0x00,0x00,0x00,0x00,0x00,0x00,0x00,0x00,0x00,0x00,  //0xd920~0xd92f      ................
0x00,0x00,0x00,0x00,0x00,0x00,0x00,0x00,0x00,0x00,0x00,0x00,0x00,0x00,0x00,0x00,  //0xd930~0xd93f      ................
0x00,0x00,0x00,0x00,0x00,0x00,0x00,0x00,0x00,0x00,0x00,0x00,0x00,0x00,0x00,0x00,  //0xd940~0xd94f      ................
0x00,0x00,0x00,0x00,0x00,0x00,0x00,0x00,0x00,0x00,0x00,0x00,0x00,0x00,0x00,0x00,  //0xd950~0xd95f      ................
0x00,0x00,0x00,0x00,0x00,0x00,0x00,0x00,0x00,0x00,0x00,0x00,0x00,0x00,0x00,0x00,  //0xd960~0xd96f      ................
0x00,0x00,0x00,0x00,0x00,0x00,0x00,0x00,0x00,0x00,0x00,0x00,0x00,0x00,0x00,0x00,  //0xd970~0xd97f      ................
0x00,0x00,0x00,0x00,0x00,0x00,0x00,0x00,0x00,0x00,0x00,0x00,0x00,0x00,0x00,0x00,  //0xd980~0xd98f      ................
0x00,0x00,0x00,0x00,0x00,0x00,0x00,0x00,0x00,0x00,0x00,0x00,0x00,0x00,0x00,0x00,  //0xd990~0xd99f      ................
0x00,0x00,0x00,0x00,0x00,0x00,0x00,0x00,0x00,0x00,0x00,0x00,0x00,0x00,0x00,0x00,  //0xd9a0~0xd9af      ................
0x00,0x00,0x00,0x00,0x00,0x00,0x00,0x00,0x00,0x00,0x00,0x00,0x00,0x00,0x00,0x00,  //0xd9b0~0xd9bf      ................
0x00,0x00,0x00,0x00,0x00,0x00,0x00,0x00,0x00,0x00,0x00,0x00,0x00,0x00,0x00,0x00,  //0xd9c0~0xd9cf      ................
0x00,0x00,0x00,0x00,0x00,0x00,0x00,0x00,0x00,0x00,0x00,0x00,0x00,0x00,0x00,0x00,  //0xd9d0~0xd9df      ................
0x00,0x00,0x00,0x00,0x00,0x00,0x00,0x00,0x00,0x00,0x00,0x00,0x00,0x00,0x00,0x00,  //0xd9e0~0xd9ef      ................
0x00,0x00,0x00,0x00,0x00,0x00,0x00,0x00,0x00,0x00,0x00,0x00,0x00,0x00,0x00,0x00,  //0xd9f0~0xd9ff      ................
0x00,0x00,0x00,0x00,0x00,0x00,0x00,0x00,0x00,0x00,0x00,0x00,0x00,0x00,0x00,0x00,  //0xda00~0xda0f      ................
0x00,0x00,0x00,0x00,0x00,0x00,0x00,0x00,0x00,0x00,0x00,0x00,0x00,0x00,0x00,0x00,  //0xda10~0xda1f      ................
0x00,0x00,0x00,0x00,0x00,0x00,0x00,0x00,0x00,0x00,0x00,0x00,0x00,0x00,0x00,0x00,  //0xda20~0xda2f      ................
0x00,0x00,0x00,0x00,0x00,0x00,0x00,0x00,0x00,0x00,0x00,0x00,0x00,0x00,0x00,0x00,  //0xda30~0xda3f      ................
0x00,0x00,0x00,0x00,0x00,0x00,0x00,0x00,0x00,0x00,0x00,0x00,0x00,0x00,0x00,0x00,  //0xda40~0xda4f      ................
0x00,0x00,0x00,0x00,0x00,0x00,0x00,0x00,0x00,0x00,0x00,0x00,0x00,0x00,0x00,0x00,  //0xda50~0xda5f      ................
0x00,0x00,0x00,0x00,0x00,0x00,0x00,0x00,0x00,0x00,0x00,0x00,0x00,0x00,0x00,0x00,  //0xda60~0xda6f      ................
0x00,0x00,0x00,0x00,0x00,0x00,0x00,0x00,0x00,0x00,0x00,0x00,0x00,0x00,0x00,0x00,  //0xda70~0xda7f      ................
0x00,0x00,0x00,0x00,0x00,0x00,0x00,0x00,0x00,0x00,0x00,0x00,0x00,0x00,0x00,0x00,  //0xda80~0xda8f      ................
0x00,0x00,0x00,0x00,0x00,0x00,0x00,0x00,0x00,0x00,0x00,0x00,0x00,0x00,0x00,0x00,  //0xda90~0xda9f      ................
0x00,0x00,0x00,0x00,0x00,0x00,0x00,0x00,0x00,0x00,0x00,0x00,0x00,0x00,0x00,0x00,  //0xdaa0~0xdaaf      ................
0x00,0x00,0x00,0x00,0x00,0x00,0x00,0x00,0x00,0x00,0x00,0x00,0x00,0x00,0x00,0x00,  //0xdab0~0xdabf      ................
0x00,0x00,0x00,0x00,0x00,0x00,0x00,0x00,0x00,0x00,0x00,0x00,0x00,0x00,0x00,0x00,  //0xdac0~0xdacf      ................
0x00,0x00,0x00,0x00,0x00,0x00,0x00,0x00,0x00,0x00,0x00,0x00,0x00,0x00,0x00,0x00,  //0xdad0~0xdadf      ................
0x00,0x00,0x00,0x00,0x00,0x00,0x00,0x00,0x00,0x00,0x00,0x00,0x00,0x00,0x00,0x00,  //0xdae0~0xdaef      ................
0x00,0x00,0x00,0x00,0x00,0x00,0x00,0x00,0x00,0x00,0x00,0x00,0x00,0x00,0x00,0x00,  //0xdaf0~0xdaff      ................
0x00,0x00,0x00,0x00,0x00,0x00,0x00,0x00,0x00,0x00,0x00,0x00,0x00,0x00,0x00,0x00,  //0xdb00~0xdb0f      ................
0x00,0x00,0x00,0x00,0x00,0x00,0x00,0x00,0x00,0x00,0x00,0x00,0x00,0x00,0x00,0x00,  //0xdb10~0xdb1f      ................
0x00,0x00,0x00,0x00,0x00,0x00,0x00,0x00,0x00,0x00,0x00,0x00,0x00,0x00,0x00,0x00,  //0xdb20~0xdb2f      ................
0x00,0x00,0x00,0x00,0x00,0x00,0x00,0x00,0x00,0x00,0x00,0x00,0x00,0x00,0x00,0x00,  //0xdb30~0xdb3f      ................
0x00,0x00,0x00,0x00,0x00,0x00,0x00,0x00,0x00,0x00,0x00,0x00,0x00,0x00,0x00,0x00,  //0xdb40~0xdb4f      ................
0x00,0x00,0x00,0x00,0x00,0x00,0x00,0x00,0x00,0x00,0x00,0x00,0x00,0x00,0x00,0x00,  //0xdb50~0xdb5f      ................
0x00,0x00,0x00,0x00,0x00,0x00,0x00,0x00,0x00,0x00,0x00,0x00,0x00,0x00,0x00,0x00,  //0xdb60~0xdb6f      ................
0x00,0x00,0x00,0x00,0x00,0x00,0x00,0x00,0x00,0x00,0x00,0x00,0x00,0x00,0x00,0x00,  //0xdb70~0xdb7f      ................
0x00,0x00,0x00,0x00,0x00,0x00,0x00,0x00,0x00,0x00,0x00,0x00,0x00,0x00,0x00,0x00,  //0xdb80~0xdb8f      ................
0x00,0x00,0x00,0x00,0x00,0x00,0x00,0x00,0x00,0x00,0x00,0x00,0x00,0x00,0x00,0x00,  //0xdb90~0xdb9f      ................
0x00,0x00,0x00,0x00,0x00,0x00,0x00,0x00,0x00,0x00,0x00,0x00,0x00,0x00,0x00,0x00,  //0xdba0~0xdbaf      ................
0x00,0x00,0x00,0x00,0x00,0x00,0x00,0x00,0x00,0x00,0x00,0x00,0x00,0x00,0x00,0x00,  //0xdbb0~0xdbbf      ................
0x00,0x00,0x00,0x00,0x00,0x00,0x00,0x00,0x00,0x00,0x00,0x00,0x00,0x00,0x00,0x00,  //0xdbc0~0xdbcf      ................
0x00,0x00,0x00,0x00,0x00,0x00,0x00,0x00,0x00,0x00,0x00,0x00,0x00,0x00,0x00,0x00,  //0xdbd0~0xdbdf      ................
0x00,0x00,0x00,0x00,0x00,0x00,0x00,0x00,0x00,0x00,0x00,0x00,0x00,0x00,0x00,0x00,  //0xdbe0~0xdbef      ................
0x00,0x00,0x00,0x00,0x00,0x00,0x00,0x00,0x00,0x00,0x00,0x00,0x00,0x00,0x00,0x00,  //0xdbf0~0xdbff      ................
0x00,0x00,0x00,0x00,0x00,0x00,0x00,0x00,0x00,0x00,0x00,0x00,0x00,0x00,0x00,0x00,  //0xdc00~0xdc0f      ................
0x00,0x00,0x00,0x00,0x00,0x00,0x00,0x00,0x00,0x00,0x00,0x00,0x00,0x00,0x00,0x00,  //0xdc10~0xdc1f      ................
0x00,0x00,0x00,0x00,0x00,0x00,0x00,0x00,0x00,0x00,0x00,0x00,0x00,0x00,0x00,0x00,  //0xdc20~0xdc2f      ................
0x00,0x00,0x00,0x00,0x00,0x00,0x00,0x00,0x00,0x00,0x00,0x00,0x00,0x00,0x00,0x00,  //0xdc30~0xdc3f      ................
0x00,0x00,0x00,0x00,0x00,0x00,0x00,0x00,0x00,0x00,0x00,0x00,0x00,0x00,0x00,0x00,  //0xdc40~0xdc4f      ................
0x00,0x00,0x00,0x00,0x00,0x00,0x00,0x00,0x00,0x00,0x00,0x00,0x00,0x00,0x00,0x00,  //0xdc50~0xdc5f      ................
0x00,0x00,0x00,0x00,0x00,0x00,0x00,0x00,0x00,0x00,0x00,0x00,0x00,0x00,0x00,0x00,  //0xdc60~0xdc6f      ................
0x00,0x00,0x00,0x00,0x00,0x00,0x00,0x00,0x00,0x00,0x00,0x00,0x00,0x00,0x00,0x00,  //0xdc70~0xdc7f      ................
0x00,0x00,0x00,0x00,0x00,0x00,0x00,0x00,0x00,0x00,0x00,0x00,0x00,0x00,0x00,0x00,  //0xdc80~0xdc8f      ................
0x00,0x00,0x00,0x00,0x00,0x00,0x00,0x00,0x00,0x00,0x00,0x00,0x00,0x00,0x00,0x00,  //0xdc90~0xdc9f      ................
0x00,0x00,0x00,0x00,0x00,0x00,0x00,0x00,0x00,0x00,0x00,0x00,0x00,0x00,0x00,0x00,  //0xdca0~0xdcaf      ................
0x00,0x00,0x00,0x00,0x00,0x00,0x00,0x00,0x00,0x00,0x00,0x00,0x00,0x00,0x00,0x00,  //0xdcb0~0xdcbf      ................
0x00,0x00,0x00,0x00,0x00,0x00,0x00,0x00,0x00,0x00,0x00,0x00,0x00,0x00,0x00,0x00,  //0xdcc0~0xdccf      ................
0x00,0x00,0x00,0x00,0x00,0x00,0x00,0x00,0x00,0x00,0x00,0x00,0x00,0x00,0x00,0x00,  //0xdcd0~0xdcdf      ................
0x00,0x00,0x00,0x00,0x00,0x00,0x00,0x00,0x00,0x00,0x00,0x00,0x00,0x00,0x00,0x00,  //0xdce0~0xdcef      ................
0x00,0x00,0x00,0x00,0x00,0x00,0x00,0x00,0x00,0x00,0x00,0x00,0x00,0x00,0x00,0x00,  //0xdcf0~0xdcff      ................
0x00,0x00,0x00,0x00,0x00,0x00,0x00,0x00,0x00,0x00,0x00,0x00,0x00,0x00,0x00,0x00,  //0xdd00~0xdd0f      ................
0x00,0x00,0x00,0x00,0x00,0x00,0x00,0x00,0x00,0x00,0x00,0x00,0x00,0x00,0x00,0x00,  //0xdd10~0xdd1f      ................
0x00,0x00,0x00,0x00,0x00,0x00,0x00,0x00,0x00,0x00,0x00,0x00,0x00,0x00,0x00,0x00,  //0xdd20~0xdd2f      ................
0x00,0x00,0x00,0x00,0x00,0x00,0x00,0x00,0x00,0x00,0x00,0x00,0x00,0x00,0x00,0x00,  //0xdd30~0xdd3f      ................
0x00,0x00,0x00,0x00,0x00,0x00,0x00,0x00,0x00,0x00,0x00,0x00,0x00,0x00,0x00,0x00,  //0xdd40~0xdd4f      ................
0x00,0x00,0x00,0x00,0x00,0x00,0x00,0x00,0x00,0x00,0x00,0x00,0x00,0x00,0x00,0x00,  //0xdd50~0xdd5f      ................
0x00,0x00,0x00,0x00,0x00,0x00,0x00,0x00,0x00,0x00,0x00,0x00,0x00,0x00,0x00,0x00,  //0xdd60~0xdd6f      ................
0x00,0x00,0x00,0x00,0x00,0x00,0x00,0x00,0x00,0x00,0x00,0x00,0x00,0x00,0x00,0x00,  //0xdd70~0xdd7f      ................
0x00,0x00,0x00,0x00,0x00,0x00,0x00,0x00,0x00,0x00,0x00,0x00,0x00,0x00,0x00,0x00,  //0xdd80~0xdd8f      ................
0x00,0x00,0x00,0x00,0x00,0x00,0x00,0x00,0x00,0x00,0x00,0x00,0x00,0x00,0x00,0x00,  //0xdd90~0xdd9f      ................
0x00,0x00,0x00,0x00,0x00,0x00,0x00,0x00,0x00,0x00,0x00,0x00,0x00,0x00,0x00,0x00,  //0xdda0~0xddaf      ................
0x00,0x00,0x00,0x00,0x00,0x00,0x00,0x00,0x00,0x00,0x00,0x00,0x00,0x00,0x00,0x00,  //0xddb0~0xddbf      ................
0x00,0x00,0x00,0x00,0x00,0x00,0x00,0x00,0x00,0x00,0x00,0x00,0x00,0x00,0x00,0x00,  //0xddc0~0xddcf      ................
0x00,0x00,0x00,0x00,0x00,0x00,0x00,0x00,0x00,0x00,0x00,0x00,0x00,0x00,0x00,0x00,  //0xddd0~0xdddf      ................
0x00,0x00,0x00,0x00,0x00,0x00,0x00,0x00,0x00,0x00,0x00,0x00,0x00,0x00,0x00,0x00,  //0xdde0~0xddef      ................
0x00,0x00,0x00,0x00,0x00,0x00,0x00,0x00,0x00,0x00,0x00,0x00,0x00,0x00,0x00,0x00,  //0xddf0~0xddff      ................
0x00,0x00,0x00,0x00,0x00,0x00,0x00,0x00,0x00,0x00,0x00,0x00,0x00,0x00,0x00,0x00,  //0xde00~0xde0f      ................
0x00,0x00,0x00,0x00,0x00,0x00,0x00,0x00,0x00,0x00,0x00,0x00,0x00,0x00,0x00,0x00,  //0xde10~0xde1f      ................
0x00,0x00,0x00,0x00,0x00,0x00,0x00,0x00,0x00,0x00,0x00,0x00,0x00,0x00,0x00,0x00,  //0xde20~0xde2f      ................
0x00,0x00,0x00,0x00,0x00,0x00,0x00,0x00,0x00,0x00,0x00,0x00,0x00,0x00,0x00,0x00,  //0xde30~0xde3f      ................
0x00,0x00,0x00,0x00,0x00,0x00,0x00,0x00,0x00,0x00,0x00,0x00,0x00,0x00,0x00,0x00,  //0xde40~0xde4f      ................
0x00,0x00,0x00,0x00,0x00,0x00,0x00,0x00,0x00,0x00,0x00,0x00,0x00,0x00,0x00,0x00,  //0xde50~0xde5f      ................
0x00,0x00,0x00,0x00,0x00,0x00,0x00,0x00,0x00,0x00,0x00,0x00,0x00,0x00,0x00,0x00,  //0xde60~0xde6f      ................
0x00,0x00,0x00,0x00,0x00,0x00,0x00,0x00,0x00,0x00,0x00,0x00,0x00,0x00,0x00,0x00,  //0xde70~0xde7f      ................
0x00,0x00,0x00,0x00,0x00,0x00,0x00,0x00,0x00,0x00,0x00,0x00,0x00,0x00,0x00,0x00,  //0xde80~0xde8f      ................
0x00,0x00,0x00,0x00,0x00,0x00,0x00,0x00,0x00,0x00,0x00,0x00,0x00,0x00,0x00,0x00,  //0xde90~0xde9f      ................
0x00,0x00,0x00,0x00,0x00,0x00,0x00,0x00,0x00,0x00,0x00,0x00,0x00,0x00,0x00,0x00,  //0xdea0~0xdeaf      ................
0x00,0x00,0x00,0x00,0x00,0x00,0x00,0x00,0x00,0x00,0x00,0x00,0x00,0x00,0x00,0x00,  //0xdeb0~0xdebf      ................
0x00,0x00,0x00,0x00,0x00,0x00,0x00,0x00,0x00,0x00,0x00,0x00,0x00,0x00,0x00,0x00,  //0xdec0~0xdecf      ................
0x00,0x00,0x00,0x00,0x00,0x00,0x00,0x00,0x00,0x00,0x00,0x00,0x00,0x00,0x00,0x00,  //0xded0~0xdedf      ................
0x00,0x00,0x00,0x00,0x00,0x00,0x00,0x00,0x00,0x00,0x00,0x00,0x00,0x00,0x00,0x00,  //0xdee0~0xdeef      ................
0x00,0x00,0x00,0x00,0x00,0x00,0x00,0x00,0x00,0x00,0x00,0x00,0x00,0x00,0x00,0x00,  //0xdef0~0xdeff      ................
0x00,0x00,0x00,0x00,0x00,0x00,0x00,0x00,0x00,0x00,0x00,0x00,0x00,0x00,0x00,0x00,  //0xdf00~0xdf0f      ................
0x00,0x00,0x00,0x00,0x00,0x00,0x00,0x00,0x00,0x00,0x00,0x00,0x00,0x00,0x00,0x00,  //0xdf10~0xdf1f      ................
0x00,0x00,0x00,0x00,0x00,0x00,0x00,0x00,0x00,0x00,0x00,0x00,0x00,0x00,0x00,0x00,  //0xdf20~0xdf2f      ................
0x00,0x00,0x00,0x00,0x00,0x00,0x00,0x00,0x00,0x00,0x00,0x00,0x00,0x00,0x00,0x00,  //0xdf30~0xdf3f      ................
0x00,0x00,0x00,0x00,0x00,0x00,0x00,0x00,0x00,0x00,0x00,0x00,0x00,0x00,0x00,0x00,  //0xdf40~0xdf4f      ................
0x00,0x00,0x00,0x00,0x00,0x00,0x00,0x00,0x00,0x00,0x00,0x00,0x00,0x00,0x00,0x00,  //0xdf50~0xdf5f      ................
0x00,0x00,0x00,0x00,0x00,0x00,0x00,0x00,0x00,0x00,0x00,0x00,0x00,0x00,0x00,0x00,  //0xdf60~0xdf6f      ................
0x00,0x00,0x00,0x00,0x00,0x00,0x00,0x00,0x00,0x00,0x00,0x00,0x00,0x00,0x00,0x00,  //0xdf70~0xdf7f      ................
0x00,0x00,0x00,0x00,0x00,0x00,0x00,0x00,0x00,0x00,0x00,0x00,0x00,0x00,0x00,0x00,  //0xdf80~0xdf8f      ................
0x00,0x00,0x00,0x00,0x00,0x00,0x00,0x00,0x00,0x00,0x00,0x00,0x00,0x00,0x00,0x00,  //0xdf90~0xdf9f      ................
0x00,0x00,0x00,0x00,0x00,0x00,0x00,0x00,0x00,0x00,0x00,0x00,0x00,0x00,0x00,0x00,  //0xdfa0~0xdfaf      ................
0x00,0x00,0x00,0x00,0x00,0x00,0x00,0x00,0x00,0x00,0x00,0x00,0x00,0x00,0x00,0x00,  //0xdfb0~0xdfbf      ................
0x00,0x00,0x00,0x00,0x00,0x00,0x00,0x00,0x00,0x00,0x00,0x00,0x00,0x00,0x00,0x00,  //0xdfc0~0xdfcf      ................
0x00,0x00,0x00,0x00,0x00,0x00,0x00,0x00,0x00,0x00,0x00,0x00,0x00,0x00,0x00,0x00,  //0xdfd0~0xdfdf      ................
0x00,0x00,0x00,0x00,0x00,0x00,0x00,0x00,0x00,0x00,0x00,0x00,0x00,0x00,0x00,0x00,  //0xdfe0~0xdfef      ................
0x00,0x00,0x00,0x00,0x00,0x00,0x00,0x00,0x00,0x00,0x00,0x00,0x00,0x00,0x00,0x00,  //0xdff0~0xdfff      ................
0x00,0x00,0x00,0x00,0x00,0x00,0x00,0x00,0x00,0x00,0x00,0x00,0x00,0x00,0x00,0x00,  //0xe000~0xe00f      ................
0x00,0x00,0x00,0x00,0x00,0x00,0x00,0x00,0x00,0x00,0x00,0x00,0x00,0x00,0x00,0x00,  //0xe010~0xe01f      ................
0x00,0x00,0x00,0x00,0x00,0x00,0x00,0x00,0x00,0x00,0x00,0x00,0x00,0x00,0x00,0x00,  //0xe020~0xe02f      ................
0x00,0x00,0x00,0x00,0x00,0x00,0x00,0x00,0x00,0x00,0x00,0x00,0x00,0x00,0x00,0x00,  //0xe030~0xe03f      ................
0x00,0x00,0x00,0x00,0x00,0x00,0x00,0x00,0x00,0x00,0x00,0x00,0x00,0x00,0x00,0x00,  //0xe040~0xe04f      ................
0x00,0x00,0x00,0x00,0x00,0x00,0x00,0x00,0x00,0x00,0x00,0x00,0x00,0x00,0x00,0x00,  //0xe050~0xe05f      ................
0x00,0x00,0x00,0x00,0x00,0x00,0x00,0x00,0x00,0x00,0x00,0x00,0x00,0x00,0x00,0x00,  //0xe060~0xe06f      ................
0x00,0x00,0x00,0x00,0x00,0x00,0x00,0x00,0x00,0x00,0x00,0x00,0x00,0x00,0x00,0x00,  //0xe070~0xe07f      ................
0x00,0x00,0x00,0x00,0x00,0x00,0x00,0x00,0x00,0x00,0x00,0x00,0x00,0x00,0x00,0x00,  //0xe080~0xe08f      ................
0x00,0x00,0x00,0x00,0x00,0x00,0x00,0x00,0x00,0x00,0x00,0x00,0x00,0x00,0x00,0x00,  //0xe090~0xe09f      ................
0x00,0x00,0x00,0x00,0x00,0x00,0x00,0x00,0x00,0x00,0x00,0x00,0x00,0x00,0x00,0x00,  //0xe0a0~0xe0af      ................
0x00,0x00,0x00,0x00,0x00,0x00,0x00,0x00,0x00,0x00,0x00,0x00,0x00,0x00,0x00,0x00,  //0xe0b0~0xe0bf      ................
0x00,0x00,0x00,0x00,0x00,0x00,0x00,0x00,0x00,0x00,0x00,0x00,0x00,0x00,0x00,0x00,  //0xe0c0~0xe0cf      ................
0x00,0x00,0x00,0x00,0x00,0x00,0x00,0x00,0x00,0x00,0x00,0x00,0x00,0x00,0x00,0x00,  //0xe0d0~0xe0df      ................
0x00,0x00,0x00,0x00,0x00,0x00,0x00,0x00,0x00,0x00,0x00,0x00,0x00,0x00,0x00,0x00,  //0xe0e0~0xe0ef      ................
0x00,0x00,0x00,0x00,0x00,0x00,0x00,0x00,0x00,0x00,0x00,0x00,0x00,0x00,0x00,0x00,  //0xe0f0~0xe0ff      ................
0x00,0x00,0x00,0x00,0x00,0x00,0x00,0x00,0x00,0x00,0x00,0x00,0x00,0x00,0x00,0x00,  //0xe100~0xe10f      ................
0x00,0x00,0x00,0x00,0x00,0x00,0x00,0x00,0x00,0x00,0x00,0x00,0x00,0x00,0x00,0x00,  //0xe110~0xe11f      ................
0x00,0x00,0x00,0x00,0x00,0x00,0x00,0x00,0x00,0x00,0x00,0x00,0x00,0x00,0x00,0x00,  //0xe120~0xe12f      ................
0x00,0x00,0x00,0x00,0x00,0x00,0x00,0x00,0x00,0x00,0x00,0x00,0x00,0x00,0x00,0x00,  //0xe130~0xe13f      ................
0x00,0x00,0x00,0x00,0x00,0x00,0x00,0x00,0x00,0x00,0x00,0x00,0x00,0x00,0x00,0x00,  //0xe140~0xe14f      ................
0x00,0x00,0x00,0x00,0x00,0x00,0x00,0x00,0x00,0x00,0x00,0x00,0x00,0x00,0x00,0x00,  //0xe150~0xe15f      ................
0x00,0x00,0x00,0x00,0x00,0x00,0x00,0x00,0x00,0x00,0x00,0x00,0x00,0x00,0x00,0x00,  //0xe160~0xe16f      ................
0x00,0x00,0x00,0x00,0x00,0x00,0x00,0x00,0x00,0x00,0x00,0x00,0x00,0x00,0x00,0x00,  //0xe170~0xe17f      ................
0x00,0x00,0x00,0x00,0x00,0x00,0x00,0x00,0x00,0x00,0x00,0x00,0x00,0x00,0x00,0x00,  //0xe180~0xe18f      ................
0x00,0x00,0x00,0x00,0x00,0x00,0x00,0x00,0x00,0x00,0x00,0x00,0x00,0x00,0x00,0x00,  //0xe190~0xe19f      ................
0x00,0x00,0x00,0x00,0x00,0x00,0x00,0x00,0x00,0x00,0x00,0x00,0x00,0x00,0x00,0x00,  //0xe1a0~0xe1af      ................
0x00,0x00,0x00,0x00,0x00,0x00,0x00,0x00,0x00,0x00,0x00,0x00,0x00,0x00,0x00,0x00,  //0xe1b0~0xe1bf      ................
0x00,0x00,0x00,0x00,0x00,0x00,0x00,0x00,0x00,0x00,0x00,0x00,0x00,0x00,0x00,0x00,  //0xe1c0~0xe1cf      ................
0x00,0x00,0x00,0x00,0x00,0x00,0x00,0x00,0x00,0x00,0x00,0x00,0x00,0x00,0x00,0x00,  //0xe1d0~0xe1df      ................
0x00,0x00,0x00,0x00,0x00,0x00,0x00,0x00,0x00,0x00,0x00,0x00,0x00,0x00,0x00,0x00,  //0xe1e0~0xe1ef      ................
0x00,0x00,0x00,0x00,0x00,0x00,0x00,0x00,0x00,0x00,0x00,0x00,0x00,0x00,0x00,0x00,  //0xe1f0~0xe1ff      ................
0x00,0x00,0x00,0x00,0x00,0x00,0x00,0x00,0x00,0x00,0x00,0x00,0x00,0x00,0x00,0x00,  //0xe200~0xe20f      ................
0x00,0x00,0x00,0x00,0x00,0x00,0x00,0x00,0x00,0x00,0x00,0x00,0x00,0x00,0x00,0x00,  //0xe210~0xe21f      ................
0x00,0x00,0x00,0x00,0x00,0x00,0x00,0x00,0x00,0x00,0x00,0x00,0x00,0x00,0x00,0x00,  //0xe220~0xe22f      ................
0x00,0x00,0x00,0x00,0x00,0x00,0x00,0x00,0x00,0x00,0x00,0x00,0x00,0x00,0x00,0x00,  //0xe230~0xe23f      ................
0x00,0x00,0x00,0x00,0x00,0x00,0x00,0x00,0x00,0x00,0x00,0x00,0x00,0x00,0x00,0x00,  //0xe240~0xe24f      ................
0x00,0x00,0x00,0x00,0x00,0x00,0x00,0x00,0x00,0x00,0x00,0x00,0x00,0x00,0x00,0x00,  //0xe250~0xe25f      ................
0x00,0x00,0x00,0x00,0x00,0x00,0x00,0x00,0x00,0x00,0x00,0x00,0x00,0x00,0x00,0x00,  //0xe260~0xe26f      ................
0x00,0x00,0x00,0x00,0x00,0x00,0x00,0x00,0x00,0x00,0x00,0x00,0x00,0x00,0x00,0x00,  //0xe270~0xe27f      ................
0x00,0x00,0x00,0x00,0x00,0x00,0x00,0x00,0x00,0x00,0x00,0x00,0x00,0x00,0x00,0x00,  //0xe280~0xe28f      ................
0x00,0x00,0x00,0x00,0x00,0x00,0x00,0x00,0x00,0x00,0x00,0x00,0x00,0x00,0x00,0x00,  //0xe290~0xe29f      ................
0x00,0x00,0x00,0x00,0x00,0x00,0x00,0x00,0x00,0x00,0x00,0x00,0x00,0x00,0x00,0x00,  //0xe2a0~0xe2af      ................
0x00,0x00,0x00,0x00,0x00,0x00,0x00,0x00,0x00,0x00,0x00,0x00,0x00,0x00,0x00,0x00,  //0xe2b0~0xe2bf      ................
0x00,0x00,0x00,0x00,0x00,0x00,0x00,0x00,0x00,0x00,0x00,0x00,0x00,0x00,0x00,0x00,  //0xe2c0~0xe2cf      ................
0x00,0x00,0x00,0x00,0x00,0x00,0x00,0x00,0x00,0x00,0x00,0x00,0x00,0x00,0x00,0x00,  //0xe2d0~0xe2df      ................
0x00,0x00,0x00,0x00,0x00,0x00,0x00,0x00,0x00,0x00,0x00,0x00,0x00,0x00,0x00,0x00,  //0xe2e0~0xe2ef      ................
0x00,0x00,0x00,0x00,0x00,0x00,0x00,0x00,0x00,0x00,0x00,0x00,0x00,0x00,0x00,0x00,  //0xe2f0~0xe2ff      ................
0x00,0x00,0x00,0x00,0x00,0x00,0x00,0x00,0x00,0x00,0x00,0x00,0x00,0x00,0x00,0x00,  //0xe300~0xe30f      ................
0x00,0x00,0x00,0x00,0x00,0x00,0x00,0x00,0x00,0x00,0x00,0x00,0x00,0x00,0x00,0x00,  //0xe310~0xe31f      ................
0x00,0x00,0x00,0x00,0x00,0x00,0x00,0x00,0x00,0x00,0x00,0x00,0x00,0x00,0x00,0x00,  //0xe320~0xe32f      ................
0x00,0x00,0x00,0x00,0x00,0x00,0x00,0x00,0x00,0x00,0x00,0x00,0x00,0x00,0x00,0x00,  //0xe330~0xe33f      ................
0x00,0x00,0x00,0x00,0x00,0x00,0x00,0x00,0x00,0x00,0x00,0x00,0x00,0x00,0x00,0x00,  //0xe340~0xe34f      ................
0x00,0x00,0x00,0x00,0x00,0x00,0x00,0x00,0x00,0x00,0x00,0x00,0x00,0x00,0x00,0x00,  //0xe350~0xe35f      ................
0x00,0x00,0x00,0x00,0x00,0x00,0x00,0x00,0x00,0x00,0x00,0x00,0x00,0x00,0x00,0x00,  //0xe360~0xe36f      ................
0x00,0x00,0x00,0x00,0x00,0x00,0x00,0x00,0x00,0x00,0x00,0x00,0x00,0x00,0x00,0x00,  //0xe370~0xe37f      ................
0x00,0x00,0x00,0x00,0x00,0x00,0x00,0x00,0x00,0x00,0x00,0x00,0x00,0x00,0x00,0x00,  //0xe380~0xe38f      ................
0x00,0x00,0x00,0x00,0x00,0x00,0x00,0x00,0x00,0x00,0x00,0x00,0x00,0x00,0x00,0x00,  //0xe390~0xe39f      ................
0x00,0x00,0x00,0x00,0x00,0x00,0x00,0x00,0x00,0x00,0x00,0x00,0x00,0x00,0x00,0x00,  //0xe3a0~0xe3af      ................
0x00,0x00,0x00,0x00,0x00,0x00,0x00,0x00,0x00,0x00,0x00,0x00,0x00,0x00,0x00,0x00,  //0xe3b0~0xe3bf      ................
0x00,0x00,0x00,0x00,0x00,0x00,0x00,0x00,0x00,0x00,0x00,0x00,0x00,0x00,0x00,0x00,  //0xe3c0~0xe3cf      ................
0x00,0x00,0x00,0x00,0x00,0x00,0x00,0x00,0x00,0x00,0x00,0x00,0x00,0x00,0x00,0x00,  //0xe3d0~0xe3df      ................
0x00,0x00,0x00,0x00,0x00,0x00,0x00,0x00,0x00,0x00,0x00,0x00,0x00,0x00,0x00,0x00,  //0xe3e0~0xe3ef      ................
0x00,0x00,0x00,0x00,0x00,0x00,0x00,0x00,0x00,0x00,0x00,0x00,0x00,0x00,0x00,0x00,  //0xe3f0~0xe3ff      ................
0x00,0x00,0x00,0x00,0x00,0x00,0x00,0x00,0x00,0x00,0x00,0x00,0x00,0x00,0x00,0x00,  //0xe400~0xe40f      ................
0x00,0x00,0x00,0x00,0x00,0x00,0x00,0x00,0x00,0x00,0x00,0x00,0x00,0x00,0x00,0x00,  //0xe410~0xe41f      ................
0x00,0x00,0x00,0x00,0x00,0x00,0x00,0x00,0x00,0x00,0x00,0x00,0x00,0x00,0x00,0x00,  //0xe420~0xe42f      ................
0x00,0x00,0x00,0x00,0x00,0x00,0x00,0x00,0x00,0x00,0x00,0x00,0x00,0x00,0x00,0x00,  //0xe430~0xe43f      ................
0x00,0x00,0x00,0x00,0x00,0x00,0x00,0x00,0x00,0x00,0x00,0x00,0x00,0x00,0x00,0x00,  //0xe440~0xe44f      ................
0x00,0x00,0x00,0x00,0x00,0x00,0x00,0x00,0x00,0x00,0x00,0x00,0x00,0x00,0x00,0x00,  //0xe450~0xe45f      ................
0x00,0x00,0x00,0x00,0x00,0x00,0x00,0x00,0x00,0x00,0x00,0x00,0x00,0x00,0x00,0x00,  //0xe460~0xe46f      ................
0x00,0x00,0x00,0x00,0x00,0x00,0x00,0x00,0x00,0x00,0x00,0x00,0x00,0x00,0x00,0x00,  //0xe470~0xe47f      ................
0x00,0x00,0x00,0x00,0x00,0x00,0x00,0x00,0x00,0x00,0x00,0x00,0x00,0x00,0x00,0x00,  //0xe480~0xe48f      ................
0x00,0x00,0x00,0x00,0x00,0x00,0x00,0x00,0x00,0x00,0x00,0x00,0x00,0x00,0x00,0x00,  //0xe490~0xe49f      ................
0x00,0x00,0x00,0x00,0x00,0x00,0x00,0x00,0x00,0x00,0x00,0x00,0x00,0x00,0x00,0x00,  //0xe4a0~0xe4af      ................
0x00,0x00,0x00,0x00,0x00,0x00,0x00,0x00,0x00,0x00,0x00,0x00,0x00,0x00,0x00,0x00,  //0xe4b0~0xe4bf      ................
0x00,0x00,0x00,0x00,0x00,0x00,0x00,0x00,0x00,0x00,0x00,0x00,0x00,0x00,0x00,0x00,  //0xe4c0~0xe4cf      ................
0x00,0x00,0x00,0x00,0x00,0x00,0x00,0x00,0x00,0x00,0x00,0x00,0x00,0x00,0x00,0x00,  //0xe4d0~0xe4df      ................
0x00,0x00,0x00,0x00,0x00,0x00,0x00,0x00,0x00,0x00,0x00,0x00,0x00,0x00,0x00,0x00,  //0xe4e0~0xe4ef      ................
0x00,0x00,0x00,0x00,0x00,0x00,0x00,0x00,0x00,0x00,0x00,0x00,0x00,0x00,0x00,0x00,  //0xe4f0~0xe4ff      ................
0x00,0x00,0x00,0x00,0x00,0x00,0x00,0x00,0x00,0x00,0x00,0x00,0x00,0x00,0x00,0x00,  //0xe500~0xe50f      ................
0x00,0x00,0x00,0x00,0x00,0x00,0x00,0x00,0x00,0x00,0x00,0x00,0x00,0x00,0x00,0x00,  //0xe510~0xe51f      ................
0x00,0x00,0x00,0x00,0x00,0x00,0x00,0x00,0x00,0x00,0x00,0x00,0x00,0x00,0x00,0x00,  //0xe520~0xe52f      ................
0x00,0x00,0x00,0x00,0x00,0x00,0x00,0x00,0x00,0x00,0x00,0x00,0x00,0x00,0x00,0x00,  //0xe530~0xe53f      ................
0x00,0x00,0x00,0x00,0x00,0x00,0x00,0x00,0x00,0x00,0x00,0x00,0x00,0x00,0x00,0x00,  //0xe540~0xe54f      ................
0x00,0x00,0x00,0x00,0x00,0x00,0x00,0x00,0x00,0x00,0x00,0x00,0x00,0x00,0x00,0x00,  //0xe550~0xe55f      ................
0x00,0x00,0x00,0x00,0x00,0x00,0x00,0x00,0x00,0x00,0x00,0x00,0x00,0x00,0x00,0x00,  //0xe560~0xe56f      ................
0x00,0x00,0x00,0x00,0x00,0x00,0x00,0x00,0x00,0x00,0x00,0x00,0x00,0x00,0x00,0x00,  //0xe570~0xe57f      ................
0x00,0x00,0x00,0x00,0x00,0x00,0x00,0x00,0x00,0x00,0x00,0x00,0x00,0x00,0x00,0x00,  //0xe580~0xe58f      ................
0x00,0x00,0x00,0x00,0x00,0x00,0x00,0x00,0x00,0x00,0x00,0x00,0x00,0x00,0x00,0x00,  //0xe590~0xe59f      ................
0x00,0x00,0x00,0x00,0x00,0x00,0x00,0x00,0x00,0x00,0x00,0x00,0x00,0x00,0x00,0x00,  //0xe5a0~0xe5af      ................
0x00,0x00,0x00,0x00,0x00,0x00,0x00,0x00,0x00,0x00,0x00,0x00,0x00,0x00,0x00,0x00,  //0xe5b0~0xe5bf      ................
0x00,0x00,0x00,0x00,0x00,0x00,0x00,0x00,0x00,0x00,0x00,0x00,0x00,0x00,0x00,0x00,  //0xe5c0~0xe5cf      ................
0x00,0x00,0x00,0x00,0x00,0x00,0x00,0x00,0x00,0x00,0x00,0x00,0x00,0x00,0x00,0x00,  //0xe5d0~0xe5df      ................
0x00,0x00,0x00,0x00,0x00,0x00,0x00,0x00,0x00,0x00,0x00,0x00,0x00,0x00,0x00,0x00,  //0xe5e0~0xe5ef      ................
0x00,0x00,0x00,0x00,0x00,0x00,0x00,0x00,0x00,0x00,0x00,0x00,0x00,0x00,0x00,0x00,  //0xe5f0~0xe5ff      ................
0x00,0x00,0x00,0x00,0x00,0x00,0x00,0x00,0x00,0x00,0x00,0x00,0x00,0x00,0x00,0x00,  //0xe600~0xe60f      ................
0x00,0x00,0x00,0x00,0x00,0x00,0x00,0x00,0x00,0x00,0x00,0x00,0x00,0x00,0x00,0x00,  //0xe610~0xe61f      ................
0x00,0x00,0x00,0x00,0x00,0x00,0x00,0x00,0x00,0x00,0x00,0x00,0x00,0x00,0x00,0x00,  //0xe620~0xe62f      ................
0x00,0x00,0x00,0x00,0x00,0x00,0x00,0x00,0x00,0x00,0x00,0x00,0x00,0x00,0x00,0x00,  //0xe630~0xe63f      ................
0x00,0x00,0x00,0x00,0x00,0x00,0x00,0x00,0x00,0x00,0x00,0x00,0x00,0x00,0x00,0x00,  //0xe640~0xe64f      ................
0x00,0x00,0x00,0x00,0x00,0x00,0x00,0x00,0x00,0x00,0x00,0x00,0x00,0x00,0x00,0x00,  //0xe650~0xe65f      ................
0x00,0x00,0x00,0x00,0x00,0x00,0x00,0x00,0x00,0x00,0x00,0x00,0x00,0x00,0x00,0x00,  //0xe660~0xe66f      ................
0x00,0x00,0x00,0x00,0x00,0x00,0x00,0x00,0x00,0x00,0x00,0x00,0x00,0x00,0x00,0x00,  //0xe670~0xe67f      ................
0x00,0x00,0x00,0x00,0x00,0x00,0x00,0x00,0x00,0x00,0x00,0x00,0x00,0x00,0x00,0x00,  //0xe680~0xe68f      ................
0x00,0x00,0x00,0x00,0x00,0x00,0x00,0x00,0x00,0x00,0x00,0x00,0x00,0x00,0x00,0x00,  //0xe690~0xe69f      ................
0x00,0x00,0x00,0x00,0x00,0x00,0x00,0x00,0x00,0x00,0x00,0x00,0x00,0x00,0x00,0x00,  //0xe6a0~0xe6af      ................
0x00,0x00,0x00,0x00,0x00,0x00,0x00,0x00,0x00,0x00,0x00,0x00,0x00,0x00,0x00,0x00,  //0xe6b0~0xe6bf      ................
0x00,0x00,0x00,0x00,0x00,0x00,0x00,0x00,0x00,0x00,0x00,0x00,0x00,0x00,0x00,0x00,  //0xe6c0~0xe6cf      ................
0x00,0x00,0x00,0x00,0x00,0x00,0x00,0x00,0x00,0x00,0x00,0x00,0x00,0x00,0x00,0x00,  //0xe6d0~0xe6df      ................
0x00,0x00,0x00,0x00,0x00,0x00,0x00,0x00,0x00,0x00,0x00,0x00,0x00,0x00,0x00,0x00,  //0xe6e0~0xe6ef      ................
0x00,0x00,0x00,0x00,0x00,0x00,0x00,0x00,0x00,0x00,0x00,0x00,0x00,0x00,0x00,0x00,  //0xe6f0~0xe6ff      ................
0x00,0x00,0x00,0x00,0x00,0x00,0x00,0x00,0x00,0x00,0x00,0x00,0x00,0x00,0x00,0x00,  //0xe700~0xe70f      ................
0x00,0x00,0x00,0x00,0x00,0x00,0x00,0x00,0x00,0x00,0x00,0x00,0x00,0x00,0x00,0x00,  //0xe710~0xe71f      ................
0x00,0x00,0x00,0x00,0x00,0x00,0x00,0x00,0x00,0x00,0x00,0x00,0x00,0x00,0x00,0x00,  //0xe720~0xe72f      ................
0x00,0x00,0x00,0x00,0x00,0x00,0x00,0x00,0x00,0x00,0x00,0x00,0x00,0x00,0x00,0x00,  //0xe730~0xe73f      ................
0x00,0x00,0x00,0x00,0x00,0x00,0x00,0x00,0x00,0x00,0x00,0x00,0x00,0x00,0x00,0x00,  //0xe740~0xe74f      ................
0x00,0x00,0x00,0x00,0x00,0x00,0x00,0x00,0x00,0x00,0x00,0x00,0x00,0x00,0x00,0x00,  //0xe750~0xe75f      ................
0x00,0x00,0x00,0x00,0x00,0x00,0x00,0x00,0x00,0x00,0x00,0x00,0x00,0x00,0x00,0x00,  //0xe760~0xe76f      ................
0x00,0x00,0x00,0x00,0x00,0x00,0x00,0x00,0x00,0x00,0x00,0x00,0x00,0x00,0x00,0x00,  //0xe770~0xe77f      ................
0x00,0x00,0x00,0x00,0x00,0x00,0x00,0x00,0x00,0x00,0x00,0x00,0x00,0x00,0x00,0x00,  //0xe780~0xe78f      ................
0x00,0x00,0x00,0x00,0x00,0x00,0x00,0x00,0x00,0x00,0x00,0x00,0x00,0x00,0x00,0x00,  //0xe790~0xe79f      ................
0x00,0x00,0x00,0x00,0x00,0x00,0x00,0x00,0x00,0x00,0x00,0x00,0x00,0x00,0x00,0x00,  //0xe7a0~0xe7af      ................
0x00,0x00,0x00,0x00,0x00,0x00,0x00,0x00,0x00,0x00,0x00,0x00,0x00,0x00,0x00,0x00,  //0xe7b0~0xe7bf      ................
0x00,0x00,0x00,0x00,0x00,0x00,0x00,0x00,0x00,0x00,0x00,0x00,0x00,0x00,0x00,0x00,  //0xe7c0~0xe7cf      ................
0x00,0x00,0x00,0x00,0x00,0x00,0x00,0x00,0x00,0x00,0x00,0x00,0x00,0x00,0x00,0x00,  //0xe7d0~0xe7df      ................
0x00,0x00,0x00,0x00,0x00,0x00,0x00,0x00,0x00,0x00,0x00,0x00,0x00,0x00,0x00,0x00,  //0xe7e0~0xe7ef      ................
0x00,0x00,0x00,0x00,0x00,0x00,0x00,0x00,0x00,0x00,0x00,0x00,0x00,0x00,0x00,0x00,  //0xe7f0~0xe7ff      ................
0x00,0x00,0x00,0x00,0x00,0x00,0x00,0x00,0x00,0x00,0x00,0x00,0x00,0x00,0x00,0x00,  //0xe800~0xe80f      ................
0x00,0x00,0x00,0x00,0x00,0x00,0x00,0x00,0x00,0x00,0x00,0x00,0x00,0x00,0x00,0x00,  //0xe810~0xe81f      ................
0x00,0x00,0x00,0x00,0x00,0x00,0x00,0x00,0x00,0x00,0x00,0x00,0x00,0x00,0x00,0x00,  //0xe820~0xe82f      ................
0x00,0x00,0x00,0x00,0x00,0x00,0x00,0x00,0x00,0x00,0x00,0x00,0x00,0x00,0x00,0x00,  //0xe830~0xe83f      ................
0x00,0x00,0x00,0x00,0x00,0x00,0x00,0x00,0x00,0x00,0x00,0x00,0x00,0x00,0x00,0x00,  //0xe840~0xe84f      ................
0x00,0x00,0x00,0x00,0x00,0x00,0x00,0x00,0x00,0x00,0x00,0x00,0x00,0x00,0x00,0x00,  //0xe850~0xe85f      ................
0x00,0x00,0x00,0x00,0x00,0x00,0x00,0x00,0x00,0x00,0x00,0x00,0x00,0x00,0x00,0x00,  //0xe860~0xe86f      ................
0x00,0x00,0x00,0x00,0x00,0x00,0x00,0x00,0x00,0x00,0x00,0x00,0x00,0x00,0x00,0x00,  //0xe870~0xe87f      ................
0x00,0x00,0x00,0x00,0x00,0x00,0x00,0x00,0x00,0x00,0x00,0x00,0x00,0x00,0x00,0x00,  //0xe880~0xe88f      ................
0x00,0x00,0x00,0x00,0x00,0x00,0x00,0x00,0x00,0x00,0x00,0x00,0x00,0x00,0x00,0x00,  //0xe890~0xe89f      ................
0x00,0x00,0x00,0x00,0x00,0x00,0x00,0x00,0x00,0x00,0x00,0x00,0x00,0x00,0x00,0x00,  //0xe8a0~0xe8af      ................
0x00,0x00,0x00,0x00,0x00,0x00,0x00,0x00,0x00,0x00,0x00,0x00,0x00,0x00,0x00,0x00,  //0xe8b0~0xe8bf      ................
0x00,0x00,0x00,0x00,0x00,0x00,0x00,0x00,0x00,0x00,0x00,0x00,0x00,0x00,0x00,0x00,  //0xe8c0~0xe8cf      ................
0x00,0x00,0x00,0x00,0x00,0x00,0x00,0x00,0x00,0x00,0x00,0x00,0x00,0x00,0x00,0x00,  //0xe8d0~0xe8df      ................
0x00,0x00,0x00,0x00,0x00,0x00,0x00,0x00,0x00,0x00,0x00,0x00,0x00,0x00,0x00,0x00,  //0xe8e0~0xe8ef      ................
0x00,0x00,0x00,0x00,0x00,0x00,0x00,0x00,0x00,0x00,0x00,0x00,0x00,0x00,0x00,0x00,  //0xe8f0~0xe8ff      ................
0x00,0x00,0x00,0x00,0x00,0x00,0x00,0x00,0x00,0x00,0x00,0x00,0x00,0x00,0x00,0x00,  //0xe900~0xe90f      ................
0x00,0x00,0x00,0x00,0x00,0x00,0x00,0x00,0x00,0x00,0x00,0x00,0x00,0x00,0x00,0x00,  //0xe910~0xe91f      ................
0x00,0x00,0x00,0x00,0x00,0x00,0x00,0x00,0x00,0x00,0x00,0x00,0x00,0x00,0x00,0x00,  //0xe920~0xe92f      ................
0x00,0x00,0x00,0x00,0x00,0x00,0x00,0x00,0x00,0x00,0x00,0x00,0x00,0x00,0x00,0x00,  //0xe930~0xe93f      ................
0x00,0x00,0x00,0x00,0x00,0x00,0x00,0x00,0x00,0x00,0x00,0x00,0x00,0x00,0x00,0x00,  //0xe940~0xe94f      ................
0x00,0x00,0x00,0x00,0x00,0x00,0x00,0x00,0x00,0x00,0x00,0x00,0x00,0x00,0x00,0x00,  //0xe950~0xe95f      ................
0x00,0x00,0x00,0x00,0x00,0x00,0x00,0x00,0x00,0x00,0x00,0x00,0x00,0x00,0x00,0x00,  //0xe960~0xe96f      ................
0x00,0x00,0x00,0x00,0x00,0x00,0x00,0x00,0x00,0x00,0x00,0x00,0x00,0x00,0x00,0x00,  //0xe970~0xe97f      ................
0x00,0x00,0x00,0x00,0x00,0x00,0x00,0x00,0x00,0x00,0x00,0x00,0x00,0x00,0x00,0x00,  //0xe980~0xe98f      ................
0x00,0x00,0x00,0x00,0x00,0x00,0x00,0x00,0x00,0x00,0x00,0x00,0x00,0x00,0x00,0x00,  //0xe990~0xe99f      ................
0x00,0x00,0x00,0x00,0x00,0x00,0x00,0x00,0x00,0x00,0x00,0x00,0x00,0x00,0x00,0x00,  //0xe9a0~0xe9af      ................
0x00,0x00,0x00,0x00,0x00,0x00,0x00,0x00,0x00,0x00,0x00,0x00,0x00,0x00,0x00,0x00,  //0xe9b0~0xe9bf      ................
0x00,0x00,0x00,0x00,0x00,0x00,0x00,0x00,0x00,0x00,0x00,0x00,0x00,0x00,0x00,0x00,  //0xe9c0~0xe9cf      ................
0x00,0x00,0x00,0x00,0x00,0x00,0x00,0x00,0x00,0x00,0x00,0x00,0x00,0x00,0x00,0x00,  //0xe9d0~0xe9df      ................
0x00,0x00,0x00,0x00,0x00,0x00,0x00,0x00,0x00,0x00,0x00,0x00,0x00,0x00,0x00,0x00,  //0xe9e0~0xe9ef      ................
0x00,0x00,0x00,0x00,0x00,0x00,0x00,0x00,0x00,0x00,0x00,0x00,0x00,0x00,0x00,0x00,  //0xe9f0~0xe9ff      ................
0x00,0x00,0x00,0x00,0x00,0x00,0x00,0x00,0x00,0x00,0x00,0x00,0x00,0x00,0x00,0x00,  //0xea00~0xea0f      ................
0x00,0x00,0x00,0x00,0x00,0x00,0x00,0x00,0x00,0x00,0x00,0x00,0x00,0x00,0x00,0x00,  //0xea10~0xea1f      ................
0x00,0x00,0x00,0x00,0x00,0x00,0x00,0x00,0x00,0x00,0x00,0x00,0x00,0x00,0x00,0x00,  //0xea20~0xea2f      ................
0x00,0x00,0x00,0x00,0x00,0x00,0x00,0x00,0x00,0x00,0x00,0x00,0x00,0x00,0x00,0x00,  //0xea30~0xea3f      ................
0x00,0x00,0x00,0x00,0x00,0x00,0x00,0x00,0x00,0x00,0x00,0x00,0x00,0x00,0x00,0x00,  //0xea40~0xea4f      ................
0x00,0x00,0x00,0x00,0x00,0x00,0x00,0x00,0x00,0x00,0x00,0x00,0x00,0x00,0x00,0x00,  //0xea50~0xea5f      ................
0x00,0x00,0x00,0x00,0x00,0x00,0x00,0x00,0x00,0x00,0x00,0x00,0x00,0x00,0x00,0x00,  //0xea60~0xea6f      ................
0x00,0x00,0x00,0x00,0x00,0x00,0x00,0x00,0x00,0x00,0x00,0x00,0x00,0x00,0x00,0x00,  //0xea70~0xea7f      ................
0x00,0x00,0x00,0x00,0x00,0x00,0x00,0x00,0x00,0x00,0x00,0x00,0x00,0x00,0x00,0x00,  //0xea80~0xea8f      ................
0x00,0x00,0x00,0x00,0x00,0x00,0x00,0x00,0x00,0x00,0x00,0x00,0x00,0x00,0x00,0x00,  //0xea90~0xea9f      ................
0x00,0x00,0x00,0x00,0x00,0x00,0x00,0x00,0x00,0x00,0x00,0x00,0x00,0x00,0x00,0x00,  //0xeaa0~0xeaaf      ................
0x00,0x00,0x00,0x00,0x00,0x00,0x00,0x00,0x00,0x00,0x00,0x00,0x00,0x00,0x00,0x00,  //0xeab0~0xeabf      ................
0x00,0x00,0x00,0x00,0x00,0x00,0x00,0x00,0x00,0x00,0x00,0x00,0x00,0x00,0x00,0x00,  //0xeac0~0xeacf      ................
0x00,0x00,0x00,0x00,0x00,0x00,0x00,0x00,0x00,0x00,0x00,0x00,0x00,0x00,0x00,0x00,  //0xead0~0xeadf      ................
0x00,0x00,0x00,0x00,0x00,0x00,0x00,0x00,0x00,0x00,0x00,0x00,0x00,0x00,0x00,0x00,  //0xeae0~0xeaef      ................
0x00,0x00,0x00,0x00,0x00,0x00,0x00,0x00,0x00,0x00,0x00,0x00,0x00,0x00,0x00,0x00,  //0xeaf0~0xeaff      ................
0x00,0x00,0x00,0x00,0x00,0x00,0x00,0x00,0x00,0x00,0x00,0x00,0x00,0x00,0x00,0x00,  //0xeb00~0xeb0f      ................
0x00,0x00,0x00,0x00,0x00,0x00,0x00,0x00,0x00,0x00,0x00,0x00,0x00,0x00,0x00,0x00,  //0xeb10~0xeb1f      ................
0x00,0x00,0x00,0x00,0x00,0x00,0x00,0x00,0x00,0x00,0x00,0x00,0x00,0x00,0x00,0x00,  //0xeb20~0xeb2f      ................
0x00,0x00,0x00,0x00,0x00,0x00,0x00,0x00,0x00,0x00,0x00,0x00,0x00,0x00,0x00,0x00,  //0xeb30~0xeb3f      ................
0x00,0x00,0x00,0x00,0x00,0x00,0x00,0x00,0x00,0x00,0x00,0x00,0x00,0x00,0x00,0x00,  //0xeb40~0xeb4f      ................
0x00,0x00,0x00,0x00,0x00,0x00,0x00,0x00,0x00,0x00,0x00,0x00,0x00,0x00,0x00,0x00,  //0xeb50~0xeb5f      ................
0x00,0x00,0x00,0x00,0x00,0x00,0x00,0x00,0x00,0x00,0x00,0x00,0x00,0x00,0x00,0x00,  //0xeb60~0xeb6f      ................
0x00,0x00,0x00,0x00,0x00,0x00,0x00,0x00,0x00,0x00,0x00,0x00,0x00,0x00,0x00,0x00,  //0xeb70~0xeb7f      ................
0x00,0x00,0x00,0x00,0x00,0x00,0x00,0x00,0x00,0x00,0x00,0x00,0x00,0x00,0x00,0x00,  //0xeb80~0xeb8f      ................
0x00,0x00,0x00,0x00,0x00,0x00,0x00,0x00,0x00,0x00,0x00,0x00,0x00,0x00,0x00,0x00,  //0xeb90~0xeb9f      ................
0x00,0x00,0x00,0x00,0x00,0x00,0x00,0x00,0x00,0x00,0x00,0x00,0x00,0x00,0x00,0x00,  //0xeba0~0xebaf      ................
0x00,0x00,0x00,0x00,0x00,0x00,0x00,0x00,0x00,0x00,0x00,0x00,0x00,0x00,0x00,0x00,  //0xebb0~0xebbf      ................
0x00,0x00,0x00,0x00,0x00,0x00,0x00,0x00,0x00,0x00,0x00,0x00,0x00,0x00,0x00,0x00,  //0xebc0~0xebcf      ................
0x00,0x00,0x00,0x00,0x00,0x00,0x00,0x00,0x00,0x00,0x00,0x00,0x00,0x00,0x00,0x00,  //0xebd0~0xebdf      ................
0x00,0x00,0x00,0x00,0x00,0x00,0x00,0x00,0x00,0x00,0x00,0x00,0x00,0x00,0x00,0x00,  //0xebe0~0xebef      ................
0x00,0x00,0x00,0x00,0x00,0x00,0x00,0x00,0x00,0x00,0x00,0x00,0x00,0x00,0x00,0x00,  //0xebf0~0xebff      ................
0x00,0x00,0x00,0x00,0x00,0x00,0x00,0x00,0x00,0x00,0x00,0x00,0x00,0x00,0x00,0x00,  //0xec00~0xec0f      ................
0x00,0x00,0x00,0x00,0x00,0x00,0x00,0x00,0x00,0x00,0x00,0x00,0x00,0x00,0x00,0x00,  //0xec10~0xec1f      ................
0x00,0x00,0x00,0x00,0x00,0x00,0x00,0x00,0x00,0x00,0x00,0x00,0x00,0x00,0x00,0x00,  //0xec20~0xec2f      ................
0x00,0x00,0x00,0x00,0x00,0x00,0x00,0x00,0x00,0x00,0x00,0x00,0x00,0x00,0x00,0x00,  //0xec30~0xec3f      ................
0x00,0x00,0x00,0x00,0x00,0x00,0x00,0x00,0x00,0x00,0x00,0x00,0x00,0x00,0x00,0x00,  //0xec40~0xec4f      ................
0x00,0x00,0x00,0x00,0x00,0x00,0x00,0x00,0x00,0x00,0x00,0x00,0x00,0x00,0x00,0x00,  //0xec50~0xec5f      ................
0x00,0x00,0x00,0x00,0x00,0x00,0x00,0x00,0x00,0x00,0x00,0x00,0x00,0x00,0x00,0x00,  //0xec60~0xec6f      ................
0x00,0x00,0x00,0x00,0x00,0x00,0x00,0x00,0x00,0x00,0x00,0x00,0x00,0x00,0x00,0x00,  //0xec70~0xec7f      ................
0x00,0x00,0x00,0x00,0x00,0x00,0x00,0x00,0x00,0x00,0x00,0x00,0x00,0x00,0x00,0x00,  //0xec80~0xec8f      ................
0x00,0x00,0x00,0x00,0x00,0x00,0x00,0x00,0x00,0x00,0x00,0x00,0x00,0x00,0x00,0x00,  //0xec90~0xec9f      ................
0x00,0x00,0x00,0x00,0x00,0x00,0x00,0x00,0x00,0x00,0x00,0x00,0x00,0x00,0x00,0x00,  //0xeca0~0xecaf      ................
0x00,0x00,0x00,0x00,0x00,0x00,0x00,0x00,0x00,0x00,0x00,0x00,0x00,0x00,0x00,0x00,  //0xecb0~0xecbf      ................
0x00,0x00,0x00,0x00,0x00,0x00,0x00,0x00,0x00,0x00,0x00,0x00,0x00,0x00,0x00,0x00,  //0xecc0~0xeccf      ................
0x00,0x00,0x00,0x00,0x00,0x00,0x00,0x00,0x00,0x00,0x00,0x00,0x00,0x00,0x00,0x00,  //0xecd0~0xecdf      ................
0x00,0x00,0x00,0x00,0x00,0x00,0x00,0x00,0x00,0x00,0x00,0x00,0x00,0x00,0x00,0x00,  //0xece0~0xecef      ................
0x00,0x00,0x00,0x00,0x00,0x00,0x00,0x00,0x00,0x00,0x00,0x00,0x00,0x00,0x00,0x00,  //0xecf0~0xecff      ................
0x00,0x00,0x00,0x00,0x00,0x00,0x00,0x00,0x00,0x00,0x00,0x00,0x00,0x00,0x00,0x00,  //0xed00~0xed0f      ................
0x00,0x00,0x00,0x00,0x00,0x00,0x00,0x00,0x00,0x00,0x00,0x00,0x00,0x00,0x00,0x00,  //0xed10~0xed1f      ................
0x00,0x00,0x00,0x00,0x00,0x00,0x00,0x00,0x00,0x00,0x00,0x00,0x00,0x00,0x00,0x00,  //0xed20~0xed2f      ................
0x00,0x00,0x00,0x00,0x00,0x00,0x00,0x00,0x00,0x00,0x00,0x00,0x00,0x00,0x00,0x00,  //0xed30~0xed3f      ................
0x00,0x00,0x00,0x00,0x00,0x00,0x00,0x00,0x00,0x00,0x00,0x00,0x00,0x00,0x00,0x00,  //0xed40~0xed4f      ................
0x00,0x00,0x00,0x00,0x00,0x00,0x00,0x00,0x00,0x00,0x00,0x00,0x00,0x00,0x00,0x00,  //0xed50~0xed5f      ................
0x00,0x00,0x00,0x00,0x00,0x00,0x00,0x00,0x00,0x00,0x00,0x00,0x00,0x00,0x00,0x00,  //0xed60~0xed6f      ................
0x00,0x00,0x00,0x00,0x00,0x00,0x00,0x00,0x00,0x00,0x00,0x00,0x00,0x00,0x00,0x00,  //0xed70~0xed7f      ................
0x00,0x00,0x00,0x00,0x00,0x00,0x00,0x00,0x00,0x00,0x00,0x00,0x00,0x00,0x00,0x00,  //0xed80~0xed8f      ................
0x00,0x00,0x00,0x00,0x00,0x00,0x00,0x00,0x00,0x00,0x00,0x00,0x00,0x00,0x00,0x00,  //0xed90~0xed9f      ................
0x00,0x00,0x00,0x00,0x00,0x00,0x00,0x00,0x00,0x00,0x00,0x00,0x00,0x00,0x00,0x00,  //0xeda0~0xedaf      ................
0x00,0x00,0x00,0x00,0x00,0x00,0x00,0x00,0x00,0x00,0x00,0x00,0x00,0x00,0x00,0x00,  //0xedb0~0xedbf      ................
0x00,0x00,0x00,0x00,0x00,0x00,0x00,0x00,0x00,0x00,0x00,0x00,0x00,0x00,0x00,0x00,  //0xedc0~0xedcf      ................
0x00,0x00,0x00,0x00,0x00,0x00,0x00,0x00,0x00,0x00,0x00,0x00,0x00,0x00,0x00,0x00,  //0xedd0~0xeddf      ................
0x00,0x00,0x00,0x00,0x00,0x00,0x00,0x00,0x00,0x00,0x00,0x00,0x00,0x00,0x00,0x00,  //0xede0~0xedef      ................
0x00,0x00,0x00,0x00,0x00,0x00,0x00,0x00,0x00,0x00,0x00,0x00,0x00,0x00,0x00,0x00,  //0xedf0~0xedff      ................
0x00,0x00,0x00,0x00,0x00,0x00,0x00,0x00,0x00,0x00,0x00,0x00,0x00,0x00,0x00,0x00,  //0xee00~0xee0f      ................
0x00,0x00,0x00,0x00,0x00,0x00,0x00,0x00,0x00,0x00,0x00,0x00,0x00,0x00,0x00,0x00,  //0xee10~0xee1f      ................
0x00,0x00,0x00,0x00,0x00,0x00,0x00,0x00,0x00,0x00,0x00,0x00,0x00,0x00,0x00,0x00,  //0xee20~0xee2f      ................
0x00,0x00,0x00,0x00,0x00,0x00,0x00,0x00,0x00,0x00,0x00,0x00,0x00,0x00,0x00,0x00,  //0xee30~0xee3f      ................
0x00,0x00,0x00,0x00,0x00,0x00,0x00,0x00,0x00,0x00,0x00,0x00,0x00,0x00,0x00,0x00,  //0xee40~0xee4f      ................
0x00,0x00,0x00,0x00,0x00,0x00,0x00,0x00,0x00,0x00,0x00,0x00,0x00,0x00,0x00,0x00,  //0xee50~0xee5f      ................
0x00,0x00,0x00,0x00,0x00,0x00,0x00,0x00,0x00,0x00,0x00,0x00,0x00,0x00,0x00,0x00,  //0xee60~0xee6f      ................
0x00,0x00,0x00,0x00,0x00,0x00,0x00,0x00,0x00,0x00,0x00,0x00,0x00,0x00,0x00,0x00,  //0xee70~0xee7f      ................
0x00,0x00,0x00,0x00,0x00,0x00,0x00,0x00,0x00,0x00,0x00,0x00,0x00,0x00,0x00,0x00,  //0xee80~0xee8f      ................
0x00,0x00,0x00,0x00,0x00,0x00,0x00,0x00,0x00,0x00,0x00,0x00,0x00,0x00,0x00,0x00,  //0xee90~0xee9f      ................
0x00,0x00,0x00,0x00,0x00,0x00,0x00,0x00,0x00,0x00,0x00,0x00,0x00,0x00,0x00,0x00,  //0xeea0~0xeeaf      ................
0x00,0x00,0x00,0x00,0x00,0x00,0x00,0x00,0x00,0x00,0x00,0x00,0x00,0x00,0x00,0x00,  //0xeeb0~0xeebf      ................
0x00,0x00,0x00,0x00,0x00,0x00,0x00,0x00,0x00,0x00,0x00,0x00,0x00,0x00,0x00,0x00,  //0xeec0~0xeecf      ................
0x00,0x00,0x00,0x00,0x00,0x00,0x00,0x00,0x00,0x00,0x00,0x00,0x00,0x00,0x00,0x00,  //0xeed0~0xeedf      ................
0x00,0x00,0x00,0x00,0x00,0x00,0x00,0x00,0x00,0x00,0x00,0x00,0x00,0x00,0x00,0x00,  //0xeee0~0xeeef      ................
0x00,0x00,0x00,0x00,0x00,0x00,0x00,0x00,0x00,0x00,0x00,0x00,0x00,0x00,0x00,0x00,  //0xeef0~0xeeff      ................
0x00,0x00,0x00,0x00,0x00,0x00,0x00,0x00,0x00,0x00,0x00,0x00,0x00,0x00,0x00,0x00,  //0xef00~0xef0f      ................
0x00,0x00,0x00,0x00,0x00,0x00,0x00,0x00,0x00,0x00,0x00,0x00,0x00,0x00,0x00,0x00,  //0xef10~0xef1f      ................
0x00,0x00,0x00,0x00,0x00,0x00,0x00,0x00,0x00,0x00,0x00,0x00,0x00,0x00,0x00,0x00,  //0xef20~0xef2f      ................
0x00,0x00,0x00,0x00,0x00,0x00,0x00,0x00,0x00,0x00,0x00,0x00,0x00,0x00,0x00,0x00,  //0xef30~0xef3f      ................
0x00,0x00,0x00,0x00,0x00,0x00,0x00,0x00,0x00,0x00,0x00,0x00,0x00,0x00,0x00,0x00,  //0xef40~0xef4f      ................
0x00,0x00,0x00,0x00,0x00,0x00,0x00,0x00,0x00,0x00,0x00,0x00,0x00,0x00,0x00,0x00,  //0xef50~0xef5f      ................
0x00,0x00,0x00,0x00,0x00,0x00,0x00,0x00,0x00,0x00,0x00,0x00,0x00,0x00,0x00,0x00,  //0xef60~0xef6f      ................
0x00,0x00,0x00,0x00,0x00,0x00,0x00,0x00,0x00,0x00,0x00,0x00,0x00,0x00,0x00,0x00,  //0xef70~0xef7f      ................
0x00,0x00,0x00,0x00,0x00,0x00,0x00,0x00,0x00,0x00,0x00,0x00,0x00,0x00,0x00,0x00,  //0xef80~0xef8f      ................
0x00,0x00,0x00,0x00,0x00,0x00,0x00,0x00,0x00,0x00,0x00,0x00,0x00,0x00,0x00,0x00,  //0xef90~0xef9f      ................
0x00,0x00,0x00,0x00,0x00,0x00,0x00,0x00,0x00,0x00,0x00,0x00,0x00,0x00,0x00,0x00,  //0xefa0~0xefaf      ................
0x00,0x00,0x00,0x00,0x00,0x00,0x00,0x00,0x00,0x00,0x00,0x00,0x00,0x00,0x00,0x00,  //0xefb0~0xefbf      ................
0x00,0x00,0x00,0x00,0x00,0x00,0x00,0x00,0x00,0x00,0x00,0x00,0x00,0x00,0x00,0x00,  //0xefc0~0xefcf      ................
0x00,0x00,0x00,0x00,0x00,0x00,0x00,0x00,0x00,0x00,0x00,0x00,0x00,0x00,0x00,0x00,  //0xefd0~0xefdf      ................
0x00,0x00,0x00,0x00,0x00,0x00,0x00,0x00,0x00,0x00,0x00,0x00,0x00,0x00,0x00,0x00,  //0xefe0~0xefef      ................
0x00,0x00,0x00,0x00,0x00,0x00,0x00,0x00,0x00,0x00,0x00,0x00,0x00,0x00,0x00,0x00,  //0xeff0~0xefff      ................
0x00,0x00,0x00,0x00,0x00,0x00,0x00,0x00,0x00,0x00,0x00,0x00,0x00,0x00,0x00,0x00,  //0xf000~0xf00f      ................
0x00,0x00,0x00,0x00,0x00,0x00,0x00,0x00,0x00,0x00,0x00,0x00,0x00,0x00,0x00,0x00,  //0xf010~0xf01f      ................
0x00,0x00,0x00,0x00,0x00,0x00,0x00,0x00,0x00,0x00,0x00,0x00,0x00,0x00,0x00,0x00,  //0xf020~0xf02f      ................
0x00,0x00,0x00,0x00,0x00,0x00,0x00,0x00,0x00,0x00,0x00,0x00,0x00,0x00,0x00,0x00,  //0xf030~0xf03f      ................
0x00,0x00,0x00,0x00,0x00,0x00,0x00,0x00,0x00,0x00,0x00,0x00,0x00,0x00,0x00,0x00,  //0xf040~0xf04f      ................
0x00,0x00,0x00,0x00,0x00,0x00,0x00,0x00,0x00,0x00,0x00,0x00,0x00,0x00,0x00,0x00,  //0xf050~0xf05f      ................
0x00,0x00,0x00,0x00,0x00,0x00,0x00,0x00,0x00,0x00,0x00,0x00,0x00,0x00,0x00,0x00,  //0xf060~0xf06f      ................
0x00,0x00,0x00,0x00,0x00,0x00,0x00,0x00,0x00,0x00,0x00,0x00,0x00,0x00,0x00,0x00,  //0xf070~0xf07f      ................
0x00,0x00,0x00,0x00,0x00,0x00,0x00,0x00,0x00,0x00,0x00,0x00,0x00,0x00,0x00,0x00,  //0xf080~0xf08f      ................
0x00,0x00,0x00,0x00,0x00,0x00,0x00,0x00,0x00,0x00,0x00,0x00,0x00,0x00,0x00,0x00,  //0xf090~0xf09f      ................
0x00,0x00,0x00,0x00,0x00,0x00,0x00,0x00,0x00,0x00,0x00,0x00,0x00,0x00,0x00,0x00,  //0xf0a0~0xf0af      ................
0x00,0x00,0x00,0x00,0x00,0x00,0x00,0x00,0x00,0x00,0x00,0x00,0x00,0x00,0x00,0x00,  //0xf0b0~0xf0bf      ................
0x00,0x00,0x00,0x00,0x00,0x00,0x00,0x00,0x00,0x00,0x00,0x00,0x00,0x00,0x00,0x00,  //0xf0c0~0xf0cf      ................
0x00,0x00,0x00,0x00,0x00,0x00,0x00,0x00,0x00,0x00,0x00,0x00,0x00,0x00,0x00,0x00,  //0xf0d0~0xf0df      ................
0x00,0x00,0x00,0x00,0x00,0x00,0x00,0x00,0x00,0x00,0x00,0x00,0x00,0x00,0x00,0x00,  //0xf0e0~0xf0ef      ................
0x00,0x00,0x00,0x00,0x00,0x00,0x00,0x00,0x00,0x00,0x00,0x00,0x00,0x00,0x00,0x00,  //0xf0f0~0xf0ff      ................
0x00,0x00,0x00,0x00,0x00,0x00,0x00,0x00,0x00,0x00,0x00,0x00,0x00,0x00,0x00,0x00,  //0xf100~0xf10f      ................
0x00,0x00,0x00,0x00,0x00,0x00,0x00,0x00,0x00,0x00,0x00,0x00,0x00,0x00,0x00,0x00,  //0xf110~0xf11f      ................
0x00,0x00,0x00,0x00,0x00,0x00,0x00,0x00,0x00,0x00,0x00,0x00,0x00,0x00,0x00,0x00,  //0xf120~0xf12f      ................
0x00,0x00,0x00,0x00,0x00,0x00,0x00,0x00,0x00,0x00,0x00,0x00,0x00,0x00,0x00,0x00,  //0xf130~0xf13f      ................
0x00,0x00,0x00,0x00,0x00,0x00,0x00,0x00,0x00,0x00,0x00,0x00,0x00,0x00,0x00,0x00,  //0xf140~0xf14f      ................
0x00,0x00,0x00,0x00,0x00,0x00,0x00,0x00,0x00,0x00,0x00,0x00,0x00,0x00,0x00,0x00,  //0xf150~0xf15f      ................
0x00,0x00,0x00,0x00,0x00,0x00,0x00,0x00,0x00,0x00,0x00,0x00,0x00,0x00,0x00,0x00,  //0xf160~0xf16f      ................
0x00,0x00,0x00,0x00,0x00,0x00,0x00,0x00,0x00,0x00,0x00,0x00,0x00,0x00,0x00,0x00,  //0xf170~0xf17f      ................
0x00,0x00,0x00,0x00,0x00,0x00,0x00,0x00,0x00,0x00,0x00,0x00,0x00,0x00,0x00,0x00,  //0xf180~0xf18f      ................
0x00,0x00,0x00,0x00,0x00,0x00,0x00,0x00,0x00,0x00,0x00,0x00,0x00,0x00,0x00,0x00,  //0xf190~0xf19f      ................
0x00,0x00,0x00,0x00,0x00,0x00,0x00,0x00,0x00,0x00,0x00,0x00,0x00,0x00,0x00,0x00,  //0xf1a0~0xf1af      ................
0x00,0x00,0x00,0x00,0x00,0x00,0x00,0x00,0x00,0x00,0x00,0x00,0x00,0x00,0x00,0x00,  //0xf1b0~0xf1bf      ................
0x00,0x00,0x00,0x00,0x00,0x00,0x00,0x00,0x00,0x00,0x00,0x00,0x00,0x00,0x00,0x00,  //0xf1c0~0xf1cf      ................
0x00,0x00,0x00,0x00,0x00,0x00,0x00,0x00,0x00,0x00,0x00,0x00,0x00,0x00,0x00,0x00,  //0xf1d0~0xf1df      ................
0x00,0x00,0x00,0x00,0x00,0x00,0x00,0x00,0x00,0x00,0x00,0x00,0x00,0x00,0x00,0x00,  //0xf1e0~0xf1ef      ................
0x00,0x00,0x00,0x00,0x00,0x00,0x00,0x00,0x00,0x00,0x00,0x00,0x00,0x00,0x00,0x00,  //0xf1f0~0xf1ff      ................
0x00,0x00,0x00,0x00,0x00,0x00,0x00,0x00,0x00,0x00,0x00,0x00,0x00,0x00,0x00,0x00,  //0xf200~0xf20f      ................
0x00,0x00,0x00,0x00,0x00,0x00,0x00,0x00,0x00,0x00,0x00,0x00,0x00,0x00,0x00,0x00,  //0xf210~0xf21f      ................
0x00,0x00,0x00,0x00,0x00,0x00,0x00,0x00,0x00,0x00,0x00,0x00,0x00,0x00,0x00,0x00,  //0xf220~0xf22f      ................
0x00,0x00,0x00,0x00,0x00,0x00,0x00,0x00,0x00,0x00,0x00,0x00,0x00,0x00,0x00,0x00,  //0xf230~0xf23f      ................
0x00,0x00,0x00,0x00,0x00,0x00,0x00,0x00,0x00,0x00,0x00,0x00,0x00,0x00,0x00,0x00,  //0xf240~0xf24f      ................
0x00,0x00,0x00,0x00,0x00,0x00,0x00,0x00,0x00,0x00,0x00,0x00,0x00,0x00,0x00,0x00,  //0xf250~0xf25f      ................
0x00,0x00,0x00,0x00,0x00,0x00,0x00,0x00,0x00,0x00,0x00,0x00,0x00,0x00,0x00,0x00,  //0xf260~0xf26f      ................
0x00,0x00,0x00,0x00,0x00,0x00,0x00,0x00,0x00,0x00,0x00,0x00,0x00,0x00,0x00,0x00,  //0xf270~0xf27f      ................
0x00,0x00,0x00,0x00,0x00,0x00,0x00,0x00,0x00,0x00,0x00,0x00,0x00,0x00,0x00,0x00,  //0xf280~0xf28f      ................
0x00,0x00,0x00,0x00,0x00,0x00,0x00,0x00,0x00,0x00,0x00,0x00,0x00,0x00,0x00,0x00,  //0xf290~0xf29f      ................
0x00,0x00,0x00,0x00,0x00,0x00,0x00,0x00,0x00,0x00,0x00,0x00,0x00,0x00,0x00,0x00,  //0xf2a0~0xf2af      ................
0x00,0x00,0x00,0x00,0x00,0x00,0x00,0x00,0x00,0x00,0x00,0x00,0x00,0x00,0x00,0x00,  //0xf2b0~0xf2bf      ................
0x00,0x00,0x00,0x00,0x00,0x00,0x00,0x00,0x00,0x00,0x00,0x00,0x00,0x00,0x00,0x00,  //0xf2c0~0xf2cf      ................
0x00,0x00,0x00,0x00,0x00,0x00,0x00,0x00,0x00,0x00,0x00,0x00,0x00,0x00,0x00,0x00,  //0xf2d0~0xf2df      ................
0x00,0x00,0x00,0x00,0x00,0x00,0x00,0x00,0x00,0x00,0x00,0x00,0x00,0x00,0x00,0x00,  //0xf2e0~0xf2ef      ................
0x00,0x00,0x00,0x00,0x00,0x00,0x00,0x00,0x00,0x00,0x00,0x00,0x00,0x00,0x00,0x00,  //0xf2f0~0xf2ff      ................
0x00,0x00,0x00,0x00,0x00,0x00,0x00,0x00,0x00,0x00,0x00,0x00,0x00,0x00,0x00,0x00,  //0xf300~0xf30f      ................
0x00,0x00,0x00,0x00,0x00,0x00,0x00,0x00,0x00,0x00,0x00,0x00,0x00,0x00,0x00,0x00,  //0xf310~0xf31f      ................
0x00,0x00,0x00,0x00,0x00,0x00,0x00,0x00,0x00,0x00,0x00,0x00,0x00,0x00,0x00,0x00,  //0xf320~0xf32f      ................
0x00,0x00,0x00,0x00,0x00,0x00,0x00,0x00,0x00,0x00,0x00,0x00,0x00,0x00,0x00,0x00,  //0xf330~0xf33f      ................
0x00,0x00,0x00,0x00,0x00,0x00,0x00,0x00,0x00,0x00,0x00,0x00,0x00,0x00,0x00,0x00,  //0xf340~0xf34f      ................
0x00,0x00,0x00,0x00,0x00,0x00,0x00,0x00,0x00,0x00,0x00,0x00,0x00,0x00,0x00,0x00,  //0xf350~0xf35f      ................
0x00,0x00,0x00,0x00,0x00,0x00,0x00,0x00,0x00,0x00,0x00,0x00,0x00,0x00,0x00,0x00,  //0xf360~0xf36f      ................
0x00,0x00,0x00,0x00,0x00,0x00,0x00,0x00,0x00,0x00,0x00,0x00,0x00,0x00,0x00,0x00,  //0xf370~0xf37f      ................
0x00,0x00,0x00,0x00,0x00,0x00,0x00,0x00,0x00,0x00,0x00,0x00,0x00,0x00,0x00,0x00,  //0xf380~0xf38f      ................
0x00,0x00,0x00,0x00,0x00,0x00,0x00,0x00,0x00,0x00,0x00,0x00,0x00,0x00,0x00,0x00,  //0xf390~0xf39f      ................
0x00,0x00,0x00,0x00,0x00,0x00,0x00,0x00,0x00,0x00,0x00,0x00,0x00,0x00,0x00,0x00,  //0xf3a0~0xf3af      ................
0x00,0x00,0x00,0x00,0x00,0x00,0x00,0x00,0x00,0x00,0x00,0x00,0x00,0x00,0x00,0x00,  //0xf3b0~0xf3bf      ................
0x00,0x00,0x00,0x00,0x00,0x00,0x00,0x00,0x00,0x00,0x00,0x00,0x00,0x00,0x00,0x00,  //0xf3c0~0xf3cf      ................
0x00,0x00,0x00,0x00,0x00,0x00,0x00,0x00,0x00,0x00,0x00,0x00,0x00,0x00,0x00,0x00,  //0xf3d0~0xf3df      ................
0x00,0x00,0x00,0x00,0x00,0x00,0x00,0x00,0x00,0x00,0x00,0x00,0x00,0x00,0x00,0x00,  //0xf3e0~0xf3ef      ................
0x00,0x00,0x00,0x00,0x00,0x00,0x00,0x00,0x00,0x00,0x00,0x00,0x00,0x00,0x00,0x00,  //0xf3f0~0xf3ff      ................
0x00,0x00,0x00,0x00,0x00,0x00,0x00,0x00,0x00,0x00,0x00,0x00,0x00,0x00,0x00,0x00,  //0xf400~0xf40f      ................
0x00,0x00,0x00,0x00,0x00,0x00,0x00,0x00,0x00,0x00,0x00,0x00,0x00,0x00,0x00,0x00,  //0xf410~0xf41f      ................
0x00,0x00,0x00,0x00,0x00,0x00,0x00,0x00,0x00,0x00,0x00,0x00,0x00,0x00,0x00,0x00,  //0xf420~0xf42f      ................
0x00,0x00,0x00,0x00,0x00,0x00,0x00,0x00,0x00,0x00,0x00,0x00,0x00,0x00,0x00,0x00,  //0xf430~0xf43f      ................
0x00,0x00,0x00,0x00,0x00,0x00,0x00,0x00,0x00,0x00,0x00,0x00,0x00,0x00,0x00,0x00,  //0xf440~0xf44f      ................
0x00,0x00,0x00,0x00,0x00,0x00,0x00,0x00,0x00,0x00,0x00,0x00,0x00,0x00,0x00,0x00,  //0xf450~0xf45f      ................
0x00,0x00,0x00,0x00,0x00,0x00,0x00,0x00,0x00,0x00,0x00,0x00,0x00,0x00,0x00,0x00,  //0xf460~0xf46f      ................
0x00,0x00,0x00,0x00,0x00,0x00,0x00,0x00,0x00,0x00,0x00,0x00,0x00,0x00,0x00,0x00,  //0xf470~0xf47f      ................
0x00,0x00,0x00,0x00,0x00,0x00,0x00,0x00,0x00,0x00,0x00,0x00,0x00,0x00,0x00,0x00,  //0xf480~0xf48f      ................
0x00,0x00,0x00,0x00,0x00,0x00,0x00,0x00,0x00,0x00,0x00,0x00,0x00,0x00,0x00,0x00,  //0xf490~0xf49f      ................
0x00,0x00,0x00,0x00,0x00,0x00,0x00,0x00,0x00,0x00,0x00,0x00,0x00,0x00,0x00,0x00,  //0xf4a0~0xf4af      ................
0x00,0x00,0x00,0x00,0x00,0x00,0x00,0x00,0x00,0x00,0x00,0x00,0x00,0x00,0x00,0x00,  //0xf4b0~0xf4bf      ................
0x00,0x00,0x00,0x00,0x00,0x00,0x00,0x00,0x00,0x00,0x00,0x00,0x00,0x00,0x00,0x00,  //0xf4c0~0xf4cf      ................
0x00,0x00,0x00,0x00,0x00,0x00,0x00,0x00,0x00,0x00,0x00,0x00,0x00,0x00,0x00,0x00,  //0xf4d0~0xf4df      ................
0x00,0x00,0x00,0x00,0x00,0x00,0x00,0x00,0x00,0x00,0x00,0x00,0x00,0x00,0x00,0x00,  //0xf4e0~0xf4ef      ................
0x00,0x00,0x00,0x00,0x00,0x00,0x00,0x00,0x00,0x00,0x00,0x00,0x00,0x00,0x00,0x00,  //0xf4f0~0xf4ff      ................
0x00,0x00,0x00,0x00,0x00,0x00,0x00,0x00,0x00,0x00,0x00,0x00,0x00,0x00,0x00,0x00,  //0xf500~0xf50f      ................
0x00,0x00,0x00,0x00,0x00,0x00,0x00,0x00,0x00,0x00,0x00,0x00,0x00,0x00,0x00,0x00,  //0xf510~0xf51f      ................
0x00,0x00,0x00,0x00,0x00,0x00,0x00,0x00,0x00,0x00,0x00,0x00,0x00,0x00,0x00,0x00,  //0xf520~0xf52f      ................
0x00,0x00,0x00,0x00,0x00,0x00,0x00,0x00,0x00,0x00,0x00,0x00,0x00,0x00,0x00,0x00,  //0xf530~0xf53f      ................
0x00,0x00,0x00,0x00,0x00,0x00,0x00,0x00,0x00,0x00,0x00,0x00,0x00,0x00,0x00,0x00,  //0xf540~0xf54f      ................
0x00,0x00,0x00,0x00,0x00,0x00,0x00,0x00,0x00,0x00,0x00,0x00,0x00,0x00,0x00,0x00,  //0xf550~0xf55f      ................
0x00,0x00,0x00,0x00,0x00,0x00,0x00,0x00,0x00,0x00,0x00,0x00,0x00,0x00,0x00,0x00,  //0xf560~0xf56f      ................
0x00,0x00,0x00,0x00,0x00,0x00,0x00,0x00,0x00,0x00,0x00,0x00,0x00,0x00,0x00,0x00,  //0xf570~0xf57f      ................
0x00,0x00,0x00,0x00,0x00,0x00,0x00,0x00,0x00,0x00,0x00,0x00,0x00,0x00,0x00,0x00,  //0xf580~0xf58f      ................
0x00,0x00,0x00,0x00,0x00,0x00,0x00,0x00,0x00,0x00,0x00,0x00,0x00,0x00,0x00,0x00,  //0xf590~0xf59f      ................
0x00,0x00,0x00,0x00,0x00,0x00,0x00,0x00,0x00,0x00,0x00,0x00,0x00,0x00,0x00,0x00,  //0xf5a0~0xf5af      ................
0x00,0x00,0x00,0x00,0x00,0x00,0x00,0x00,0x00,0x00,0x00,0x00,0x00,0x00,0x00,0x00,  //0xf5b0~0xf5bf      ................
0x00,0x00,0x00,0x00,0x00,0x00,0x00,0x00,0x00,0x00,0x00,0x00,0x00,0x00,0x00,0x00,  //0xf5c0~0xf5cf      ................
0x00,0x00,0x00,0x00,0x00,0x00,0x00,0x00,0x00,0x00,0x00,0x00,0x00,0x00,0x00,0x00,  //0xf5d0~0xf5df      ................
0x00,0x00,0x00,0x00,0x00,0x00,0x00,0x00,0x00,0x00,0x00,0x00,0x00,0x00,0x00,0x00,  //0xf5e0~0xf5ef      ................
0x00,0x00,0x00,0x00,0x00,0x00,0x00,0x00,0x00,0x00,0x00,0x00,0x00,0x00,0x00,0x00,  //0xf5f0~0xf5ff      ................
0x00,0x00,0x00,0x00,0x00,0x00,0x00,0x00,0x00,0x00,0x00,0x00,0x00,0x00,0x00,0x00,  //0xf600~0xf60f      ................
0x00,0x00,0x00,0x00,0x00,0x00,0x00,0x00,0x00,0x00,0x00,0x00,0x00,0x00,0x00,0x00,  //0xf610~0xf61f      ................
0x00,0x00,0x00,0x00,0x00,0x00,0x00,0x00,0x00,0x00,0x00,0x00,0x00,0x00,0x00,0x00,  //0xf620~0xf62f      ................
0x00,0x00,0x00,0x00,0x00,0x00,0x00,0x00,0x00,0x00,0x00,0x00,0x00,0x00,0x00,0x00,  //0xf630~0xf63f      ................
0x00,0x00,0x00,0x00,0x00,0x00,0x00,0x00,0x00,0x00,0x00,0x00,0x00,0x00,0x00,0x00,  //0xf640~0xf64f      ................
0x00,0x00,0x00,0x00,0x00,0x00,0x00,0x00,0x00,0x00,0x00,0x00,0x00,0x00,0x00,0x00,  //0xf650~0xf65f      ................
0x00,0x00,0x00,0x00,0x00,0x00,0x00,0x00,0x00,0x00,0x00,0x00,0x00,0x00,0x00,0x00,  //0xf660~0xf66f      ................
0x00,0x00,0x00,0x00,0x00,0x00,0x00,0x00,0x00,0x00,0x00,0x00,0x00,0x00,0x00,0x00,  //0xf670~0xf67f      ................
0x00,0x00,0x00,0x00,0x00,0x00,0x00,0x00,0x00,0x00,0x00,0x00,0x00,0x00,0x00,0x00,  //0xf680~0xf68f      ................
0x00,0x00,0x00,0x00,0x00,0x00,0x00,0x00,0x00,0x00,0x00,0x00,0x00,0x00,0x00,0x00,  //0xf690~0xf69f      ................
0x00,0x00,0x00,0x00,0x00,0x00,0x00,0x00,0x00,0x00,0x00,0x00,0x00,0x00,0x00,0x00,  //0xf6a0~0xf6af      ................
0x00,0x00,0x00,0x00,0x00,0x00,0x00,0x00,0x00,0x00,0x00,0x00,0x00,0x00,0x00,0x00,  //0xf6b0~0xf6bf      ................
0x00,0x00,0x00,0x00,0x00,0x00,0x00,0x00,0x00,0x00,0x00,0x00,0x00,0x00,0x00,0x00,  //0xf6c0~0xf6cf      ................
0x00,0x00,0x00,0x00,0x00,0x00,0x00,0x00,0x00,0x00,0x00,0x00,0x00,0x00,0x00,0x00,  //0xf6d0~0xf6df      ................
0x00,0x00,0x00,0x00,0x00,0x00,0x00,0x00,0x00,0x00,0x00,0x00,0x00,0x00,0x00,0x00,  //0xf6e0~0xf6ef      ................
0x00,0x00,0x00,0x00,0x00,0x00,0x00,0x00,0x00,0x00,0x00,0x00,0x00,0x00,0x00,0x00,  //0xf6f0~0xf6ff      ................
0x00,0x00,0x00,0x00,0x00,0x00,0x00,0x00,0x00,0x00,0x00,0x00,0x00,0x00,0x00,0x00,  //0xf700~0xf70f      ................
0x00,0x00,0x00,0x00,0x00,0x00,0x00,0x00,0x00,0x00,0x00,0x00,0x00,0x00,0x00,0x00,  //0xf710~0xf71f      ................
0x00,0x00,0x00,0x00,0x00,0x00,0x00,0x00,0x00,0x00,0x00,0x00,0x00,0x00,0x00,0x00,  //0xf720~0xf72f      ................
0x00,0x00,0x00,0x00,0x00,0x00,0x00,0x00,0x00,0x00,0x00,0x00,0x00,0x00,0x00,0x00,  //0xf730~0xf73f      ................
0x00,0x00,0x00,0x00,0x00,0x00,0x00,0x00,0x00,0x00,0x00,0x00,0x00,0x00,0x00,0x00,  //0xf740~0xf74f      ................
0x00,0x00,0x00,0x00,0x00,0x00,0x00,0x00,0x00,0x00,0x00,0x00,0x00,0x00,0x00,0x00,  //0xf750~0xf75f      ................
0x00,0x00,0x00,0x00,0x00,0x00,0x00,0x00,0x00,0x00,0x00,0x00,0x00,0x00,0x00,0x00,  //0xf760~0xf76f      ................
0x00,0x00,0x00,0x00,0x00,0x00,0x00,0x00,0x00,0x00,0x00,0x00,0x00,0x00,0x00,0x00,  //0xf770~0xf77f      ................
0x00,0x00,0x00,0x00,0x00,0x00,0x00,0x00,0x00,0x00,0x00,0x00,0x00,0x00,0x00,0x00,  //0xf780~0xf78f      ................
0x00,0x00,0x00,0x00,0x00,0x00,0x00,0x00,0x00,0x00,0x00,0x00,0x00,0x00,0x00,0x00,  //0xf790~0xf79f      ................
0x00,0x00,0x00,0x00,0x00,0x00,0x00,0x00,0x00,0x00,0x00,0x00,0x00,0x00,0x00,0x00,  //0xf7a0~0xf7af      ................
0x00,0x00,0x00,0x00,0x00,0x00,0x00,0x00,0x00,0x00,0x00,0x00,0x00,0x00,0x00,0x00,  //0xf7b0~0xf7bf      ................
0x00,0x00,0x00,0x00,0x00,0x00,0x00,0x00,0x00,0x00,0x00,0x00,0x00,0x00,0x00,0x00,  //0xf7c0~0xf7cf      ................
0x00,0x00,0x00,0x00,0x00,0x00,0x00,0x00,0x00,0x00,0x00,0x00,0x00,0x00,0x00,0x00,  //0xf7d0~0xf7df      ................
0x00,0x00,0x00,0x00,0x00,0x00,0x00,0x00,0x00,0x00,0x00,0x00,0x00,0x00,0x00,0x00,  //0xf7e0~0xf7ef      ................
0x00,0x00,0x00,0x00,0x00,0x00,0x00,0x00,0x00,0x00,0x00,0x00,0x00,0x00,0x00,0x00,  //0xf7f0~0xf7ff      ................
0x00,0x00,0x00,0x00,0x00,0x00,0x00,0x00,0x00,0x00,0x00,0x00,0x00,0x00,0x00,0x00,  //0xf800~0xf80f      ................
0x00,0x00,0x00,0x00,0x00,0x00,0x00,0x00,0x00,0x00,0x00,0x00,0x00,0x00,0x00,0x00,  //0xf810~0xf81f      ................
0x00,0x00,0x00,0x00,0x00,0x00,0x00,0x00,0x00,0x00,0x00,0x00,0x00,0x00,0x00,0x00,  //0xf820~0xf82f      ................
0x00,0x00,0x00,0x00,0x00,0x00,0x00,0x00,0x00,0x00,0x00,0x00,0x00,0x00,0x00,0x00,  //0xf830~0xf83f      ................
0x00,0x00,0x00,0x00,0x00,0x00,0x00,0x00,0x00,0x00,0x00,0x00,0x00,0x00,0x00,0x00,  //0xf840~0xf84f      ................
0x00,0x00,0x00,0x00,0x00,0x00,0x00,0x00,0x00,0x00,0x00,0x00,0x00,0x00,0x00,0x00,  //0xf850~0xf85f      ................
0x00,0x00,0x00,0x00,0x00,0x00,0x00,0x00,0x00,0x00,0x00,0x00,0x00,0x00,0x00,0x00,  //0xf860~0xf86f      ................
0x00,0x00,0x00,0x00,0x00,0x00,0x00,0x00,0x00,0x00,0x00,0x00,0x00,0x00,0x00,0x00,  //0xf870~0xf87f      ................
0x00,0x00,0x00,0x00,0x00,0x00,0x00,0x00,0x00,0x00,0x00,0x00,0x00,0x00,0x00,0x00,  //0xf880~0xf88f      ................
0x00,0x00,0x00,0x00,0x00,0x00,0x00,0x00,0x00,0x00,0x00,0x00,0x00,0x00,0x00,0x00,  //0xf890~0xf89f      ................
0x00,0x00,0x00,0x00,0x00,0x00,0x00,0x00,0x00,0x00,0x00,0x00,0x00,0x00,0x00,0x00,  //0xf8a0~0xf8af      ................
0x00,0x00,0x00,0x00,0x00,0x00,0x00,0x00,0x00,0x00,0x00,0x00,0x00,0x00,0x00,0x00,  //0xf8b0~0xf8bf      ................
0x00,0x00,0x00,0x00,0x00,0x00,0x00,0x00,0x00,0x00,0x00,0x00,0x00,0x00,0x00,0x00,  //0xf8c0~0xf8cf      ................
0x00,0x00,0x00,0x00,0x00,0x00,0x00,0x00,0x00,0x00,0x00,0x00,0x00,0x00,0x00,0x00,  //0xf8d0~0xf8df      ................
0x00,0x00,0x00,0x00,0x00,0x00,0x00,0x00,0x00,0x00,0x00,0x00,0x00,0x00,0x00,0x00,  //0xf8e0~0xf8ef      ................
0x00,0x00,0x00,0x00,0x00,0x00,0x00,0x00,0x00,0x00,0x00,0x00,0x00,0x00,0x00,0x00,  //0xf8f0~0xf8ff      ................
0x00,0x00,0x00,0x00,0x00,0x00,0x00,0x00,0x00,0x00,0x00,0x00,0x00,0x00,0x00,0x00,  //0xf900~0xf90f      ................
0x00,0x00,0x00,0x00,0x00,0x00,0x00,0x00,0x00,0x00,0x00,0x00,0x00,0x00,0x00,0x00,  //0xf910~0xf91f      ................
0x00,0x00,0x00,0x00,0x00,0x00,0x00,0x00,0x00,0x00,0x00,0x00,0x00,0x00,0x00,0x00,  //0xf920~0xf92f      ................
0x00,0x00,0x00,0x00,0x00,0x00,0x00,0x00,0x00,0x00,0x00,0x00,0x00,0x00,0x00,0x00,  //0xf930~0xf93f      ................
0x00,0x00,0x00,0x00,0x00,0x00,0x00,0x00,0x00,0x00,0x00,0x00,0x00,0x00,0x00,0x00,  //0xf940~0xf94f      ................
0x00,0x00,0x00,0x00,0x00,0x00,0x00,0x00,0x00,0x00,0x00,0x00,0x00,0x00,0x00,0x00,  //0xf950~0xf95f      ................
0x00,0x00,0x00,0x00,0x00,0x00,0x00,0x00,0x00,0x00,0x00,0x00,0x00,0x00,0x00,0x00,  //0xf960~0xf96f      ................
0x00,0x00,0x00,0x00,0x00,0x00,0x00,0x00,0x00,0x00,0x00,0x00,0x00,0x00,0x00,0x00,  //0xf970~0xf97f      ................
0x00,0x00,0x00,0x00,0x00,0x00,0x00,0x00,0x00,0x00,0x00,0x00,0x00,0x00,0x00,0x00,  //0xf980~0xf98f      ................
0x00,0x00,0x00,0x00,0x00,0x00,0x00,0x00,0x00,0x00,0x00,0x00,0x00,0x00,0x00,0x00,  //0xf990~0xf99f      ................
0x00,0x00,0x00,0x00,0x00,0x00,0x00,0x00,0x00,0x00,0x00,0x00,0x00,0x00,0x00,0x00,  //0xf9a0~0xf9af      ................
0x00,0x00,0x00,0x00,0x00,0x00,0x00,0x00,0x00,0x00,0x00,0x00,0x00,0x00,0x00,0x00,  //0xf9b0~0xf9bf      ................
0x00,0x00,0x00,0x00,0x00,0x00,0x00,0x00,0x00,0x00,0x00,0x00,0x00,0x00,0x00,0x00,  //0xf9c0~0xf9cf      ................
0x00,0x00,0x00,0x00,0x00,0x00,0x00,0x00,0x00,0x00,0x00,0x00,0x00,0x00,0x00,0x00,  //0xf9d0~0xf9df      ................
0x00,0x00,0x00,0x00,0x00,0x00,0x00,0x00,0x00,0x00,0x00,0x00,0x00,0x00,0x00,0x00,  //0xf9e0~0xf9ef      ................
0x00,0x00,0x00,0x00,0x00,0x00,0x00,0x00,0x00,0x00,0x00,0x00,0x00,0x00,0x00,0x00,  //0xf9f0~0xf9ff      ................
0x00,0x00,0x00,0x00,0x00,0x00,0x00,0x00,0x00,0x00,0x00,0x00,0x00,0x00,0x00,0x00,  //0xfa00~0xfa0f      ................
0x00,0x00,0x00,0x00,0x00,0x00,0x00,0x00,0x00,0x00,0x00,0x00,0x00,0x00,0x00,0x00,  //0xfa10~0xfa1f      ................
0x00,0x00,0x00,0x00,0x00,0x00,0x00,0x00,0x00,0x00,0x00,0x00,0x00,0x00,0x00,0x00,  //0xfa20~0xfa2f      ................
0x00,0x00,0x00,0x00,0x00,0x00,0x00,0x00,0x00,0x00,0x00,0x00,0x00,0x00,0x00,0x00,  //0xfa30~0xfa3f      ................
0x00,0x00,0x00,0x00,0x00,0x00,0x00,0x00,0x00,0x00,0x00,0x00,0x00,0x00,0x00,0x00,  //0xfa40~0xfa4f      ................
0x00,0x00,0x00,0x00,0x00,0x00,0x00,0x00,0x00,0x00,0x00,0x00,0x00,0x00,0x00,0x00,  //0xfa50~0xfa5f      ................
0x00,0x00,0x00,0x00,0x00,0x00,0x00,0x00,0x00,0x00,0x00,0x00,0x00,0x00,0x00,0x00,  //0xfa60~0xfa6f      ................
0x00,0x00,0x00,0x00,0x00,0x00,0x00,0x00,0x00,0x00,0x00,0x00,0x00,0x00,0x00,0x00,  //0xfa70~0xfa7f      ................
0x00,0x00,0x00,0x00,0x00,0x00,0x00,0x00,0x00,0x00,0x00,0x00,0x00,0x00,0x00,0x00,  //0xfa80~0xfa8f      ................
0x00,0x00,0x00,0x00,0x00,0x00,0x00,0x00,0x00,0x00,0x00,0x00,0x00,0x00,0x00,0x00,  //0xfa90~0xfa9f      ................
0x00,0x00,0x00,0x00,0x00,0x00,0x00,0x00,0x00,0x00,0x00,0x00,0x00,0x00,0x00,0x00,  //0xfaa0~0xfaaf      ................
0x00,0x00,0x00,0x00,0x00,0x00,0x00,0x00,0x00,0x00,0x00,0x00,0x00,0x00,0x00,0x00,  //0xfab0~0xfabf      ................
0x00,0x00,0x00,0x00,0x00,0x00,0x00,0x00,0x00,0x00,0x00,0x00,0x00,0x00,0x00,0x00,  //0xfac0~0xfacf      ................
0x00,0x00,0x00,0x00,0x00,0x00,0x00,0x00,0x00,0x00,0x00,0x00,0x00,0x00,0x00,0x00,  //0xfad0~0xfadf      ................
0x00,0x00,0x00,0x00,0x00,0x00,0x00,0x00,0x00,0x00,0x00,0x00,0x00,0x00,0x00,0x00,  //0xfae0~0xfaef      ................
0x00,0x00,0x00,0x00,0x00,0x00,0x00,0x00,0x00,0x00,0x00,0x00,0x00,0x00,0x00,0x00,  //0xfaf0~0xfaff      ................
0x00,0x00,0x00,0x00,0x00,0x00,0x00,0x00,0x00,0x00,0x00,0x00,0x00,0x00,0x00,0x00,  //0xfb00~0xfb0f      ................
0x00,0x00,0x00,0x00,0x00,0x00,0x00,0x00,0x00,0x00,0x00,0x00,0x00,0x00,0x00,0x00,  //0xfb10~0xfb1f      ................
0x00,0x00,0x00,0x00,0x00,0x00,0x00,0x00,0x00,0x00,0x00,0x00,0x00,0x00,0x00,0x00,  //0xfb20~0xfb2f      ................
0x00,0x00,0x00,0x00,0x00,0x00,0x00,0x00,0x00,0x00,0x00,0x00,0x00,0x00,0x00,0x00,  //0xfb30~0xfb3f      ................
0x00,0x00,0x00,0x00,0x00,0x00,0x00,0x00,0x00,0x00,0x00,0x00,0x00,0x00,0x00,0x00,  //0xfb40~0xfb4f      ................
0x00,0x00,0x00,0x00,0x00,0x00,0x00,0x00,0x00,0x00,0x00,0x00,0x00,0x00,0x00,0x00,  //0xfb50~0xfb5f      ................
0x00,0x00,0x00,0x00,0x00,0x00,0x00,0x00,0x00,0x00,0x00,0x00,0x00,0x00,0x00,0x00,  //0xfb60~0xfb6f      ................
0x00,0x00,0x00,0x00,0x00,0x00,0x00,0x00,0x00,0x00,0x00,0x00,0x00,0x00,0x00,0x00,  //0xfb70~0xfb7f      ................
0x00,0x00,0x00,0x00,0x00,0x00,0x00,0x00,0x00,0x00,0x00,0x00,0x00,0x00,0x00,0x00,  //0xfb80~0xfb8f      ................
0x00,0x00,0x00,0x00,0x00,0x00,0x00,0x00,0x00,0x00,0x00,0x00,0x00,0x00,0x00,0x00,  //0xfb90~0xfb9f      ................
0x00,0x00,0x00,0x00,0x00,0x00,0x00,0x00,0x00,0x00,0x00,0x00,0x00,0x00,0x00,0x00,  //0xfba0~0xfbaf      ................
0x00,0x00,0x00,0x00,0x00,0x00,0x00,0x00,0x00,0x00,0x00,0x00,0x00,0x00,0x00,0x00,  //0xfbb0~0xfbbf      ................
0x00,0x00,0x00,0x00,0x00,0x00,0x00,0x00,0x00,0x00,0x00,0x00,0x00,0x00,0x00,0x00,  //0xfbc0~0xfbcf      ................
0x00,0x00,0x00,0x00,0x00,0x00,0x00,0x00,0x00,0x00,0x00,0x00,0x00,0x00,0x00,0x00,  //0xfbd0~0xfbdf      ................
0x00,0x00,0x00,0x00,0x00,0x00,0x00,0x00,0x00,0x00,0x00,0x00,0x00,0x00,0x00,0x00,  //0xfbe0~0xfbef      ................
0x00,0x00,0x00,0x00,0x00,0x00,0x00,0x00,0x00,0x00,0x00,0x00,0x00,0x00,0x00,0x00,  //0xfbf0~0xfbff      ................
0x63,0x68,0x70,0x5F,0x63,0x66,0x67,0x5F,0x6D,0x61,0x72,0x6B,0x00,0x00,0x00,0x41,  //0xfc00~0xfc0f      chp_cfg_mark...A
0x70,0x6F,0x6C,0x6C,0x6F,0x5F,0x38,0x5F,0x34,0x47,0x5F,0x54,0x4D,0x4F,0x00,0x00,  //0xfc10~0xfc1f      pollo_8_4G_TMO..
0x00,0x00,0x00,0xAA,0x55,0x06,0x0C,0x07,0x07,0x08,0x04,0x09,0x00,0x03,0x00,0x05,  //0xfc20~0xfc2f      ....U...........
0x00,0x01,0x00,0x32,0x30,0x31,0x37,0x2D,0x33,0x2D,0x32,0x32,0x00,0x00,0x00,0x00,  //0xfc30~0xfc3f      ...2017-3-22....
0x00,0x00,0x00,0x00,0x00,0x00,0x00,0x4A,0x75,0x6E,0x20,0x32,0x35,0x20,0x32,0x30,  //0xfc40~0xfc4f      .......Jun.25.20
0x32,0x31,0x00,0x31,0x35,0x3A,0x34,0x33,0x3A,0x32,0x32,0x00,0x00,0x00,0x00,0x61,  //0xfc50~0xfc5f      21.15:43:22....a
0x64,0x64,0x3A,0x2C,0x2C,0x2C,0x2C,0x3D,0x4E,0x01,0x01,0x00,0x00,0x0F,0x20,0x03,  //0xfc60~0xfc6f      dd:,,,,=N.......
0x00,0x05,0x55,0x46,0x4F,0x00,0x01,0x01,0x86,0x03,0xFF,0xFF,0xFF,0xFF,0xFF,0xFF,  //0xfc70~0xfc7f      ..UFO...........
0xFF,0xFF,0xFF,0xFF,0xFF,0xFF,0xFF,0xFF,0xFF,0xFF,0xFF,0xFF,0xFF,0xFF,0xFF,0xFF,  //0xfc80~0xfc8f      ................
0xFF,0xFF,0xFF,0xFF,0xFF,0xFF,0xFF,0xFF,0xFF,0xFF,0xFF,0xFF,0xFF,0xFF,0xFF,0xFF,  //0xfc90~0xfc9f      ................
0xFF,0xFF,0xFF,0xFF,0xFF,0xFF,0xFF,0xFF,0xFF,0xFF,0xFF,0xFF,0xFF,0xFF,0xFF,0xFF,  //0xfca0~0xfcaf      ................
0xFF,0xFF,0xFF,0xFF,0xFF,0xFF,0xFF,0xFF,0xFF,0xFF,0xFF,0xFF,0xFF,0xFF,0xFF,0xFF,  //0xfcb0~0xfcbf      ................
0xFF,0xFF,0x00,0x00,0x00,0x00,0x00,0x00,0x00,0x00,0x00,0x00,0x00,0x00,0x00,0x00,  //0xfcc0~0xfccf      ................
0x00,0x00,0x00,0x00,0x00,0x00,0x00,0x00,0x00,0x00,0x00,0x00,0x00,0x00,0x00,0x00,  //0xfcd0~0xfcdf      ................
0x00,0x00,0x00,0x00,0x00,0x00,0x00,0x00,0x00,0x00,0x00,0x00,0x00,0x00,0x00,0x00,  //0xfce0~0xfcef      ................
0x00,0x00,0x00,0x00,0x00,0x00,0x00,0x00,0x00,0x00,0x00,0x00,0x00,0x00,0x00,0x00,  //0xfcf0~0xfcff      ................
0x00,0x00,0x00,0x00,0x00,0x00,0x00,0x00,0x00,0x00,0x00,0x00,0x00,0x00,0x01,0x01,  //0xfd00~0xfd0f      ................
0x00,0x01,0x01,0x01,0x00,0x01,0x00,0x00,0x01,0x00,0x00,0x01,0x01,0x01,0x00,0x01,  //0xfd10~0xfd1f      ................
0x01,0x00,0x00,0x00,0x00,0x00,0x00,0x1A,0x0E,0x01,0x22,0x23,0x29,0x2A,0x2B,0x2C,  //0xfd20~0xfd2f      .........."#)*+,
0x2D,0x2E,0x2F,0x30,0x31,0x32,0x33,0x34,0x11,0x12,0x14,0x15,0x18,0x19,0x1A,0x1B,  //0xfd30~0xfd3f      -./01234........
0x1D,0x1E,0x1F,0x20,0x00,0x00,0x00,0x00,0x00,0x00,0x00,0x00,0x00,0x00,0x10,0x0F,  //0xfd40~0xfd4f      ................
0x0E,0x0D,0x0C,0x0B,0x07,0x06,0x05,0x04,0x03,0x02,0x01,0x00,0x11,0x12,0x14,0x15,  //0xfd50~0xfd5f      ................
0x18,0x19,0x1A,0x1B,0x1D,0x00,0x00,0x00,0x00,0x00,0x00,0x00,0x00,0x00,0x00,0x00,  //0xfd60~0xfd6f      ................
0x00,0x00,0x00,0x00,0x00,0x00,0x00,0x19,0x02,0x05,0x08,0x00,0x00,0xC8,0x00,0x90,  //0xfd70~0xfd7f      ................
0x01,0x58,0x02,0x00,0x00,0x00,0x00,0xE8,0x03,0x00,0x00,0x90,0x01,0x90,0x01,0x20,  //0xfd80~0xfd8f      .X..............
0x03,0x20,0x03,0xB0,0x04,0x00,0x00,0x00,0x00,0x00,0x00,0x00,0x00,0x01,0x01,0x07,  //0xfd90~0xfd9f      ................
0x02,0x07,0x04,0x0F,0x0F,0x0F,0x0F,0x0F,0x0F,0x0F,0x0F,0x0F,0x0F,0x0F,0x0F,0x0F,  //0xfda0~0xfdaf      ................
0x0F,0x0F,0x0F,0x0F,0x0F,0x0F,0x0F,0x0F,0x0F,0x0F,0x0F,0x0F,0x0F,0x0F,0x0F,0x0F,  //0xfdb0~0xfdbf      ................
0x0F,0x0F,0x0F,0x0F,0x0F,0x0F,0x0F,0x1E,0x1E,0x1E,0x1E,0x1E,0x1E,0x1E,0x1E,0x1E,  //0xfdc0~0xfdcf      ................
0x1E,0x1E,0x1E,0x1E,0x1E,0x1E,0x1E,0x1E,0x1E,0x1E,0x1E,0x1E,0x1E,0x1E,0x1E,0x1E,  //0xfdd0~0xfddf      ................
0x1E,0x1E,0x1E,0x1E,0x1E,0x1E,0x1E,0x1E,0x1E,0x1E,0x1E,0x01,0x01,0x01,0x01,0x01,  //0xfde0~0xfdef      ................
0x01,0x01,0x01,0x01,0x01,0x01,0x01,0x01,0x01,0x01,0x01,0x01,0x01,0x01,0x01,0x01,  //0xfdf0~0xfdff      ................
0x01,0x01,0x01,0x01,0x01,0x01,0x01,0x01,0x01,0x01,0x01,0x01,0x01,0x01,0x01,0x02,  //0xfe00~0xfe0f      ................
0x02,0x02,0x02,0x02,0x02,0x02,0x02,0x02,0x02,0x02,0x02,0x02,0x02,0x02,0x02,0x02,  //0xfe10~0xfe1f      ................
0x02,0x02,0x02,0x02,0x02,0x02,0x02,0x02,0x02,0x02,0x02,0x02,0x02,0x02,0x02,0x02,  //0xfe20~0xfe2f      ................
0x02,0x02,0x02,0x50,0x00,0x7A,0x00,0x7A,0x00,0x00,0x01,0x33,0x29,0x00,0x00,0x00,  //0xfe30~0xfe3f      ...P.z.z...3)...
0x00,0x0A,0x00,0x5F,0x00,0x32,0x10,0x01,0x0F,0x08,0x64,0x5F,0x00,0x32,0x10,0x01,  //0xfe40~0xfe4f      ..._.2....d_.2..
0x0F,0x08,0x64,0x01,0x00,0x0C,0x05,0x02,0x01,0x00,0x2C,0x01,0x2C,0x01,0x2C,0x01,  //0xfe50~0xfe5f      ..d.......,.,.,.
0x3C,0x00,0x19,0xF4,0x01,0xC2,0x01,0x2C,0x01,0xBC,0x02,0x26,0x02,0x02,0x0A,0x28,  //0xfe60~0xfe6f      <......,...&...(
0x19,0xF4,0x01,0x0A,0x10,0xC8,0x0A,0x0A,0x0A,0x08,0x00,0x08,0x00,0x0A,0x28,0x3C,  //0xfe70~0xfe7f      ..............(<
0x0A,0x00,0x01,0x10,0x27,0xC8,0x32,0x4E,0x43,0x42,0x52,0x43,0x52,0xCD,0x06,0x4A,  //0xfe80~0xfe8f      ....'.2NCBRCR..J
0x04,0x00,0x00,0x00,0x00,0x01,0x00,0x01,0x00,0xD3,0xFF,0xD3,0xFF,0xFF,0xFF,0x01,  //0xfe90~0xfe9f      ................
0x00,0xF6,0xFF,0x03,0x00,0x32,0x05,0x50,0xFA,0x01,0x00,0x00,0x02,0x01,0x58,0x02,  //0xfea0~0xfeaf      .....2.P......X.
0x3C,0x00,0x82,0x09,0x2C,0x01,0x1E,0x23,0x00,0x2C,0x01,0x64,0x32,0x04,0x82,0x05,  //0xfeb0~0xfebf      <...,..#.,.d2...
0x28,0x03,0x06,0x05,0x64,0x00,0x88,0x13,0x20,0x03,0xF4,0x01,0x40,0x1F,0xC2,0x01,  //0xfec0~0xfecf      (...d.......@...
0x06,0x64,0x00,0xC8,0x00,0x14,0x14,0x00,0x03,0x20,0x03,0x0C,0x00,0xF4,0x01,0x58,  //0xfed0~0xfedf      .d.............X
0x02,0x08,0x00,0xFA,0x00,0xC2,0x01,0x06,0x00,0xC8,0x00,0x40,0x01,0x05,0x00,0x78,  //0xfee0~0xfeef      ...........@...x
0x00,0xC8,0x00,0x04,0x00,0x3C,0x00,0x78,0x00,0x03,0x00,0x0A,0x00,0x3C,0x00,0x02,  //0xfef0~0xfeff      .....<.x.....<..
0x00,0x00,0x00,0x01,0x01,0x68,0x01,0xC8,0x03,0x0A,0x64,0x00,0x01,0x0A,0x5A,0x00,  //0xff00~0xff0f      .....h....d...Z.
0x2C,0x01,0x32,0x00,0xC8,0x00,0x02,0x03,0x00,0x67,0x00,0x84,0x00,0xB7,0x00,0xFF,  //0xff10~0xff1f      ,.2......g......
0xFF,0xFF,0xFF,0xA0,0xA0,0xC8,0x00,0x02,0x04,0xFA,0x00,0x64,0x04,0x2C,0x01,0xC8,  //0xff20~0xff2f      ...........d.,..
0x00,0x0A,0x00,0x00,0x00,0x00,0x00,0x58,0x8E,0x00,0x00,0x00,0x00,0x00,0x02,0x04,  //0xff30~0xff3f      .......X........
0x06,0x08,0x0A,0x0C,0x0E,0x10,0x12,0x14,0x16,0x18,0x1A,0x1C,0x1E,0x20,0x00,0x00,  //0xff40~0xff4f      ................
0x00,0x00,0x00,0x00,0x00,0x00,0x00,0x00,0x00,0x00,0x00,0x00,0x00,0x00,0x00,0x00,  //0xff50~0xff5f      ................
0x00,0x00,0x02,0x04,0x06,0x08,0x0A,0x0C,0x0E,0x10,0x12,0x14,0x16,0x18,0x1A,0x1C,  //0xff60~0xff6f      ................
0x1E,0x20,0x22,0x24,0x26,0x28,0x2A,0x2C,0x2E,0x30,0x32,0x34,0x36,0x38,0x3A,0x3C,  //0xff70~0xff7f      .."$&(*,.02468:<
0x3E,0x40,0x42,0x44,0x46,0x58,0x00,0x00  //0x0000~0xffffffff
};

const unsigned char fwbin1[] = {
0x48,0x00,0x46,0xEC,0x48,0x00,0x46,0x58,0x48,0x00,0x46,0x56,0x48,0x00,0x46,0x54,  //0x0000~0x000f      H.F.H.FXH.FVH.FT
0x48,0x00,0x46,0x52,0x48,0x00,0x46,0x50,0x48,0x00,0x46,0x4E,0x48,0x00,0x46,0x4C,  //0x0010~0x001f      H.FRH.FPH.FNH.FL
0x48,0x00,0x46,0x4B,0x48,0x00,0x46,0xA1,0x48,0x00,0x46,0xA3,0x48,0x00,0x46,0xA5,  //0x0020~0x002f      H.FKH.F.H.F.H.F.
0x48,0x00,0x46,0xA7,0x48,0x00,0x46,0xA9,0x48,0x00,0x46,0xAB,0x48,0x00,0x46,0xAD,  //0x0030~0x003f      H.F.H.F.H.F.H.F.
0x48,0x00,0x46,0xAF,0x48,0x00,0x46,0xB1,0x48,0x00,0x46,0xB3,0x48,0x00,0x46,0xB5,  //0x0040~0x004f      H.F.H.F.H.F.H.F.
0x48,0x00,0x46,0xB7,0x48,0x00,0x46,0xB9,0x48,0x00,0x46,0xBB,0x48,0x00,0x46,0x84,  //0x0050~0x005f      H.F.H.F.H.F.H.F.
0x48,0x00,0x46,0x82,0x48,0x00,0x46,0x80,0x48,0x00,0x46,0x7E,0x48,0x00,0x46,0x7C,  //0x0060~0x006f      H.F.H.F.H.F~H.F|
0x48,0x00,0x46,0x7A,0x48,0x00,0x46,0x78,0x48,0x00,0x46,0x76,0x48,0x00,0x46,0x74,  //0x0070~0x007f      H.FzH.FxH.FvH.Ft
0x48,0x00,0x46,0x72,0x48,0x00,0x46,0x70,0x48,0x00,0x46,0x6E,0x48,0x00,0x46,0x6C,  //0x0080~0x008f      H.FrH.FpH.FnH.Fl
0x48,0x00,0x46,0x6A,0x48,0x00,0x46,0x68,0x48,0x00,0x46,0x66,0x48,0x00,0x46,0x64,  //0x0090~0x009f      H.FjH.FhH.FfH.Fd
0x48,0x00,0x46,0x62,0x62,0x88,0x00,0x00,0xBE,0x5F,0x00,0x00,0x74,0x82,0x00,0x00,  //0x00a0~0x00af      H.Fbb...._..t...
0x18,0x8C,0x00,0x00,0x0C,0x62,0x00,0x00,0xE0,0x61,0x00,0x00,0xB4,0x61,0x00,0x00,  //0x00b0~0x00bf      .....b...a...a..
0x3C,0x85,0x00,0x00,0x18,0x8C,0x00,0x00,0x18,0x8C,0x00,0x00,0x82,0x85,0x00,0x00,  //0x00c0~0x00cf      <...............
0xF0,0x88,0x00,0x00,0x08,0x89,0x00,0x00,0x20,0x89,0x00,0x00,0x18,0x8C,0x00,0x00,  //0x00d0~0x00df      ................
0x18,0x8C,0x00,0x00,0x18,0x8C,0x00,0x00,0x18,0x8C,0x00,0x00,0x18,0x8C,0x00,0x00,  //0x00e0~0x00ef      ................
0x18,0x8C,0x00,0x00,0x18,0x8C,0x00,0x00,0x18,0x8C,0x00,0x00,0x18,0x8C,0x00,0x00,  //0x00f0~0x00ff      ................
0x18,0x8C,0x00,0x00,0x18,0x8C,0x00,0x00,0x18,0x8C,0x00,0x00,0x18,0x8C,0x00,0x00,  //0x0100~0x010f      ................
0x18,0x8C,0x00,0x00,0x18,0x8C,0x00,0x00,0x18,0x8C,0x00,0x00,0x18,0x8C,0x00,0x00,  //0x0110~0x011f      ................
0x18,0x8C,0x00,0x00,0xDD,0x9E,0xDD,0x9E,0xDD,0x9E,0xDD,0x9E,0xDD,0x9E,0xDD,0x9E,  //0x0120~0x012f      ................
0xDD,0x9E,0xDD,0x9E,0xFC,0x00,0x49,0x00,0x06,0xA4,0xFC,0x80,0xFC,0x00,0x49,0x00,  //0x0130~0x013f      ......I.......I.
0x06,0xB7,0xFC,0x80,0xFC,0x00,0x84,0x01,0x3E,0x07,0xFB,0x8E,0x49,0x00,0x07,0xB0,  //0x0140~0x014f      ........>...I...
0xFC,0x80,0xFC,0x00,0x49,0x00,0x06,0x6F,0xFC,0x80,0xFC,0x00,0x49,0x00,0x06,0x43,  //0x0150~0x015f      ....I..o....I..C
0xFC,0x80,0xDD,0x9E,0x44,0x11,0x00,0x4C,0x84,0x1F,0xAE,0x08,0xA6,0x09,0x54,0x00,  //0x0160~0x016f      ....D..L......T.
0x00,0xF0,0x58,0x00,0x00,0x0B,0xAE,0x09,0x84,0x00,0x3C,0x0F,0xFE,0x9E,0xDD,0x9E,  //0x0170~0x017f      ..X.......<.....
0xDD,0x9E,0xDD,0x9E,0x84,0x60,0xE0,0x62,0xE8,0x09,0x38,0x50,0x0C,0x10,0x38,0x40,  //0x0180~0x018f      .....`.b..8P..8@
0x8C,0x10,0xDC,0x06,0x8C,0x61,0x96,0xDA,0xD5,0xF7,0x84,0x01,0xDD,0x9E,0x84,0x00,  //0x0190~0x019f      .....a..........
0xDD,0x9E,0x80,0x40,0x84,0x00,0x38,0x11,0x00,0x10,0xC1,0x04,0x9C,0x41,0x96,0x08,  //0x01a0~0x01af      ...@..8......A..
0xD5,0xFB,0xDD,0x9E,0x84,0x43,0x44,0x11,0x05,0xB4,0x42,0x10,0x08,0x73,0x20,0x20,  //0x01b0~0x01bf      .....CD...B..s..
0x80,0x90,0x50,0x00,0x80,0x88,0x2E,0x17,0xFE,0x2D,0x20,0x00,0x00,0x09,0x42,0x01,  //0x01c0~0x01cf      ..P......-....B.
0x04,0x73,0x50,0x00,0x02,0xD8,0x44,0x14,0x00,0x00,0x38,0x00,0x81,0x11,0xDD,0x9E,  //0x01d0~0x01df      .sP...D...8.....
0x2E,0x27,0xFE,0x2D,0x42,0x10,0x08,0x73,0x50,0x10,0x82,0xD8,0x44,0x04,0x00,0x00,  //0x01e0~0x01ef      .'.-B..sP...D...
0x38,0x00,0x05,0x11,0xDD,0x9E,0xFC,0x00,0x50,0x00,0x00,0x28,0x44,0x11,0x05,0xB4,  //0x01f0~0x01ff      8.......P..(D...
0x94,0x03,0x88,0x01,0xA6,0x06,0x49,0xFF,0xFF,0xD7,0xFC,0x80,0xDD,0x9E,0x5A,0x08,  //0x0200~0x020f      ......I.......Z.
0xBA,0x07,0x44,0x50,0xFC,0x00,0x44,0x10,0x04,0x00,0xD5,0x04,0x84,0xA0,0x44,0x11,  //0x0210~0x021f      ..DP..D.......D.
0x00,0x00,0x88,0x25,0x80,0x05,0x84,0x40,0x08,0x30,0x00,0x01,0x88,0x43,0x4C,0x00,  //0x0220~0x022f      ...%...@.0...CL.
0xFF,0xFD,0x84,0x00,0x08,0x32,0x80,0x01,0x88,0x03,0xD9,0xFD,0x4C,0x01,0x40,0x08,  //0x0230~0x023f      .....2......L.@.
0x96,0x01,0x40,0x10,0x20,0x09,0x3E,0x17,0xFB,0x8C,0xD5,0x05,0x44,0x0F,0xFF,0x88,  //0x0240~0x024f      ..@...>.....D...
0x3E,0x07,0xFB,0x8C,0x3E,0x07,0xFB,0x8D,0x84,0x00,0x3E,0x07,0xFB,0x59,0xDD,0x9E,  //0x0250~0x025f      >...>.....>..Y..
0x2E,0x07,0xFB,0x8B,0xE6,0x02,0xE9,0x0E,0xFC,0x00,0x44,0x1F,0xFF,0xAB,0x84,0xC1,  //0x0260~0x026f      ..........D.....
0x3E,0x17,0xFB,0x8B,0x3E,0x67,0xFB,0x59,0x49,0xFF,0xFF,0xCB,0x3E,0x67,0xFB,0x8B,  //0x0270~0x027f      >...>g.YI...>g..
0xFC,0x80,0xDD,0x9E,0x2E,0x57,0xF7,0x4C,0x5A,0x58,0x01,0x3E,0x2E,0x17,0xF9,0x60,  //0x0280~0x028f      .....W.LZX.>...`
0x2E,0x07,0xF9,0x5F,0x40,0x10,0xA0,0x08,0x40,0x20,0x80,0x04,0x2E,0x07,0xF9,0x61,  //0x0290~0x029f      ..._@...@......a
0x40,0x00,0x40,0x08,0x40,0x10,0x08,0x04,0x2E,0x07,0xF9,0x62,0x40,0x00,0x60,0x08,  //0x02a0~0x02af      @.@.@......b@.`.
0xFE,0x0F,0x00,0x20,0x00,0x16,0x00,0x40,0x00,0x15,0x00,0x10,0x00,0x17,0x40,0x21,  //0x02b0~0x02bf      .......@......@!
0x20,0x08,0x40,0x31,0x10,0x04,0x40,0x10,0xC0,0x08,0x40,0x20,0x8C,0x04,0x00,0x10,  //0x02c0~0x02cf      ..@1..@...@.....
0x00,0x18,0x40,0x10,0xE0,0x08,0xFE,0x57,0x3C,0x1F,0xFE,0xC7,0x00,0x10,0x00,0x1A,  //0x02d0~0x02df      ..@....W<.......
0x00,0x30,0x00,0x19,0x40,0x10,0xA0,0x08,0x40,0x20,0x8C,0x04,0x00,0x10,0x00,0x1B,  //0x02e0~0x02ef      .0..@...@.......
0x00,0x00,0x00,0x1C,0x40,0x10,0xC0,0x08,0xFE,0x57,0x40,0x00,0x60,0x08,0xFE,0x0F,  //0x02f0~0x02ff      ....@....W@.`...
0x3C,0x0F,0xFE,0xC6,0x3E,0x57,0xFB,0x58,0xDD,0x9E,0xFC,0x00,0x2E,0x67,0xF7,0x4C,  //0x0300~0x030f      <...>W.X.....g.L
0x5A,0x68,0x01,0x4E,0x2E,0x17,0xF9,0x60,0x2E,0x07,0xF9,0x5F,0x40,0x10,0xA0,0x08,  //0x0310~0x031f      Zh.N...`..._@...
0x40,0x20,0x80,0x04,0x2E,0x07,0xF9,0x61,0x40,0x00,0x40,0x08,0x40,0x10,0x08,0x04,  //0x0320~0x032f      @......a@.@.@...
0x2E,0x07,0xF9,0x62,0x40,0x00,0x60,0x08,0xFE,0x0F,0x00,0x20,0x00,0x1E,0x00,0x40,  //0x0330~0x033f      ...b@.`........@
0x00,0x1D,0x00,0x10,0x00,0x1F,0x40,0x21,0x20,0x08,0x40,0x31,0x10,0x04,0x40,0x10,  //0x0340~0x034f      ......@!..@1..@.
0xC0,0x08,0x40,0x20,0x8C,0x04,0x00,0x10,0x00,0x20,0x40,0x10,0xE0,0x08,0xFE,0x57,  //0x0350~0x035f      ..@.......@....W
0x3C,0x1F,0xFE,0xC5,0x00,0x20,0x00,0x0E,0x00,0x40,0x00,0x0D,0x00,0x10,0x00,0x0F,  //0x0360~0x036f      <........@......
0x40,0x21,0x20,0x08,0x40,0x31,0x10,0x04,0x40,0x10,0xC0,0x08,0x40,0x20,0x8C,0x04,  //0x0370~0x037f      @!..@1..@...@...
0x00,0x10,0x00,0x10,0xA6,0xC1,0x40,0x10,0xE0,0x08,0xFE,0x57,0x3C,0x1F,0xFE,0xC8,  //0x0380~0x038f      ......@....W<...
0xA6,0x42,0x40,0x10,0xA0,0x08,0x40,0x20,0x8C,0x04,0xA6,0x43,0xA6,0x04,0x40,0x10,  //0x0390~0x039f      .B@...@....C..@.
0xC0,0x08,0xFE,0x57,0x40,0x00,0x60,0x08,0xFE,0x0F,0xDD,0x20,0x3E,0x67,0xFB,0x58,  //0x03a0~0x03af      ...W@.`.....>g.X
0xFC,0x80,0x2E,0x17,0xF9,0x60,0x2E,0x07,0xF9,0x5F,0x40,0x10,0xA0,0x08,0x40,0x20,  //0x03b0~0x03bf      .....`..._@...@.
0x80,0x04,0x2E,0x07,0xF9,0x61,0x40,0x00,0x40,0x08,0x40,0x10,0x08,0x04,0x2E,0x07,  //0x03c0~0x03cf      .....a@.@.@.....
0xF9,0x62,0x40,0x00,0x60,0x08,0xFE,0x0F,0xA6,0x46,0xA6,0xC5,0x40,0x10,0xA0,0x08,  //0x03d0~0x03df      .b@.`....F..@...
0x40,0x20,0x8C,0x04,0xA6,0x47,0x00,0x00,0x00,0x08,0x40,0x10,0xC0,0x08,0xFE,0x57,  //0x03e0~0x03ef      @....G....@....W
0x40,0x00,0x60,0x08,0xFE,0x0F,0xC0,0x04,0xFC,0x00,0xDD,0x20,0xFC,0x80,0xDD,0x9E,  //0x03f0~0x03ff      @.`.............
0x2E,0x17,0xF9,0x60,0x2E,0x07,0xF9,0x5F,0x40,0x10,0xA0,0x08,0x40,0x20,0x80,0x04,  //0x0400~0x040f      ...`..._@...@...
0x2E,0x07,0xF9,0x61,0x40,0x00,0x40,0x08,0x40,0x10,0x08,0x04,0x2E,0x07,0xF9,0x62,  //0x0410~0x041f      ...a@.@.@......b
0x40,0x00,0x60,0x08,0xFE,0x0F,0x00,0x10,0x00,0x0A,0x00,0x30,0x00,0x09,0x40,0x10,  //0x0420~0x042f      @.`........0..@.
0xA0,0x08,0x40,0x20,0x8C,0x04,0x00,0x10,0x00,0x0B,0x00,0x00,0x00,0x0C,0x40,0x10,  //0x0430~0x043f      ..@...........@.
0xC0,0x08,0xFE,0x57,0x40,0x00,0x60,0x08,0xFE,0x0F,0xC0,0x04,0xFC,0x00,0xDD,0x20,  //0x0440~0x044f      ...W@.`.........
0xFC,0x80,0xDD,0x9E,0x2E,0x17,0xF9,0x60,0x2E,0x07,0xF9,0x5F,0x40,0x10,0xA0,0x08,  //0x0450~0x045f      .......`..._@...
0x40,0x20,0x80,0x04,0x2E,0x07,0xF9,0x61,0x40,0x00,0x40,0x08,0x40,0x10,0x08,0x04,  //0x0460~0x046f      @......a@.@.@...
0x2E,0x07,0xF9,0x62,0x40,0x00,0x60,0x08,0xFE,0x0F,0x00,0x10,0x00,0x2A,0x00,0x30,  //0x0470~0x047f      ...b@.`......*.0
0x00,0x29,0x40,0x10,0xA0,0x08,0x40,0x20,0x8C,0x04,0x00,0x10,0x00,0x2B,0x00,0x00,  //0x0480~0x048f      .)@...@......+..
0x00,0x2C,0x40,0x10,0xC0,0x08,0xFE,0x57,0x40,0x00,0x60,0x08,0xFE,0x0F,0xC0,0x04,  //0x0490~0x049f      .,@....W@.`.....
0xFC,0x00,0xDD,0x20,0xFC,0x80,0xDD,0x9E,0x2E,0x17,0xF9,0x60,0x2E,0x07,0xF9,0x5F,  //0x04a0~0x04af      ...........`..._
0x40,0x10,0xA0,0x08,0x40,0x20,0x80,0x04,0x2E,0x07,0xF9,0x61,0x40,0x00,0x40,0x08,  //0x04b0~0x04bf      @...@......a@.@.
0x40,0x10,0x08,0x04,0x2E,0x07,0xF9,0x62,0x40,0x00,0x60,0x08,0xFE,0x0F,0x00,0x10,  //0x04c0~0x04cf      @......b@.`.....
0x00,0x2E,0x00,0x30,0x00,0x2D,0x40,0x10,0xA0,0x08,0x40,0x20,0x8C,0x04,0x00,0x10,  //0x04d0~0x04df      ...0.-@...@.....
0x00,0x2F,0x00,0x00,0x00,0x30,0x40,0x10,0xC0,0x08,0xFE,0x57,0x40,0x00,0x60,0x08,  //0x04e0~0x04ef      ./...0@....W@.`.
0xFE,0x0F,0xC0,0x04,0xFC,0x00,0xDD,0x20,0xFC,0x80,0xDD,0x9E,0x2E,0x17,0xF9,0x60,  //0x04f0~0x04ff      ...............`
0x2E,0x07,0xF9,0x5F,0x40,0x10,0xA0,0x08,0x40,0x20,0x80,0x04,0x2E,0x07,0xF9,0x61,  //0x0500~0x050f      ..._@...@......a
0x40,0x00,0x40,0x08,0x40,0x10,0x08,0x04,0x2E,0x07,0xF9,0x62,0x40,0x00,0x60,0x08,  //0x0510~0x051f      @.@.@......b@.`.
0xFE,0x0F,0x00,0x10,0x00,0x32,0x00,0x30,0x00,0x31,0x40,0x10,0xA0,0x08,0x40,0x20,  //0x0520~0x052f      .....2.0.1@...@.
0x8C,0x04,0x00,0x10,0x00,0x33,0x00,0x00,0x00,0x34,0x40,0x10,0xC0,0x08,0xFE,0x57,  //0x0530~0x053f      .....3...4@....W
0x40,0x00,0x60,0x08,0xFE,0x0F,0xC0,0x04,0xFC,0x00,0xDD,0x20,0xFC,0x80,0xDD,0x9E,  //0x0540~0x054f      @.`.............
0x2E,0x17,0xF9,0x60,0x2E,0x07,0xF9,0x5F,0x40,0x10,0xA0,0x08,0x40,0x20,0x80,0x04,  //0x0550~0x055f      ...`..._@...@...
0x2E,0x07,0xF9,0x61,0x40,0x00,0x40,0x08,0x40,0x10,0x08,0x04,0x2E,0x07,0xF9,0x62,  //0x0560~0x056f      ...a@.@.@......b
0x40,0x00,0x60,0x08,0xFE,0x0F,0x00,0x10,0x00,0x36,0x00,0x30,0x00,0x35,0x40,0x10,  //0x0570~0x057f      @.`......6.0.5@.
0xA0,0x08,0x40,0x20,0x8C,0x04,0x00,0x10,0x00,0x37,0x00,0x00,0x00,0x38,0x40,0x10,  //0x0580~0x058f      ..@......7...8@.
0xC0,0x08,0xFE,0x57,0x40,0x00,0x60,0x08,0xFE,0x0F,0xC0,0x04,0xFC,0x00,0xDD,0x20,  //0x0590~0x059f      ...W@.`.........
0xFC,0x80,0xDD,0x9E,0x2E,0x17,0xF9,0x60,0x2E,0x07,0xF9,0x5F,0x40,0x10,0xA0,0x08,  //0x05a0~0x05af      .......`..._@...
0x40,0x20,0x80,0x04,0x2E,0x07,0xF9,0x61,0x40,0x00,0x40,0x08,0x40,0x10,0x08,0x04,  //0x05b0~0x05bf      @......a@.@.@...
0x2E,0x07,0xF9,0x62,0x40,0x00,0x60,0x08,0xFE,0x0F,0x00,0x10,0x00,0x3A,0x00,0x30,  //0x05c0~0x05cf      ...b@.`......:.0
0x00,0x39,0x40,0x10,0xA0,0x08,0x40,0x20,0x8C,0x04,0x00,0x10,0x00,0x3B,0x00,0x00,  //0x05d0~0x05df      .9@...@......;..
0x00,0x3C,0x40,0x10,0xC0,0x08,0xFE,0x57,0x40,0x00,0x60,0x08,0xFE,0x0F,0xC0,0x04,  //0x05e0~0x05ef      .<@....W@.`.....
0xFC,0x00,0xDD,0x20,0xFC,0x80,0xDD,0x9E,0x2E,0x17,0xF9,0x60,0x2E,0x07,0xF9,0x5F,  //0x05f0~0x05ff      ...........`..._
0x40,0x10,0xA0,0x08,0x40,0x20,0x80,0x04,0x2E,0x07,0xF9,0x61,0x40,0x00,0x40,0x08,  //0x0600~0x060f      @...@......a@.@.
0x40,0x10,0x08,0x04,0x2E,0x07,0xF9,0x62,0x40,0x00,0x60,0x08,0xFE,0x0F,0x00,0x10,  //0x0610~0x061f      @......b@.`.....
0x00,0x3E,0x00,0x30,0x00,0x3D,0x40,0x10,0xA0,0x08,0x40,0x20,0x8C,0x04,0x00,0x10,  //0x0620~0x062f      .>.0.=@...@.....
0x00,0x3F,0x00,0x00,0x00,0x40,0x40,0x10,0xC0,0x08,0xFE,0x57,0x40,0x00,0x60,0x08,  //0x0630~0x063f      .?...@@....W@.`.
0xFE,0x0F,0xC0,0x04,0xFC,0x00,0xDD,0x20,0xFC,0x80,0xDD,0x9E,0x2E,0x17,0xF9,0x60,  //0x0640~0x064f      ...............`
0x2E,0x07,0xF9,0x5F,0x40,0x10,0xA0,0x08,0x40,0x20,0x80,0x04,0x2E,0x07,0xF9,0x61,  //0x0650~0x065f      ..._@...@......a
0x40,0x00,0x40,0x08,0x40,0x10,0x08,0x04,0x2E,0x07,0xF9,0x62,0x40,0x00,0x60,0x08,  //0x0660~0x066f      @.@.@......b@.`.
0xFE,0x0F,0x00,0x10,0x00,0x42,0x00,0x30,0x00,0x41,0x40,0x10,0xA0,0x08,0x40,0x20,  //0x0670~0x067f      .....B.0.A@...@.
0x8C,0x04,0x00,0x10,0x00,0x43,0x00,0x00,0x00,0x44,0x40,0x10,0xC0,0x08,0xFE,0x57,  //0x0680~0x068f      .....C...D@....W
0x40,0x00,0x60,0x08,0xFE,0x0F,0xC0,0x04,0xFC,0x00,0xDD,0x20,0xFC,0x80,0xDD,0x9E,  //0x0690~0x069f      @.`.............
0x2E,0x17,0xF9,0x60,0x2E,0x07,0xF9,0x5F,0x40,0x10,0xA0,0x08,0x40,0x20,0x80,0x04,  //0x06a0~0x06af      ...`..._@...@...
0x2E,0x07,0xF9,0x61,0x40,0x00,0x40,0x08,0x40,0x10,0x08,0x04,0x2E,0x07,0xF9,0x62,  //0x06b0~0x06bf      ...a@.@.@......b
0x40,0x00,0x60,0x08,0xFE,0x0F,0x00,0x10,0x00,0x46,0x00,0x30,0x00,0x45,0x40,0x10,  //0x06c0~0x06cf      @.`......F.0.E@.
0xA0,0x08,0x40,0x20,0x8C,0x04,0x00,0x10,0x00,0x47,0x00,0x00,0x00,0x48,0x40,0x10,  //0x06d0~0x06df      ..@......G...H@.
0xC0,0x08,0xFE,0x57,0x40,0x00,0x60,0x08,0xFE,0x0F,0xC0,0x04,0xFC,0x00,0xDD,0x20,  //0x06e0~0x06ef      ...W@.`.........
0xFC,0x80,0xDD,0x9E,0xFC,0x00,0x2E,0x17,0xF9,0x60,0x2E,0x07,0xF9,0x5F,0x40,0x10,  //0x06f0~0x06ff      .........`..._@.
0xA0,0x08,0x40,0x20,0x80,0x04,0x2E,0x07,0xF9,0x61,0x40,0x00,0x40,0x08,0x40,0x10,  //0x0700~0x070f      ..@......a@.@.@.
0x08,0x04,0x2E,0x07,0xF9,0x62,0x40,0x00,0x60,0x08,0xFE,0x0F,0x00,0x10,0x00,0x22,  //0x0710~0x071f      .....b@.`......"
0x00,0x30,0x00,0x21,0x40,0x10,0xA0,0x08,0x40,0x20,0x8C,0x04,0x00,0x10,0x00,0x23,  //0x0720~0x072f      .0.!@...@......#
0x00,0x00,0x00,0x24,0x40,0x10,0xC0,0x08,0xFE,0x57,0x40,0x00,0x60,0x08,0xFE,0x0F,  //0x0730~0x073f      ...$@....W@.`...
0xC0,0x07,0x2E,0x17,0xFB,0x58,0x5A,0x18,0x01,0x04,0xDD,0x20,0xFC,0x80,0x49,0x00,  //0x0740~0x074f      .....XZ.......I.
0x03,0xAF,0xFC,0x80,0xFC,0x00,0x2E,0x17,0xF9,0x60,0x2E,0x07,0xF9,0x5F,0x40,0x10,  //0x0750~0x075f      .........`..._@.
0xA0,0x08,0x40,0x20,0x80,0x04,0x2E,0x07,0xF9,0x61,0x40,0x00,0x40,0x08,0x40,0x10,  //0x0760~0x076f      ..@......a@.@.@.
0x08,0x04,0x2E,0x07,0xF9,0x62,0x40,0x00,0x60,0x08,0xFE,0x0F,0x00,0x10,0x00,0x26,  //0x0770~0x077f      .....b@.`......&
0x00,0x30,0x00,0x25,0x40,0x10,0xA0,0x08,0x40,0x20,0x8C,0x04,0x00,0x10,0x00,0x27,  //0x0780~0x078f      .0.%@...@......'
0x00,0x00,0x00,0x28,0x40,0x10,0xC0,0x08,0xFE,0x57,0x40,0x00,0x60,0x08,0xFE,0x0F,  //0x0790~0x079f      ...(@....W@.`...
0xC0,0x07,0x2E,0x17,0xFB,0x58,0x5A,0x18,0x01,0x04,0xDD,0x20,0xFC,0x80,0x49,0x00,  //0x07a0~0x07af      .....XZ.......I.
0x03,0x68,0xFC,0x80,0xDD,0x9E,0xFC,0x00,0x84,0x41,0x3C,0x33,0xFE,0xDA,0x3E,0x27,  //0x07b0~0x07bf      .h.......A<3..>'
0xFF,0xD4,0x3C,0x27,0xFF,0xD5,0x97,0x1B,0x84,0x20,0xE0,0x82,0x3C,0x07,0xFE,0xDE,  //0x07c0~0x07cf      ..<'........<...
0x3E,0x17,0xFF,0xC6,0xE8,0x07,0x3C,0xF7,0xFF,0xDC,0xE0,0x0F,0xE8,0x03,0x3E,0x17,  //0x07d0~0x07df      >.....<.......>.
0xFF,0xD4,0x2E,0x47,0xF8,0xAA,0xCC,0x23,0x3C,0x23,0xFF,0xDB,0x3C,0x13,0xFF,0xDA,  //0x07e0~0x07ef      ...G...#<#..<...
0xE2,0x22,0xE8,0x0B,0x88,0x22,0x2E,0x27,0xF8,0xA6,0xE0,0x41,0xE8,0x06,0x84,0x21,  //0x07f0~0x07ff      ."...".'...A...!
0x3E,0x17,0xFF,0xC6,0x3E,0x47,0xFF,0xD4,0x2E,0x17,0xFF,0xD4,0x5A,0x18,0x01,0x35,  //0x0800~0x080f      >...>G......Z..5
0x3C,0xF7,0xFF,0xDD,0x88,0x0F,0x2E,0x17,0xF8,0x9E,0x4E,0x04,0x00,0x05,0x84,0x1B,  //0x0810~0x081f      <.........N.....
0xFE,0x44,0xD5,0x02,0xFE,0x4A,0x3E,0x17,0xFF,0xD7,0xD5,0x26,0x84,0x3E,0xFE,0x5C,  //0x0820~0x082f      .D...J>....&.>..
0x3C,0x37,0xFF,0xD4,0x96,0x4B,0xE0,0x61,0xE8,0x0C,0x3C,0x17,0xFF,0xDD,0xFE,0x02,  //0x0830~0x083f      <7...K.a..<.....
0xE0,0x20,0xE8,0x07,0x84,0x01,0x3E,0x07,0xFF,0xC6,0x84,0x00,0x3E,0x07,0xFF,0xD4,  //0x0840~0x084f      ......>.....>...
0x2E,0x07,0xFF,0xC6,0xC8,0x11,0x2E,0x07,0xF7,0x4E,0x5A,0x08,0x01,0x0E,0x3C,0xF7,  //0x0850~0x085f      .........NZ...<.
0xFF,0xDC,0x3C,0x37,0xFE,0xDF,0xE0,0x6F,0xE8,0x07,0x3C,0x13,0xFE,0xDB,0xE0,0x41,  //0x0860~0x086f      ..<7...o..<....A
0xE8,0x03,0x3E,0x07,0xFF,0xC6,0x49,0x00,0x27,0x07,0x5A,0x08,0x01,0x07,0x84,0x00,  //0x0870~0x087f      ..>...I.'.Z.....
0x3E,0x07,0xFF,0xC6,0x3E,0x07,0xFF,0xD4,0xFC,0x80,0xDD,0x9E,0xFC,0x41,0x2E,0x00,  //0x0880~0x088f      >...>........A..
0x00,0x67,0xC0,0x55,0x2E,0x10,0x00,0x66,0xC1,0x52,0xE6,0x23,0x85,0x42,0xE8,0x02,  //0x0890~0x089f      .g.U...f.R.#.B..
0x85,0x41,0x84,0xC0,0x44,0x81,0x05,0xB4,0x80,0xE6,0x81,0x26,0x8D,0x03,0x4C,0x90,  //0x08a0~0x08af      .A..D......&..L.
0x80,0x14,0x00,0x24,0x00,0x8E,0x00,0x04,0x00,0x8D,0xF1,0x81,0x88,0x02,0x88,0xE0,  //0x08b0~0x08bf      ...$............
0x80,0x09,0x49,0xFF,0xFC,0x79,0x50,0x54,0x80,0x01,0x97,0xF8,0x88,0xC0,0x54,0x92,  //0x08c0~0x08cf      ..I..yPT......T.
0x80,0xFF,0xF1,0x01,0xD5,0xEC,0x3C,0x13,0xFD,0x9B,0xC9,0x07,0x3E,0x77,0xFA,0x2B,  //0x08d0~0x08df      ......<.....>w.+
0x3C,0x6F,0xFE,0x9F,0x84,0x01,0xD5,0x28,0x2E,0x07,0xFA,0x2B,0xE2,0xE0,0xE9,0x03,  //0x08e0~0x08ef      <o.....(...+....
0x9A,0x38,0xD5,0x02,0x8A,0x07,0xE1,0x40,0xE9,0x1E,0x3C,0x0D,0xFE,0x9F,0xE0,0xC0,  //0x08f0~0x08ff      .8.....@..<.....
0xE9,0x03,0x9A,0x30,0xD5,0x02,0x8A,0x06,0x2E,0x27,0xF8,0xA9,0x40,0xF1,0x20,0x08,  //0x0900~0x090f      ...0.....'..@...
0x2E,0x27,0xF8,0xA8,0x40,0xF7,0x88,0x04,0xE0,0x0F,0xE8,0x0D,0x44,0x00,0xC3,0x4F,  //0x0910~0x091f      .'..@.......D..O
0xE2,0x01,0xE9,0x04,0x8C,0x21,0x3C,0x1B,0xFD,0x9B,0x3E,0x77,0xFA,0x2B,0x3C,0x6F,  //0x0920~0x092f      .....!<...>w.+<o
0xFE,0x9F,0xD5,0x08,0x84,0x00,0x3C,0x0B,0xFD,0x9B,0xD5,0x04,0x84,0x1F,0x3E,0x07,  //0x0930~0x093f      ......<.......>.
0xFA,0x2B,0xFC,0xC1,0xFC,0x20,0x84,0xC0,0x80,0xE6,0x80,0x07,0x49,0x00,0x0D,0xC3,  //0x0940~0x094f      .+..........I...
0x5A,0x08,0x01,0x04,0x8C,0xC1,0x97,0xB0,0x8C,0xE1,0x97,0xF8,0x5A,0x78,0x20,0xF7,  //0x0950~0x095f      Z...........Zx..
0x3E,0x60,0x00,0x66,0xFC,0xA0,0xDD,0x9E,0xA6,0x85,0xCA,0x0E,0x44,0x00,0x00,0x64,  //0x0960~0x096f      >`.f........D..d
0x10,0x00,0x80,0x08,0x10,0x00,0x80,0x09,0x84,0x01,0x10,0x00,0x80,0x0A,0x84,0x0F,  //0x0970~0x097f      ................
0xAE,0x0C,0xAE,0x0D,0xDD,0x9E,0x5A,0x28,0x01,0x31,0xA4,0xC8,0xA4,0x80,0xE2,0x62,  //0x0980~0x098f      ......Z(.1.....b
0xE9,0x03,0x9A,0x9A,0xD5,0x02,0x8A,0x43,0xA6,0xCC,0x96,0x91,0xE2,0x43,0xE8,0x06,  //0x0990~0x099f      .......C.....C..
0x00,0x20,0x80,0x08,0xC2,0x07,0x8E,0x41,0xD5,0x03,0x44,0x20,0x00,0x64,0x10,0x20,  //0x09a0~0x09af      .......A..D..d..
0x80,0x08,0xA4,0x89,0xA4,0x01,0xE2,0x40,0xE9,0x03,0x9A,0x10,0xD5,0x02,0x8A,0x02,  //0x09b0~0x09bf      .......@........
0xA6,0x8D,0x96,0x01,0xE2,0x02,0xE8,0x06,0x00,0x00,0x80,0x09,0xC0,0x07,0x8E,0x01,  //0x09c0~0x09cf      ................
0xD5,0x03,0x44,0x00,0x00,0x64,0x10,0x00,0x80,0x09,0x00,0x00,0x80,0x0A,0xE6,0x1E,  //0x09d0~0x09df      ..D..d..........
0xE8,0x04,0x8C,0x01,0x10,0x00,0x80,0x0A,0xDD,0x9E,0xFC,0x00,0x98,0xC1,0x80,0xA0,  //0x09e0~0x09ef      ................
0x2E,0x07,0xFB,0x9B,0xA7,0x1C,0xC0,0x05,0x2E,0x27,0xFB,0x9C,0x80,0x02,0xD5,0x03,  //0x09f0~0x09ff      .........'......
0x84,0x01,0x84,0x42,0xA7,0x9E,0xC6,0x05,0x00,0x52,0x80,0x0A,0xE6,0xBE,0xE8,0x04,  //0x0a00~0x0a0f      ...B.....R......
0x40,0x01,0x04,0x1B,0xD5,0x10,0x00,0x11,0x80,0x08,0xE2,0x82,0x80,0x02,0x40,0x02,  //0x0a10~0x0a1f      @.............@.
0x3C,0x1B,0xC9,0x05,0xE2,0x02,0xE8,0x07,0x8C,0x01,0xD5,0x04,0xE6,0x02,0xE9,0x03,  //0x0a20~0x0a2f      <...............
0x8E,0x01,0x96,0x00,0xAE,0x1C,0xFC,0x80,0xFC,0x41,0x2E,0x07,0xFF,0xE8,0x45,0xC1,  //0x0a30~0x0a3f      .........A....E.
0x05,0xB4,0x4E,0x02,0x00,0x84,0x3C,0x03,0xFF,0xF1,0x54,0x00,0x01,0x00,0x4E,0x02,  //0x0a40~0x0a4f      ..N...<...T...N.
0x00,0x7E,0x44,0x01,0x00,0x70,0x84,0xE0,0xB6,0x1F,0x81,0x20,0x2E,0x07,0xF8,0x7E,  //0x0a50~0x0a5f      .~D..p.........~
0xE2,0xE0,0xE8,0x74,0x50,0x63,0x80,0x28,0x94,0xB3,0x88,0x5C,0x00,0x81,0x00,0x05,  //0x0a60~0x0a6f      ...tPc.(........
0x44,0x41,0x05,0xB4,0xF4,0x81,0x5A,0x80,0xFF,0x67,0x84,0x0C,0x44,0x11,0x00,0x70,  //0x0a70~0x0a7f      DA....Z..g..D..p
0x42,0x13,0x80,0x73,0x80,0x02,0xB6,0x5F,0x81,0x41,0x49,0xFF,0xFF,0x6F,0xB4,0x5F,  //0x0a80~0x0a8f      B..s..._.AI..o._
0xF4,0x01,0x4E,0x83,0x00,0x0E,0x38,0x02,0x1B,0x01,0x10,0x85,0x00,0x06,0x12,0x05,  //0x0a90~0x0a9f      ..N...8.........
0x00,0x00,0xA4,0x11,0x10,0x85,0x00,0x07,0x12,0x05,0x00,0x01,0xD5,0x4C,0x5A,0x88,  //0x0aa0~0x0aaf      .............LZ.
0x01,0x4B,0x02,0x15,0x00,0x00,0x38,0x02,0x1B,0x01,0xE2,0x20,0xE9,0x03,0x9A,0x08,  //0x0ab0~0x0abf      .K....8.........
0xD5,0x02,0x8A,0x01,0x40,0x80,0x00,0x13,0x84,0x20,0x80,0x0A,0x49,0xFF,0xFF,0x8F,  //0x0ac0~0x0acf      ....@.......I...
0x96,0x01,0xE3,0x00,0x80,0x29,0x84,0x0C,0x42,0x13,0x80,0x73,0x80,0x01,0xE8,0x05,  //0x0ad0~0x0adf      .....)..B..s....
0xA4,0x08,0x38,0x0E,0x1B,0x09,0xD5,0x06,0x38,0x1E,0x1B,0x01,0xAC,0x40,0x84,0x21,  //0x0ae0~0x0aef      ..8.....8....@.!
0xAE,0x46,0x84,0x0C,0x80,0x29,0x42,0x13,0x80,0x73,0xA4,0x09,0x94,0x73,0x88,0x3C,  //0x0af0~0x0aff      .F...)B..s...s.<
0xA4,0x89,0xE2,0x02,0xE9,0x03,0x9A,0x82,0xD5,0x02,0x8A,0x40,0x80,0x0A,0x84,0x21,  //0x0b00~0x0b0f      ...........@...!
0x40,0x81,0x00,0x13,0x49,0xFF,0xFF,0x6B,0x96,0x01,0xE3,0x00,0x84,0x0C,0xE8,0x09,  //0x0b10~0x0b1f      @...I..k........
0x80,0x29,0x42,0x13,0x80,0x73,0x95,0xB3,0xA4,0x09,0x88,0xDC,0xAC,0x31,0xD5,0x0B,  //0x0b20~0x0b2f      .)B..s.......1..
0x80,0x29,0x95,0xB3,0x42,0x13,0x80,0x73,0x88,0xDC,0x80,0x01,0xA4,0x71,0xAC,0x41,  //0x0b30~0x0b3f      .)..B..s.....q.A
0x84,0x21,0xAE,0x47,0x8C,0xE1,0x97,0xF8,0xD5,0x8A,0xFC,0xC1,0xFC,0x40,0x84,0x60,  //0x0b40~0x0b4f      .!.G.........@.`
0x50,0x90,0xFF,0xFF,0xE0,0x69,0xE8,0x19,0x9B,0x4B,0x84,0x80,0x8E,0xA1,0xE0,0x85,  //0x0b50~0x0b5f      P....i...K......
0xE8,0x11,0x94,0xA1,0x99,0xC2,0x8C,0x42,0x88,0x40,0x22,0x63,0x80,0x00,0x22,0xA1,  //0x0b60~0x0b6f      .......B.@"c..".
0x00,0x00,0xE1,0x46,0xE8,0x04,0x12,0xA3,0x80,0x00,0xAD,0x90,0x8C,0x81,0x97,0x20,  //0x0b70~0x0b7f      ...F............
0xD5,0xEF,0x8C,0x61,0x96,0xD8,0xD5,0xE7,0x22,0x00,0x00,0x03,0xFC,0xC0,0x2E,0x07,  //0x0b80~0x0b8f      ...a....".......
0xF7,0x48,0xC0,0x3C,0xFC,0x49,0x2E,0x07,0xF9,0x4E,0x2E,0x87,0xFE,0x2D,0x40,0x90,  //0x0b90~0x0b9f      .H.<.I...N...-@.
0x20,0x08,0x2E,0x07,0xF9,0x4D,0x2F,0xC7,0xFE,0x2F,0x40,0xA4,0x04,0x08,0x84,0xE0,  //0x0ba0~0x0baf      .....M/../@.....
0x40,0x94,0x80,0x04,0xE2,0xFC,0xE8,0x29,0x42,0x33,0xA0,0x24,0x96,0xDB,0x94,0xD9,  //0x0bb0~0x0bbf      @......)B3.$....
0x44,0x04,0x05,0xB0,0x99,0x98,0x80,0x26,0x80,0x4A,0x80,0x1F,0x49,0x00,0x41,0x32,  //0x0bc0~0x0bcf      D......&.J..I.A2
0x80,0x1F,0x80,0x28,0x49,0xFF,0xFF,0xBC,0xE1,0x20,0xE8,0x04,0x40,0x04,0x80,0x11,  //0x0bd0~0x0bdf      ...(I.......@...
0xD5,0x06,0x52,0x14,0x80,0x00,0xE0,0x01,0xE8,0x02,0x96,0x0B,0x80,0x66,0x84,0xA0,  //0x0be0~0x0bef      ..R..........f..
0x4C,0x54,0x00,0x09,0xA4,0x58,0x8C,0xA1,0x8A,0x20,0x1A,0x11,0x80,0x01,0x97,0x68,  //0x0bf0~0x0bff      LT...X.........h
0xD5,0xF8,0x8C,0xE1,0x97,0xF8,0xD5,0xD7,0xFC,0xC9,0xDD,0x9E,0xFC,0x00,0x49,0xFF,  //0x0c00~0x0c0f      ..............I.
0xFF,0xC0,0x49,0x00,0x20,0x15,0xFC,0x80,0xDD,0x9E,0xFC,0x00,0x49,0xFF,0xFA,0x8C,  //0x0c10~0x0c1f      ..I.........I...
0xFC,0x80,0xFC,0x00,0x49,0xFF,0xFA,0x8C,0xFC,0x80,0xFC,0x00,0x49,0xFF,0xFA,0x7C,  //0x0c20~0x0c2f      ....I.......I..|
0xFC,0x80,0xFC,0x00,0x49,0xFF,0xFA,0x79,0xFC,0x80,0xFC,0x00,0x49,0xFF,0xFA,0x76,  //0x0c30~0x0c3f      ....I..y....I..v
0xFC,0x80,0xFC,0x00,0x49,0xFF,0xFA,0x73,0xFC,0x80,0xFC,0x00,0x84,0x01,0x84,0x22,  //0x0c40~0x0c4f      ....I..s......."
0x49,0xFF,0xFE,0x8B,0xFC,0x80,0xFC,0x00,0x49,0xFF,0xFD,0xAF,0xFC,0x80,0xFC,0x00,  //0x0c50~0x0c5f      I.......I.......
0x49,0xFF,0xFE,0x15,0x49,0xFF,0xFE,0x14,0x49,0xFF,0xFA,0x62,0x49,0xFF,0xFE,0x6C,  //0x0c60~0x0c6f      I...I...I..bI..l
0xFC,0x80,0xFC,0x00,0x49,0xFF,0xFA,0x5D,0xFC,0x80,0xFC,0x00,0x49,0xFF,0xFD,0x9C,  //0x0c70~0x0c7f      ....I..]....I...
0x49,0xFF,0xFA,0x58,0xFC,0x80,0xFC,0x00,0x49,0xFF,0xFA,0x55,0xFC,0x80,0xFC,0x00,  //0x0c80~0x0c8f      I..X....I..U....
0x49,0xFF,0xFA,0x5A,0xFC,0x80,0xFC,0x00,0x49,0xFF,0xFA,0x5D,0xFC,0x80,0xFC,0x00,  //0x0c90~0x0c9f      I..Z....I..]....
0x49,0xFF,0xFA,0x5D,0xFC,0x80,0xFC,0x00,0x49,0xFF,0xFA,0x5D,0xFC,0x80,0x2E,0x07,  //0x0ca0~0x0caf      I..]....I..]....
0xFC,0x13,0xE6,0x02,0xE8,0x05,0x84,0x00,0x3C,0x0B,0xFE,0x08,0xDD,0x9E,0x2E,0x17,  //0x0cb0~0x0cbf      ........<.......
0xFC,0x13,0x2E,0x07,0xFA,0x57,0x44,0x20,0x8F,0x5C,0x38,0x01,0x00,0x00,0x2E,0x27,  //0x0cc0~0x0ccf      .....WD...8....'
0xFA,0x57,0x8E,0x22,0xE6,0x5D,0x96,0x48,0xE9,0x06,0x2E,0x27,0xFA,0x57,0x5C,0xF1,  //0x0cd0~0x0cdf      .W.".].H...'.W..
0x00,0x20,0xE9,0x0D,0x2E,0x27,0xFA,0x57,0x5A,0x20,0x20,0x0A,0x2E,0x27,0xFA,0x57,  //0x0ce0~0x0cef      .....'.WZ....'.W
0x5A,0x20,0x0D,0x06,0x2E,0x27,0xFA,0x57,0x5A,0x28,0x21,0x13,0x2E,0x07,0xFA,0x56,  //0x0cf0~0x0cff      Z....'.WZ(!....V
0xC9,0x09,0x3C,0x0B,0xFE,0x08,0x3C,0x03,0xFE,0x08,0x40,0x00,0x20,0x08,0x96,0x01,  //0x0d00~0x0d0f      ..<...<...@.....
0xD5,0x04,0x3C,0x13,0xFE,0x08,0xFE,0x0F,0x3C,0x0B,0xFE,0x08,0xD5,0x1F,0x2E,0x27,  //0x0d10~0x0d1f      ..<.....<......'
0xFA,0x57,0x5A,0x28,0x39,0x05,0x84,0x41,0x3E,0x27,0xFD,0x8C,0x2E,0x27,0xFA,0x57,  //0x0d20~0x0d2f      .WZ(9..A>'...'.W
0x5A,0x28,0x32,0x05,0x84,0x41,0x3E,0x27,0xFB,0x55,0xC0,0x13,0x44,0x20,0x90,0x5C,  //0x0d30~0x0d3f      Z(2..A>'.U..D...
0x38,0x31,0x03,0x00,0xC3,0x0E,0x94,0x03,0x88,0x02,0xA6,0x81,0xE2,0x22,0xE8,0x09,  //0x0d40~0x0d4f      81..........."..
0xA0,0x01,0x2E,0x27,0xFA,0x56,0x38,0x20,0x04,0x08,0x84,0x01,0x3E,0x07,0xFC,0x12,  //0x0d50~0x0d5f      ...'.V8.....>...
0xDD,0x9E,0x2E,0x07,0xFA,0x57,0xC8,0x15,0x2E,0x07,0xFA,0x80,0x96,0x00,0x3E,0x00,  //0x0d60~0x0d6f      .....W........>.
0x04,0xE0,0x2E,0x07,0xFB,0x11,0x5A,0x00,0x01,0x0A,0x2E,0x07,0xFA,0x80,0x96,0x00,  //0x0d70~0x0d7f      ......Z.........
0x3E,0x00,0x04,0xA0,0x44,0x01,0x0A,0x78,0xD5,0x11,0x44,0x01,0x0A,0xB8,0xD5,0x0E,  //0x0d80~0x0d8f      >...D..x..D.....
0x2E,0x07,0xFA,0x57,0x5A,0x08,0x01,0x10,0x2E,0x07,0xFB,0x11,0x5A,0x00,0x01,0x05,  //0x0d90~0x0d9f      ...WZ.......Z...
0x44,0x01,0x0A,0x79,0xD5,0x03,0x44,0x01,0x0A,0xB9,0x3C,0x13,0xFE,0x0A,0x38,0x00,  //0x0da0~0x0daf      D..y..D...<...8.
0x04,0x00,0xD5,0x15,0x2E,0x07,0xFA,0x57,0x44,0x10,0x8F,0x5C,0x38,0x00,0x80,0x00,  //0x0db0~0x0dbf      .......WD...8...
0xC0,0x10,0x44,0x10,0x90,0x5C,0x94,0x03,0x88,0x01,0xA0,0x41,0xC1,0x0A,0x3C,0x03,  //0x0dc0~0x0dcf      ..D........A..<.
0xFE,0x0A,0x3C,0x23,0xFE,0x08,0x88,0x01,0x38,0x00,0x08,0x00,0x3E,0x07,0xFA,0x56,  //0x0dd0~0x0ddf      ..<#....8...>..V
0xDD,0x9E,0x3C,0x0D,0xFF,0x44,0xC0,0x06,0x04,0x10,0x00,0x0A,0x8C,0x21,0x14,0x10,  //0x0de0~0x0def      ..<..D.......!..
0x00,0x0A,0x3C,0x03,0xFE,0x0A,0xE6,0x0B,0xE9,0x17,0x2E,0x07,0xF9,0x5B,0x5A,0x08,  //0x0df0~0x0dff      ..<..........[Z.
0x01,0x14,0x2E,0x07,0xFB,0x5B,0x96,0x00,0x5A,0x08,0x01,0x0F,0xFC,0x00,0x2E,0x17,  //0x0e00~0x0e0f      .....[..Z.......
0xF9,0x5C,0xC1,0x02,0x84,0x00,0x49,0x00,0x3C,0xFB,0x84,0x00,0x3C,0x0B,0xFE,0x0A,  //0x0e10~0x0e1f      ......I.<...<...
0x3E,0x07,0xFC,0x13,0xFC,0x80,0x84,0x00,0x3C,0x0B,0xFE,0x0A,0x3E,0x07,0xFC,0x13,  //0x0e20~0x0e2f      >.......<...>...
0xDD,0x9E,0xFC,0x00,0x2E,0x07,0xFA,0x55,0x5A,0x08,0x77,0x13,0x2E,0x07,0xFC,0x13,  //0x0e30~0x0e3f      .......UZ.w.....
0xC8,0x06,0x2E,0x07,0xFA,0x56,0x96,0x00,0x3E,0x07,0xFA,0x57,0x2E,0x07,0xFC,0x13,  //0x0e40~0x0e4f      .....V..>..W....
0x8C,0x01,0x96,0x00,0x3E,0x07,0xFC,0x13,0x49,0xFF,0xFF,0x2B,0xD5,0x0B,0x2E,0x07,  //0x0e50~0x0e5f      ....>...I..+....
0xFA,0x55,0x5A,0x08,0x72,0x08,0x3C,0x03,0xFE,0x0A,0x8C,0x01,0x96,0x01,0x3C,0x0B,  //0x0e60~0x0e6f      .UZ.r.<.......<.
0xFE,0x0A,0x49,0xFF,0xFF,0x78,0x84,0x00,0x3E,0x07,0xFA,0x55,0xFC,0x80,0x2E,0x07,  //0x0e70~0x0e7f      ..I..x..>..U....
0xFD,0x83,0xC8,0x14,0xFC,0x00,0x2E,0x67,0xFB,0x5B,0x97,0xB0,0x5A,0x68,0x01,0x0E,  //0x0e80~0x0e8f      .......g.[..Zh..
0x49,0x00,0x24,0x02,0x2E,0x07,0xF7,0x3F,0x5A,0x00,0x01,0x08,0x2E,0x07,0xF9,0x5C,  //0x0e90~0x0e9f      I.$....?Z.......
0xC0,0x02,0x80,0x06,0x49,0x00,0x3C,0xB4,0xFC,0x80,0xDD,0x9E,0x2E,0x07,0xFB,0x5B,  //0x0ea0~0x0eaf      ....I.<........[
0x5A,0x08,0x01,0x2B,0x3C,0x53,0xFD,0xA0,0x2E,0x07,0xF9,0x5B,0x97,0x68,0x5A,0x08,  //0x0eb0~0x0ebf      Z..+<S.....[.hZ.
0x02,0x08,0x2E,0x07,0xFA,0x2A,0x5A,0x08,0xC8,0x04,0x3E,0x57,0xFA,0x2A,0x2E,0x07,  //0x0ec0~0x0ecf      .....*Z...>W.*..
0xFA,0x2A,0x8C,0x02,0xD0,0x04,0x3C,0x03,0xFD,0x9E,0xC8,0x16,0x84,0x00,0x3E,0x07,  //0x0ed0~0x0edf      .*....<.......>.
0xFB,0x5B,0x44,0x0F,0xFF,0xC8,0x3E,0x07,0xFA,0x2A,0x2E,0x07,0xF7,0x3F,0x5A,0x00,  //0x0ee0~0x0eef      .[D...>..*...?Z.
0x01,0x0C,0xFC,0x00,0x2E,0x07,0xF9,0x5C,0xC8,0x03,0x84,0x01,0xD5,0x02,0x84,0x00,  //0x0ef0~0x0eff      ................
0x49,0x00,0x3C,0x86,0xFC,0x80,0xDD,0x9E,0xFC,0x4A,0x44,0x10,0x00,0xFF,0x44,0x20,  //0x0f00~0x0f0f      I.<......JD...D.
0x00,0x3F,0x81,0x40,0xB0,0x04,0x49,0x00,0x3F,0xB3,0x49,0x00,0x23,0xC5,0x2E,0x07,  //0x0f10~0x0f1f      .?.@..I.?.I.#...
0xF8,0x7E,0x87,0x80,0x80,0xDC,0x81,0x3C,0xF0,0x81,0xF0,0x01,0xE3,0x20,0xE8,0x73,  //0x0f20~0x0f2f      .~.....<.......s
0x40,0x34,0x8C,0x08,0x88,0x6A,0xA6,0x1D,0x5A,0x00,0xFF,0x69,0xA6,0x5C,0x5A,0x10,  //0x0f30~0x0f3f      @4...j..Z..i..Z.
0xFF,0x66,0x84,0x26,0x5A,0x08,0x02,0x1D,0xB0,0x14,0x42,0x03,0x04,0x73,0x80,0x20,  //0x0f40~0x0f4f      .f.&Z.....B..s..
0x00,0x00,0x7F,0xC3,0x44,0x21,0x05,0xB4,0x96,0x2F,0x58,0x00,0x00,0x40,0x10,0x00,  //0x0f50~0x0f5f      ....D!.../X..@..
0xFF,0xC3,0x50,0x14,0x80,0x3C,0x94,0x4B,0x80,0x03,0x88,0x22,0x84,0x48,0x49,0x00,  //0x0f60~0x0f6f      ..P..<.K...".HI.
0x3F,0x61,0x80,0x60,0x50,0x0E,0x00,0x01,0x55,0xC0,0x00,0xFF,0xD5,0x13,0xB0,0x94,  //0x0f70~0x0f7f      ?a.`P...U.......
0x42,0x23,0x04,0x73,0x5A,0x08,0x01,0x08,0x00,0x01,0x7F,0xC3,0x44,0x1F,0xFF,0x80,  //0x0f80~0x0f8f      B#.sZ.......D...
0x96,0x2F,0xD5,0x05,0x00,0x11,0x7F,0xC3,0x94,0x06,0x96,0x6F,0xFE,0x0F,0x10,0x01,  //0x0f90~0x0f9f      ./.........o....
0x7F,0xC3,0x84,0x06,0x50,0x7F,0x80,0x13,0x42,0x73,0x00,0x73,0xA6,0x1C,0x94,0x44,  //0x0fa0~0x0faf      ....P...Bs.s...D
0xA6,0x3A,0x2E,0x27,0xF7,0x3E,0x96,0x1F,0xFE,0x0F,0xAE,0x3A,0xA4,0x19,0xA4,0x58,  //0x0fb0~0x0fbf      .:.'.>.....:...X
0xC2,0x05,0x81,0x00,0x12,0x1F,0x80,0x07,0xD5,0x04,0x81,0x01,0x12,0x0F,0x80,0x07,  //0x0fc0~0x0fcf      ................
0x50,0x0F,0x80,0x0E,0x49,0xFF,0xF8,0xD7,0x40,0x04,0x20,0x09,0x54,0x10,0x00,0x3F,  //0x0fd0~0x0fdf      P...I...@...T..?
0xA6,0x38,0x02,0x2F,0x80,0x07,0x54,0x00,0x00,0xC0,0xFE,0x0F,0xAE,0x38,0x40,0x01,  //0x0fe0~0x0fef      .8./..T......8@.
0x20,0x09,0x54,0x10,0x00,0x0F,0xA6,0x3A,0x8C,0xC1,0x54,0x00,0x00,0xF0,0xFE,0x0F,  //0x0ff0~0x0fff      ..T....:..T.....
0x10,0x83,0x80,0x01,0xAE,0x3A,0xAE,0xBB,0x97,0xB0,0x50,0x44,0x80,0x01,0x54,0x92,  //0x1000~0x100f      .....:....PD..T.
0x00,0xFF,0xD5,0x8C,0x2E,0x07,0xFD,0x83,0x8A,0xDC,0x10,0x0F,0x80,0x10,0x2E,0x07,  //0x1010~0x101f      ................
0xFF,0xE2,0x97,0xB0,0x10,0x0F,0x80,0x11,0x2E,0x07,0xFB,0x11,0x3E,0x67,0xFF,0xDC,  //0x1020~0x102f      ............>g..
0x10,0x6F,0x80,0x12,0x44,0x20,0x00,0x3F,0xC8,0x08,0x44,0x01,0x0A,0xB8,0xB0,0x44,  //0x1030~0x103f      .o..D..?..D....D
0x49,0x00,0x3E,0xF8,0x84,0x01,0xD5,0x07,0x44,0x01,0x0A,0x78,0xB0,0x44,0x49,0x00,  //0x1040~0x104f      I.>.....D..x.DI.
0x3E,0xF1,0x84,0x00,0x3E,0x07,0xFB,0x11,0xFC,0xCA,0x3C,0x03,0xFF,0xF1,0x54,0x00,  //0x1050~0x105f      >...>.....<...T.
0x03,0x00,0xC8,0x15,0x2E,0x07,0xFD,0x8D,0xC8,0x12,0x2E,0x17,0xFB,0x57,0x5A,0x18,  //0x1060~0x106f      .............WZ.
0x52,0x10,0x3C,0x3D,0xE3,0xF9,0xB4,0x23,0x54,0x20,0x80,0x3E,0xB4,0x23,0x92,0x26,  //0x1070~0x107f      R.<=...#T..>.#.&
0x94,0x4E,0xFE,0x57,0xB6,0x23,0x3E,0x07,0xFB,0x57,0xD5,0x02,0x84,0x01,0x2E,0x17,  //0x1080~0x108f      .N.W.#>..W......
0xFD,0x8E,0x5A,0x18,0x01,0x0C,0x2E,0x27,0xFA,0x29,0x2E,0x57,0xFF,0xEF,0x5A,0x20,  //0x1090~0x109f      ..Z....'.).W..Z.
0xFF,0x04,0xD2,0x02,0x80,0x01,0x3E,0x57,0xFA,0x29,0xDD,0x9E,0xFC,0x00,0x49,0xFF,  //0x10a0~0x10af      ......>W.)....I.
0xFF,0xD6,0x3E,0x07,0xFB,0x5B,0x2E,0x07,0xFB,0x5B,0x5A,0x08,0x01,0x06,0x44,0x01,  //0x10b0~0x10bf      ..>..[...[Z...D.
0x06,0xF4,0x49,0xFF,0xFF,0x23,0x49,0x00,0x22,0xE8,0x49,0xFF,0xFB,0x45,0x49,0x00,  //0x10c0~0x10cf      ..I..#I.".I..EI.
0x1D,0xBD,0xFC,0x80,0x2E,0x07,0xFA,0x80,0x92,0x02,0x96,0x06,0x5A,0x08,0x01,0x11,  //0x10d0~0x10df      ............Z...
0xFC,0x00,0x49,0x00,0x1D,0x9C,0x2E,0x07,0xFA,0x80,0x54,0x00,0x00,0xFB,0x3E,0x07,  //0x10e0~0x10ef      ..I.......T...>.
0xFA,0x80,0x2E,0x07,0xFA,0x80,0x96,0x37,0x3E,0x07,0xFA,0x80,0xFC,0x80,0xDD,0x9E,  //0x10f0~0x10ff      .......7>.......
0x22,0x30,0x00,0x00,0xE0,0x62,0xE9,0x02,0xAC,0x80,0x22,0xF0,0x00,0x00,0xE0,0x2F,  //0x1100~0x110f      "0...b...."..../
0xE9,0x02,0xAC,0x40,0xDD,0x9E,0xFC,0x20,0xA6,0x85,0xCA,0x08,0x84,0x21,0x3E,0x17,  //0x1110~0x111f      ...@.........!>.
0xFB,0x10,0x3E,0x20,0x03,0x95,0x3E,0x10,0x03,0x94,0x2E,0x10,0x03,0x95,0x44,0x71,  //0x1120~0x112f      ..>...>.......Dq
0x05,0xB4,0xE6,0x23,0xE8,0x0D,0xA4,0xC0,0x94,0x8A,0x88,0xE2,0x12,0x33,0x81,0xD6,  //0x1130~0x113f      ...#.........3..
0xA4,0x01,0x8C,0x21,0x12,0x03,0x81,0xD7,0x3E,0x10,0x03,0x95,0xFC,0xA0,0x2E,0x17,  //0x1140~0x114f      ...!....>.......
0xFB,0x10,0x5A,0x18,0x01,0x20,0x80,0xC0,0x50,0x13,0x83,0xB0,0x84,0x44,0x50,0x03,  //0x1150~0x115f      ..Z.....P....DP.
0x83,0xAC,0x49,0x00,0x3E,0x67,0x50,0x03,0x83,0xB0,0x50,0x13,0x83,0xB4,0x84,0x44,  //0x1160~0x116f      ..I.>gP...P....D
0x49,0x00,0x3E,0x60,0xA4,0x30,0x3C,0x08,0x01,0xC8,0xA4,0x31,0x3C,0x08,0x01,0xC9,  //0x1170~0x117f      I.>`.0<....1<...
0x2E,0x00,0x02,0xC0,0x5A,0x08,0x01,0x07,0x84,0x00,0x3E,0x07,0xFB,0x10,0x3E,0x00,  //0x1180~0x118f      ....Z.....>...>.
0x03,0x94,0xFC,0xA0,0x2E,0x10,0x03,0x95,0xE6,0x23,0x4E,0xF3,0x01,0x30,0x2E,0x10,  //0x1190~0x119f      .........#N..0..
0x03,0x94,0x4E,0x12,0x01,0x2C,0x3C,0x10,0x01,0x5B,0x5C,0xF0,0x80,0x29,0x4E,0xF3,  //0x11a0~0x11af      ..N..,<..[...)N.
0x01,0x26,0xFC,0x45,0x3C,0x20,0x01,0xC6,0x3C,0x50,0x01,0xC4,0xE2,0x45,0xE9,0x03,  //0x11b0~0x11bf      .&.E<...<P...E..
0x9A,0x55,0xD5,0x02,0x9A,0x6A,0x3C,0x70,0x01,0xC8,0x96,0x4B,0xE2,0xE2,0xE9,0x03,  //0x11c0~0x11cf      .U...j<p...K....
0x9A,0xBA,0xD5,0x02,0x8A,0x47,0x96,0x93,0xF2,0x81,0x3C,0x40,0x01,0xC5,0x3C,0x20,  //0x11d0~0x11df      .....G....<@..<.
0x01,0xC7,0xE2,0x44,0xE9,0x03,0x9A,0xD4,0xD5,0x02,0x9A,0xE2,0x3C,0xA0,0x01,0xC9,  //0x11e0~0x11ef      ...D........<...
0x96,0xDB,0xE3,0x42,0xE9,0x04,0x40,0x65,0x08,0x01,0xD5,0x03,0x40,0x61,0x28,0x01,  //0x11f0~0x11ff      ...B..@e....@a(.
0x2E,0x27,0xF6,0x97,0x97,0xB3,0x40,0x81,0x20,0x08,0x2E,0x27,0xF6,0x96,0x40,0x84,  //0x1200~0x120f      .'....@....'..@.
0x08,0x04,0x50,0x24,0x7F,0xFF,0xE0,0xE2,0xE9,0x06,0x50,0x93,0xFF,0xFF,0x40,0x84,  //0x1210~0x121f      ..P$......P...@.
0xA0,0x01,0xD5,0x03,0x40,0x81,0x1C,0x01,0x2E,0xF7,0xF6,0x99,0x41,0xE7,0xA0,0x08,  //0x1220~0x122f      ....@.......A...
0x2E,0xF7,0xF6,0x98,0x40,0x84,0x00,0x13,0x41,0xEF,0x3C,0x04,0x51,0xCF,0x7F,0xFF,  //0x1230~0x123f      ....@...A.<.Q...
0xE1,0x5C,0xE9,0x07,0x50,0x95,0x7F,0xFF,0x8B,0x3E,0x40,0x94,0x80,0x13,0xD5,0x05,  //0x1240~0x124f      ....P....>@.....
0x40,0xFE,0x28,0x01,0x40,0x97,0x80,0x13,0x14,0x9F,0x80,0x02,0x40,0x92,0x28,0x06,  //0x1250~0x125f      @.(.@.......@.(.
0xF4,0x01,0xE2,0xA7,0x88,0x81,0x84,0x23,0xFE,0x64,0x84,0x82,0x14,0xFF,0x80,0x04,  //0x1260~0x126f      .......#.d......
0x40,0x10,0x90,0x36,0x5A,0xF8,0x01,0x04,0x88,0x27,0xD5,0x02,0x9A,0x79,0x12,0x1F,  //0x1270~0x127f      @..6Z....'...y..
0x80,0x12,0x99,0x5E,0x84,0x23,0xFE,0x6C,0x84,0x82,0x40,0x10,0x90,0x36,0x5A,0x98,  //0x1280~0x128f      ...^.#.l..@..6Z.
0x01,0x04,0x88,0x2A,0xD5,0x03,0x40,0x15,0x04,0x01,0xF0,0x85,0x96,0x11,0x2E,0x27,  //0x1290~0x129f      ...*..@........'
0xFD,0x9B,0x12,0x1F,0x80,0x13,0x9A,0x82,0xF0,0x83,0x2E,0x17,0xFD,0x9A,0xB0,0x09,  //0x12a0~0x12af      ................
0x96,0x91,0xF5,0x87,0xF3,0x86,0x49,0xFF,0xFF,0x25,0x2E,0x27,0xFD,0x9D,0x41,0xCE,  //0x12b0~0x12bf      ......I..%.'..A.
0x00,0x13,0x40,0x2E,0x08,0x01,0x50,0x0F,0x80,0x26,0x2E,0x17,0xFD,0x9C,0x96,0x91,  //0x12c0~0x12cf      ..@...P..&......
0x49,0xFF,0xFF,0x18,0xF0,0x01,0x44,0x41,0x05,0xB4,0x3C,0x10,0x01,0xC9,0xF3,0x06,  //0x12d0~0x12df      I.....DA..<.....
0xF5,0x07,0xC0,0x3F,0x3C,0x24,0x01,0xC7,0x96,0xCB,0x9A,0x9A,0x40,0x51,0x20,0x08,  //0x12e0~0x12ef      ...?<$......@Q..
0x3C,0x00,0x01,0xC8,0x3C,0x20,0x01,0xC6,0xE2,0xE8,0x9A,0x82,0x40,0x22,0x88,0x56,  //0x12f0~0x12ff      <...<.......@".V
0xF5,0x02,0x40,0x74,0x3C,0x1A,0xE3,0x45,0x97,0xF9,0x40,0x55,0x3C,0x1B,0xE2,0xA7,  //0x1300~0x130f      ..@t<..E..@U<...
0xE9,0x11,0x22,0x5F,0x80,0x12,0x96,0x03,0x8A,0xA0,0xFE,0xAC,0x90,0x48,0x88,0x41,  //0x1310~0x131f      .."_.........H.A
0x96,0x93,0x12,0x2F,0x80,0x13,0x5A,0x98,0x01,0x04,0xE0,0x41,0xD5,0x14,0xE0,0x22,  //0x1320~0x132f      .../..Z....A..."
0xD5,0x12,0x22,0x1F,0x80,0x13,0x8A,0x23,0x40,0xF0,0xA0,0x08,0x40,0x27,0x88,0x56,  //0x1330~0x133f      .."....#@...@'.V
0x88,0x40,0xF1,0x04,0x96,0x93,0x12,0x2F,0x80,0x12,0x5A,0x18,0x01,0x04,0xE0,0x40,  //0x1340~0x134f      .@...../..Z....@
0xD5,0x02,0xE0,0x02,0xE8,0x1D,0x12,0x0F,0x80,0x12,0x12,0x3F,0x80,0x13,0xD5,0x18,  //0x1350~0x135f      ...........?....
0x3C,0x00,0x01,0xC8,0x12,0x0F,0x80,0x12,0x84,0x03,0x5A,0x98,0x01,0x0A,0xFF,0x44,  //0x1360~0x136f      <.........Z....D
0x84,0x02,0x40,0x52,0x80,0xB6,0x88,0x25,0x12,0x1F,0x80,0x13,0xD5,0x09,0x88,0xC3,  //0x1370~0x137f      ..@R...%........
0xFE,0x34,0x84,0xC2,0x40,0x00,0x18,0x16,0x9A,0x08,0x12,0x0F,0x80,0x13,0x2E,0x27,  //0x1380~0x138f      .4..@..........'
0xFD,0x9B,0xF0,0x03,0x2E,0x17,0xFD,0x9A,0x8A,0x02,0x96,0x81,0xB0,0x09,0xF4,0x81,  //0x1390~0x139f      ................
0x49,0xFF,0xFE,0xB0,0x2E,0x27,0xFD,0x9D,0x50,0x0F,0x80,0x26,0x40,0x2E,0x08,0x01,  //0x13a0~0x13af      I....'..P..&@...
0x2E,0x17,0xFD,0x9C,0x96,0x91,0x49,0xFF,0xFE,0xA5,0xF0,0x05,0xF4,0x01,0x50,0x00,  //0x13b0~0x13bf      ......I.......P.
0x00,0x28,0x02,0x1F,0x80,0x12,0x38,0x12,0x03,0x09,0x02,0x1F,0x80,0x13,0x94,0x03,  //0x13c0~0x13cf      .(....8.........
0x88,0x04,0xAC,0x41,0x84,0x21,0xAE,0x45,0xF0,0x05,0x3E,0x17,0xFF,0xDC,0x50,0x00,  //0x13d0~0x13df      ...A.!.E..>...P.
0x00,0x32,0x94,0x03,0x88,0x80,0x84,0x00,0x3E,0x07,0xFF,0xDE,0x2E,0x00,0x03,0x94,  //0x13e0~0x13ef      .2......>.......
0xAE,0x65,0x8E,0x01,0x3E,0x00,0x03,0x94,0xFC,0xC5,0x84,0x00,0x3E,0x00,0x03,0x94,  //0x13f0~0x13ff      .e..>.......>...
0xDD,0x9E,0xFC,0x00,0x80,0xC0,0x2E,0x07,0xF7,0x4A,0xC0,0x2C,0x2E,0x17,0xFF,0xDC,  //0x1400~0x140f      .........J.,....
0x2E,0x07,0xFF,0xDE,0x88,0x01,0x5A,0x08,0x01,0x1F,0x2E,0x07,0xFA,0x28,0xC0,0x1B,  //0x1410~0x141f      ......Z......(..
0x2E,0x07,0xFF,0xF0,0xC8,0x18,0xA6,0x75,0x5A,0x10,0xFF,0x1D,0xA6,0x74,0x5A,0x10,  //0x1420~0x142f      .......uZ....tZ.
0xFF,0x1A,0x49,0x00,0x1A,0xA2,0x5A,0x00,0x01,0x16,0xA6,0x35,0x5A,0x08,0x02,0x06,  //0x1430~0x143f      ..I...Z....5Z...
0xA6,0x34,0x49,0xFF,0xFE,0xA9,0xFC,0x80,0xE6,0x02,0xE8,0x0C,0x80,0x06,0x49,0xFF,  //0x1440~0x144f      .4I...........I.
0xFE,0x64,0xFC,0x80,0xE6,0x22,0x84,0x00,0xE8,0x03,0xC9,0x04,0x84,0x01,0x3E,0x07,  //0x1450~0x145f      .d..."........>.
0xFA,0x28,0xFC,0x80,0xFC,0x00,0x44,0x01,0x06,0xF4,0x49,0xFF,0xFF,0xCC,0x49,0xFF,  //0x1460~0x146f      .(....D...I...I.
0xF6,0x89,0xFC,0x80,0xFC,0x20,0x2E,0x07,0xFC,0x12,0xC0,0x77,0x84,0x00,0x3E,0x07,  //0x1470~0x147f      ...........w..>.
0xFC,0x12,0x44,0x40,0x94,0xB4,0x84,0x00,0x84,0xAC,0x80,0x24,0x42,0x10,0x14,0x73,  //0x1480~0x148f      ..D@.......$B..s
0xB4,0x41,0xC2,0x10,0xA1,0xC9,0x00,0x60,0x80,0x08,0x00,0x30,0x80,0x09,0xA6,0x78,  //0x1490~0x149f      .A.....`...0...x
0x5A,0x68,0x02,0x05,0xFE,0x5C,0xAC,0x50,0xD5,0x02,0xAE,0x50,0x8C,0x01,0x96,0x00,  //0x14a0~0x14af      Zh.....P...P....
0xD5,0xED,0x2E,0x07,0xFA,0x80,0x92,0x04,0x96,0x17,0x3E,0x07,0xFD,0x83,0x2E,0x07,  //0x14b0~0x14bf      ..........>.....
0xFA,0x57,0xC8,0x13,0x2E,0x07,0xFA,0x80,0x92,0x04,0x96,0x17,0xC0,0x07,0x2E,0x07,  //0x14c0~0x14cf      .W..............
0xFA,0x80,0x92,0x04,0x96,0x17,0x5A,0x08,0x04,0x0F,0x2E,0x07,0xFA,0x80,0x92,0x04,  //0x14d0~0x14df      ......Z.........
0x96,0x17,0x3E,0x07,0xFD,0x83,0xD5,0x07,0x2E,0x07,0xFA,0x57,0x5A,0x08,0x15,0x04,  //0x14e0~0x14ef      ..>........WZ...
0x49,0x00,0x02,0x34,0x2E,0x07,0xFD,0x82,0xC8,0x04,0x3C,0x1D,0xFF,0x44,0xAC,0x0D,  //0x14f0~0x14ff      I..4......<..D..
0x2E,0x07,0xFD,0x8C,0x5A,0x08,0x01,0x0D,0x3E,0x07,0xFA,0x49,0x84,0x00,0x3E,0x07,  //0x1500~0x150f      ....Z...>..I..>.
0xFF,0x7D,0x3E,0x07,0xFF,0xA5,0x3E,0x07,0xFF,0xC4,0x49,0x00,0x1F,0x8B,0x2E,0x07,  //0x1510~0x151f      .}>...>...I.....
0xFB,0x57,0x5A,0x08,0x52,0x12,0x2E,0x07,0xFD,0x83,0xC0,0x0E,0x3C,0x2D,0xE3,0xF9,  //0x1520~0x152f      .WZ.R.......<-..
0xB4,0x02,0x54,0x10,0x00,0x3E,0xB4,0x02,0x92,0x06,0x94,0x06,0xFE,0x0F,0xB6,0x02,  //0x1530~0x153f      ..T..>..........
0x84,0x00,0x3E,0x07,0xFB,0x57,0x2E,0x07,0xFA,0x80,0x92,0x04,0x96,0x17,0x5A,0x08,  //0x1540~0x154f      ..>..W........Z.
0x04,0x0D,0x2E,0x07,0xFA,0x80,0x92,0x03,0x96,0x06,0x5A,0x00,0x01,0x03,0x84,0x00,  //0x1550~0x155f      ..........Z.....
0x3E,0x07,0xFF,0xA4,0x3E,0x07,0xFF,0x7C,0xFC,0xA0,0x2E,0x07,0xFA,0x54,0xC0,0x20,  //0x1560~0x156f      >...>..|.....T..
0xFC,0x20,0x84,0x01,0x3E,0x07,0xFA,0x54,0x44,0x60,0x94,0xB4,0x84,0x00,0x84,0xEC,  //0x1570~0x157f      ....>..TD`......
0x80,0x66,0x42,0x30,0x1C,0x73,0xA0,0x59,0xC1,0x12,0x80,0x43,0xA3,0x12,0xA7,0x51,  //0x1580~0x158f      .fB0.s.Y...C...Q
0x00,0x21,0x80,0x08,0x5A,0x28,0x02,0x07,0xC5,0x05,0xA4,0xA0,0x40,0x21,0x14,0x56,  //0x1590~0x159f      .!..Z(......@!.V
0xD5,0x02,0xA6,0xA0,0x8C,0x01,0xAE,0x88,0x96,0x00,0xD5,0xEB,0xFC,0xA0,0xDD,0x9E,  //0x15a0~0x15af      ................
0x3C,0x0D,0xFE,0xCB,0xC0,0x04,0xFC,0x00,0xDD,0x20,0xFC,0x80,0xDD,0x9E,0x2E,0x07,  //0x15b0~0x15bf      <...............
0xFA,0x80,0x44,0x11,0x04,0x04,0x96,0x37,0x3E,0x07,0xFA,0x80,0x84,0x00,0x3E,0x07,  //0x15c0~0x15cf      ..D....7>.....>.
0xFB,0x8A,0x10,0x00,0x81,0x78,0x10,0x00,0x81,0x50,0xDD,0x9E,0xFC,0x00,0x84,0xC0,  //0x15d0~0x15df      .....x...P......
0x49,0xFF,0xFF,0xEF,0x3C,0x0D,0xFF,0x44,0xC0,0x07,0xA0,0x44,0x8C,0x21,0xA8,0x44,  //0x15e0~0x15ef      I...<..D...D.!.D
0xA0,0x46,0x8C,0x21,0xA8,0x46,0x49,0xFF,0xF6,0x0B,0x49,0xFF,0xFF,0x3D,0x49,0x00,  //0x15f0~0x15ff      .F.!.FI...I..=I.
0x07,0x18,0x49,0xFF,0xFF,0xD7,0x2E,0x07,0xFD,0x83,0x5A,0x00,0x04,0x05,0x49,0x00,  //0x1600~0x160f      ..I.......Z...I.
0x20,0x85,0xFC,0x80,0x49,0xFF,0xFD,0x60,0x2E,0x07,0xFA,0x80,0x92,0x07,0xC8,0x04,  //0x1610~0x161f      ....I..`........
0x2E,0x07,0xFB,0x8A,0xC0,0xE0,0x49,0x00,0x1A,0xC3,0x84,0x00,0x49,0x00,0x22,0x3E,  //0x1620~0x162f      ......I.....I.">
0x3C,0x0D,0xFF,0x44,0xC0,0x05,0x83,0x80,0xB9,0x08,0x8C,0x21,0xB9,0x88,0x2E,0x07,  //0x1630~0x163f      <..D.......!....
0xFA,0x80,0x92,0x03,0x96,0x06,0x5A,0x08,0x01,0x0E,0x2E,0x07,0xFF,0xC0,0x5A,0x08,  //0x1640~0x164f      ......Z.......Z.
0x01,0x0A,0x49,0x00,0x18,0x46,0x49,0x00,0x18,0x54,0x49,0x00,0x0F,0xC2,0x49,0x00,  //0x1650~0x165f      ..I..FI..TI...I.
0x20,0x2A,0x49,0x00,0x0F,0x53,0x2E,0x07,0xFA,0x80,0x3E,0x67,0xFB,0x8A,0x96,0x37,  //0x1660~0x166f      .*I..S....>g...7
0x3E,0x07,0xFA,0x80,0xD5,0xB8,0x44,0x01,0x03,0x54,0x84,0x20,0xAE,0x47,0xAE,0x46,  //0x1670~0x167f      >.....D..T...G.F
0xDD,0x9E,0xFC,0x00,0x49,0x00,0x1A,0xCF,0x49,0x00,0x03,0x57,0x49,0xFF,0xFF,0xF5,  //0x1680~0x168f      ....I...I..WI...
0x2E,0x07,0xFD,0x83,0xC0,0x06,0x5A,0x08,0x04,0xFF,0x49,0xFF,0xFF,0xA1,0xD5,0xF9,  //0x1690~0x169f      ......Z...I.....
0x49,0x00,0x0F,0x64,0xD5,0xF6,0xFC,0x41,0x2E,0x37,0xF7,0x51,0x2E,0x07,0xF7,0x9A,  //0x16a0~0x16af      I..d...A.7.Q....
0x3E,0x07,0xFA,0x2E,0x2F,0xC7,0xF7,0x9B,0x2E,0x87,0xF7,0x9D,0x2E,0xA7,0xF7,0x9E,  //0x16b0~0x16bf      >.../...........
0x2E,0x07,0xF7,0x9F,0x3E,0x07,0xFA,0x2C,0x44,0x10,0xFD,0x78,0x44,0x01,0x01,0x1C,  //0x16c0~0x16cf      ....>..,D..xD...
0x84,0x45,0x3E,0x37,0xFA,0x48,0xF3,0x81,0x3F,0xC7,0xFB,0x4D,0x3E,0x87,0xFA,0x2D,  //0x16d0~0x16df      .E>7.H..?..M>..-
0x3E,0xA7,0xFB,0x4C,0x49,0x00,0x3B,0xA6,0x2E,0x77,0xF7,0x4F,0xF3,0x01,0x2E,0x97,  //0x16e0~0x16ef      >..LI.;..w.O....
0xF7,0x50,0x84,0x00,0x3E,0x77,0xFE,0x2C,0x3E,0x97,0xFE,0x2D,0x3E,0x77,0xFE,0x2E,  //0x16f0~0x16ff      .P..>w.,>..->w..
0x3E,0x07,0xFB,0x56,0x44,0x61,0x04,0x04,0x5A,0x38,0x01,0x06,0x3E,0x97,0xFE,0x2E,  //0x1700~0x170f      >..VDa..Z8..>...
0x3E,0x77,0xFB,0x56,0x40,0x13,0xA0,0x01,0x40,0x04,0xA8,0x01,0x96,0x48,0x96,0x00,  //0x1710~0x171f      >w.V@...@....H..
0x3E,0x17,0xFE,0x2F,0x3E,0x07,0xFE,0x30,0x3E,0x17,0xFE,0x31,0x3E,0x07,0xFE,0x32,  //0x1720~0x172f      >../>..0>..1>..2
0x3F,0xC7,0xFE,0x35,0x4F,0xC3,0x00,0x07,0x3E,0x77,0xFE,0x33,0x3E,0x97,0xFE,0x34,  //0x1730~0x173f      ?..5O...>w.3>..4
0xD5,0x05,0x3E,0x97,0xFE,0x33,0x3E,0x77,0xFE,0x34,0x2E,0x07,0xF8,0x6C,0x2E,0x17,  //0x1740~0x174f      ..>..3>w.4...l..
0xF8,0x6B,0x40,0x00,0x20,0x08,0xFE,0x0F,0x3C,0x0B,0xFF,0xB9,0x2E,0x07,0xF8,0x6D,  //0x1750~0x175f      .k@.....<......m
0x3E,0x07,0xFF,0x74,0x2E,0x07,0xF8,0x6E,0x3E,0x07,0xFF,0x76,0x2E,0x17,0xF8,0x6F,  //0x1760~0x176f      >..t...n>..v...o
0x2E,0x27,0xF8,0x71,0x3E,0x27,0xFF,0x79,0x2E,0x07,0xF8,0x70,0x2E,0x27,0xF8,0x72,  //0x1770~0x177f      .'.q>'.y...p.'.r
0xE6,0x25,0x3E,0x17,0xFF,0x77,0x3E,0x07,0xFF,0x78,0x3E,0x27,0xFF,0x7A,0xE9,0x04,  //0x1780~0x178f      .%>..w>..x>'.z..
0x84,0x24,0x3E,0x17,0xFF,0x77,0x94,0x43,0x8C,0x29,0x96,0x48,0x9E,0x89,0x2E,0x17,  //0x1790~0x179f      .$>..w.C.).H....
0xFF,0x77,0x84,0x61,0x40,0x11,0x84,0x0C,0x40,0x11,0x04,0x36,0x3E,0x17,0xFF,0x75,  //0x17a0~0x17af      .w.a@...@..6>..u
0x2E,0x07,0xF8,0x74,0x2E,0x17,0xF8,0x73,0x40,0x00,0x20,0x08,0xFE,0x0F,0x3C,0x0B,  //0x17b0~0x17bf      ...t...s@.....<.
0xFF,0xBF,0x2E,0x07,0xF8,0x75,0x3E,0x07,0xFF,0x80,0x2E,0x07,0xF8,0x76,0x3E,0x07,  //0x17c0~0x17cf      .....u>......v>.
0xFF,0x82,0x2E,0x27,0xF8,0x77,0x2E,0x07,0xF8,0x78,0x2E,0x17,0xF8,0x79,0x3E,0x07,  //0x17d0~0x17df      ...'.w...x...y>.
0xFF,0x84,0x94,0x03,0x3E,0x17,0xFF,0x85,0x8C,0x09,0x2E,0x17,0xF8,0x7A,0x96,0x00,  //0x17e0~0x17ef      ....>........z..
0x3E,0x17,0xFF,0x86,0x9E,0x41,0x40,0x01,0x88,0x0C,0x40,0x00,0x80,0x16,0xE6,0x45,  //0x17f0~0x17ff      >....A@...@....E
0x3E,0x27,0xFF,0x83,0x3E,0x07,0xFF,0x81,0xE9,0x04,0x84,0x04,0x3E,0x07,0xFF,0x83,  //0x1800~0x180f      >'..>.......>...
0x2E,0x07,0xF7,0xC6,0x3E,0x07,0xFF,0x8B,0x2E,0x37,0xF7,0xC8,0x2E,0x17,0xF7,0xC9,  //0x1810~0x181f      ....>....7......
0x2E,0x07,0xF7,0xCA,0x3E,0x07,0xFF,0x8E,0x2E,0x07,0xF7,0xC7,0x3E,0x07,0xFF,0x8F,  //0x1820~0x182f      ....>.......>...
0x2E,0x07,0xF8,0x60,0x2E,0x27,0xF8,0x5F,0x40,0x00,0x20,0x08,0xFE,0x17,0x3C,0x0B,  //0x1830~0x183f      ...`.'._@.....<.
0xFF,0xC8,0x2E,0x07,0xF8,0x5C,0x2E,0x27,0xF8,0x5B,0x40,0x00,0x20,0x08,0xFE,0x17,  //0x1840~0x184f      .......'.[@.....
0x3C,0x0B,0xFF,0xC9,0x2E,0x07,0xF8,0x5E,0x2E,0x27,0xF8,0x5D,0x40,0x00,0x20,0x08,  //0x1850~0x185f      <......^.'.]@...
0xFE,0x17,0xE6,0x65,0x3E,0x37,0xFF,0x8C,0x3E,0x17,0xFF,0x8D,0x3C,0x0B,0xFF,0xCA,  //0x1860~0x186f      ...e>7..>...<...
0xE9,0x04,0x84,0x04,0x3E,0x07,0xFF,0x8C,0x94,0x4B,0x8C,0x29,0x96,0x48,0x9E,0xC9,  //0x1870~0x187f      ....>....K.).H..
0x2E,0x17,0xFF,0x8C,0x84,0x01,0x40,0x10,0x04,0x0C,0x2E,0x07,0xF8,0x62,0x3E,0x07,  //0x1880~0x188f      ......@......b>.
0xFF,0x9C,0x2E,0x07,0xF8,0x61,0x3E,0x07,0xFF,0x9B,0x2E,0x07,0xF8,0x63,0x3E,0x07,  //0x1890~0x189f      .....a>......c>.
0xFF,0x9D,0x2E,0x07,0xF8,0x64,0x3E,0x07,0xFF,0x9E,0x2E,0x07,0xF8,0x65,0x3E,0x07,  //0x18a0~0x18af      .....d>......e>.
0xFF,0x99,0x2E,0x07,0xF8,0x66,0x3E,0x07,0xFF,0x9A,0x2E,0x07,0xF8,0x67,0x3E,0x07,  //0x18b0~0x18bf      .....f>......g>.
0xFF,0x9F,0x2E,0x07,0xF8,0x68,0x3E,0x07,0xFF,0xA0,0x2E,0x07,0xF8,0x69,0x40,0x11,  //0x18c0~0x18cf      .....h>......i@.
0x84,0x36,0x3E,0x07,0xFF,0xA1,0x44,0xA1,0x04,0xA8,0x96,0x48,0x2E,0x07,0xF8,0x6A,  //0x18d0~0x18df      .6>...D....H...j
0x80,0x47,0x3E,0x17,0xFF,0x98,0x3E,0x17,0xFF,0x96,0x3E,0x17,0xFF,0x97,0x3E,0x07,  //0x18e0~0x18ef      .G>...>...>...>.
0xFF,0xA2,0x44,0x10,0xFD,0x2A,0x80,0x0A,0x49,0x00,0x3A,0x9C,0x98,0x37,0x80,0x49,  //0x18f0~0x18ff      ..D..*..I.:..7.I
0x44,0x10,0xFD,0x4E,0x50,0x00,0x00,0xA4,0x49,0x00,0x3A,0x94,0x2E,0x07,0xFE,0x2C,  //0x1900~0x190f      D..NP...I.:....,
0x44,0x10,0xFD,0xA3,0x88,0xC0,0x50,0x63,0x00,0xA4,0x50,0x05,0x7F,0x70,0xFA,0x54,  //0x1910~0x191f      D.....Pc..P..p.T
0x3C,0xAF,0xFF,0x8E,0x3C,0x6F,0xFF,0x8F,0x49,0x00,0x3A,0x84,0x50,0x05,0x7F,0x94,  //0x1920~0x192f      <...<o..I.:.P...
0x44,0x10,0xFD,0xC7,0xFA,0x54,0x49,0x00,0x3A,0x7D,0x50,0x05,0x7F,0xB8,0x44,0x10,  //0x1930~0x193f      D....TI.:}P...D.
0xFD,0xEB,0xFA,0x54,0x49,0x00,0x3A,0x76,0x50,0x05,0x7F,0xDC,0x44,0x10,0xFE,0x0F,  //0x1940~0x194f      ...TI.:vP...D...
0xFA,0x54,0x49,0x00,0x3A,0x6F,0xFC,0xC1,0x44,0x01,0x03,0x68,0xA6,0x84,0xA6,0x42,  //0x1950~0x195f      .TI.:o..D..h...B
0x44,0x31,0x04,0x04,0x88,0x22,0xA6,0x9B,0xA7,0x01,0x8E,0x42,0x42,0x12,0x08,0x73,  //0x1960~0x196f      D1...".....BB..s
0x96,0x49,0xAE,0x46,0x92,0x28,0xA6,0x85,0xAE,0x47,0xA6,0x43,0x88,0x22,0xA6,0x9C,  //0x1970~0x197f      .I.F.(...G.C."..
0xA6,0xC0,0x8E,0x42,0x42,0x11,0x88,0x73,0x96,0x49,0x10,0x10,0x00,0x08,0x92,0x28,  //0x1980~0x198f      ...BB..s.I.....(
0x10,0x10,0x00,0x09,0xDD,0x9E,0xFC,0x00,0x44,0x10,0xFE,0x87,0xFA,0x4E,0x44,0x01,  //0x1990~0x199f      ........D....ND.
0x03,0x68,0x49,0x00,0x3A,0x47,0x49,0xFF,0xFF,0xD9,0xFC,0x80,0x44,0x00,0xFC,0x00,  //0x19a0~0x19af      .hI.:GI.....D...
0x00,0x20,0x02,0x56,0x44,0x11,0x03,0x88,0xAE,0x88,0x00,0x20,0x02,0x59,0x00,0x30,  //0x19b0~0x19bf      ...VD........Y.0
0x02,0x5A,0xAE,0x8B,0x00,0x20,0x02,0x5B,0x40,0x21,0x20,0x08,0xFE,0x9F,0xAC,0x8A,  //0x19c0~0x19cf      .Z.....[@!......
0x00,0x20,0x02,0x5D,0x00,0x30,0x02,0x5C,0x40,0x21,0x20,0x08,0xFE,0x9F,0xAC,0x8B,  //0x19d0~0x19df      ...].0..@!......
0x00,0x20,0x02,0x61,0x00,0x30,0x02,0x60,0x40,0x21,0x20,0x08,0xFE,0x9F,0xAC,0x8D,  //0x19e0~0x19ef      ...a.0.`@!......
0x00,0x20,0x02,0x64,0x00,0x30,0x02,0x63,0x40,0x21,0x20,0x08,0xFE,0x9F,0xAC,0x8E,  //0x19f0~0x19ff      ...d.0.c@!......
0x00,0x20,0x02,0x66,0x00,0x30,0x02,0x65,0x40,0x21,0x20,0x08,0xFE,0x9F,0xAC,0x8F,  //0x1a00~0x1a0f      ...f.0.e@!......
0x00,0x20,0x02,0x62,0x10,0x20,0x80,0x10,0x00,0x20,0x02,0xA7,0xAE,0x8A,0x00,0x20,  //0x1a10~0x1a1f      ...b............
0x02,0xAB,0xAE,0x89,0x00,0x20,0x02,0x71,0x00,0x00,0x02,0x72,0x40,0x00,0x20,0x08,  //0x1a20~0x1a2f      .......q...r@...
0xFE,0x17,0x12,0x00,0x80,0x09,0xDD,0x9E,0x2E,0x27,0xF7,0x3A,0x3E,0x27,0xFF,0xE8,  //0x1a30~0x1a3f      .........'.:>'..
0x2E,0x27,0xF7,0x3C,0x3E,0x27,0xFF,0xE9,0x2E,0x27,0xF7,0x3D,0x2E,0x17,0xF7,0x37,  //0x1a40~0x1a4f      .'.<>'...'.=...7
0x3E,0x27,0xFF,0xEA,0x2E,0x27,0xF9,0x5D,0x3E,0x17,0xFF,0xE5,0x2E,0x17,0xF7,0x38,  //0x1a50~0x1a5f      >'...'.]>......8
0x3E,0x27,0xFF,0xEB,0x2E,0x27,0xF7,0x40,0x3E,0x17,0xFF,0xE6,0x84,0x00,0x2E,0x17,  //0x1a60~0x1a6f      >'...'.@>.......
0xF7,0x39,0x3E,0x27,0xFF,0xEC,0x3E,0x07,0xFF,0xDC,0x3E,0x07,0xFF,0xDD,0x2E,0x27,  //0x1a70~0x1a7f      .9>'..>...>....'
0xF7,0x41,0x3E,0x07,0xFF,0xEE,0x44,0x0F,0xFF,0xE0,0x3E,0x17,0xFF,0xE7,0x3E,0x27,  //0x1a80~0x1a8f      .A>...D...>...>'
0xFF,0xED,0x3E,0x07,0xFF,0xEF,0xC1,0x15,0x2E,0x07,0xF6,0x97,0x2E,0x17,0xF6,0x96,  //0x1a90~0x1a9f      ..>.............
0x40,0x00,0x20,0x08,0xFE,0x0F,0x40,0x10,0x20,0x09,0x3E,0x07,0xFF,0xF2,0x2E,0x07,  //0x1aa0~0x1aaf      @.....@...>.....
0xF6,0x99,0x3E,0x17,0xFF,0xF1,0x40,0x00,0x20,0x08,0x2E,0x17,0xF6,0x98,0xD5,0x14,  //0x1ab0~0x1abf      ..>...@.........
0x2E,0x07,0xFD,0x99,0x2E,0x17,0xFD,0x98,0x40,0x00,0x20,0x08,0xFE,0x0F,0x40,0x10,  //0x1ac0~0x1acf      ........@.....@.
0x20,0x09,0x3E,0x07,0xFF,0xF2,0x2E,0x07,0xFD,0x97,0x3E,0x17,0xFF,0xF1,0x40,0x00,  //0x1ad0~0x1adf      ..>.......>...@.
0x20,0x08,0x2E,0x17,0xFD,0x96,0xFE,0x0F,0x40,0x10,0x20,0x09,0x3E,0x07,0xFF,0xF4,  //0x1ae0~0x1aef      ........@...>...
0x2E,0x07,0xFF,0xE3,0x3E,0x17,0xFF,0xF3,0x54,0x00,0x00,0xE7,0x3E,0x07,0xFF,0xE3,  //0x1af0~0x1aff      ....>...T...>...
0x84,0x00,0x3E,0x07,0xFF,0xF0,0xDD,0x9E,0xFC,0x00,0x44,0x61,0x05,0x9C,0x84,0x20,  //0x1b00~0x1b0f      ..>.......Da....
0x80,0x06,0xFA,0x48,0x49,0x00,0x39,0xB4,0x44,0x10,0xFC,0x00,0x00,0x00,0x82,0x77,  //0x1b10~0x1b1f      ...HI.9.D......w
0x10,0x03,0x00,0x0A,0xFE,0x02,0x10,0x03,0x00,0x0B,0x00,0x00,0x82,0x78,0x10,0x03,  //0x1b20~0x1b2f      .............x..
0x00,0x0E,0xFE,0x02,0x10,0x03,0x00,0x0F,0x00,0x00,0x82,0x76,0x10,0x03,0x00,0x12,  //0x1b30~0x1b3f      ...........v....
0xFE,0x02,0x10,0x03,0x00,0x13,0xFC,0x80,0xFC,0x00,0x44,0x61,0x03,0x54,0x84,0x20,  //0x1b40~0x1b4f      ..........Da.T..
0xFA,0x44,0x80,0x06,0x49,0x00,0x39,0x94,0x44,0x00,0xFC,0x00,0x00,0x10,0x00,0x2A,  //0x1b50~0x1b5f      .D..I.9.D......*
0x00,0x20,0x00,0x2D,0x10,0x13,0x00,0x08,0x00,0x10,0x00,0x2B,0x84,0x60,0x10,0x13,  //0x1b60~0x1b6f      ...-.......+.`..
0x00,0x09,0x00,0x10,0x00,0x2E,0x40,0x10,0xA0,0x08,0xFE,0x57,0x10,0x13,0x00,0x0B,  //0x1b70~0x1b7f      ......@....W....
0x92,0x28,0x10,0x13,0x00,0x0C,0x00,0x10,0x00,0x30,0x00,0x20,0x00,0x2F,0x40,0x10,  //0x1b80~0x1b8f      .(.......0.../@.
0xA0,0x08,0xFE,0x57,0x10,0x13,0x00,0x0D,0x92,0x28,0x10,0x13,0x00,0x0E,0x2E,0x17,  //0x1b90~0x1b9f      ...W.....(......
0xFB,0x98,0x44,0x21,0x00,0x0C,0x38,0x11,0x04,0x00,0x10,0x13,0x00,0x0A,0x00,0x10,  //0x1ba0~0x1baf      ..D!..8.........
0x02,0x6D,0x10,0x13,0x00,0x0F,0x00,0x10,0x02,0x6E,0xAE,0x73,0x00,0x10,0x02,0x6F,  //0x1bb0~0x1bbf      .m.......n.s...o
0xAE,0x74,0x00,0x10,0x01,0x13,0x00,0x00,0x03,0x03,0xAE,0x72,0x84,0x21,0x10,0x13,  //0x1bc0~0x1bcf      .t.........r.!..
0x00,0x10,0x44,0x11,0x03,0xB4,0xAE,0x09,0xAE,0xCD,0xAC,0xC9,0xAE,0xCC,0xFC,0x80,  //0x1bd0~0x1bdf      ..D.............
0xFC,0x00,0x44,0x00,0xFC,0x00,0x00,0x40,0x02,0xB2,0x84,0x2A,0x84,0x40,0x44,0x31,  //0x1be0~0x1bef      ..D....@...*.@D1
0x05,0x80,0xFE,0x64,0x10,0x21,0x80,0x0A,0xAC,0x5B,0x00,0x30,0x03,0x13,0x00,0x40,  //0x1bf0~0x1bff      ...d.!...[.0...@
0x03,0x12,0x44,0x11,0x04,0x04,0x40,0x31,0xA0,0x08,0x10,0x20,0x81,0x50,0x10,0x20,  //0x1c00~0x1c0f      ..D...@1.....P..
0x81,0x51,0xFE,0xE7,0x44,0x14,0x00,0x00,0x12,0x30,0x8A,0xB2,0x00,0x30,0x03,0x15,  //0x1c10~0x1c1f      .Q..D....0...0..
0x00,0x40,0x03,0x14,0x40,0x31,0xA0,0x08,0xFE,0xE7,0x12,0x30,0x8A,0xB3,0x00,0x30,  //0x1c20~0x1c2f      .@..@1.....0...0
0x03,0x16,0x00,0x00,0x03,0x17,0x10,0x30,0x95,0x68,0x10,0x00,0x95,0x69,0x10,0x20,  //0x1c30~0x1c3f      .......0.h...i..
0x95,0x6A,0x44,0x04,0x08,0x88,0x84,0x20,0x44,0x20,0x00,0x6A,0x49,0x00,0x39,0x18,  //0x1c40~0x1c4f      .jD.....D..jI.9.
0x84,0x20,0x44,0x20,0x00,0x6A,0x44,0x04,0x08,0xF4,0x49,0x00,0x39,0x11,0x84,0x20,  //0x1c50~0x1c5f      ..D..jD...I.9...
0x44,0x20,0x00,0x6A,0x44,0x04,0x09,0x60,0x49,0x00,0x39,0x0A,0x84,0x20,0x44,0x20,  //0x1c60~0x1c6f      D..jD..`I.9...D.
0x00,0x6A,0x44,0x04,0x09,0xCC,0x49,0x00,0x39,0x03,0x84,0x20,0x44,0x20,0x00,0x6A,  //0x1c70~0x1c7f      .jD...I.9...D..j
0x44,0x04,0x0A,0x38,0x49,0x00,0x38,0xFC,0x84,0x20,0x44,0x20,0x00,0x6A,0x44,0x04,  //0x1c80~0x1c8f      D..8I.8...D..jD.
0x0A,0xA4,0x49,0x00,0x38,0xF5,0xFC,0x80,0x84,0x00,0x44,0x11,0x05,0x80,0x10,0x00,  //0x1c90~0x1c9f      ..I.8.....D.....
0x80,0x0A,0x10,0x00,0x80,0x18,0x44,0x11,0x04,0x04,0x10,0x00,0x81,0x78,0x10,0x00,  //0x1ca0~0x1caf      ......D......x..
0x81,0x79,0xDD,0x9E,0x44,0x00,0xFC,0x00,0x00,0x10,0x00,0x2F,0x00,0x30,0x00,0x30,  //0x1cb0~0x1cbf      .y..D....../.0.0
0x40,0x10,0xE0,0x08,0x40,0x31,0xC0,0x08,0x44,0x21,0x01,0x60,0x88,0x23,0xA8,0x53,  //0x1cc0~0x1ccf      @...@1..D!.`.#.S
0x00,0x10,0x01,0x23,0x10,0x11,0x00,0x13,0x00,0x10,0x00,0x6D,0x00,0x00,0x02,0x53,  //0x1cd0~0x1cdf      ...#.......m...S
0x10,0x11,0x00,0x14,0x3E,0x07,0xFA,0x38,0xDD,0x9E,0x3C,0x0D,0xE2,0x4D,0xA6,0x00,  //0x1ce0~0x1cef      ....>..8..<..M..
0xC8,0x04,0x3C,0x0D,0xE3,0xCE,0xA6,0x00,0xDD,0x9E,0xFC,0x20,0x44,0x00,0x95,0x14,  //0x1cf0~0x1cff      ..<.........D...
0x44,0x10,0xFC,0x00,0x84,0x4B,0x49,0xFF,0xF2,0x3F,0xC8,0x15,0x80,0xC0,0x2E,0x77,  //0x1d00~0x1d0f      D....KI..?.....w
0xF9,0x5C,0x44,0x00,0x00,0x58,0x49,0x00,0x14,0x83,0x5A,0x68,0x01,0x05,0xCF,0x04,  //0x1d10~0x1d1f      ..D..XI...Zh....
0x84,0x00,0xD5,0x03,0xCF,0xFE,0x84,0x01,0x56,0x63,0x00,0x01,0x49,0x00,0x35,0x70,  //0x1d20~0x1d2f      ........Vc..I.5p
0x97,0xB0,0xD5,0xF0,0xFC,0xA0,0xFC,0x00,0x49,0x00,0x26,0x24,0x49,0xFF,0xF2,0xA4,  //0x1d30~0x1d3f      ........I.&$I...
0x2E,0x07,0xF9,0x5D,0x3E,0x07,0xFF,0xEB,0x3C,0x0D,0xFE,0xD4,0x5A,0x08,0x01,0x05,  //0x1d40~0x1d4f      ...]>...<...Z...
0x84,0x08,0x49,0x00,0x14,0x65,0x2E,0x07,0xF9,0x5C,0xC8,0x03,0x84,0x01,0xD5,0x02,  //0x1d50~0x1d5f      ..I..e..........
0x84,0x00,0x49,0x00,0x35,0x55,0x49,0xFF,0xF2,0xD2,0x49,0xFF,0xFF,0xC8,0x49,0xFF,  //0x1d60~0x1d6f      ..I.5UI...I...I.
0xFF,0xBE,0x49,0xFF,0xFE,0xCB,0x49,0xFF,0xFC,0x98,0x49,0xFF,0xFE,0x19,0x49,0xFF,  //0x1d70~0x1d7f      ..I...I...I...I.
0xFE,0xE5,0x49,0xFF,0xFE,0x0A,0x49,0xFF,0xFE,0x59,0x49,0xFF,0xFF,0x2B,0x49,0xFF,  //0x1d80~0x1d8f      ..I...I..YI..+I.
0xFF,0x85,0x44,0x01,0x01,0x34,0x49,0x00,0x14,0x49,0x49,0x00,0x0C,0x79,0x49,0xFF,  //0x1d90~0x1d9f      ..D..4I..II..yI.
0xFF,0x8B,0x49,0xFF,0xFB,0xE4,0x49,0xFF,0xF1,0xDF,0x49,0x00,0x16,0xE2,0x49,0x00,  //0x1da0~0x1daf      ..I...I...I...I.
0x26,0x20,0x49,0x00,0x1B,0x3F,0x49,0x00,0x11,0x24,0x49,0xFF,0xF2,0xFC,0xFC,0x80,  //0x1db0~0x1dbf      &.I..?I..$I.....
0xFC,0x20,0x80,0xC0,0x49,0x00,0x17,0x26,0x5A,0x68,0x01,0x07,0x44,0x64,0x09,0xCC,  //0x1dc0~0x1dcf      ....I..&Zh..Dd..
0x44,0x74,0x0A,0x38,0xD5,0x05,0x44,0x64,0x08,0x88,0x44,0x74,0x08,0xF4,0x84,0x20,  //0x1dd0~0x1ddf      Dt.8..Dd..Dt....
0x44,0x20,0x00,0x6A,0x80,0x06,0x49,0x00,0x38,0x4B,0x49,0xFF,0xF2,0x11,0x49,0x00,  //0x1de0~0x1def      D..j..I.8KI...I.
0x16,0xDF,0x49,0x00,0x17,0x0F,0x2E,0x37,0xFB,0x56,0x80,0x23,0x2E,0x27,0xFE,0x2E,  //0x1df0~0x1dff      ..I....7.V.#.'..
0x88,0x43,0xE0,0x22,0xE8,0x0B,0x94,0x89,0x88,0x46,0x38,0x43,0x85,0x01,0xA4,0x10,  //0x1e00~0x1e0f      .C.".....F8C....
0x8C,0x21,0x88,0x04,0xAC,0x10,0x96,0x48,0xD5,0xF2,0xFC,0xA0,0xFC,0x00,0x2E,0x07,  //0x1e10~0x1e1f      .!.....H........
0xFE,0x2C,0x2E,0x67,0xFE,0x2D,0x84,0x20,0xFF,0x84,0x94,0xB1,0x44,0x04,0x00,0x00,  //0x1e20~0x1e2f      .,.g.-......D...
0x49,0x00,0x38,0x26,0x49,0x00,0x16,0xEE,0x49,0xFF,0xF1,0xEA,0x49,0x00,0x16,0x10,  //0x1e30~0x1e3f      I.8&I...I...I...
0x49,0x00,0x25,0x8B,0x49,0x00,0x25,0x9A,0x44,0x04,0x02,0xD8,0x49,0x00,0x16,0x66,  //0x1e40~0x1e4f      I.%.I.%.D...I..f
0x44,0x04,0x00,0x00,0x84,0xA0,0xD6,0x0A,0x02,0x20,0x01,0x6C,0xA4,0x40,0x8C,0xA1,  //0x1e50~0x1e5f      D..........l.@..
0x88,0x22,0x1A,0x10,0x00,0x01,0x97,0x69,0xD5,0xF7,0xFC,0x80,0xFC,0x20,0x2E,0x07,  //0x1e60~0x1e6f      .".....i........
0xFE,0x2C,0x2E,0x67,0xFE,0x2D,0x2E,0x77,0xFB,0xA5,0xFF,0x84,0x2E,0x37,0xFB,0x56,  //0x1e70~0x1e7f      .,.g.-.w.....7.V
0x2E,0x07,0xFE,0x2E,0xCF,0x10,0x80,0x27,0x44,0x20,0x00,0x6A,0x44,0x04,0x08,0x88,  //0x1e80~0x1e8f      .......'D..jD...
0x49,0x00,0x37,0xF6,0x80,0x27,0x44,0x20,0x00,0x6A,0x44,0x04,0x09,0xCC,0x49,0x00,  //0x1e90~0x1e9f      I.7..'D..jD...I.
0x37,0xEF,0xD5,0x1B,0x96,0x59,0x88,0x60,0x96,0xD8,0x44,0x44,0x00,0x00,0xE2,0x23,  //0x1ea0~0x1eaf      7....Y.`..DD...#
0xE8,0x14,0x94,0x09,0x88,0x04,0x02,0x50,0x04,0x7A,0x02,0x20,0x04,0x44,0x8C,0x21,  //0x1eb0~0x1ebf      .......P.z...D.!
0x88,0x45,0x12,0x20,0x04,0x44,0x02,0x50,0x05,0x1C,0x02,0x20,0x04,0xE6,0x96,0x49,  //0x1ec0~0x1ecf      .E...D.P.......I
0x88,0x45,0x12,0x20,0x04,0xE6,0xD5,0xEC,0x2E,0x17,0xFB,0xA5,0x44,0x04,0x00,0x00,  //0x1ed0~0x1edf      .E..........D...
0x84,0xA0,0xC9,0x05,0x94,0xB1,0x49,0x00,0x37,0xCB,0xFC,0xA0,0xD6,0x0A,0x02,0x20,  //0x1ee0~0x1eef      ......I.7.......
0x01,0x6C,0xA4,0x40,0x8C,0xA1,0x88,0x22,0x1A,0x10,0x00,0x01,0x97,0x69,0xD5,0xF7,  //0x1ef0~0x1eff      .l.@...".....i..
0x2E,0x27,0xFE,0x2D,0x84,0x1E,0x95,0x51,0x2E,0x47,0xFE,0x2C,0xFE,0x84,0x44,0x34,  //0x1f00~0x1f0f      .'.-...Q.G.,..D4
0x0C,0x4C,0x44,0x14,0x00,0x00,0x84,0x00,0xE2,0x04,0x88,0x25,0xE8,0x08,0x38,0x60,  //0x1f10~0x1f1f      .LD........%..8`
0x88,0x01,0x8C,0x01,0x1A,0x61,0x80,0x01,0x96,0x01,0xD5,0xF7,0xFC,0xA0,0x2E,0x07,  //0x1f20~0x1f2f      .....a..........
0xFB,0xA5,0xE6,0x02,0xE9,0x08,0x2E,0x07,0xFB,0xA4,0xC0,0x0F,0x8E,0x01,0x3E,0x07,  //0x1f30~0x1f3f      ..............>.
0xFB,0xA4,0xD5,0x0B,0xFC,0x00,0x49,0xFF,0xFF,0x93,0x2E,0x07,0xFB,0xA5,0x8C,0x01,  //0x1f40~0x1f4f      ......I.........
0x3E,0x07,0xFB,0xA5,0x84,0x00,0xFC,0x80,0x84,0x01,0xDD,0x9E,0xFC,0x41,0x2E,0x07,  //0x1f50~0x1f5f      >............A..
0xF7,0x36,0xC0,0x6B,0x2E,0x77,0xF8,0xCD,0x2E,0x67,0xF8,0x8E,0x2E,0x07,0xF8,0x8D,  //0x1f60~0x1f6f      .6.k.w...g......
0x40,0x63,0x20,0x08,0xFF,0x87,0x84,0x00,0x2E,0x87,0xFE,0x2F,0x2E,0xA7,0xFE,0x30,  //0x1f70~0x1f7f      @c........./...0
0x2E,0x97,0xFE,0x2D,0x80,0x40,0x80,0x20,0x80,0x80,0x45,0xE4,0x00,0x00,0xE2,0x88,  //0x1f80~0x1f8f      ...-.@....E.....
0xE8,0x21,0x42,0x32,0x24,0x24,0xF3,0x81,0x84,0x60,0xE2,0x6A,0xE8,0x18,0xF5,0x01,  //0x1f90~0x1f9f      .!B2$$...`.j....
0x88,0xA3,0x50,0x52,0x82,0xD8,0x38,0x5F,0x15,0x11,0xE0,0xE5,0xE8,0x06,0xE0,0xA6,  //0x1fa0~0x1faf      ..PR..8_........
0xE8,0x04,0x8C,0x21,0x96,0x49,0xD5,0x06,0x88,0xA7,0x4E,0x54,0x00,0x04,0x8C,0x41,  //0x1fb0~0x1fbf      ...!.I....NT...A
0x96,0x91,0x8C,0x01,0x8C,0x62,0x96,0x01,0x96,0xD8,0xD5,0xE8,0x8C,0x82,0x97,0x20,  //0x1fc0~0x1fcf      .....b..........
0xD5,0xDF,0x84,0x66,0xFE,0xC4,0x92,0x63,0xE2,0x61,0x92,0x03,0xE8,0x11,0xE2,0x40,  //0x1fd0~0x1fdf      ...f...c.a.....@
0xE8,0x0F,0x2E,0x07,0xFB,0xA2,0x2E,0x27,0xF8,0xCE,0x84,0x20,0xE2,0x02,0x3E,0x17,  //0x1fe0~0x1fef      .......'......>.
0xFB,0xA3,0xE8,0x03,0x8C,0x01,0xD5,0x1B,0x3E,0x17,0xFB,0xA2,0xD5,0x1B,0xE2,0x62,  //0x1ff0~0x1fff      ........>......b
0xE8,0x13,0xE2,0x20,0xE8,0x11,0x2E,0x07,0xFB,0xA3,0x2E,0x27,0xF8,0xCE,0x84,0x20,  //0x2000~0x200f      ...........'....
0xE2,0x02,0x3E,0x17,0xFB,0xA2,0xE8,0x05,0x8C,0x01,0x3E,0x07,0xFB,0xA3,0xD5,0x0D,  //0x2010~0x201f      ..>.......>.....
0x3E,0x17,0xFB,0xA3,0xD5,0x07,0x84,0x00,0x3E,0x07,0xFB,0xA3,0x3E,0x07,0xFB,0xA2,  //0x2020~0x202f      >.......>...>...
0xD5,0x04,0x84,0x01,0x3E,0x07,0xFF,0xD4,0xFC,0xC1,0x2E,0x07,0xF8,0xA2,0x2E,0x17,  //0x2030~0x203f      ....>...........
0xF8,0xA1,0x40,0x00,0x20,0x08,0xFE,0x0F,0x2E,0x17,0xFF,0xD4,0x5A,0x18,0x01,0x12,  //0x2040~0x204f      ..@.........Z...
0x3C,0x13,0xFD,0x39,0x3C,0x23,0xFF,0xE5,0x88,0x41,0x84,0x2A,0xFE,0x0C,0x96,0x01,  //0x2050~0x205f      <..9<#...A.*....
0xE0,0x40,0xE8,0x0A,0x84,0x00,0x3C,0x2B,0xFF,0xE5,0x3E,0x07,0xFF,0xD4,0xD5,0x04,  //0x2060~0x206f      .@....<+..>.....
0x84,0x00,0x3C,0x0B,0xFF,0xE5,0x2E,0x07,0xF8,0xA4,0x2E,0x17,0xF8,0xA3,0x2E,0x37,  //0x2070~0x207f      ..<............7
0xFF,0xC5,0x40,0x00,0x20,0x08,0xFE,0x0F,0xCB,0x16,0x2E,0x17,0xFF,0xC6,0x5A,0x18,  //0x2080~0x208f      ..@...........Z.
0x01,0x11,0x3C,0x13,0xFD,0x39,0x3C,0x23,0xFF,0xE4,0x88,0x41,0x84,0x2A,0xFE,0x0C,  //0x2090~0x209f      ..<..9<#...A.*..
0x96,0x01,0xE0,0x40,0xE8,0x08,0x3C,0x2B,0xFF,0xE4,0x3E,0x37,0xFF,0xC6,0xDD,0x9E,  //0x20a0~0x20af      ...@..<+..>7....
0x3C,0x3B,0xFF,0xE4,0xDD,0x9E,0xFC,0x05,0x2E,0x07,0xFE,0x2C,0x2E,0x67,0xFE,0x2D,  //0x20b0~0x20bf      <;.........,.g.-
0x88,0xC0,0x2E,0x07,0xFF,0xCC,0x97,0xB0,0x5A,0x08,0x01,0x28,0x44,0x04,0x08,0xF4,  //0x20c0~0x20cf      ........Z..(D...
0xB6,0x1F,0x44,0x04,0x08,0x88,0xF0,0x81,0x44,0x04,0x09,0x60,0xF0,0x82,0x2E,0x07,  //0x20d0~0x20df      ..D.....D..`....
0xFF,0xCE,0x2E,0x17,0xFD,0x8E,0x10,0x0F,0x80,0x0F,0x2E,0x07,0xFF,0xCF,0x12,0x6F,  //0x20e0~0x20ef      ...............o
0x80,0x06,0x10,0x0F,0x80,0x10,0x84,0x00,0x10,0x0F,0x80,0x0E,0x5A,0x18,0x01,0x0B,  //0x20f0~0x20ff      ............Z...
0x2E,0x27,0xFF,0xEF,0x5A,0x20,0xC0,0x05,0x10,0x1F,0x80,0x0F,0xD5,0x03,0x10,0x0F,  //0x2100~0x210f      .'..Z...........
0x80,0x0F,0x80,0x1F,0x49,0x00,0x23,0x53,0x2E,0x07,0xFF,0xD0,0x5A,0x08,0x01,0x1B,  //0x2110~0x211f      ....I.#S....Z...
0x44,0x04,0x0A,0x38,0xB6,0x1F,0x44,0x04,0x09,0xCC,0xF0,0x81,0x44,0x04,0x0A,0xA4,  //0x2120~0x212f      D..8..D.....D...
0xF0,0x82,0x2E,0x07,0xFF,0xD2,0x12,0x6F,0x80,0x06,0x10,0x0F,0x80,0x0F,0x2E,0x07,  //0x2130~0x213f      .......o........
0xFF,0xD3,0x10,0x0F,0x80,0x10,0x84,0x00,0x10,0x0F,0x80,0x0E,0x80,0x1F,0x49,0x00,  //0x2140~0x214f      ..............I.
0x23,0x36,0xFC,0x85,0x2E,0x17,0xFF,0xD4,0x5A,0x18,0x01,0x21,0xFC,0x05,0x44,0x04,  //0x2150~0x215f      #6......Z..!..D.
0x02,0xD8,0xB6,0x1F,0x44,0x04,0x00,0x00,0xF0,0x81,0x44,0x04,0x05,0xB0,0xF0,0x82,  //0x2160~0x216f      ....D.....D.....
0x2E,0x27,0xFE,0x2D,0x2E,0x07,0xFE,0x2C,0x10,0x1F,0x80,0x0E,0xFE,0x14,0x12,0x0F,  //0x2170~0x217f      .'.-...,........
0x80,0x06,0x2E,0x07,0xFF,0xD6,0x10,0x0F,0x80,0x0F,0x2E,0x07,0xFF,0xD7,0x10,0x0F,  //0x2180~0x218f      ................
0x80,0x10,0x80,0x1F,0x49,0x00,0x23,0x13,0xFC,0x85,0xDD,0x9E,0xFC,0x00,0x2E,0x07,  //0x2190~0x219f      ....I.#.........
0xFF,0xD4,0x5A,0x00,0x01,0x03,0x84,0x00,0x3E,0x07,0xFF,0xCC,0x3E,0x07,0xFF,0xD0,  //0x21a0~0x21af      ..Z.....>...>...
0x49,0xFF,0xFF,0x83,0x49,0xFF,0xFF,0xD0,0xFC,0x80,0xFC,0x00,0x2E,0x17,0xF8,0xA7,  //0x21b0~0x21bf      I...I...........
0xE6,0x25,0xE9,0x06,0x44,0x00,0x03,0xE8,0xFE,0x44,0x96,0x49,0xD5,0x03,0x44,0x10,  //0x21c0~0x21cf      .%..D....D.I..D.
0x13,0x88,0x2E,0x27,0xFF,0xC6,0x5A,0x28,0x01,0x16,0x84,0x00,0x2E,0x17,0xF8,0xA5,  //0x21d0~0x21df      ...'..Z(........
0x3C,0x0B,0xFF,0xE4,0x3E,0x17,0xFB,0xA4,0x3E,0x27,0xFA,0x49,0x3E,0x07,0xFF,0x7D,  //0x21e0~0x21ef      <...>...>'.I>..}
0x3E,0x07,0xFF,0xA5,0x3E,0x07,0xFF,0xC4,0x3E,0x07,0xFB,0xA5,0x49,0x00,0x19,0x1A,  //0x21f0~0x21ff      >...>...>...I...
0xD5,0x33,0x2E,0x07,0xFB,0xA4,0xC0,0x12,0x3C,0x13,0xFF,0xDB,0x3C,0x03,0xFF,0xDA,  //0x2200~0x220f      .3......<...<...
0x88,0x01,0xC0,0x04,0x2E,0x07,0xF8,0xA5,0xD5,0x02,0x84,0x01,0x3E,0x07,0xFB,0xA4,  //0x2210~0x221f      ............>...
0x84,0x01,0x3E,0x07,0xFA,0x49,0x84,0x00,0xD5,0x13,0x3C,0x23,0xFD,0x9B,0xE6,0x44,  //0x2220~0x222f      ..>..I....<#...D
0xE9,0x18,0x3C,0x33,0xFD,0xD0,0x3C,0x23,0xFD,0x39,0x88,0x43,0xE0,0x41,0xE9,0x12,  //0x2230~0x223f      ..<3..<#.9.C.A..
0x84,0x21,0x3C,0x0B,0xFD,0xD0,0x3C,0x0B,0xFD,0x9B,0x3E,0x17,0xFA,0x49,0x3E,0x07,  //0x2240~0x224f      .!<...<...>..I>.
0xFF,0x7D,0x3E,0x07,0xFF,0xA5,0x3E,0x07,0xFF,0xC4,0x3E,0x07,0xFB,0xA5,0xD5,0x04,  //0x2250~0x225f      .}>...>...>.....
0xCA,0x03,0x3C,0x2B,0xFD,0xD0,0xFC,0x80,0xFC,0x00,0x49,0xFF,0xF1,0x49,0x49,0xFF,  //0x2260~0x226f      ..<+......I..II.
0xFE,0xE6,0x49,0xFF,0xFE,0x75,0x49,0xFF,0xFF,0x93,0x49,0xFF,0xFF,0xA0,0x49,0x00,  //0x2270~0x227f      ..I..uI...I...I.
0x14,0xDE,0xFC,0x80,0xFC,0x41,0x84,0xC1,0x81,0x22,0x98,0x8E,0x40,0x23,0x08,0x0C,  //0x2280~0x228f      .....A..."..@#..
0x81,0x00,0x81,0x43,0xFE,0x93,0x40,0x33,0x04,0x0C,0xE6,0x27,0x97,0xD8,0x96,0x92,  //0x2290~0x229f      ...C..@3...'....
0x87,0x80,0x14,0xFF,0x80,0x00,0x2E,0x07,0xFE,0x2E,0x40,0xFE,0x00,0x06,0xE8,0x2A,  //0x22a0~0x22af      ..........@....*
0x2E,0x07,0xFB,0x59,0xC0,0x09,0x2E,0x07,0xFB,0x8B,0xF2,0x81,0x49,0xFF,0xEF,0xA9,  //0x22b0~0x22bf      ...Y........I...
0x3E,0x67,0xFB,0x8B,0xF2,0x01,0x2E,0x47,0xFB,0x56,0x88,0x9C,0x38,0x04,0x91,0x01,  //0x22c0~0x22cf      >g.....G.V..8...
0xE3,0x40,0xE8,0x06,0x88,0x88,0xA6,0x20,0xFE,0x3F,0xAE,0x20,0xD5,0x0E,0xB4,0x1F,  //0x22d0~0x22df      .@.......?......
0xC0,0x0C,0x88,0x88,0xA6,0x20,0xFE,0x3F,0xAE,0x20,0x2E,0x07,0xFB,0x56,0x88,0x1C,  //0x22e0~0x22ef      .......?.....V..
0x88,0x08,0xA6,0x40,0xFE,0x56,0xAE,0x40,0x50,0x0E,0x00,0x01,0x55,0xC0,0x00,0xFF,  //0x22f0~0x22ff      ...@.V.@P...U...
0xD5,0xD3,0xFC,0xC1,0xFC,0x47,0x80,0xC0,0x49,0x00,0x14,0x84,0x2E,0x77,0xF8,0xAC,  //0x2300~0x230f      .....G..I....w..
0x2E,0x07,0xF8,0xAB,0x40,0x73,0xA0,0x08,0xFF,0xC7,0x5A,0x68,0x01,0x0E,0x2E,0x77,  //0x2310~0x231f      ....@s....Zh...w
0xF8,0xAE,0x2E,0x07,0xF8,0xAD,0x40,0x73,0xA0,0x08,0xFF,0xC7,0x44,0x91,0x05,0x14,  //0x2320~0x232f      ......@s....D...
0x44,0xA4,0x0A,0x38,0xD5,0x05,0x44,0x91,0x04,0xDE,0x44,0xA4,0x08,0xF4,0x84,0x20,  //0x2330~0x233f      D..8..D...D.....
0x44,0x20,0x00,0x36,0x80,0x1F,0x49,0x00,0x35,0x9B,0x80,0x09,0x84,0x20,0x44,0x20,  //0x2340~0x234f      D..6..I.5.....D.
0x00,0x36,0x49,0x00,0x35,0x95,0x2E,0x07,0xFB,0x59,0xC0,0x08,0x2E,0x07,0xFB,0x8B,  //0x2350~0x235f      .6I.5....Y......
0x49,0xFF,0xEF,0x57,0x84,0x01,0x3E,0x07,0xFB,0x8B,0x84,0xC7,0x8E,0xC1,0x97,0xB0,  //0x2360~0x236f      I..W..>.........
0x49,0xFF,0xEF,0x4E,0x49,0x00,0x14,0x1C,0x49,0x00,0x14,0x4C,0x80,0x09,0x80,0x26,  //0x2370~0x237f      I..NI...I..L...&
0x80,0x4A,0x80,0x67,0x49,0xFF,0xFF,0x80,0xCE,0xF2,0x2E,0x17,0xFB,0x56,0x2E,0x27,  //0x2380~0x238f      .J.gI........V.'
0xFE,0x2E,0x80,0x66,0x40,0x0F,0x84,0x00,0x40,0x54,0x84,0x00,0x97,0x18,0xE2,0x82,  //0x2390~0x239f      ...f@...@T......
0xE8,0x0C,0x38,0x42,0x8C,0x00,0x38,0x60,0x0C,0x00,0xE2,0xC4,0xE9,0x03,0x8C,0x61,  //0x23a0~0x23af      ..8B..8`.......a
0xD5,0xF6,0x38,0x40,0x0C,0x08,0xD5,0xFC,0x40,0x04,0x84,0x00,0x88,0x3F,0x49,0x00,  //0x23b0~0x23bf      ..8@....@....?I.
0x35,0x39,0xFC,0xC7,0xFC,0x00,0x2E,0x67,0xFF,0x7D,0xCE,0x1A,0x80,0x06,0x49,0xFF,  //0x23c0~0x23cf      59.....g.}....I.
0xFF,0x9B,0x2E,0x07,0xFF,0xC4,0x5A,0x08,0x01,0x05,0x80,0x06,0x49,0xFF,0xFC,0xF2,  //0x23d0~0x23df      ......Z.....I...
0x84,0x01,0x49,0xFF,0xFF,0x91,0x2E,0x07,0xFF,0xC4,0x5A,0x08,0x01,0x04,0x49,0xFF,  //0x23e0~0x23ef      ..I.......Z...I.
0xFC,0xE9,0x84,0x02,0x3E,0x07,0xFF,0x7D,0x84,0x00,0x3E,0x07,0xFF,0xB2,0xFC,0x80,  //0x23f0~0x23ff      ....>..}..>.....
0x2E,0x07,0xFF,0xC4,0x5A,0x08,0x01,0x0E,0xFC,0x00,0x2E,0x67,0xFF,0xA5,0xCE,0x08,  //0x2400~0x240f      ....Z......g....
0x49,0xFF,0xFD,0x06,0x84,0x02,0x3E,0x07,0xFF,0xA5,0x3E,0x67,0xFF,0xC0,0xFC,0x80,  //0x2410~0x241f      I.....>...>g....
0xDD,0x9E,0xFC,0x00,0x49,0xFF,0xFF,0xD0,0x49,0xFF,0xFF,0xEC,0xFC,0x80,0x2E,0x07,  //0x2420~0x242f      ....I...I.......
0xFA,0x49,0x5A,0x08,0x01,0x0D,0xFC,0x00,0x49,0xFF,0xFF,0xF5,0x49,0x00,0x13,0xB8,  //0x2430~0x243f      .IZ.....I...I...
0x84,0x00,0x3E,0x07,0xFA,0x49,0x3E,0x07,0xFD,0x8C,0xFC,0x80,0xDD,0x9E,0xFC,0x00,  //0x2440~0x244f      ..>..I>.........
0x2E,0x30,0x00,0x66,0x44,0x01,0x05,0xB4,0x44,0x14,0x0B,0xA0,0x84,0xA0,0x84,0x81,  //0x2450~0x245f      .0.fD...D.......
0x8C,0x03,0xD3,0x0E,0x10,0x40,0x00,0x8F,0x0A,0x20,0x80,0x01,0x40,0x61,0x20,0x09,  //0x2460~0x246f      .....@......@a..
0x8C,0xA1,0x10,0x60,0x00,0x8D,0x10,0x20,0x00,0x8E,0x97,0x68,0xD5,0xF2,0xFC,0x80,  //0x2470~0x247f      ...`.......h....
0xFC,0x40,0x2E,0x60,0x00,0x66,0xC6,0x25,0x84,0x00,0x2E,0xA7,0xFE,0x2D,0x44,0x11,  //0x2480~0x248f      .@.`.f.%.....-D.
0x05,0xB4,0x80,0x60,0x80,0x80,0x80,0xA0,0x44,0x84,0x00,0x00,0x00,0x90,0x80,0x91,  //0x2490~0x249f      ...`....D.......
0x00,0x70,0x80,0x90,0x80,0x49,0x42,0x23,0xA8,0x73,0x50,0x21,0x02,0xD8,0x38,0x24,  //0x24a0~0x24af      .p...IB#.sP!..8$
0x09,0x11,0xE0,0x02,0xE8,0x04,0x80,0x02,0x80,0x69,0x80,0x87,0x8C,0xA1,0x97,0x68,  //0x24b0~0x24bf      .........i.....h
0x8C,0x23,0xDE,0xED,0x3E,0x40,0x00,0x68,0x3E,0x30,0x00,0x69,0x3C,0x08,0x00,0x35,  //0x24c0~0x24cf      .#..>@.h>0.i<..5
0xFC,0xC0,0x84,0x43,0x44,0x11,0x05,0xB4,0x42,0x10,0x08,0x73,0x00,0x00,0x80,0x92,  //0x24d0~0x24df      ...CD...B..s....
0xDD,0x9E,0xFC,0x00,0x2E,0x17,0xFA,0x2E,0xC1,0x37,0x2E,0x17,0xFB,0x4D,0xC9,0x1A,  //0x24e0~0x24ef      .........7...M..
0x2E,0x37,0xFE,0x2D,0x2E,0x27,0xFA,0x2C,0x44,0x44,0x00,0x00,0xFE,0xD4,0x80,0xA1,  //0x24f0~0x24ff      .7.-.'.,DD......
0x2E,0x27,0xFE,0x2D,0xE2,0x22,0xE8,0x0D,0x98,0x99,0x94,0x91,0x88,0x44,0x22,0x61,  //0x2500~0x250f      .'.-.".......D"a
0x02,0xD8,0x38,0x60,0x05,0x09,0x8C,0x21,0x12,0x51,0x02,0xD8,0x96,0x48,0xD5,0xF1,  //0x2510~0x251f      ..8`...!.Q...H..
0xFC,0x80,0x5A,0x18,0x01,0x1A,0x84,0x40,0x44,0x44,0x00,0x00,0x80,0xA2,0x2E,0x17,  //0x2520~0x252f      ..Z....@DD......
0xFE,0x2C,0xE2,0x41,0xE8,0x11,0x2E,0x17,0xFE,0x2D,0x9C,0xD1,0xFE,0x5C,0x8E,0x21,  //0x2530~0x253f      .,.A.....-.....!
0x96,0x49,0x94,0x49,0x88,0x24,0x22,0x60,0x82,0xD8,0x38,0x60,0x09,0x09,0x12,0x50,  //0x2540~0x254f      .I.I.$"`..8`...P
0x82,0xD8,0x96,0x98,0xD5,0xED,0xFC,0x80,0x2E,0x17,0xFA,0x2E,0x2E,0x20,0x00,0x66,  //0x2550~0x255f      ...............f
0xC1,0x61,0xFC,0x42,0x2E,0x87,0xFB,0x4D,0x2E,0x47,0xFE,0x2D,0x4E,0x83,0x00,0x04,  //0x2560~0x256f      .a.B...M.G.-N...
0x80,0xE4,0xD5,0x03,0x2E,0x77,0xFE,0x2C,0x2E,0x97,0xFA,0x2C,0x97,0x21,0x42,0x12,  //0x2570~0x257f      .....w.,...,.!B.
0x24,0x24,0xF1,0x81,0x2E,0x17,0xF8,0x90,0x2E,0x37,0xF8,0x8F,0x40,0x10,0xA0,0x08,  //0x2580~0x258f      $$.......7..@...
0xFE,0x5F,0xF1,0x82,0x9E,0xE1,0x9E,0x79,0x96,0xD9,0x84,0xC0,0xF1,0x83,0x96,0x70,  //0x2590~0x259f      ._.....y.......p
0xE2,0x27,0xE8,0x3D,0x22,0xA0,0x00,0x00,0x4E,0x83,0x00,0x09,0xF5,0x01,0x83,0x81,  //0x25a0~0x25af      .'.="...N.......
0x88,0xA6,0x97,0x69,0xB6,0xBF,0x83,0xC9,0xD5,0x04,0xB6,0x7F,0x83,0x89,0x83,0xC1,  //0x25b0~0x25bf      ...i............
0xF5,0x02,0xE0,0xAA,0xE8,0x1F,0xC1,0x05,0x22,0x10,0x7F,0xFF,0x40,0x15,0x04,0x07,  //0x25c0~0x25cf      ........"...@...
0xF5,0x03,0xE0,0xC5,0xE8,0x05,0x22,0xF0,0x00,0x01,0xE1,0x4F,0xE9,0x13,0xC9,0x12,  //0x25d0~0x25df      ......"....O....
0x5C,0xF1,0x00,0x20,0xE8,0x0F,0x84,0xA3,0x44,0x11,0x05,0xB4,0x42,0x11,0x14,0x73,  //0x25e0~0x25ef      ........D...B..s
0x84,0xA1,0x8C,0x41,0x11,0xE0,0x80,0x90,0x11,0xC0,0x80,0x91,0x10,0x50,0x80,0x92,  //0x25f0~0x25ff      ...A.........P..
0x96,0x90,0xB4,0xBF,0x2A,0x10,0x00,0x01,0x50,0x52,0x82,0xD8,0x44,0xA4,0x00,0x00,  //0x2600~0x260f      ....*...PR..D...
0x88,0x64,0x38,0x15,0x15,0x09,0x8C,0xC1,0x96,0xD9,0xD5,0xC2,0x3E,0x20,0x00,0x66,  //0x2610~0x261f      .d8.........>..f
0xFC,0xC2,0xDD,0x9E,0x84,0x43,0x44,0x11,0x05,0xB4,0x42,0x10,0x08,0x73,0x00,0x00,  //0x2620~0x262f      .....CD...B..s..
0x80,0x92,0xDD,0x9E,0xFC,0x29,0x44,0x61,0x05,0xB4,0x49,0x00,0x13,0x02,0x00,0x73,  //0x2630~0x263f      .....)Da..I....s
0x00,0x8B,0x84,0x20,0x44,0x20,0x00,0x66,0x50,0x03,0x00,0x8A,0x49,0x00,0x34,0x18,  //0x2640~0x264f      ....D..fP...I.4.
0x80,0x1F,0x10,0x73,0x00,0x8B,0x49,0xFF,0xFF,0x46,0x44,0x50,0xFC,0x00,0x00,0x42,  //0x2650~0x265f      ...s..I..FDP...B
0x82,0x66,0x00,0x72,0x82,0x65,0x44,0x31,0x04,0x04,0x40,0x42,0x20,0x08,0xA6,0x99,  //0x2660~0x266f      .f.r.eD1..@B....
0x44,0x14,0x0B,0xA0,0xA6,0xD8,0xFF,0x3F,0x00,0x52,0x82,0x58,0x44,0x04,0x05,0xB0,  //0x2670~0x267f      D......?.R.XD...
0x49,0x00,0x21,0x1D,0x10,0x03,0x00,0x8A,0x49,0xFF,0xFE,0xE3,0x80,0x1F,0x49,0xFF,  //0x2680~0x268f      I.!.....I.....I.
0xFF,0x65,0x49,0xFF,0xFE,0xF7,0x49,0x00,0x12,0xD5,0xFC,0xA9,0x84,0x00,0x44,0x31,  //0x2690~0x269f      .eI...I.......D1
0x05,0xB4,0x80,0x40,0x98,0x43,0x8C,0x03,0x10,0x20,0x80,0x92,0x5A,0x08,0x60,0xFC,  //0x26a0~0x26af      ...@.C......Z.`.
0xDD,0x9E,0x2E,0x00,0x00,0x66,0xE6,0x02,0xE9,0x27,0xFC,0x40,0x3C,0x04,0x00,0x35,  //0x26b0~0x26bf      .....f...'.@<..5
0x84,0xEA,0x40,0x70,0x1C,0xF6,0x2E,0x07,0xF8,0xD4,0x84,0xC0,0xFF,0xC4,0x97,0xFB,  //0x26c0~0x26cf      ..@p............
0x44,0x91,0x05,0xB4,0x81,0x46,0x00,0x04,0x80,0x92,0xC0,0x10,0x80,0x06,0x49,0xFF,  //0x26d0~0x26df      D....F........I.
0xED,0x6B,0x3C,0x54,0x00,0x35,0xD0,0x0A,0xE0,0x07,0xE8,0x08,0x10,0xA4,0x80,0x92,  //0x26e0~0x26ef      .k<T.5..........
0x2E,0x00,0x00,0x66,0x8E,0x01,0x3E,0x00,0x00,0x66,0x8C,0xC1,0x97,0xB0,0x8D,0x23,  //0x26f0~0x26ff      ...f..>..f.....#
0x5A,0x68,0x20,0xEB,0xFC,0xC0,0xDD,0x9E,0xFC,0x40,0x2E,0x07,0xF7,0x44,0x3C,0x97,  //0x2700~0x270f      Zh.......@...D<.
0xFE,0xDE,0x5A,0x08,0x01,0x0A,0x2E,0x07,0xFD,0xDC,0xC0,0x06,0x3C,0x03,0xFE,0xEF,  //0x2710~0x271f      ..Z.........<...
0x88,0x09,0x40,0x90,0x00,0x11,0x2E,0x00,0x00,0x66,0xC0,0x1F,0x84,0xC0,0x44,0x71,  //0x2720~0x272f      ..@......f....Dq
0x05,0xB4,0x81,0x46,0x00,0x03,0x80,0x92,0xC0,0x13,0x00,0x13,0x80,0x90,0x2E,0x07,  //0x2730~0x273f      ...F............
0xFE,0x2F,0xE2,0x20,0xE8,0x0D,0x80,0x06,0x49,0xFF,0xED,0x36,0xE0,0x09,0xE8,0x08,  //0x2740~0x274f      ./......I..6....
0x10,0xA3,0x80,0x92,0x2E,0x00,0x00,0x66,0x8E,0x01,0x3E,0x00,0x00,0x66,0x8C,0xC1,  //0x2750~0x275f      .......f..>..f..
0x97,0xB0,0x8C,0xE3,0x5A,0x68,0x20,0xE8,0xFC,0xC0,0x2E,0x07,0xFF,0xEC,0xC0,0x10,  //0x2760~0x276f      ....Zh..........
0x3C,0x03,0xFD,0x9D,0xC0,0x0D,0xFC,0x00,0x49,0xFF,0xFF,0x92,0x3C,0x03,0xFD,0x9D,  //0x2770~0x277f      <.......I...<...
0x3C,0x13,0xFD,0x39,0x40,0x00,0x04,0x17,0x3C,0x0B,0xFD,0x9D,0xFC,0x80,0xDD,0x9E,  //0x2780~0x278f      <..9@...<.......
0xFC,0x40,0x2E,0x27,0xFA,0x51,0x2E,0x37,0xFA,0x4D,0x2E,0x67,0xFA,0x50,0x8C,0x43,  //0x2790~0x279f      .@.'.Q.7.M.g.P.C
0x2E,0x77,0xFA,0x4C,0x8C,0x63,0x44,0x11,0x05,0xB4,0xFA,0x10,0x85,0x20,0x00,0x50,  //0x27a0~0x27af      .w.L.cD........P
0x80,0x90,0x00,0x40,0x80,0x91,0x50,0xA2,0x80,0x03,0xE1,0x46,0xE9,0x0A,0xE0,0x45,  //0x27b0~0x27bf      ...@..P....F...E
0xE9,0x08,0x9D,0x63,0xE0,0xA7,0xE9,0x05,0xE0,0x64,0xE9,0x03,0x10,0x90,0x80,0x92,  //0x27c0~0x27cf      ...c.....d......
0x8E,0x01,0x96,0x00,0x8C,0x23,0xC8,0xEC,0xFC,0xC0,0xFC,0x40,0x84,0xA0,0x50,0x90,  //0x27d0~0x27df      .....#.....@..P.
0xFF,0xFF,0xD1,0x18,0x84,0x60,0x40,0xA4,0x94,0x01,0xE0,0x6A,0xE8,0x10,0x94,0x99,  //0x27e0~0x27ef      .....`@....j....
0x99,0x82,0x8C,0x42,0x88,0x40,0x22,0x43,0x00,0x00,0x22,0x71,0x00,0x00,0xE0,0x87,  //0x27f0~0x27ff      ...B.@"C.."q....
0xE8,0x03,0xAD,0xF0,0xAD,0x10,0x8C,0x61,0x96,0xD8,0xD5,0xF0,0x8C,0xA1,0x97,0x68,  //0x2800~0x280f      .......a.......h
0xD5,0xE9,0xFC,0xC0,0xFC,0x28,0x84,0x20,0x80,0x1F,0x44,0x20,0x00,0x40,0x2E,0x70,  //0x2810~0x281f      .....(....D..@.p
0x00,0x66,0x84,0xC0,0x49,0x00,0x33,0x2C,0x96,0x30,0xE2,0x07,0xE8,0x07,0x49,0xFF,  //0x2820~0x282f      .f..I.3,.0....I.
0xEC,0xC3,0x38,0x0F,0x99,0x09,0x8C,0xC1,0xD5,0xF8,0x80,0x1F,0x80,0x27,0x49,0xFF,  //0x2830~0x283f      ..8..........'I.
0xFF,0xCE,0x22,0x0F,0x80,0x00,0x22,0x1F,0x80,0x03,0x85,0xE2,0x40,0xF0,0x3D,0xF6,  //0x2840~0x284f      .."...".....@.=.
0xE0,0x2F,0x56,0x07,0x80,0x01,0xFC,0xA8,0x2E,0x00,0x00,0x66,0x4E,0x02,0x01,0x4A,  //0x2850~0x285f      ./V........fN..J
0xFC,0x48,0x49,0xFF,0xFF,0xD9,0xC8,0x03,0x84,0x00,0xFC,0xC8,0x2E,0x07,0xF8,0xE0,  //0x2860~0x286f      .HI.............
0x2E,0x17,0xF8,0xDF,0x40,0x00,0x20,0x08,0xFE,0x0F,0x2E,0x17,0xF8,0xDE,0xF0,0x8D,  //0x2870~0x287f      ....@...........
0x84,0x0A,0xFE,0x0C,0x96,0x03,0xF0,0x82,0x2E,0x07,0xFE,0x2C,0x2E,0x77,0xFE,0x2D,  //0x2880~0x288f      ...........,.w.-
0xF0,0x88,0x8E,0x01,0xF0,0x8A,0x9E,0x39,0xF0,0x84,0x44,0x01,0x05,0xB4,0xF0,0x81,  //0x2890~0x289f      .......9..D.....
0x2E,0x10,0x00,0x66,0x84,0x03,0xF2,0x01,0x42,0x20,0x80,0x73,0x84,0x00,0xF0,0x89,  //0x28a0~0x28af      ...f....B..s....
0x00,0x0F,0x80,0x10,0x45,0xC0,0x00,0xFF,0xF2,0x8E,0x15,0xCF,0x80,0x07,0x15,0xCF,  //0x28b0~0x28bf      ....E...........
0x80,0x06,0x15,0xCF,0x80,0x05,0xF0,0x8C,0xF0,0x0E,0xF5,0x01,0xD0,0xCE,0xF0,0x01,  //0x28c0~0x28cf      ................
0x00,0x30,0x00,0x90,0x00,0x50,0x00,0x91,0xF0,0x05,0xE2,0x60,0xE9,0x0B,0xF0,0x06,  //0x28d0~0x28df      .0...P.....`....
0xE2,0x03,0xE9,0x08,0xF0,0x07,0xE2,0xA0,0xE9,0x05,0x40,0xFE,0x14,0x06,0x4E,0xF2,  //0x28e0~0x28ef      ..........@...N.
0x00,0xFC,0x9C,0x19,0x96,0x00,0x96,0x6A,0x97,0x9A,0xF0,0x83,0x80,0x85,0x81,0x23,  //0x28f0~0x28ff      .......j.......#
0x81,0x03,0x80,0x41,0x84,0x00,0xF6,0x8B,0x4E,0x25,0x00,0x2D,0xF6,0x0B,0x85,0x40,  //0x2900~0x290f      ...A....N%.-...@
0x4E,0x65,0x00,0x18,0x81,0xE2,0x45,0xE4,0x05,0xB0,0x42,0xF3,0x1C,0x73,0x38,0xFF,  //0x2910~0x291f      Ne....E...B..s8.
0x3D,0x11,0x05,0xEF,0x80,0x02,0x40,0xF7,0xF8,0x07,0xE9,0x09,0x8C,0x01,0x8D,0x41,  //0x2920~0x292f      =.....@........A
0x96,0x01,0x40,0xA5,0x00,0x13,0x54,0x83,0x00,0xFF,0xD5,0x0C,0xE1,0x06,0xE9,0x0A,  //0x2930~0x293f      ..@...T.........
0xE3,0x28,0x80,0xC8,0x40,0x64,0xBC,0x1B,0x81,0x26,0x4E,0xA3,0x00,0x07,0x97,0x10,  //0x2940~0x294f      .(..@d...&N.....
0xD5,0x09,0x8E,0xC1,0x97,0xB2,0xD5,0xDD,0x40,0x41,0x08,0x1A,0x8E,0x41,0x96,0x92,  //0x2950~0x295f      ........@A...A..
0xD5,0xD4,0xF2,0x0A,0xE0,0x62,0x80,0x43,0xE8,0x34,0x04,0x8F,0x80,0x03,0x4E,0x15,  //0x2960~0x296f      .....b.C.4....N.
0x00,0x31,0xF6,0x03,0x85,0x40,0x04,0xFF,0x80,0x08,0xE2,0xCF,0xE8,0x16,0x81,0xE1,  //0x2970~0x297f      .1...@..........
0x45,0xE4,0x05,0xB0,0x42,0xF3,0x1C,0x73,0x38,0xFF,0x3D,0x11,0x05,0xEF,0x80,0x02,  //0x2980~0x298f      E...B..s8.=.....
0x40,0xF7,0xF8,0x07,0xE9,0x08,0x8C,0x01,0x8D,0x41,0x96,0x01,0x40,0xA5,0x00,0x13,  //0x2990~0x299f      @........A..@...
0x81,0x06,0xD5,0x0A,0xE2,0xC8,0xE9,0x08,0xE3,0x02,0x40,0x24,0x3C,0x1A,0x96,0x90,  //0x29a0~0x29af      ..........@$<...
0x4E,0xA3,0x00,0x0B,0xD5,0x04,0x8C,0xC1,0x97,0xB0,0xD5,0xDE,0x8C,0x21,0xE0,0x24,  //0x29b0~0x29bf      N............!.$
0xE8,0x08,0x97,0x08,0xD5,0x06,0x40,0x40,0x84,0x1A,0x8E,0x21,0x96,0x4A,0xD5,0xD0,  //0x29c0~0x29cf      ......@@...!.J..
0xF1,0x04,0xE0,0xA1,0xE8,0x6C,0x9C,0x69,0x96,0x48,0x97,0x9A,0xF5,0x8B,0x81,0x03,  //0x29d0~0x29df      .....l.i.H......
0x80,0xA1,0xF6,0x8F,0xE2,0xA7,0xE8,0x2D,0xF6,0x0F,0x85,0x40,0x4E,0x65,0x00,0x18,  //0x29e0~0x29ef      .......-...@Ne..
0x81,0xE5,0x45,0xE4,0x05,0xB0,0x42,0xF3,0x1C,0x73,0x38,0xFF,0x3D,0x11,0x05,0xEF,  //0x29f0~0x29ff      ..E...B..s8.=...
0x80,0x02,0x40,0xF7,0xF8,0x07,0xE9,0x09,0x8C,0x01,0x8D,0x41,0x96,0x01,0x40,0xA5,  //0x2a00~0x2a0f      ..@........A..@.
0x00,0x13,0x54,0x83,0x00,0xFF,0xD5,0x0B,0xE1,0x06,0xE9,0x09,0xE3,0x28,0x80,0xC8,  //0x2a10~0x2a1f      ..T..........(..
0x40,0x64,0xBC,0x1B,0x81,0x26,0x4E,0xA3,0x00,0x06,0xD5,0x0C,0x8E,0xC1,0x97,0xB2,  //0x2a20~0x2a2f      @d...&N.........
0xD5,0xDE,0xF6,0x04,0xDE,0x03,0xF6,0x0C,0xF6,0x8B,0x8C,0xA1,0x97,0x68,0xD5,0xD3,  //0x2a30~0x2a3f      .............h..
0xF5,0x0B,0xF6,0x0A,0xE0,0x66,0xE8,0x33,0x04,0xAF,0x80,0x03,0xE2,0x27,0xE8,0x2F,  //0x2a40~0x2a4f      .....f.3.....'./
0xF3,0x03,0x84,0xC0,0x04,0x8F,0x80,0x08,0xE2,0x68,0xE8,0x14,0x81,0x01,0x44,0xF4,  //0x2a50~0x2a5f      .........h....D.
0x05,0xB0,0x42,0x81,0x9C,0x73,0x38,0x87,0xA1,0x11,0x04,0xFF,0x80,0x02,0xE1,0x0F,  //0x2a60~0x2a6f      ..B..s8.........
0xE9,0x07,0x8C,0x01,0x8C,0xC1,0x96,0x01,0x97,0xB1,0x81,0x43,0xD5,0x09,0xE2,0x6A,  //0x2a70~0x2a7f      ...........C...j
0xE9,0x07,0xE3,0x42,0x40,0x25,0x3C,0x1A,0x96,0x90,0xCE,0x0A,0xD5,0x04,0x8C,0x61,  //0x2a80~0x2a8f      ...B@%<........a
0x96,0xD8,0xD5,0xE1,0x8E,0x21,0xE0,0xA1,0xE8,0x0A,0x97,0x48,0xD5,0x08,0xF3,0x04,  //0x2a90~0x2a9f      .....!.....H....
0x4C,0x11,0xC0,0x03,0xF5,0x0C,0x8C,0x21,0x96,0x48,0xD5,0xD1,0xF1,0x09,0xE2,0x20,  //0x2aa0~0x2aaf      L......!.H......
0xE8,0x07,0x83,0x85,0xF4,0x87,0xF2,0x86,0x14,0x9F,0x80,0x05,0xF0,0x89,0xF0,0x0D,  //0x2ab0~0x2abf      ................
0xF1,0x09,0xE2,0x01,0xE8,0x11,0x00,0x0F,0x80,0x14,0x3E,0x07,0xFA,0x50,0x00,0x0F,  //0x2ac0~0x2acf      ..........>..P..
0x80,0x18,0x3E,0x07,0xFA,0x51,0x00,0x0F,0x80,0x1C,0x3E,0x07,0xFA,0x4C,0x3F,0xC7,  //0x2ad0~0x2adf      ..>..Q....>..L?.
0xFA,0x4D,0x84,0x01,0xFC,0xC8,0xF0,0x01,0x8C,0x03,0xF0,0x81,0x48,0xFF,0xFE,0xEE,  //0x2ae0~0x2aef      .M..........H...
0x84,0x00,0xDD,0x9E,0x2E,0x07,0xFF,0xEC,0x5A,0x08,0x01,0x0A,0x3C,0x03,0xFF,0xF1,  //0x2af0~0x2aff      ........Z...<...
0x54,0x00,0x08,0x00,0xC8,0x37,0x3C,0x03,0xFD,0x9D,0xC8,0x34,0x2E,0x07,0xFF,0xED,  //0x2b00~0x2b0f      T....7<....4....
0x5A,0x08,0x01,0x31,0xFC,0x00,0x3C,0x03,0xFF,0xF1,0x54,0x00,0x10,0x00,0xC0,0x10,  //0x2b10~0x2b1f      Z..1..<...T.....
0x2E,0x07,0xF8,0xD5,0x5A,0x08,0x01,0x0D,0x3C,0x17,0xFF,0xDC,0x3C,0xF7,0xFE,0xDF,  //0x2b20~0x2b2f      ....Z...<...<...
0xE0,0x2F,0xE8,0x11,0x2E,0x07,0xFF,0xE3,0x54,0x00,0x00,0xEF,0xD5,0x0A,0x49,0xFF,  //0x2b30~0x2b3f      ./......T.....I.
0xFE,0x8D,0x96,0x06,0x94,0x44,0x2E,0x07,0xFF,0xE3,0x54,0x00,0x00,0xEF,0xFE,0x0F,  //0x2b40~0x2b4f      .....D....T.....
0x3E,0x07,0xFF,0xE3,0x3C,0x03,0xFF,0xF1,0x54,0x00,0x10,0x00,0xC0,0x0A,0x2E,0x07,  //0x2b50~0x2b5f      >...<...T.......
0xF8,0xE2,0x2E,0x17,0xF8,0xE1,0x40,0x00,0x20,0x08,0xFE,0x0F,0x3C,0x0B,0xFD,0x9C,  //0x2b60~0x2b6f      ......@.....<...
0xFC,0x80,0xDD,0x9E,0x2E,0x07,0xFF,0xED,0xC0,0x16,0x3C,0x03,0xFD,0x9C,0xC0,0x0D,  //0x2b70~0x2b7f      ..........<.....
0xFC,0x00,0x49,0xFF,0xFE,0x07,0x3C,0x03,0xFD,0x9C,0x3C,0x13,0xFD,0x39,0x40,0x00,  //0x2b80~0x2b8f      ..I...<...<..9@.
0x04,0x17,0x3C,0x0B,0xFD,0x9C,0xFC,0x80,0x84,0x1F,0x3C,0x0B,0xFD,0x28,0x3C,0x0B,  //0x2b90~0x2b9f      ..<.......<..(<.
0xFD,0x26,0xDD,0x9E,0xDD,0x9E,0xFC,0x4C,0x84,0x20,0x80,0x1F,0x44,0x20,0x00,0x60,  //0x2ba0~0x2baf      .&.....L....D..`
0x84,0xE0,0x49,0x00,0x31,0x65,0x80,0xC7,0x44,0x91,0x05,0xB4,0x85,0x43,0x40,0x13,  //0x2bb0~0x2bbf      ..I.1e..D....C@.
0xA4,0x00,0x00,0x00,0x80,0x92,0x5A,0x08,0x01,0x0C,0x80,0x1F,0x42,0x03,0x28,0x73,  //0x2bc0~0x2bcf      ......Z.....B.(s
0x50,0x10,0x80,0x90,0x84,0x43,0x8C,0xC1,0x49,0x00,0x31,0x2C,0x97,0xB0,0x8C,0xE3,  //0x2bd0~0x2bdf      P....C..I.1,....
0x5A,0x78,0x60,0xEF,0x44,0x01,0x06,0x44,0x80,0x3F,0x80,0x47,0x49,0x00,0x31,0x22,  //0x2be0~0x2bef      Zx`.D..D.?.GI.1"
0x3E,0x60,0x00,0x66,0xFC,0xCC,0xFC,0x00,0x49,0xFF,0xFD,0xB9,0x49,0xFF,0xFF,0x7C,  //0x2bf0~0x2bff      >`.f....I...I..|
0x49,0xFF,0xFF,0xBA,0x49,0xFF,0xFD,0x82,0x49,0xFF,0xFD,0x55,0x49,0x00,0x0B,0xA4,  //0x2c00~0x2c0f      I...I...I..UI...
0x49,0xFF,0xFF,0xCB,0xFC,0x80,0xFC,0x41,0x2F,0xC0,0x00,0x66,0x9D,0x09,0x84,0x41,  //0x2c10~0x2c1f      I......A/..f...A
0x84,0x60,0xE2,0x5C,0xE8,0x0B,0x38,0x50,0x8C,0x00,0x08,0x62,0x00,0x01,0xE2,0xC5,  //0x2c20~0x2c2f      .`....8P...b....
0x40,0x31,0x3C,0x1A,0x8C,0x41,0x96,0x90,0xD5,0xF5,0x38,0x20,0x8C,0x00,0x84,0x80,  //0x2c30~0x2c3f      @1<..A....8.....
0xF2,0x81,0x84,0x61,0x87,0xC3,0xF2,0x01,0xE2,0x43,0xE9,0x2E,0x84,0xA0,0x44,0x71,  //0x2c40~0x2c4f      ...a.....C....Dq
0x05,0xB4,0x81,0x21,0x80,0xC5,0x80,0x45,0x40,0xA4,0x84,0x01,0x54,0xA5,0x00,0xFF,  //0x2c50~0x2c5f      ...!...E@...T...
0xE3,0x5C,0xE8,0x11,0x08,0x84,0x80,0x01,0x00,0xF3,0x80,0x91,0x00,0xA3,0x80,0x90,  //0x2c60~0x2c6f      ................
0x4C,0x81,0xC0,0x08,0x8C,0x41,0x88,0xCF,0x88,0xAA,0x96,0x90,0x97,0xB1,0x97,0x69,  //0x2c70~0x2c7f      L....A.........i
0x8C,0xE3,0xD5,0xEB,0xC2,0x0E,0x80,0xE0,0x42,0x72,0x78,0x73,0x40,0x63,0x08,0xD6,  //0x2c80~0x2c8f      ........Brxs@c..
0x40,0x22,0x88,0x56,0xAE,0xB8,0x8C,0x81,0x84,0x41,0xAF,0xB9,0xAE,0xBA,0x97,0x20,  //0x2c90~0x2c9f      @".V.....A......
0x8C,0x61,0x96,0xD8,0xD5,0xD1,0x10,0x40,0x00,0x60,0xFC,0xC1,0xFC,0x20,0x88,0x40,  //0x2ca0~0x2caf      .a.....@.`.....@
0xA6,0xD0,0x2E,0x60,0x00,0x66,0xCB,0x05,0x38,0x00,0x04,0x00,0xAE,0x10,0xFC,0xA0,  //0x2cb0~0x2cbf      ...`.f..8.......
0x88,0x20,0xA7,0x08,0xE2,0x83,0x40,0x32,0x3C,0x1B,0x80,0x80,0x9B,0x60,0x97,0x68,  //0x2cc0~0x2ccf      ......@2<....`.h
0xE2,0xA6,0xE8,0x0C,0xA7,0xD0,0x08,0x52,0x00,0x01,0x4C,0x72,0x80,0x05,0xA7,0xC8,  //0x2cd0~0x2cdf      .......R..Lr....
0x4C,0x72,0xFF,0xF6,0x10,0x32,0x7F,0xFF,0xD5,0xF2,0xFC,0xA0,0xFC,0x40,0x80,0xC0,  //0x2ce0~0x2cef      Lr...2.......@..
0x20,0x10,0x00,0x00,0x20,0x00,0x00,0x01,0x49,0xFF,0xEA,0x74,0x80,0xE0,0x20,0x13,  //0x2cf0~0x2cff      ........I..t....
0x00,0x02,0x20,0x03,0x00,0x03,0x49,0xFF,0xEA,0x6D,0xE0,0xE0,0x40,0x70,0x3C,0x1A,  //0x2d00~0x2d0f      ......I..m..@p<.
0x20,0x13,0x00,0x00,0x20,0x03,0x00,0x03,0x49,0xFF,0xEA,0x64,0x81,0x20,0x20,0x13,  //0x2d10~0x2d1f      ........I..d....
0x00,0x02,0x20,0x03,0x00,0x01,0x49,0xFF,0xEA,0x5D,0x97,0xFB,0x88,0x09,0x90,0xE1,  //0x2d20~0x2d2f      ......I..]......
0xE0,0xE0,0xE8,0x03,0x84,0x01,0xAE,0x36,0xFC,0xC0,0xFC,0x02,0xB1,0x01,0x3A,0x12,  //0x2d30~0x2d3f      .......6......:.
0x0C,0x20,0x00,0x3F,0x80,0x08,0x00,0x2F,0x80,0x09,0xE6,0x62,0xE8,0x03,0xE6,0x42,  //0x2d40~0x2d4f      ...?.../...b...B
0xE9,0x09,0x2E,0x17,0xF9,0x00,0xE2,0x61,0xE8,0x05,0xE2,0x41,0xE8,0x03,0x96,0x06,  //0x2d50~0x2d5f      .......a...A....
0xFC,0x82,0x84,0x00,0xFC,0x82,0xFC,0x44,0xA6,0x82,0x81,0x40,0xA6,0x00,0x00,0x35,  //0x2d60~0x2d6f      .......D...@...5
0x00,0x03,0xE2,0x40,0x80,0xE0,0x40,0x71,0x3C,0x1B,0xE2,0x02,0x40,0x01,0x3C,0x1B,  //0x2d70~0x2d7f      ...@..@q<...@.<.
0x00,0x25,0x00,0x01,0x2E,0x17,0xFE,0x30,0xE2,0x62,0x81,0x22,0x40,0x91,0xBC,0x1B,  //0x2d80~0x2d8f      .%.....0.b."@...
0xE2,0x43,0x40,0x21,0xBC,0x1B,0x2E,0x67,0xFE,0x2F,0x80,0x62,0x4C,0x70,0x40,0x13,  //0x2d90~0x2d9f      .C@!...g./.bLp@.
0x8E,0x21,0xC7,0x09,0x40,0x23,0x84,0x03,0x9E,0x39,0x5C,0x21,0x00,0x01,0x54,0x80,  //0x2da0~0x2daf      .!..@#...9.!..T.
0x00,0xFF,0xD5,0x03,0x81,0x07,0x84,0x41,0xE0,0xE1,0xE8,0x09,0x8C,0xE1,0x97,0xF8,  //0x2db0~0x2dbf      .......A........
0xD5,0x06,0x84,0x40,0x81,0x07,0x80,0x82,0x80,0xE0,0xD5,0x02,0x84,0x81,0x4C,0x91,  //0x2dc0~0x2dcf      ...@..........L.
0xC0,0x16,0x9E,0x31,0x4E,0x92,0x00,0x0A,0x4C,0x90,0x40,0x03,0x84,0x41,0x50,0x14,  //0x2dd0~0x2ddf      ...1N...L.@..AP.
0xFF,0xFF,0x55,0xC0,0x80,0xFF,0xD5,0x03,0x83,0x89,0x84,0x41,0xE1,0x20,0xE8,0x09,  //0x2de0~0x2def      ..U........A....
0x50,0x54,0x80,0x01,0x54,0x92,0x80,0xFF,0xD5,0x04,0x83,0x89,0x81,0x23,0xD5,0x02,  //0x2df0~0x2dff      PT..T........#..
0x84,0x81,0x84,0xC0,0x80,0xA8,0xF6,0x82,0xB6,0xDF,0xF6,0x81,0xE2,0xE5,0xE9,0x32,  //0x2e00~0x2e0f      ...............2
0x96,0x2A,0x80,0x7C,0xF0,0x83,0xE3,0x23,0xE9,0x2A,0x96,0x1A,0xF1,0x03,0xF2,0x87,  //0x2e10~0x2e1f      .*.|...#.*......
0xF4,0x86,0xF5,0x85,0xF3,0x84,0x49,0xFF,0xE9,0xDD,0xF5,0x05,0xF3,0x04,0xF4,0x06,  //0x2e20~0x2e2f      ......I.........
0xF2,0x07,0x4C,0x54,0x00,0x07,0xD7,0x05,0x4C,0x3E,0x00,0x04,0x4C,0x34,0xC0,0x09,  //0x2e30~0x2e3f      ..LT....L>..L4..
0xF1,0x02,0x8C,0xC1,0x88,0x01,0x96,0x03,0xF0,0x82,0x97,0xB0,0xD5,0x0D,0x22,0x15,  //0x2e40~0x2e4f      ..............".
0x00,0x05,0xE0,0x20,0xE8,0x05,0xF0,0x01,0x8C,0x01,0x96,0x00,0xF0,0x81,0xB4,0x1F,  //0x2e50~0x2e5f      ................
0x8C,0x01,0x96,0x00,0xB6,0x1F,0x8C,0x61,0x96,0xD8,0xD5,0xD6,0x8C,0xA1,0x97,0x68,  //0x2e60~0x2e6f      .......a.......h
0xD5,0xCE,0x97,0xFA,0x41,0xCE,0x00,0x10,0x80,0x27,0x80,0x1C,0xF2,0x84,0xF4,0x83,  //0x2e70~0x2e7f      ....A....'......
0x49,0xFF,0xE9,0xB0,0xF1,0x02,0x40,0x94,0x80,0x10,0x8A,0x20,0x40,0x84,0x00,0x10,  //0x2e80~0x2e8f      I.....@.....@...
0x96,0xC9,0x80,0x09,0x80,0x28,0xF3,0x82,0x49,0xFF,0xE9,0xA4,0xF3,0x02,0x80,0x28,  //0x2e90~0x2e9f      .....(..I......(
0x9A,0x18,0x96,0xC1,0x80,0x1C,0xF3,0x82,0x49,0xFF,0xE9,0x9C,0xF3,0x02,0x80,0x27,  //0x2ea0~0x2eaf      ........I......'
0x9A,0x18,0x40,0x80,0x00,0x13,0x80,0x09,0x49,0xFF,0xE9,0x94,0x40,0x04,0x00,0x01,  //0x2eb0~0x2ebf      ..@.....I...@...
0x40,0x90,0x00,0x13,0x20,0x15,0x00,0x00,0x20,0x05,0x00,0x01,0x49,0xFF,0xE9,0x8A,  //0x2ec0~0x2ecf      @...........I...
0x80,0xE0,0x20,0x15,0x00,0x02,0x20,0x05,0x00,0x03,0x49,0xFF,0xE9,0x83,0x88,0x07,  //0x2ed0~0x2edf      ..........I.....
0xF4,0x03,0x96,0x01,0x40,0x84,0x80,0x11,0x96,0x43,0xF2,0x04,0xC4,0x08,0xCA,0x07,  //0x2ee0~0x2eef      ....@....C......
0x40,0x04,0x80,0x01,0x8E,0xC2,0x40,0x80,0x00,0x11,0x97,0xB0,0xE6,0xC5,0xE9,0x03,  //0x2ef0~0x2eff      @.....@.........
0x8E,0xC4,0x97,0xB0,0x80,0x08,0x4E,0x84,0x00,0x03,0x84,0x00,0xFA,0x58,0x96,0x03,  //0x2f00~0x2f0f      ......N......X..
0xFE,0x14,0x22,0x25,0x00,0x04,0xFE,0x54,0xFF,0x8C,0xE0,0xC0,0xE8,0x0B,0xF1,0x01,  //0x2f10~0x2f1f      .."%...T........
0xB4,0x1F,0x8A,0x01,0xB4,0x3F,0x94,0x02,0xE0,0x20,0xE9,0x04,0x84,0x02,0x10,0x05,  //0x2f20~0x2f2f      .....?..........
0x00,0x06,0xFC,0xC4,0xFC,0x20,0x80,0xE0,0x20,0x10,0x00,0x00,0x20,0x00,0x00,0x01,  //0x2f30~0x2f3f      ................
0x49,0xFF,0xE9,0x50,0x80,0xC0,0x20,0x13,0x80,0x02,0x20,0x03,0x80,0x03,0x49,0xFF,  //0x2f40~0x2f4f      I..P..........I.
0xE9,0x49,0x88,0x06,0x40,0x60,0x04,0x0A,0x97,0xB3,0x84,0x60,0x44,0x40,0xFC,0x00,  //0x2f50~0x2f5f      .I..@`.....`D@..
0x84,0xA6,0x80,0x04,0x42,0x01,0x94,0x73,0x00,0x10,0x02,0xDA,0x00,0x20,0x02,0xD9,  //0x2f60~0x2f6f      ....B..s........
0x40,0x10,0xA0,0x08,0xFE,0x57,0x96,0x4B,0xE0,0x26,0xE8,0x14,0x00,0x10,0x02,0xDC,  //0x2f70~0x2f7f      @....W.K.&......
0x00,0x20,0x02,0xDB,0x40,0x10,0xA0,0x08,0xFE,0x57,0xAC,0x7C,0x50,0x00,0x02,0xD4,  //0x2f80~0x2f8f      ....@....W.|P...
0x00,0x10,0x00,0x09,0x00,0x00,0x00,0x0A,0x40,0x00,0x20,0x08,0xFE,0x0F,0xAC,0x3D,  //0x2f90~0x2f9f      ........@......=
0xFC,0xA0,0x8C,0x61,0x5A,0x38,0x07,0xDF,0xFC,0xA0,0xFC,0x00,0x84,0x60,0xAE,0xC6,  //0x2fa0~0x2faf      ...aZ8.......`..
0x44,0x31,0x05,0xB4,0x84,0x83,0x80,0xA3,0x42,0x50,0x90,0x73,0x80,0x25,0x00,0x52,  //0x2fb0~0x2fbf      D1......BP.s.%.R
0x80,0x91,0x50,0x10,0x80,0x88,0xAF,0x40,0x00,0x10,0x80,0x08,0x42,0x31,0x10,0x73,  //0x2fc0~0x2fcf      ..P....@....B1.s
0xAE,0x41,0x00,0x11,0x80,0x91,0x80,0xC0,0xAE,0x42,0x00,0x11,0x80,0x90,0xAE,0x43,  //0x2fd0~0x2fdf      .A.......B.....C
0x49,0xFF,0xFF,0xAA,0xA6,0x70,0xA6,0x32,0xE2,0x20,0xE9,0x03,0x9A,0x08,0xD5,0x02,  //0x2fe0~0x2fef      I....p.2........
0x8A,0x01,0x96,0x00,0xAE,0x34,0xA6,0x71,0xA6,0x33,0xE2,0x20,0xE9,0x03,0x9A,0x08,  //0x2ff0~0x2fff      .....4.q.3......
0xD5,0x02,0x8A,0x01,0x96,0x00,0xAE,0x35,0xFC,0x80,0xFC,0x44,0xF0,0x82,0x2E,0x00,  //0x3000~0x300f      .......5...D....
0x00,0x66,0x83,0x81,0xB6,0x1F,0x80,0x02,0x96,0x0E,0x96,0x00,0xF2,0x81,0x44,0x81,  //0x3010~0x301f      .f............D.
0x05,0xB4,0x85,0x40,0xF0,0x83,0xB4,0x1F,0x54,0x95,0x00,0xFF,0xE3,0x20,0xE8,0x61,  //0x3020~0x302f      ...@....T......a
0x4E,0x92,0x00,0x05,0x38,0x0E,0x28,0x00,0xC8,0x05,0x50,0x04,0x80,0x01,0x38,0x0E,  //0x3030~0x303f      N...8.(...P...8.
0x28,0x08,0xB4,0x1F,0x8E,0x01,0x4C,0xA0,0x00,0x60,0x50,0x64,0x80,0x01,0xB4,0x1F,  //0x3040~0x304f      (.....L..`Pd....
0x97,0xB0,0x4C,0x60,0x00,0x4C,0x2E,0x07,0xFA,0x2E,0xC0,0x20,0x2E,0x07,0xFB,0x4D,  //0x3050~0x305f      ..L`.L.........M
0xC8,0x0E,0x2E,0x07,0xFA,0x2C,0x00,0x54,0x00,0x90,0xD0,0x3E,0x84,0x23,0x44,0x21,  //0x3060~0x306f      .....,.T...>.#D!
0x05,0xB4,0x42,0x23,0x04,0x73,0x00,0x51,0x00,0x90,0xD5,0x0F,0x5A,0x08,0x01,0x0F,  //0x3070~0x307f      ..B#.s.Q....Z...
0x2E,0x07,0xFA,0x2C,0x00,0x54,0x00,0x91,0xD0,0x2F,0x84,0x23,0x44,0x21,0x05,0xB4,  //0x3080~0x308f      ...,.T.../.#D!..
0x42,0x23,0x04,0x73,0x00,0x51,0x00,0x91,0xD0,0x27,0xB1,0xC5,0x80,0x07,0x80,0x29,  //0x3090~0x309f      B#.s.Q...'.....)
0x80,0x46,0x49,0xFF,0xFF,0x84,0xA6,0x7C,0x2E,0x27,0xF9,0x00,0xE2,0x22,0xE8,0x1C,  //0x30a0~0x30af      .FI....|.'..."..
0xA6,0x3D,0xE2,0x02,0xE8,0x19,0xE6,0x22,0xE8,0x1D,0xE6,0x02,0xE8,0x1B,0xF0,0x03,  //0x30b0~0x30bf      .=....."........
0xC0,0x19,0x80,0x07,0x49,0xFF,0xFE,0x14,0xA6,0x3E,0xC0,0x0E,0xF1,0x02,0x8E,0x01,  //0x30c0~0x30cf      ....I....>......
0x88,0x01,0x00,0x10,0x00,0x61,0x80,0x46,0x8C,0x21,0x10,0x10,0x00,0x61,0x80,0x1C,  //0x30d0~0x30df      .....a.F.!...a..
0x80,0x29,0x49,0xFF,0xFD,0xE5,0x8C,0xC1,0xD5,0xB3,0x8D,0x41,0x8D,0x03,0xD5,0x9C,  //0x30e0~0x30ef      .)I........A....
0xFC,0xC4,0xF0,0x01,0x3A,0x13,0x8C,0x00,0x49,0xFF,0xFE,0x21,0xC0,0xE6,0x80,0x07,  //0x30f0~0x30ff      ....:...I..!....
0x49,0xFF,0xFE,0x33,0xD5,0xE2,0xFC,0xC4,0xFC,0x05,0xFA,0x50,0xF0,0x81,0xB6,0x3F,  //0x3100~0x310f      I..3.......P...?
0xB0,0x02,0x84,0x20,0x49,0x00,0x2E,0xB4,0xB4,0x1F,0x84,0x20,0x44,0x20,0x00,0x63,  //0x3110~0x311f      ....I.......D..c
0x49,0x00,0x2E,0xAE,0x2E,0x00,0x00,0x66,0xE6,0x02,0xE9,0x0A,0xB4,0x1F,0xB0,0x42,  //0x3120~0x312f      I......f.......B
0xF2,0x01,0x49,0xFF,0xFF,0x6C,0xB4,0x1F,0xB0,0x42,0x49,0xFF,0xFD,0x6E,0xFC,0x85,  //0x3130~0x313f      ..I..l...BI..n..
0x3A,0x0F,0x94,0x3C,0xF1,0x81,0xF4,0x84,0x2E,0x10,0x00,0x66,0x00,0x4F,0x80,0x64,  //0x3140~0x314f      :..<.......f.O.d
0xF2,0x82,0xE2,0x81,0xF3,0x83,0xF5,0x85,0xF3,0x1A,0x00,0x2F,0x80,0x65,0x2E,0x57,  //0x3150~0x315f      .........../.e.W
0xFF,0xDD,0xE8,0x0C,0xD9,0x05,0xCA,0x04,0xAE,0x80,0xAE,0x98,0xD5,0x07,0x8A,0x22,  //0x3160~0x316f      ..............."
0xD9,0x05,0x84,0x22,0xAE,0x40,0x84,0x00,0xAE,0x18,0xEC,0x18,0xDD,0x9E,0xFC,0x18,  //0x3170~0x317f      ...".@..........
0x84,0x01,0x10,0x0F,0x80,0x5A,0x84,0x03,0x10,0x0F,0x80,0x5B,0x2E,0x00,0x00,0x66,  //0x3180~0x318f      .....Z.....[...f
0xE6,0x02,0xE9,0x2A,0x84,0x03,0xB0,0x57,0x49,0xFF,0xFF,0xB8,0x50,0x0F,0x80,0x5A,  //0x3190~0x319f      ...*...WI...P..Z
0xF0,0x94,0xB0,0x5C,0x44,0x20,0x00,0x4F,0x80,0x1F,0x49,0x00,0x2E,0x43,0x50,0x0F,  //0x31a0~0x31af      ....D..O..I..CP.
0x80,0x5B,0xF1,0x17,0xF2,0x18,0xF3,0x19,0xF4,0x1A,0xF5,0x1B,0x49,0xFF,0xFF,0xC2,  //0x31b0~0x31bf      .[..........I...
0x00,0x0F,0x80,0x5A,0xC8,0x06,0x00,0x0F,0x80,0x5B,0xB0,0x57,0x49,0xFF,0xFF,0x9E,  //0x31c0~0x31cf      ...Z.....[.WI...
0x00,0x0F,0x80,0xBC,0x3E,0x00,0x00,0x66,0xB0,0x57,0x44,0x01,0x06,0x44,0x44,0x20,  //0x31d0~0x31df      ....>..f.WD..DD.
0x00,0x60,0x49,0x00,0x2E,0x27,0xFC,0x98,0xC3,0x5C,0xFC,0x41,0x2E,0x50,0x00,0x66,  //0x31e0~0x31ef      .`I..'.....A.P.f
0x8C,0x21,0xF5,0x81,0x85,0x40,0x87,0x83,0x81,0x20,0x45,0xE0,0x7F,0xFF,0x44,0x80,  //0x31f0~0x31ff      .!...@....E...D.
0x00,0xFF,0x84,0xA0,0xF6,0x01,0xD6,0x26,0x00,0x64,0x80,0x00,0x5A,0x60,0xFF,0x1F,  //0x3200~0x320f      .......&.d..Z`..
0x00,0x74,0x80,0x02,0xC7,0x1B,0x00,0x70,0xFF,0xFF,0xE2,0xE6,0xE9,0x03,0x9B,0xBE,  //0x3210~0x321f      .t.....p........
0xD5,0x02,0x8A,0xC7,0x97,0xB1,0xB6,0xDF,0x00,0x74,0x80,0x01,0xA7,0x88,0xE2,0xC7,  //0x3220~0x322f      .........t......
0xE9,0x03,0x9B,0xF7,0xD5,0x02,0x8A,0xE6,0xB4,0xDF,0x97,0xF9,0x88,0xC7,0x97,0xB1,  //0x3230~0x323f      ................
0xE2,0xDE,0x41,0xE3,0x3C,0x1B,0x40,0x82,0xBC,0x1B,0x8C,0xA1,0x97,0x68,0x8D,0x23,  //0x3240~0x324f      ..A.<.@......h.#
0xD5,0xDA,0x5A,0x80,0xFF,0x1F,0x80,0xA0,0xA7,0xA0,0x42,0x54,0x70,0x73,0xA7,0xE8,  //0x3250~0x325f      ..Z.......BTps..
0x81,0x22,0x42,0x93,0x70,0x73,0x10,0x74,0x80,0x00,0xA7,0xA0,0xA7,0xE9,0x81,0x22,  //0x3260~0x326f      ."B.ps.t......."
0x42,0x93,0x70,0x73,0x10,0x74,0x80,0x01,0xA7,0xA0,0x80,0xE2,0x42,0x73,0x70,0x73,  //0x3270~0x327f      B.ps.t......Bsps
0x80,0xC7,0x84,0xE1,0xAF,0xF2,0x84,0xDF,0xAF,0xA8,0xA7,0x60,0x8C,0xA1,0xAF,0x60,  //0x3280~0x328f      ...........`...`
0x50,0x55,0x00,0x01,0x54,0xA2,0x80,0xFF,0x8C,0x23,0x4C,0xA1,0xFF,0xAF,0xFC,0xC1,  //0x3290~0x329f      PU..T....#L.....
0xDD,0x9E,0xFC,0x43,0x80,0x60,0x2E,0x00,0x00,0x66,0x83,0x81,0x81,0x22,0xF0,0x82,  //0x32a0~0x32af      ...C.`...f..."..
0x00,0xA1,0x00,0x00,0xE7,0x4A,0xE8,0x4F,0x80,0xC3,0x44,0x2F,0x80,0x01,0x44,0x80,  //0x32b0~0x32bf      .....J.O..D/..D.
0x00,0xFF,0x84,0xE0,0xF0,0x02,0x4C,0x70,0x00,0x1D,0xA6,0x30,0x5A,0x00,0xFF,0x16,  //0x32c0~0x32cf      ......Lp...0Z...
0xA6,0x72,0xC1,0x13,0x96,0x02,0x20,0x13,0x00,0x01,0xF3,0x85,0xF2,0x84,0xF4,0x83,  //0x32d0~0x32df      .r..............
0x49,0xFF,0xE7,0x80,0xF2,0x04,0xF4,0x03,0xE0,0x40,0xF3,0x05,0xE8,0x06,0xA6,0x70,  //0x32e0~0x32ef      I........@.....p
0xA7,0x31,0xF1,0x81,0x80,0x40,0x81,0x07,0x8C,0xE1,0x97,0xF8,0x8C,0xC3,0xD5,0xE3,  //0x32f0~0x32ff      .1...@..........
0x5A,0x80,0xFF,0x25,0x00,0x14,0x80,0x00,0x84,0x03,0x80,0x5C,0x42,0x20,0x80,0x73,  //0x3300~0x330f      Z..%........B..s
0x80,0x22,0x00,0x2F,0x80,0x04,0xAE,0x88,0x00,0x14,0x80,0x00,0x80,0x5C,0x42,0x20,  //0x3310~0x331f      ."./..........B.
0x80,0x73,0xAF,0x11,0x00,0x14,0x80,0x00,0x80,0x5C,0x42,0x20,0x80,0x73,0x80,0x22,  //0x3320~0x332f      .s........B..s."
0x84,0x41,0xAE,0x8A,0x80,0x23,0x42,0x14,0x00,0x73,0x80,0x01,0x84,0x3F,0xAE,0x40,  //0x3330~0x333f      .A...#B..s...?.@
0x00,0x04,0x80,0x00,0x8C,0x01,0x10,0x04,0x80,0x00,0x50,0x05,0x00,0x01,0x54,0xA0,  //0x3340~0x334f      ..........P...T.
0x00,0xFF,0xD5,0xB1,0xFC,0xC3,0xFC,0x59,0x44,0xA1,0x05,0xB4,0x50,0x95,0x00,0x90,  //0x3350~0x335f      .......YD...P...
0xB0,0x1A,0x84,0x20,0x44,0x20,0x00,0x60,0x49,0x00,0x2D,0x8A,0x80,0x29,0xB0,0x02,  //0x3360~0x336f      ....D..`I.-..)..
0x44,0x20,0x00,0x60,0x49,0x00,0x2D,0x5E,0x44,0x61,0x01,0x80,0x84,0x00,0x2E,0x37,  //0x3370~0x337f      D..`I.-^Da.....7
0xFC,0x08,0x50,0x4F,0x80,0x07,0x10,0x0F,0x80,0x07,0x80,0x26,0xB0,0x02,0xB0,0x9A,  //0x3380~0x338f      ..PO.......&....
0x49,0xFF,0xFF,0x2C,0xB0,0x02,0xB0,0x5A,0x50,0x2F,0x80,0x07,0x49,0xFF,0xFF,0x83,  //0x3390~0x339f      I..,...ZP/..I...
0x00,0x7F,0x80,0x07,0xB0,0x5A,0x80,0x09,0x44,0x20,0x00,0x60,0x10,0x75,0x00,0x8A,  //0x33a0~0x33af      .....Z..D..`.u..
0x49,0x00,0x2D,0x40,0x80,0x06,0xB0,0x5A,0x44,0x20,0x00,0x60,0x3E,0x77,0xFC,0x08,  //0x33b0~0x33bf      I.-@...ZD..`>w..
0x49,0x00,0x2D,0x38,0xFC,0xD9,0x2E,0x07,0xF7,0x44,0x5A,0x00,0x01,0x04,0x48,0x00,  //0x33c0~0x33cf      I.-8.....DZ...H.
0x00,0x86,0x2E,0x07,0xFD,0xDC,0xC0,0x04,0x8E,0x01,0x3E,0x07,0xFD,0xDC,0x2E,0x30,  //0x33d0~0x33df      ..........>....0
0x00,0x66,0x2E,0x17,0xF9,0x2D,0xE6,0x62,0x3C,0x27,0xFE,0xF1,0x2E,0x07,0xF9,0x2E,  //0x33e0~0x33ef      .f...-.b<'......
0xE9,0x12,0x40,0x30,0x20,0x08,0xFE,0xCF,0xE0,0x62,0xE8,0x05,0x2E,0x37,0xF9,0x31,  //0x33f0~0x33ff      ..@0.....b...7.1
0x94,0xD9,0xD5,0x16,0x84,0x83,0xFE,0xE4,0x90,0x62,0xE0,0x62,0xE8,0x13,0x2E,0x37,  //0x3400~0x340f      .........b.b...7
0xF9,0x31,0xD5,0x0E,0x5A,0x38,0x01,0x0F,0x40,0x30,0x20,0x08,0xFE,0xCF,0x84,0x83,  //0x3410~0x341f      .1..Z8..@0......
0xFE,0xE4,0x90,0x61,0xE0,0x62,0xE8,0x06,0x2E,0x37,0xF9,0x31,0x92,0x61,0x3E,0x37,  //0x3420~0x342f      ...a.b...7.1.a>7
0xFD,0xDC,0x40,0x00,0x20,0x08,0xFE,0x0F,0x84,0x23,0x42,0x30,0x04,0x24,0xE0,0x62,  //0x3430~0x343f      ..@......#B0.$.b
0xE8,0x14,0x2E,0x07,0xF9,0x34,0xFE,0x0C,0x3E,0x07,0xFD,0xE1,0x2E,0x07,0xF9,0x33,  //0x3440~0x344f      .....4..>......3
0x2E,0x27,0xF9,0x32,0x40,0x00,0x20,0x08,0xFE,0x17,0xFE,0x44,0x3C,0x1B,0xFE,0xEF,  //0x3450~0x345f      .'.2@......D<...
0x2E,0x17,0xF9,0x35,0x84,0x0A,0xD5,0x16,0x94,0x41,0xE0,0x22,0xE8,0x15,0x2E,0x07,  //0x3460~0x346f      ...5.....A."....
0xF9,0x34,0x94,0x01,0x3E,0x07,0xFD,0xE1,0x2E,0x07,0xF9,0x33,0x2E,0x17,0xF9,0x32,  //0x3470~0x347f      .4..>......3...2
0x40,0x00,0x20,0x08,0xFE,0x0F,0x94,0x01,0x3C,0x0B,0xFE,0xEF,0x2E,0x17,0xF9,0x35,  //0x3480~0x348f      @.......<......5
0x84,0x05,0xFE,0x0C,0xD5,0x1A,0xE0,0x02,0xE8,0x11,0x2E,0x07,0xF9,0x34,0x3E,0x07,  //0x3490~0x349f      .............4>.
0xFD,0xE1,0x2E,0x07,0xF9,0x33,0x2E,0x17,0xF9,0x32,0x40,0x00,0x20,0x08,0xFE,0x0F,  //0x34a0~0x34af      .....3...2@.....
0x3C,0x0B,0xFE,0xEF,0x2E,0x07,0xF9,0x35,0xD5,0x08,0x2E,0x07,0xFD,0xDC,0xC8,0x07,  //0x34b0~0x34bf      <......5........
0x3E,0x07,0xFD,0xE1,0x3C,0x0B,0xFE,0xEF,0x3E,0x07,0xFD,0xE0,0x2E,0x17,0xFD,0xE0,  //0x34c0~0x34cf      >...<...>.......
0x2E,0x07,0xF8,0xD3,0x88,0x01,0x3E,0x07,0xFD,0xB1,0xDD,0x9E,0xFC,0x00,0x49,0xFF,  //0x34d0~0x34df      ......>.......I.
0xF8,0xAB,0x49,0xFF,0xFF,0x72,0x49,0xFF,0xFB,0x88,0x49,0xFF,0xFE,0x4A,0x49,0xFF,  //0x34e0~0x34ef      ..I..rI...I..JI.
0xE8,0x31,0x49,0xFF,0xFF,0x32,0xFC,0x80,0xFC,0x00,0x3C,0x0D,0xFE,0xCC,0xC0,0x02,  //0x34f0~0x34ff      .1I..2....<.....
0xDD,0x20,0x49,0xFF,0xE7,0x7F,0xFC,0x80,0x2E,0x07,0xFF,0xDF,0x2E,0x17,0xFF,0xDC,  //0x3500~0x350f      ..I.............
0x3E,0x07,0xFF,0xE0,0x2E,0x00,0x00,0x66,0x3E,0x00,0x00,0x67,0x3E,0x17,0xFF,0xDD,  //0x3510~0x351f      >......f>..g>...
0x84,0x00,0x44,0x41,0x05,0xB4,0x98,0x84,0x02,0x31,0x01,0x6F,0x8C,0x16,0x12,0x31,  //0x3520~0x352f      ..DA.....1.o...1
0x01,0x70,0x5A,0x08,0xDC,0xFA,0xC1,0x0B,0xFC,0x00,0x44,0x01,0x07,0x94,0x50,0x10,  //0x3530~0x353f      .pZ.......D...P.
0x7F,0x60,0x44,0x20,0x00,0x50,0x49,0x00,0x2C,0x75,0xFC,0x80,0xDD,0x9E,0xFC,0x00,  //0x3540~0x354f      .`D..PI.,u......
0x84,0x01,0x44,0x11,0x04,0x04,0x3E,0x07,0xFB,0x8A,0x10,0x00,0x81,0x78,0x10,0x00,  //0x3550~0x355f      ..D...>......x..
0x81,0x50,0x49,0x00,0x0B,0x69,0xFC,0x80,0xFC,0x00,0x49,0xFF,0xFF,0xF2,0x3C,0x0D,  //0x3560~0x356f      .PI..i....I...<.
0xFF,0x44,0xC0,0x07,0xA0,0x44,0x8C,0x21,0xA8,0x44,0xA0,0x45,0x8C,0x21,0xA8,0x45,  //0x3570~0x357f      .D...D.!.D.E.!.E
0x49,0x00,0x0B,0x5B,0x49,0xFF,0xFF,0xBA,0x49,0xFF,0xEF,0x76,0x49,0xFF,0xF7,0x51,  //0x3580~0x358f      I..[I...I..vI..Q
0x2E,0x07,0xFD,0x83,0xC0,0x04,0x49,0x00,0x10,0xC1,0xFC,0x80,0x84,0x01,0x49,0x00,  //0x3590~0x359f      ......I.......I.
0x12,0x85,0xC0,0xE6,0x49,0xFF,0xE6,0x34,0x3C,0x0D,0xFF,0x44,0xC0,0x04,0xA0,0x47,  //0x35a0~0x35af      ....I..4<..D...G
0x8C,0x21,0xA8,0x47,0x49,0x00,0x08,0xA5,0x49,0x00,0x00,0x13,0x49,0x00,0x10,0x7B,  //0x35b0~0x35bf      .!.GI...I...I..{
0x49,0x00,0x09,0x66,0x49,0xFF,0xFF,0xA2,0xD5,0xD3,0x44,0x01,0x05,0xB4,0x84,0x20,  //0x35c0~0x35cf      I..fI.....D.....
0xAE,0x43,0xAE,0x40,0xA6,0x47,0x54,0x10,0x80,0xFC,0xAE,0x47,0xDD,0x9E,0xFC,0x00,  //0x35d0~0x35df      .C.@.GT....G....
0x49,0xFF,0xFF,0xF5,0x49,0x00,0x11,0x1F,0x49,0x00,0x10,0xA0,0x49,0xFF,0xF6,0x3E,  //0x35e0~0x35ef      I...I...I...I..>
0x49,0x00,0x10,0xDE,0x49,0xFF,0xEB,0x0C,0x49,0x00,0x10,0x94,0x49,0xFF,0xFF,0x70,  //0x35f0~0x35ff      I...I...I...I..p
0x49,0x00,0x0E,0x61,0x49,0x00,0x04,0xF7,0x49,0x00,0x13,0xFF,0x49,0xFF,0xE8,0x20,  //0x3600~0x360f      I..aI...I...I...
0x49,0x00,0x04,0xF8,0xFC,0x80,0xFC,0x00,0x44,0x00,0xFC,0x72,0x49,0xFF,0xE5,0xC3,  //0x3610~0x361f      I.......D..rI...
0x2E,0x17,0xF7,0x4C,0xC1,0x33,0x2E,0x17,0xFA,0x55,0x5A,0x18,0x77,0x30,0x2E,0x37,  //0x3620~0x362f      ...L.3...UZ.w0.7
0xFB,0x34,0x96,0x02,0xE0,0x60,0xE8,0x2A,0x9C,0x99,0x96,0x90,0x2E,0x47,0xFA,0x56,  //0x3630~0x363f      .4...`.*.....G.V
0x44,0x11,0x01,0xE4,0x3E,0x27,0xFB,0x34,0x38,0x40,0x8C,0x08,0x4C,0x20,0x40,0x1F,  //0x3640~0x364f      D...>'.48@..L.@.
0x44,0x00,0xFC,0x72,0x49,0xFF,0xE5,0x98,0xC0,0x07,0x84,0x00,0x3E,0x07,0xFB,0x58,  //0x3650~0x365f      D..rI.......>..X
0x3E,0x07,0xFC,0x0C,0xD5,0x13,0x2E,0x07,0xFC,0x0C,0x5A,0x08,0x0A,0x10,0x2E,0x07,  //0x3660~0x366f      >.........Z.....
0xFC,0x0F,0x40,0x10,0x40,0x08,0x2E,0x07,0xFC,0x0E,0x40,0x00,0x20,0x08,0x88,0x01,  //0x3670~0x367f      ..@.@.....@.....
0x2E,0x17,0xFC,0x0D,0x88,0x01,0x3C,0x0F,0xFE,0xD4,0xFC,0x80,0x84,0x00,0x3E,0x07,  //0x3680~0x368f      ......<.......>.
0xFA,0x80,0x2E,0x07,0xFA,0x80,0x54,0x00,0x00,0x8F,0x3E,0x07,0xFA,0x80,0xDD,0x9E,  //0x3690~0x369f      ......T...>.....
0xFC,0x00,0x49,0xFF,0xFF,0xBA,0x2E,0x07,0xFB,0x58,0x5A,0x08,0x01,0x07,0x3C,0x0D,  //0x36a0~0x36af      ..I......XZ...<.
0xFE,0xC7,0xC0,0x03,0xDD,0x20,0xFC,0x80,0x49,0xFF,0xEB,0xBD,0xFC,0x80,0x2E,0x47,  //0x36b0~0x36bf      ........I......G
0xFF,0xDC,0x84,0x20,0x44,0x51,0x05,0xB4,0x96,0xC8,0xE2,0x64,0xE8,0x0A,0x8C,0x21,  //0x36c0~0x36cf      ....DQ.....d...!
0x94,0x8B,0x88,0x45,0x00,0x21,0x00,0xEC,0x5A,0x28,0xFF,0xF8,0xAE,0xC0,0xDD,0x9E,  //0x36d0~0x36df      ...E.!..Z(......
0xDD,0x9E,0xE2,0x02,0xE9,0x03,0x8A,0x02,0xD5,0x02,0x9A,0x10,0x96,0x01,0xE2,0x23,  //0x36e0~0x36ef      ...............#
0xFE,0x04,0xE9,0x03,0x9A,0xCB,0xD5,0x02,0x8A,0x61,0x96,0xD9,0x42,0x01,0x8C,0x73,  //0x36f0~0x36ff      .........a..B..s
0xDD,0x9E,0xFC,0x40,0xEE,0x40,0x2E,0x37,0xFF,0xDC,0xA6,0x4C,0xF3,0x81,0x2E,0x57,  //0x3700~0x370f      ...@.@.7...L...W
0xFF,0xDD,0xF1,0x82,0xC3,0x67,0x80,0xE2,0x83,0x80,0x44,0xA1,0x05,0xB4,0x84,0xC0,  //0x3710~0x371f      .....g....D.....
0xB0,0x09,0x84,0x3F,0x38,0x10,0x18,0x08,0x02,0x05,0x00,0xC8,0xFA,0x38,0xF0,0x83,  //0x3720~0x372f      ...?8........8..
0x02,0x05,0x00,0xC9,0x44,0x91,0x05,0xB4,0xF0,0x84,0xB0,0x0C,0x42,0x03,0x04,0x73,  //0x3730~0x373f      ....D.......B..s
0xF0,0x85,0x84,0x1F,0x85,0x00,0xB6,0x1F,0xF0,0x01,0x54,0x44,0x00,0xFF,0xE2,0x80,  //0x3740~0x374f      ..........TD....
0xE8,0x1E,0x00,0x04,0x80,0xF4,0x5A,0x08,0xFF,0x18,0xF1,0x04,0xF0,0x03,0x02,0x24,  //0x3750~0x375f      ......Z........$
0x80,0x78,0x02,0x34,0x80,0x79,0xF5,0x87,0xF4,0x86,0x49,0xFF,0xFF,0xBC,0xF1,0x05,  //0x3760~0x376f      .x.4.y....I.....
0xF4,0x06,0x38,0x00,0xA2,0x0A,0xB4,0x3F,0xF5,0x07,0xE2,0x01,0xE8,0x05,0xB0,0x49,  //0x3770~0x377f      ..8....?.......I
0x38,0x40,0x98,0x08,0xB6,0x1F,0x8D,0x01,0x8D,0x28,0xD5,0xDF,0x8C,0xC1,0x8D,0x48,  //0x3780~0x378f      8@.......(.....H
0x5A,0x68,0x0A,0xC8,0x5A,0x50,0x01,0x21,0xE6,0xA2,0xE9,0x24,0x84,0x00,0x42,0x13,  //0x3790~0x379f      Zh..ZP.!...$..B.
0x98,0x24,0x96,0x80,0x4C,0x71,0x00,0x16,0xB0,0x89,0xB0,0xC9,0x38,0x21,0x1C,0x00,  //0x37a0~0x37af      .$..Lq......8!..
0x38,0x51,0x80,0x00,0xDA,0x0E,0xE6,0xAA,0xE8,0x0C,0x98,0x8D,0xB0,0xCC,0x38,0x31,  //0x37b0~0x37bf      8Q............81
0x8A,0x02,0x42,0x50,0x18,0x73,0xB0,0x8C,0x38,0x21,0x16,0x02,0xE2,0x62,0xE8,0x0A,  //0x37c0~0x37cf      ..BP.s..8!...b..
0x8C,0x01,0x5A,0x08,0x0A,0xE8,0xF1,0x02,0xB0,0x09,0x38,0x00,0x04,0x00,0x10,0x0E,  //0x37d0~0x37df      ..Z.......8.....
0x00,0x00,0xED,0xC0,0xFC,0xC0,0xFC,0x00,0x80,0x60,0xA7,0x4C,0x80,0x01,0xA6,0x55,  //0x37e0~0x37ef      .........`.L...U
0x5A,0x38,0xFF,0x08,0xE6,0x22,0x84,0x22,0xE9,0x09,0x84,0x3F,0xAE,0x44,0xD5,0x07,  //0x37f0~0x37ff      Z8..."."...?.D..
0x5A,0x18,0xFF,0x04,0x84,0x20,0xD5,0x02,0x84,0x21,0xAE,0x45,0xA7,0x85,0x5A,0x60,  //0x3800~0x380f      Z........!.E..Z`
0xFF,0x16,0x80,0x22,0x80,0x80,0x84,0x48,0x5A,0x68,0x02,0x06,0x49,0x00,0x2B,0x0A,  //0x3810~0x381f      ..."...HZh..I.+.
0xAF,0x85,0xFC,0x80,0x8C,0x7E,0x94,0xDB,0x44,0x11,0x05,0xB4,0x88,0x23,0xAF,0x4C,  //0x3820~0x382f      .....~..D....#.L
0xA6,0x05,0xAE,0x0D,0x80,0x04,0x49,0x00,0x2A,0xFD,0xFC,0x80,0x2E,0x17,0xFF,0xE3,  //0x3830~0x383f      ......I.*.......
0x84,0x60,0x54,0x10,0x80,0xFE,0x3E,0x17,0xFF,0xE3,0x9D,0x45,0x80,0x23,0x50,0x00,  //0x3840~0x384f      .`T...>....E.#P.
0x00,0x55,0xA6,0xA8,0xE6,0x42,0xE8,0x04,0x8C,0x61,0x96,0xD8,0xD5,0x05,0x5A,0x28,  //0x3850~0x385f      .U...B...a....Z(
0x02,0x04,0x9C,0x89,0x96,0x50,0x8C,0xA8,0xD8,0xF5,0x3E,0x17,0xFF,0xDE,0x88,0x23,  //0x3860~0x386f      .....P....>....#
0x3E,0x37,0xFF,0xDC,0xC1,0x07,0x2E,0x07,0xFF,0xE3,0x58,0x00,0x00,0x01,0x3E,0x07,  //0x3870~0x387f      >7........X...>.
0xFF,0xE3,0xDD,0x9E,0xFC,0x41,0x2E,0xA7,0xFF,0xDD,0x44,0x01,0x06,0xF4,0x44,0x10,  //0x3880~0x388f      .....A....D...D.
0x00,0xFF,0x44,0x20,0x00,0x50,0x2E,0x67,0xFF,0xDC,0x44,0x91,0x05,0xB4,0x49,0x00,  //0x3890~0x389f      ..D..P.g..D...I.
0x2A,0xEF,0x4E,0xA3,0x00,0x0B,0xC6,0x51,0x50,0x04,0x81,0x90,0x44,0x10,0x00,0xFF,  //0x38a0~0x38af      *.N....QP...D...
0x44,0x20,0x00,0x50,0x49,0x00,0x2A,0xE4,0x44,0x61,0x07,0x44,0x84,0xE0,0x85,0x1F,  //0x38b0~0x38bf      D..PI.*.Da.D....
0x00,0x03,0x7F,0xB5,0x51,0xC3,0x7F,0xB0,0x10,0x73,0x7F,0xB4,0x5A,0x08,0xFF,0x15,  //0x38c0~0x38cf      ....Q....s..Z...
0x4E,0xA2,0x00,0x13,0xA6,0x35,0x10,0x8F,0x80,0x07,0xE6,0x02,0xE8,0x0D,0x50,0x0F,  //0x38d0~0x38df      N....5........P.
0x80,0x07,0x80,0x26,0x80,0x47,0x49,0xFF,0xFF,0x0E,0x00,0x0F,0x80,0x07,0x80,0x3C,  //0x38e0~0x38ef      ...&.GI........<
0x80,0x46,0x49,0xFF,0xFF,0x7A,0x8C,0xE1,0x97,0xF8,0x8C,0xC8,0x5A,0x78,0x0A,0xE2,  //0x38f0~0x38ff      .FI..z......Zx..
0x84,0xC0,0x44,0xA1,0x05,0xB4,0x84,0x1F,0x10,0x0F,0x80,0x07,0x40,0x04,0x98,0x00,  //0x3900~0x390f      ..D.........@...
0x00,0x00,0x01,0x95,0x50,0x73,0x01,0x90,0x88,0xE9,0x5A,0x08,0xFF,0x0E,0x50,0x0F,  //0x3910~0x391f      ....Ps....Z...P.
0x80,0x07,0x49,0xFF,0xFE,0xCE,0x50,0x13,0x01,0x40,0x00,0x0F,0x80,0x07,0x88,0x2A,  //0x3920~0x392f      ..I...P..@.....*
0x80,0x47,0x49,0xFF,0xFF,0x5A,0x8C,0xC8,0x5A,0x68,0x50,0xE7,0x44,0x01,0x06,0xF4,  //0x3930~0x393f      .GI..Z..ZhP.D...
0x49,0xFF,0xFF,0x7E,0x49,0x00,0x09,0x80,0xFC,0xC1,0x2E,0x37,0xF8,0xE4,0xA4,0x88,  //0x3940~0x394f      I..~I......7....
0xE2,0x43,0x2E,0x37,0xF8,0xE3,0xE8,0x0D,0xA4,0x00,0xE2,0x60,0xE8,0x0E,0x8C,0x41,  //0x3950~0x395f      .C.7.......`...A
0x2E,0x17,0xF8,0xE5,0x40,0x00,0x08,0x16,0xE2,0x20,0x56,0x07,0x80,0x01,0xDD,0x9E,  //0x3960~0x396f      ....@.....V.....
0xE2,0x62,0xE8,0x03,0x84,0x1F,0xAC,0x08,0x84,0x01,0xDD,0x9E,0x2E,0x07,0xFF,0xEA,  //0x3970~0x397f      .b..............
0xC0,0x58,0x3C,0x03,0xFF,0xF1,0x54,0x00,0x01,0x00,0xC0,0x53,0xFC,0x43,0x84,0x00,  //0x3980~0x398f      .X<...T....S.C..
0x44,0x61,0x05,0xB4,0x3E,0x07,0xFF,0xF0,0x50,0x9F,0x80,0x04,0x44,0x71,0x02,0x4C,  //0x3990~0x399f      Da..>...P...Dq.L
0x50,0x83,0x00,0x50,0x81,0x46,0x2F,0xC7,0xF8,0xE6,0x00,0x03,0x01,0x45,0x5A,0x00,  //0x39a0~0x39af      P..P.F/......EZ.
0x01,0x06,0x84,0x00,0x12,0x04,0x80,0x00,0xD5,0x30,0xA5,0x78,0x44,0x00,0xFF,0xFF,  //0x39b0~0x39bf      .........0.xD...
0xD0,0x2D,0x02,0x03,0x00,0xA0,0x02,0x23,0x00,0xC8,0xE2,0x02,0xE9,0x03,0x9A,0x82,  //0x39c0~0x39cf      .-.....#........
0xD5,0x02,0x8A,0x40,0x02,0x13,0x00,0xA1,0x02,0x03,0x00,0xC9,0x96,0x91,0xE2,0x20,  //0x39d0~0x39df      ...@............
0xE9,0x03,0x9A,0x08,0xD5,0x02,0x8A,0x01,0x96,0x01,0x88,0x40,0x00,0x03,0x01,0x95,  //0x39e0~0x39ef      ...........@....
0x12,0x24,0x80,0x00,0xC0,0x10,0x02,0x05,0x01,0x70,0xE2,0x1C,0xE8,0x0C,0x80,0x09,  //0x39f0~0x39ff      .$.......p......
0x80,0x27,0x49,0xFF,0xFF,0xA4,0xC8,0x07,0x84,0x02,0x10,0x03,0x01,0x45,0x84,0x01,  //0x3a00~0x3a0f      .'I..........E..
0x3E,0x07,0xFF,0xF0,0x02,0x04,0x80,0x00,0xAC,0x38,0x8C,0xC8,0x8D,0x22,0x8C,0xE2,  //0x3a10~0x3a1f      >........8..."..
0x8D,0x56,0x4C,0x64,0x7F,0xC4,0x44,0x01,0x06,0xF4,0x49,0xFF,0xFF,0x09,0xFC,0xC3,  //0x3a20~0x3a2f      .VLd..D...I.....
0xDD,0x9E,0xFC,0x00,0x44,0x01,0x06,0xF4,0x49,0xFF,0xFF,0x02,0xFC,0x80,0x96,0xC1,  //0x3a30~0x3a3f      ....D...I.......
0xE2,0x23,0xE8,0x03,0x9A,0x59,0xD5,0x08,0x9F,0x11,0x9A,0x20,0xE0,0x01,0xE8,0x08,  //0x3a40~0x3a4f      .#...Y..........
0x9A,0x8A,0x8C,0x41,0x98,0x5A,0x96,0x49,0x94,0x09,0x96,0x00,0xDD,0x9E,0x84,0x00,  //0x3a50~0x3a5f      ...A.Z.I........
0xDD,0x9E,0x2E,0x17,0xF8,0x7E,0xE2,0x01,0xE8,0x27,0x44,0x31,0x05,0xB4,0x50,0x50,  //0x3a60~0x3a6f      .....~...'D1..PP
0x00,0x28,0x50,0x40,0x00,0x3C,0x38,0x21,0x97,0x01,0x38,0x11,0x93,0x01,0xE2,0x41,  //0x3a70~0x3a7f      .(P@.<8!..8....A
0xE9,0x03,0x8A,0x41,0xD5,0x02,0x9A,0x8A,0x50,0x00,0x00,0x46,0x94,0x43,0x95,0x6B,  //0x3a80~0x3a8f      ...A....P..F.C.k
0x95,0x23,0x88,0x23,0x96,0x91,0x88,0xA3,0x88,0x83,0xAC,0x89,0xA5,0x69,0xA4,0x61,  //0x3a90~0x3a9f      .#.#.........i.a
0xE2,0xA1,0xE9,0x03,0x9A,0x69,0xD5,0x02,0x8A,0x25,0x94,0x03,0x96,0x49,0x88,0x03,  //0x3aa0~0x3aaf      .....i...%...I..
0xAC,0x42,0x88,0x22,0xAC,0x43,0xDD,0x9E,0xFC,0x40,0x50,0x70,0x00,0x46,0x44,0x61,  //0x3ab0~0x3abf      .B.".C...@Pp.FDa
0x05,0xB4,0x94,0xBB,0x2E,0x17,0xFD,0xB2,0x88,0x46,0xA4,0xD3,0x94,0x4C,0xE2,0x61,  //0x3ac0~0x3acf      .........F...L.a
0xE8,0x07,0x40,0x21,0xA0,0x08,0x40,0x11,0x04,0x37,0x96,0x49,0xD5,0x03,0x44,0x10,  //0x3ad0~0x3adf      ..@!..@..7.I..D.
0x01,0x00,0x50,0x40,0x00,0x50,0x94,0xA3,0x88,0x46,0xA4,0x93,0xE2,0x62,0xE8,0x05,  //0x3ae0~0x3aef      ..P@.P...F...b..
0x44,0x11,0x05,0xB4,0x38,0x10,0x93,0x01,0x5C,0xF0,0x81,0x01,0xE8,0x05,0xE6,0x25,  //0x3af0~0x3aff      D...8..........%
0xE8,0x05,0x84,0x25,0xD5,0x03,0x44,0x10,0x01,0x00,0x2E,0x27,0xF7,0x44,0x38,0x13,  //0x3b00~0x3b0f      ...%..D....'.D8.
0x1F,0x09,0x5A,0x28,0x01,0x0A,0x2E,0x27,0xFD,0xE1,0x40,0x10,0x88,0x0E,0x44,0x21,  //0x3b10~0x3b1f      ..Z(...'..@...D!
0x05,0xB4,0x38,0x11,0x1F,0x09,0x2E,0x17,0xFF,0xE7,0x44,0x21,0x05,0xB4,0x5A,0x18,  //0x3b20~0x3b2f      ..8.......D!..Z.
0x01,0x43,0x50,0x00,0x00,0x28,0x38,0x11,0x03,0x01,0x94,0x03,0x88,0x02,0xA5,0x01,  //0x3b30~0x3b3f      .CP..(8.........
0x2E,0x07,0xF8,0xD2,0x92,0x24,0x40,0x90,0x00,0x13,0xE3,0x21,0x2E,0x27,0xF6,0x96,  //0x3b40~0x3b4f      .....$@....!.'..
0x2E,0x57,0xF6,0x97,0xE8,0x08,0x40,0x32,0xA0,0x08,0xFE,0xD7,0x8E,0x61,0x8A,0x60,  //0x3b50~0x3b5f      .W....@2.....a.`
0xE0,0x23,0xE9,0x05,0x40,0x52,0xA0,0x08,0xFE,0xAF,0xD5,0x13,0x40,0x12,0x10,0x09,  //0x3b60~0x3b6f      .#..@R......@...
0xE3,0x21,0x2E,0x27,0xF6,0x98,0x2E,0x47,0xF6,0x99,0xE8,0x08,0x40,0x32,0x20,0x08,  //0x3b70~0x3b7f      .!.'...G....@2..
0xFE,0xD7,0x8E,0x61,0x8A,0x60,0xE0,0x23,0xE9,0x0B,0x40,0x42,0x20,0x08,0xFE,0xA7,  //0x3b80~0x3b8f      ...a.`.#..@B....
0x49,0xFF,0xFF,0x57,0x38,0x13,0x1F,0x01,0x88,0x01,0x38,0x03,0x1F,0x09,0x38,0x03,  //0x3b90~0x3b9f      I..W8.....8...8.
0x1F,0x01,0x5C,0xF0,0x01,0x00,0xE9,0x07,0x44,0x10,0x00,0xFF,0x44,0x01,0x05,0xB4,  //0x3ba0~0x3baf      ........D...D...
0x38,0x10,0x1F,0x09,0xFC,0xC0,0xFC,0x20,0x50,0x30,0x00,0x46,0x44,0x11,0x05,0xB4,  //0x3bb0~0x3bbf      8.......P0.FD...
0x94,0x9B,0x88,0x41,0xA5,0x51,0x38,0x40,0x8F,0x01,0x44,0x20,0xFF,0xFC,0xFF,0x64,  //0x3bc0~0x3bcf      ...A.Q8@..D....d
0x92,0xA8,0xFF,0x56,0x50,0x20,0x00,0x3C,0x50,0x00,0x00,0x28,0x38,0x60,0x8B,0x01,  //0x3bd0~0x3bdf      ...VP..<P..(8`..
0x38,0x70,0x83,0x01,0xE2,0xC7,0xE9,0x03,0x9B,0x75,0xD5,0x02,0x88,0xA6,0x94,0x93,  //0x3be0~0x3bef      8p.......u......
0x94,0xDB,0x38,0x50,0x83,0x09,0x88,0x41,0x88,0x61,0x94,0x03,0xA5,0x51,0x88,0x01,  //0x3bf0~0x3bff      ..8P...A.a...Q..
0xA4,0x9A,0xA4,0x41,0xFF,0x14,0x92,0x88,0x44,0x30,0xFF,0xFC,0xE2,0xA1,0x40,0x22,  //0x3c00~0x3c0f      ...A....D0....@"
0x0C,0x02,0xE9,0x03,0x9A,0xAA,0xD5,0x02,0x88,0x45,0xAC,0x81,0xFC,0xA0,0x2E,0x17,  //0x3c10~0x3c1f      .........E......
0xF8,0x7E,0xE2,0x01,0xE8,0x0D,0xFC,0x00,0x50,0x00,0x00,0x46,0x44,0x11,0x05,0xB4,  //0x3c20~0x3c2f      .~......P..FD...
0x94,0x03,0x88,0x01,0x84,0x48,0x84,0x20,0x49,0x00,0x29,0x22,0xFC,0x80,0xDD,0x9E,  //0x3c30~0x3c3f      .....H..I.)"....
0xFC,0x01,0xF0,0x81,0x49,0xFF,0xFF,0x0F,0xF0,0x01,0x49,0xFF,0xFF,0x37,0xF0,0x01,  //0x3c40~0x3c4f      ....I.....I..7..
0x49,0xFF,0xFF,0xB3,0xFC,0x81,0xA4,0xC8,0xA4,0x89,0xC8,0x05,0x92,0x64,0xAC,0xC8,  //0x3c50~0x3c5f      I............d..
0x92,0x44,0xD5,0x04,0x94,0xDC,0xAC,0xC8,0x94,0x94,0xAC,0x89,0xDD,0x9E,0xFC,0x42,  //0x3c60~0x3c6f      .D.............B
0x2E,0x07,0xFF,0xE5,0x44,0xA1,0x05,0xB4,0xC0,0x4E,0x3C,0x03,0xFF,0xF1,0x54,0x00,  //0x3c70~0x3c7f      ....D....N<...T.
0x01,0x00,0xC0,0x49,0x84,0xC0,0x2E,0x87,0xF8,0x7E,0x81,0x2A,0xE2,0xC8,0xE8,0x43,  //0x3c80~0x3c8f      ...I.....~.*...C
0x50,0x43,0x00,0x28,0x95,0xE3,0x88,0xEA,0xA6,0xBD,0xCA,0x05,0x80,0x06,0x49,0xFF,  //0x3c90~0x3c9f      PC.(..........I.
0xFF,0xC0,0xD5,0x2B,0x5A,0x28,0x01,0x35,0x80,0x02,0x80,0x27,0xF4,0x83,0xF2,0x82,  //0x3ca0~0x3caf      ...+Z(.5...'....
0x49,0xFF,0xFF,0xD3,0x50,0x33,0x00,0x3C,0x94,0x1B,0xF2,0x02,0x41,0xC0,0x24,0x00,  //0x3cb0~0x3cbf      I...P3.<....A.$.
0x80,0x3C,0x80,0x02,0xF3,0x81,0x49,0xFF,0xFF,0xC8,0x80,0x06,0x49,0xFF,0xFF,0xBA,  //0x3cc0~0x3ccf      .<....I.....I...
0xF4,0x03,0xF3,0x01,0x38,0x04,0x93,0x01,0x92,0x04,0x38,0x04,0x93,0x09,0xA4,0x39,  //0x3cd0~0x3cdf      ....8.....8....9
0x92,0x04,0xAC,0x39,0x38,0x04,0x8F,0x01,0x92,0x04,0x38,0x04,0x8F,0x09,0x02,0x0E,  //0x3ce0~0x3cef      ...98.....8.....
0x00,0x01,0x92,0x04,0x12,0x0E,0x00,0x01,0x50,0x03,0x00,0x50,0x50,0x13,0x00,0x46,  //0x3cf0~0x3cff      ........P..PP..F
0x94,0x03,0x94,0x4B,0x88,0x0A,0x88,0x2A,0x84,0x48,0x49,0x00,0x28,0x93,0x8C,0xC1,  //0x3d00~0x3d0f      ...K...*.HI.(...
0x97,0xB0,0xD5,0xBD,0xFC,0xC2,0x2E,0x37,0xFF,0xE5,0x44,0x21,0x09,0x70,0x84,0x20,  //0x3d10~0x3d1f      .......7..D!.p..
0x38,0x11,0x00,0x08,0x44,0x41,0x05,0xB4,0x5A,0x38,0x01,0x15,0xFA,0x26,0x80,0xA4,  //0x3d20~0x3d2f      8...DA..Z8...&..
0x42,0x50,0x04,0x73,0x00,0x12,0x82,0xE4,0xC9,0x0D,0x50,0x10,0x00,0x46,0x94,0x4B,  //0x3d30~0x3d3f      BP.s......P..F.K
0x88,0x24,0xA5,0x0B,0x2E,0x17,0xF8,0xD0,0x94,0x4E,0xE0,0x81,0xE9,0x03,0x38,0x31,  //0x3d40~0x3d4f      .$.......N....81
0x00,0x08,0xDD,0x9E,0xFC,0x41,0x2E,0xA7,0xF8,0xD1,0x2E,0x07,0xFF,0xE6,0x44,0x81,  //0x3d50~0x3d5f      .....A........D.
0x05,0xB4,0xC0,0x66,0x3C,0x03,0xFF,0xF1,0x54,0x00,0x01,0x00,0xC0,0x61,0x84,0xC0,  //0x3d60~0x3d6f      ...f<...T....a..
0x80,0x28,0x45,0xC1,0x02,0x38,0x2E,0x07,0xF8,0x7E,0xE2,0xC0,0xE8,0x59,0x50,0x73,  //0x3d70~0x3d7f      .(E..8...~...YPs
0x00,0x28,0x94,0x3B,0x40,0x94,0x00,0x00,0x00,0x24,0x80,0x05,0xE6,0x42,0xE8,0x4D,  //0x3d80~0x3d8f      .(.;@....$...B.M
0x80,0x06,0xF1,0x81,0xB6,0x5F,0x49,0xFF,0xFF,0xC0,0xB4,0x5F,0x44,0x41,0x02,0x24,  //0x3d90~0x3d9f      ....._I...._DA.$
0x44,0x01,0x02,0x10,0xF1,0x01,0xC2,0x07,0x44,0x21,0x09,0x70,0x38,0x21,0x18,0x00,  //0x3da0~0x3daf      D.......D!.p8!..
0x5A,0x28,0x01,0x16,0x38,0x34,0x1F,0x01,0x95,0xFB,0x40,0x21,0xA8,0x0C,0x88,0xE8,  //0x3db0~0x3dbf      Z(..84....@!....
0x38,0x2E,0x19,0x09,0xA4,0xB9,0x38,0x30,0x19,0x09,0x40,0x51,0x28,0x0C,0x44,0x01,  //0x3dc0~0x3dcf      8.....80..@Q(.D.
0x01,0xFC,0x38,0x52,0x19,0x09,0x38,0x20,0x19,0x09,0xD5,0x27,0x38,0x3E,0x19,0x01,  //0x3dd0~0x3ddf      ..8R..8....'8>..
0x38,0x20,0x9F,0x01,0x88,0x43,0x38,0x30,0x19,0x01,0x8A,0x43,0x96,0x91,0x38,0x2E,  //0x3de0~0x3def      8....C80...C..8.
0x19,0x09,0x40,0x21,0x28,0x0E,0x96,0x91,0x38,0x32,0x19,0x01,0x38,0x20,0x19,0x09,  //0x3df0~0x3dff      ..@!(...82..8...
0x02,0x04,0x80,0x01,0x38,0x20,0x9F,0x09,0x88,0x03,0x44,0x31,0x01,0xFC,0x38,0x51,  //0x3e00~0x3e0f      ....8.....D1..8Q
0x99,0x01,0x8A,0x05,0x96,0x01,0x38,0x02,0x19,0x09,0x40,0x00,0x28,0x0E,0x96,0x01,  //0x3e10~0x3e1f      ......8...@.(...
0x38,0x01,0x99,0x09,0x12,0x04,0x80,0x01,0x8C,0xC1,0x97,0xB0,0xD5,0xA5,0xFC,0xC1,  //0x3e20~0x3e2f      8...............
0x3C,0x03,0xFF,0xEE,0xC0,0x03,0x2E,0x07,0xFD,0xB1,0xDD,0x9E,0xFC,0x01,0xF0,0x81,  //0x3e30~0x3e3f      <...............
0x2E,0x67,0xF8,0x92,0x2E,0x07,0xF8,0x91,0x40,0x63,0x20,0x08,0x40,0x13,0x00,0x04,  //0x3e40~0x3e4f      .g......@c..@...
0x2E,0x07,0xF7,0x44,0x97,0x8B,0x5A,0x08,0x01,0x09,0x2E,0x07,0xFD,0xDC,0xC0,0x05,  //0x3e50~0x3e5f      ...D..Z.........
0x3C,0x03,0xFE,0xEF,0x99,0x88,0x97,0xB3,0xF0,0x01,0x49,0xFF,0xE1,0xC6,0x40,0x00,  //0x3e60~0x3e6f      <.........I...@.
0x18,0x07,0xFC,0x81,0xFC,0x40,0x84,0xC0,0x49,0xFF,0xFF,0xDC,0x80,0xE0,0x44,0x81,  //0x3e70~0x3e7f      .....@..I.....D.
0x05,0xB4,0x44,0xA1,0x01,0xF0,0x81,0x26,0x87,0x9F,0x3C,0x13,0xFF,0xF1,0x00,0x04,  //0x3e80~0x3e8f      ..D....&..<.....
0x01,0x45,0x54,0x10,0x81,0x00,0xC1,0x02,0xC0,0x04,0x10,0x95,0x00,0x00,0xD5,0x14,  //0x3e90~0x3e9f      .ET.............
0x00,0x05,0x00,0x00,0xE2,0x07,0xE8,0x0C,0x00,0x15,0x00,0x00,0x11,0xC4,0x01,0x45,  //0x3ea0~0x3eaf      ...............E
0x5C,0xF0,0x80,0xF0,0xE8,0x09,0x8C,0x21,0x10,0x15,0x00,0x00,0xD5,0x05,0x80,0x06,  //0x3eb0~0x3ebf      .......!........
0x49,0xFF,0xFF,0xBE,0xC8,0xF2,0x8C,0xC1,0x97,0xB0,0x8D,0x08,0x8D,0x41,0x5A,0x68,  //0x3ec0~0x3ecf      I............AZh
0x0A,0xDE,0xFC,0xC0,0x3C,0x03,0xFF,0xF1,0x54,0x00,0x01,0x00,0xC0,0x72,0xFC,0x41,  //0x3ed0~0x3edf      ....<...T....r.A
0x44,0xA1,0x05,0xB4,0x50,0x65,0x02,0xD0,0x85,0x0A,0x84,0xE0,0x44,0x90,0xC3,0x4F,  //0x3ee0~0x3eef      D...Pe......D..O
0x00,0x15,0x01,0x45,0xE6,0x22,0xE8,0x5C,0x00,0x05,0x01,0x46,0xF1,0x81,0x49,0x00,  //0x3ef0~0x3eff      ...E.".....F..I.
0x05,0x3C,0xF1,0x01,0x8E,0x01,0x41,0xC3,0x80,0x06,0xC9,0x12,0x80,0x06,0xFA,0x46,  //0x3f00~0x3f0f      .<....A........F
0x49,0x00,0x27,0xB6,0x02,0x15,0x00,0xA0,0xAC,0x70,0x02,0x05,0x00,0xA1,0xAC,0x72,  //0x3f10~0x3f1f      I.'......p.....r
0xAC,0x31,0xAC,0x33,0x11,0xC3,0x00,0x12,0x11,0xC3,0x00,0x13,0xD5,0x41,0x11,0xC3,  //0x3f20~0x3f2f      .1.3.........A..
0x00,0x13,0xA4,0x30,0x02,0x35,0x00,0xA0,0xE2,0x03,0xE9,0x03,0x8A,0x03,0xD5,0x02,  //0x3f30~0x3f3f      ...0.5..........
0x9A,0x18,0xA4,0x71,0x02,0x25,0x00,0xA1,0x96,0x01,0xE2,0x22,0xE9,0x03,0x8A,0x22,  //0x3f40~0x3f4f      ...q.%....."..."
0xD5,0x02,0x9A,0x51,0x96,0x49,0x88,0x01,0xA4,0x72,0x96,0x01,0xE2,0x23,0xAC,0x35,  //0x3f50~0x3f5f      ...Q.I...r...#.5
0xE9,0x03,0x8A,0x23,0xD5,0x02,0x9A,0x59,0xA5,0x33,0x96,0x49,0xE2,0x82,0xE9,0x03,  //0x3f60~0x3f6f      ...#...Y.3.I....
0x8A,0x82,0xD5,0x02,0x9B,0x14,0x97,0x21,0x88,0x24,0xA5,0x34,0x96,0x49,0xE2,0x80,  //0x3f70~0x3f7f      .......!.$.4.I..
0xAC,0x76,0xE8,0x02,0xAC,0x34,0x8C,0x07,0xA5,0x34,0x96,0x01,0xE2,0x04,0xE8,0x04,  //0x3f80~0x3f8f      .v...4...4......
0x84,0x01,0x10,0x03,0x00,0x14,0xE6,0x30,0xE9,0x09,0xA4,0x37,0xAC,0xF2,0xE3,0x20,  //0x3f90~0x3f9f      .......0...7....
0xAC,0xB3,0xE9,0x06,0x88,0x20,0xAC,0x77,0xD5,0x03,0x84,0x00,0xAC,0x36,0x50,0x04,  //0x3fa0~0x3faf      .......w.....6P.
0x7F,0xFF,0x54,0x80,0x00,0xFF,0x8D,0x48,0x8C,0xD6,0x4E,0x83,0xFF,0x9B,0xFC,0xC1,  //0x3fb0~0x3fbf      ..T....H..N.....
0xDD,0x9E,0xFC,0x00,0x44,0x61,0x06,0xF4,0x49,0xFF,0xFF,0x86,0x49,0xFF,0xFC,0xD8,  //0x3fc0~0x3fcf      ....Da..I...I...
0x49,0xFF,0xFD,0x31,0x49,0xFF,0xFF,0x50,0x80,0x06,0x49,0xFF,0xFC,0x31,0x80,0x26,  //0x3fd0~0x3fdf      I..1I..P..I..1.&
0x44,0x20,0x00,0x50,0x50,0x03,0x00,0x50,0x49,0x00,0x27,0x24,0x49,0xFF,0xE3,0x06,  //0x3fe0~0x3fef      D..PP..PI.'$I...
0xFC,0x80,0xFC,0x00,0x49,0xFF,0xFC,0x48,0x49,0xFF,0xFF,0xE5,0xFC,0x80,0xDD,0x9E,  //0x3ff0~0x3fff      ....I..HI.......
0xFC,0x00,0x49,0xFF,0xFE,0x36,0x49,0xFF,0xE5,0x19,0x49,0xFF,0xFE,0xA5,0x49,0xFF,  //0x4000~0x400f      ..I..6I...I...I.
0xE3,0x49,0xFC,0x80,0xFC,0x42,0x2E,0x47,0xFE,0x2D,0x84,0x7E,0xFF,0xA2,0xFE,0xE4,  //0x4010~0x401f      .I...B.G.-.~....
0x95,0x61,0xB1,0xC1,0x97,0xB2,0x40,0x92,0x00,0x10,0x96,0xDA,0x97,0x6A,0x10,0x6F,  //0x4020~0x402f      .a....@......j.o
0x80,0x02,0x10,0x9F,0x80,0x03,0xAE,0xFA,0xAF,0x7B,0xC8,0x04,0x10,0x9F,0x80,0x02,  //0x4030~0x403f      .........{......
0xD5,0x03,0x5A,0x08,0x01,0x04,0xAF,0x7A,0xD5,0x0E,0x2E,0x57,0xFE,0x2F,0x50,0xF2,  //0x4040~0x404f      ..Z....z...W./P.
0xFF,0xFF,0xE0,0x0F,0xE9,0x04,0x10,0x6F,0x80,0x03,0xD5,0x04,0x8E,0xA2,0x4C,0x02,  //0x4050~0x405f      .......o......L.
0xC0,0x03,0xAE,0xFB,0x84,0xDF,0x85,0x21,0x84,0xBE,0x84,0x62,0x10,0x6F,0x80,0x00,  //0x4060~0x406f      .......!...b.o..
0x10,0x9F,0x80,0x01,0x10,0x5F,0x80,0x04,0xAE,0xF9,0xC9,0x06,0x10,0x9F,0x80,0x00,  //0x4070~0x407f      ....._..........
0x10,0x3F,0x80,0x04,0xD5,0x12,0x5A,0x18,0x01,0x04,0xAE,0xF8,0xD5,0x0E,0x2E,0x37,  //0x4080~0x408f      .?....Z........7
0xFE,0x30,0x50,0xF1,0xFF,0xFF,0xE0,0x2F,0xE9,0x04,0x10,0x6F,0x80,0x01,0xD5,0x04,  //0x4090~0x409f      .0P..../...o....
0x8E,0x62,0x4C,0x11,0xC0,0x03,0xAF,0x79,0x80,0x61,0x42,0x30,0x10,0x73,0x94,0xD9,  //0x40a0~0x40af      .bL....y.aB0.s..
0x44,0x84,0x05,0xB0,0x89,0x03,0x85,0x40,0x22,0x44,0x00,0x00,0x2E,0x37,0xFD,0x0E,  //0x40b0~0x40bf      D......@"D...7..
0x80,0xCA,0x80,0xAA,0x50,0x9F,0x80,0x08,0x38,0xFF,0xA8,0x10,0x39,0xC4,0x3D,0x11,  //0x40c0~0x40cf      ....P...8...9.=.
0x38,0xF3,0xA8,0x10,0x39,0xE4,0x3D,0x11,0x40,0xFE,0x78,0x07,0x41,0xEE,0x3C,0x1B,  //0x40d0~0x40df      8...9.=.@.x.A.<.
0x39,0xE4,0xA9,0x09,0xCB,0x09,0x40,0xFF,0x00,0x11,0x4E,0xF7,0x00,0x06,0x88,0xCF,  //0x40e0~0x40ef      9.....@...N.....
0x8C,0xA1,0x97,0xB3,0x97,0x68,0x8D,0x41,0x5A,0xA8,0x04,0xE8,0xCB,0x1E,0xC5,0x03,  //0x40f0~0x40ff      .....h.AZ.......
0x40,0x63,0x14,0xD6,0x2E,0x07,0xF8,0xF7,0x40,0xF0,0x20,0x08,0x2E,0x07,0xF8,0xF6,  //0x4100~0x410f      @c......@.......
0x40,0xF7,0x80,0x04,0xE0,0x8F,0xE8,0x06,0x84,0x25,0xFE,0x64,0x90,0x23,0x9A,0x61,  //0x4110~0x411f      @........%.d.#.a
0xD5,0x08,0xCA,0x03,0x84,0x46,0xD5,0x02,0x84,0x45,0xFE,0xA4,0x90,0x43,0x9A,0x62,  //0x4120~0x412f      .....F...E...C.b
0x96,0x4B,0x40,0x03,0x04,0x07,0xFC,0xC2,0x5A,0x38,0x01,0x2D,0xC0,0x06,0x2E,0x27,  //0x4130~0x413f      .K@.....Z8.-...'
0xFE,0x2F,0x8E,0x41,0x4C,0x01,0x40,0x11,0x02,0x24,0x80,0x01,0x02,0x0F,0x80,0x04,  //0x4140~0x414f      ./.AL.@..$......
0x96,0xD3,0x97,0x43,0xE0,0xA3,0x40,0x01,0x3C,0x1B,0x96,0x03,0x94,0x01,0xE0,0x80,  //0x4150~0x415f      ...C..@.<.......
0x56,0x07,0x80,0x01,0xD5,0x02,0x80,0x03,0xC1,0x06,0x2E,0x27,0xFE,0x30,0x8E,0x41,  //0x4160~0x416f      V..........'.0.A
0x4C,0x11,0x40,0x12,0x02,0x14,0x80,0x03,0x02,0x24,0x80,0x02,0x96,0xCB,0x97,0x53,  //0x4170~0x417f      L.@......$.....S
0xE0,0xA3,0x40,0x11,0x3C,0x1A,0x96,0x4B,0x94,0x49,0xE0,0x81,0xE8,0x04,0x84,0x00,  //0x4180~0x418f      ..@.<..K.I......
0xFC,0xC2,0x84,0x01,0xFC,0xC2,0xFC,0x40,0xFD,0x30,0x96,0x02,0x96,0x4A,0x49,0xFF,  //0x4190~0x419f      .......@.0...JI.
0xE0,0x21,0x2E,0x37,0xF8,0xF1,0x2E,0x17,0xF8,0xF0,0x40,0x31,0xA0,0x08,0xFE,0xCF,  //0x41a0~0x41af      .!.7......@1....
0x2E,0x57,0xFC,0x89,0x84,0x40,0x44,0x41,0x02,0xA4,0x40,0x90,0x0C,0x07,0x96,0x50,  //0x41b0~0x41bf      .W...@DA..@....P
0xE2,0x25,0xE8,0x1E,0x38,0xA2,0x09,0x00,0x94,0x51,0x88,0x24,0xE3,0x46,0xA6,0x49,  //0x41c0~0x41cf      .%..8....Q.$.F.I
0xE9,0x03,0x8B,0x46,0xD5,0x03,0x40,0xA3,0x28,0x01,0xE5,0x42,0x54,0xA7,0x80,0xFF,  //0x41d0~0x41df      ...F..@.(..BT...
0x4E,0xA2,0x00,0x0D,0xE2,0x27,0xE9,0x03,0x8A,0x27,0xD5,0x02,0x9A,0x79,0xE4,0x22,  //0x41e0~0x41ef      N....'...'...y."
0x54,0x17,0x80,0xFF,0xC1,0x03,0x4E,0x92,0x00,0x2B,0x8C,0x41,0xD5,0xE1,0x2E,0x57,  //0x41f0~0x41ff      T.....N..+.A...W
0xFC,0x88,0x84,0x20,0x44,0x41,0x02,0x64,0x40,0x00,0x0C,0x07,0x96,0x88,0xE2,0x45,  //0x4200~0x420f      ....DA.d@......E
0xE8,0x1B,0x38,0x32,0x05,0x00,0x94,0x89,0x88,0x44,0xE2,0x66,0xA6,0x91,0xE9,0x03,  //0x4210~0x421f      ..82.....D.f....
0x8A,0x66,0xD5,0x02,0x9A,0xF3,0xE4,0x62,0x54,0x37,0x80,0xFF,0xC3,0x0B,0xE2,0x47,  //0x4220~0x422f      .f.....bT7.....G
0xE9,0x03,0x8A,0x47,0xD5,0x02,0x9A,0xBA,0xE4,0x42,0x54,0x27,0x80,0xFF,0xC2,0x02,  //0x4230~0x423f      ...G.....BT'....
0xC8,0x08,0x8C,0x21,0xD5,0xE4,0x44,0x00,0x00,0xFF,0xFC,0xC0,0x84,0x01,0xFC,0xC0,  //0x4240~0x424f      ...!..D.........
0x84,0x00,0xFC,0xC0,0xFC,0x41,0x2E,0x17,0xFE,0x2D,0x2E,0x07,0xFE,0x2C,0x2E,0x70,  //0x4250~0x425f      .....A...-...,.p
0x00,0x66,0xFE,0x0C,0x2E,0x27,0xF8,0xEB,0xE2,0xE2,0x3D,0xC4,0x00,0x35,0x2E,0x17,  //0x4260~0x426f      .f...'....=..5..
0xF8,0xEA,0xE8,0x04,0x42,0x80,0x88,0x24,0xD5,0x03,0x42,0x80,0x9C,0x24,0x2E,0x17,  //0x4270~0x427f      ....B..$..B..$..
0xF8,0xED,0x2E,0x27,0xF8,0xEC,0x40,0x10,0xA0,0x08,0xFE,0x57,0x2E,0x27,0xF8,0xEF,  //0x4280~0x428f      ...'..@....W.'..
0x2E,0x37,0xF8,0xEE,0x40,0x21,0x20,0x08,0x85,0x20,0xFE,0x9F,0x80,0xA9,0x44,0x34,  //0x4290~0x429f      .7..@!........D4
0x05,0xB0,0xD0,0x0E,0x2A,0x41,0x80,0x01,0xE0,0x24,0xE8,0x07,0xE0,0x82,0xE8,0x05,  //0x42a0~0x42af      ....*A...$......
0x50,0x44,0x80,0x01,0x40,0x92,0x00,0x13,0x8C,0xA1,0x97,0x69,0xD5,0xF3,0x2E,0x17,  //0x42b0~0x42bf      PD..@......i....
0xF8,0xF7,0x2E,0x07,0xF8,0xF6,0x84,0xC0,0x40,0x10,0xA0,0x08,0x81,0x46,0xFE,0x47,  //0x42c0~0x42cf      ........@....F.G
0xE3,0x47,0xE8,0x13,0x54,0x05,0x00,0xFF,0xF1,0x81,0x49,0xFF,0xDF,0x6D,0x94,0x81,  //0x42d0~0x42df      .G..T.....I..m..
0xE0,0x5C,0xF1,0x01,0xE9,0x03,0xE0,0x01,0xE8,0x03,0x8C,0xC1,0x97,0xB0,0x50,0x05,  //0x42e0~0x42ef      ..............P.
0x00,0x01,0x40,0xA0,0x00,0x13,0xD5,0xED,0xE3,0x09,0xE8,0x1C,0x3C,0x03,0xFE,0x86,  //0x42f0~0x42ff      ..@.........<...
0xC8,0x10,0x2E,0x07,0xF8,0xF1,0x2E,0x17,0xF8,0xF0,0x40,0x00,0x20,0x08,0xFE,0x0F,  //0x4300~0x430f      ..........@.....
0xE0,0x1C,0xE8,0x03,0xE6,0xE2,0xE8,0x05,0x95,0xB1,0x9E,0x39,0xE0,0xC0,0xE9,0x0A,  //0x4310~0x431f      ...........9....
0x2E,0x07,0xF8,0xF3,0x2E,0x17,0xF8,0xF2,0x40,0x00,0x20,0x08,0xFE,0x0F,0x3C,0x0B,  //0x4320~0x432f      ........@.....<.
0xFE,0x86,0x2E,0x17,0xF8,0xF5,0x2E,0x27,0xF8,0xF4,0x40,0x10,0xA0,0x08,0x3C,0x03,  //0x4330~0x433f      .......'..@...<.
0xFE,0x86,0xFE,0x57,0x84,0x60,0xE0,0x3C,0x40,0x01,0x80,0x06,0xE8,0x03,0x3E,0x30,  //0x4340~0x434f      ...W.`.<@.....>0
0x00,0x66,0xFC,0xC1,0xFC,0x4E,0x2E,0x07,0xF7,0x43,0x4E,0x02,0x01,0x11,0x2E,0x07,  //0x4350~0x435f      .f...N...CN.....
0xFE,0x2F,0x2E,0xA0,0x00,0x66,0xF0,0x83,0x2E,0x07,0xFE,0x30,0xF0,0x84,0x4E,0xA3,  //0x4360~0x436f      ./...f.....0..N.
0x00,0x0A,0x3C,0xAB,0xFE,0x86,0x3E,0xA7,0xFC,0x89,0x3E,0xA7,0xFC,0x88,0x48,0x00,  //0x4370~0x437f      ..<...>...>...H.
0x00,0xFF,0x49,0xFF,0xFF,0x69,0x84,0xE0,0x5A,0x00,0x01,0x04,0x48,0x00,0x00,0xC4,  //0x4380~0x438f      ..I..i..Z...H...
0x2E,0x07,0xF8,0x8C,0x2E,0x17,0xF8,0x8B,0x40,0x00,0x20,0x08,0xFE,0x0F,0x84,0xE0,  //0x4390~0x439f      ........@.......
0x94,0x03,0x44,0x81,0x05,0xB4,0xF7,0x81,0xF0,0x88,0xF0,0x01,0x49,0xFF,0xF1,0x3C,  //0x43a0~0x43af      ..D.........I..<
0x4E,0x02,0x00,0xAB,0x00,0x64,0x00,0x90,0x00,0x94,0x00,0x91,0x96,0x32,0x40,0x14,  //0x43b0~0x43bf      N....d.......2@.
0x80,0x10,0x49,0xFF,0xDF,0x0F,0xF0,0x82,0xC6,0x40,0xF0,0x03,0x8E,0x01,0xE0,0xC0,  //0x43c0~0x43cf      ..I......@......
0xE8,0x3C,0x4E,0x92,0x00,0x3B,0xF0,0x04,0x8E,0x01,0xE1,0x20,0xE8,0x36,0x50,0x04,  //0x43d0~0x43df      .<N..;.......6P.
0xFF,0xFF,0x9F,0x31,0x96,0x00,0x97,0x20,0x84,0x40,0xF0,0x87,0x9C,0x31,0xE0,0x04,  //0x43e0~0x43ef      ...1.....@...1..
0xE9,0x1E,0x50,0x04,0x80,0x01,0xF0,0x85,0x96,0x22,0xF5,0x07,0xF0,0x86,0xF0,0x05,  //0x43f0~0x43ff      ..P......"......
0xE0,0x05,0xE9,0x12,0x96,0x6A,0xF0,0x06,0xF2,0x8B,0xF4,0x8A,0xF5,0x89,0x49,0xFF,  //0x4400~0x440f      .....j........I.
0xDE,0xE9,0xF5,0x09,0xF4,0x0A,0xF2,0x0B,0x4E,0x07,0x00,0x04,0x88,0x40,0x96,0x93,  //0x4410~0x441f      ........N....@..
0x8C,0xA1,0x97,0x68,0xD5,0xED,0x8C,0x81,0x97,0x20,0xD5,0xE1,0x2E,0x07,0xF8,0xF8,  //0x4420~0x442f      ...h............
0xF1,0x02,0x8C,0x01,0xFE,0x0C,0xE0,0x40,0x84,0x00,0x3E,0x07,0xFD,0x0E,0x80,0x29,  //0x4430~0x443f      .......@..>....)
0x80,0x06,0x56,0x27,0x80,0x01,0xD5,0x07,0x84,0x00,0x3E,0x07,0xFD,0x0E,0x80,0x29,  //0x4440~0x444f      ..V'......>....)
0x80,0x06,0x84,0x41,0x49,0xFF,0xFD,0xE0,0x80,0x80,0x5A,0x08,0x01,0x3D,0x2E,0x20,  //0x4450~0x445f      ...AI.....Z..=..
0x00,0x68,0x84,0xA0,0xE6,0x42,0xE9,0x03,0x9F,0x52,0x97,0x68,0x2E,0x17,0xFE,0x2C,  //0x4460~0x446f      .h...B...R.h...,
0x9E,0x0A,0xE0,0x40,0xE8,0x03,0x8E,0x42,0xD5,0x02,0x9E,0x89,0x3C,0x04,0x00,0x35,  //0x4470~0x447f      ...@...B....<..5
0x22,0x3F,0x80,0x10,0x96,0x90,0xE0,0x60,0xE8,0x08,0xF1,0x02,0x40,0xF0,0x05,0xF6,  //0x4480~0x448f      "?.....`....@...
0x5E,0x47,0x80,0x04,0x97,0x20,0xD5,0x1F,0xE2,0xC5,0xE9,0x1D,0xE2,0x46,0xE9,0x1B,  //0x4490~0x449f      ^G...........F..
0x2E,0x40,0x00,0x69,0x44,0x24,0x00,0x00,0x88,0x81,0x50,0x42,0x04,0xB0,0x38,0x41,  //0x44a0~0x44af      .@.iD$....PB..8A
0x11,0x11,0x88,0x29,0x50,0x10,0x84,0xB0,0x95,0x21,0x85,0xE3,0x38,0x11,0x05,0x11,  //0x44b0~0x44bf      ...)P....!..8...
0x40,0xF2,0x3D,0xF6,0xE0,0x2F,0x84,0x80,0xE9,0x06,0xF1,0x02,0x94,0x49,0xE0,0x20,  //0x44c0~0x44cf      @.=../.......I..
0x56,0x47,0x80,0x01,0x2E,0x07,0xFA,0x58,0xC8,0x0A,0x80,0x06,0x80,0x29,0xF4,0x82,  //0x44d0~0x44df      VG.....X.....)..
0x49,0xFF,0xFE,0x5B,0xF4,0x02,0x5A,0x00,0xFF,0x03,0x80,0x80,0xCC,0x0D,0xB0,0x0C,  //0x44e0~0x44ef      I..[..Z.........
0x38,0x60,0x1D,0x08,0xB0,0x4C,0x94,0x39,0x88,0x01,0x8C,0xE1,0x10,0x44,0x00,0x92,  //0x44f0~0x44ff      8`...L.9.....D..
0x10,0x90,0x00,0x01,0x97,0xF8,0xF0,0x01,0x8D,0x03,0x8C,0x01,0x96,0x00,0xF0,0x81,  //0x4500~0x450f      ................
0x4C,0x05,0x7F,0x4D,0x84,0x00,0x44,0x11,0x05,0xB4,0x80,0xA0,0x44,0x31,0x02,0xA4,  //0x4510~0x451f      L..M..D.....D1..
0x00,0x20,0x80,0x92,0x5A,0x28,0x01,0x0D,0x00,0x20,0x80,0x90,0x38,0x21,0x81,0x08,  //0x4520~0x452f      ....Z(......8!..
0x00,0x40,0x80,0x91,0x94,0x81,0x88,0x43,0x8C,0x01,0xAF,0x11,0x96,0x00,0x8C,0xA1,  //0x4530~0x453f      .@.....C........
0x97,0x68,0x8C,0x23,0x4C,0x55,0x7F,0xEE,0x3E,0x07,0xFC,0x89,0x44,0x21,0x02,0x64,  //0x4540~0x454f      .h.#LU..>...D!.d
0x84,0x00,0x96,0x40,0xE2,0x27,0xE8,0x0E,0xB0,0xCC,0x94,0x41,0x38,0x31,0x81,0x00,  //0x4550~0x455f      ...@.'.....A81..
0xB1,0x0C,0x38,0x31,0x01,0x08,0x98,0xCA,0x88,0x24,0xA6,0x49,0x8C,0x01,0xAE,0x59,  //0x4560~0x456f      ..81.....$.I...Y
0xD5,0xF1,0x84,0x00,0x3E,0x77,0xFC,0x88,0x3E,0x07,0xFA,0x58,0xFC,0xCE,0xDD,0x9E,  //0x4570~0x457f      ....>w..>..X....
0x3C,0x13,0xFF,0xF1,0x3C,0x4D,0xFF,0x44,0x54,0x10,0x81,0x00,0x96,0x49,0xA4,0x25,  //0x4580~0x458f      <...<M.DT....I.%
0x2E,0x57,0xFD,0x8B,0xC9,0x15,0x2E,0x37,0xFD,0x7E,0x96,0xC6,0xC3,0x12,0x3C,0x23,  //0x4590~0x459f      .W.....7.~....<#
0xFD,0x39,0x88,0x02,0x44,0x20,0x03,0xE8,0xFE,0xAC,0x96,0x01,0x96,0x91,0xE2,0x40,  //0x45a0~0x45af      .9..D..........@
0xE8,0x08,0x84,0x41,0x3E,0x27,0xFD,0x82,0x3E,0x17,0xFA,0x70,0xD5,0x02,0x84,0x00,  //0x45b0~0x45bf      ...A>'..>..p....
0xAC,0x25,0xDD,0x9E,0x3C,0x03,0xFF,0xF1,0x54,0x00,0x01,0x00,0xC0,0x0A,0x84,0x00,  //0x45c0~0x45cf      .%..<...T.......
0x3C,0x1D,0xFF,0x44,0x3E,0x07,0xFD,0x82,0x84,0x00,0xAC,0x0D,0x3C,0x0B,0xFD,0x9E,  //0x45d0~0x45df      <..D>.......<...
0xDD,0x9E,0xFC,0x00,0x2E,0x07,0xF6,0x94,0x5A,0x08,0x01,0x04,0x84,0x02,0xD5,0x02,  //0x45e0~0x45ef      ........Z.......
0x84,0x04,0x49,0x00,0x1E,0xAB,0xFC,0x80,0xFC,0x00,0x49,0x00,0x03,0x0B,0x49,0x00,  //0x45f0~0x45ff      ..I.......I...I.
0x1D,0x2E,0x49,0xFF,0xFF,0xF0,0x3C,0x2D,0xE3,0xF9,0xB4,0x02,0x54,0x10,0x00,0x3E,  //0x4600~0x460f      ..I...<-....T..>
0xB4,0x02,0x92,0x06,0x94,0x06,0xFE,0x0F,0xB6,0x02,0xFC,0x80,0x3E,0x07,0xFA,0x2F,  //0x4610~0x461f      ............>../
0x2E,0x07,0xFA,0x2F,0xC8,0xFE,0xDD,0x9E,0xFC,0x00,0x84,0x20,0x80,0xC0,0xFA,0x5C,  //0x4620~0x462f      .../............
0x49,0x00,0x24,0x26,0x3C,0x6F,0xFF,0x44,0xFC,0x80,0xFC,0x00,0x3C,0x03,0xFD,0x9F,  //0x4630~0x463f      I.$&<o.D....<...
0x44,0x10,0x75,0x2F,0xE2,0x20,0xE9,0x07,0x3C,0x03,0xFD,0x9F,0x8C,0x01,0x96,0x01,  //0x4640~0x464f      D.u/....<.......
0x3C,0x0B,0xFD,0x9F,0x3C,0x03,0xFD,0x1E,0xC0,0x07,0x3C,0x03,0xFD,0x1E,0x8E,0x01,  //0x4650~0x465f      <...<.....<.....
0x96,0x01,0x3C,0x0B,0xFD,0x1E,0x2E,0x07,0xFA,0x2F,0xC0,0x07,0x2E,0x07,0xFA,0x2F,  //0x4660~0x466f      ..<....../...../
0x8E,0x01,0x96,0x00,0x3E,0x07,0xFA,0x2F,0x3C,0x03,0xFD,0xA0,0x44,0x10,0x75,0x2F,  //0x4670~0x467f      ....>../<...D.u/
0xE2,0x20,0xE9,0x07,0x3C,0x03,0xFD,0xA0,0x8C,0x01,0x96,0x01,0x3C,0x0B,0xFD,0xA0,  //0x4680~0x468f      ....<.......<...
0x3C,0x03,0xFD,0x9E,0xC0,0x07,0x3C,0x03,0xFD,0x9E,0x8E,0x01,0x96,0x01,0x3C,0x0B,  //0x4690~0x469f      <.....<.......<.
0xFD,0x9E,0x3C,0x03,0xFE,0x86,0xC0,0x04,0x8E,0x01,0x3C,0x0B,0xFE,0x86,0x46,0x00,  //0x46a0~0x46af      ..<.......<...F.
0x0E,0x8E,0x3C,0x5D,0xFE,0xD4,0x50,0x00,0x07,0xF5,0xD8,0x0B,0x3C,0x2D,0xE3,0xF9,  //0x46b0~0x46bf      ..<]..P.....<-..
0xB4,0x02,0x54,0x10,0x00,0x3E,0xB4,0x02,0x92,0x06,0x94,0x06,0xFE,0x0F,0xB6,0x02,  //0x46c0~0x46cf      ..T..>..........
0x49,0xFF,0xDD,0xC8,0x3C,0x0D,0xFE,0xC8,0xC0,0x02,0xDD,0x20,0xFC,0x80,0x3C,0x0D,  //0x46d0~0x46df      I...<.........<.
0xFF,0x44,0xC0,0x0D,0x2E,0x17,0xFD,0x82,0xC9,0x04,0x2E,0x17,0xFD,0x7F,0xD5,0x03,  //0x46e0~0x46ef      .D..............
0x2E,0x17,0xFD,0x80,0xAC,0x44,0xA4,0x04,0x3C,0x0B,0xFD,0x9E,0xDD,0x9E,0x3C,0x0D,  //0x46f0~0x46ff      .....D..<.....<.
0xFF,0x44,0xC0,0x0F,0x84,0x40,0x3C,0x13,0xFD,0xA0,0x3C,0x2B,0xFD,0xA0,0xA4,0x80,  //0x4700~0x470f      .D...@<...<+....
0x3C,0x1B,0xFD,0x39,0x88,0x41,0xAC,0x80,0xA0,0x83,0xAC,0x43,0x88,0x22,0xA8,0x43,  //0x4710~0x471f      <..9.A.....C.".C
0xDD,0x9E,0xFC,0x02,0x44,0x10,0x95,0x20,0x3A,0x20,0x94,0x00,0x2E,0x17,0xFD,0x82,  //0x4720~0x472f      ....D...:.......
0x3A,0x2F,0x94,0x20,0xE6,0x24,0xE8,0x04,0x38,0x0F,0x86,0x02,0xDD,0x20,0xFC,0x82,  //0x4730~0x473f      :/...$..8.......
0x2E,0x17,0xFD,0x80,0x3C,0x0D,0xFF,0x44,0xAC,0x44,0xDD,0x9E,0xFC,0x45,0x2E,0xA7,  //0x4740~0x474f      ....<..D.D...E..
0xF8,0x98,0x84,0x20,0x80,0x1F,0xFA,0x58,0x2E,0x67,0xFE,0x2D,0x2E,0x97,0xFE,0x2C,  //0x4750~0x475f      .......X.g.-...,
0x49,0x00,0x23,0x8E,0x2E,0x07,0xF7,0x49,0x4E,0x02,0x00,0x88,0x44,0x04,0x08,0xF4,  //0x4760~0x476f      I.#....IN...D...
0xB6,0x1F,0x44,0x04,0x09,0x60,0xF0,0x82,0x3C,0x03,0xFF,0xD7,0x88,0xC9,0x12,0x0F,  //0x4770~0x477f      ..D..`..<.......
0x80,0x09,0xFE,0x02,0x12,0x0F,0x80,0x0A,0x2E,0x07,0xFF,0xCE,0x44,0x74,0x08,0x88,  //0x4780~0x478f      ............Dt..
0x10,0x0F,0x80,0x0F,0x2E,0x07,0xFF,0xCF,0x97,0xB0,0x10,0x0F,0x80,0x10,0x2E,0x07,  //0x4790~0x479f      ................
0xFD,0x82,0xF7,0x81,0x12,0x6F,0x80,0x06,0x5A,0x08,0x01,0x68,0x49,0x00,0x02,0x32,  //0x47a0~0x47af      .....o..Z..hI..2
0x49,0xFF,0xFF,0xC8,0x2E,0x07,0xFF,0xE3,0x84,0xC0,0x54,0x00,0x00,0xFE,0x3E,0x07,  //0x47b0~0x47bf      I.........T...>.
0xFF,0xE3,0x84,0x00,0x3C,0x0B,0xFD,0x9F,0x4C,0x65,0x00,0x54,0x3C,0x03,0xFD,0x9F,  //0x47c0~0x47cf      ....<...Le.T<...
0x40,0x90,0x00,0x13,0x49,0x00,0x01,0x4E,0x49,0xFF,0xDD,0x1A,0x49,0x00,0x10,0xBD,  //0x47d0~0x47df      @...I..NI...I...
0x49,0x00,0x10,0xCC,0x80,0x07,0x49,0x00,0x01,0x7E,0xC6,0x3E,0x80,0x1F,0x49,0x00,  //0x47e0~0x47ef      I.....I..~.>..I.
0x10,0x05,0x80,0x1F,0x49,0x00,0x10,0x19,0x80,0x1F,0x49,0x00,0x0F,0xE0,0x22,0x2F,  //0x47f0~0x47ff      ....I.....I..."/
0x80,0x0D,0x3C,0x03,0xFE,0xE1,0x22,0x1F,0x80,0x0E,0xE0,0x02,0x3C,0x2B,0xFF,0xD5,  //0x4800~0x480f      ..<...".....<+..
0x3C,0x1B,0xFF,0xD4,0xE9,0x04,0xFE,0x02,0xE0,0x20,0xE8,0x08,0x2E,0x07,0xFF,0xE3,  //0x4810~0x481f      <...............
0x58,0x00,0x00,0x01,0x3E,0x07,0xFF,0xE3,0xD5,0x24,0x2E,0x07,0xFD,0x82,0x5A,0x08,  //0x4820~0x482f      X...>....$....Z.
0x01,0x21,0x2E,0x07,0xFD,0x83,0xC8,0x1D,0x49,0x00,0x1C,0x0D,0x3C,0x0D,0xFF,0x44,  //0x4830~0x483f      .!......I...<..D
0xA4,0x84,0x3C,0x03,0xFD,0x9F,0x3C,0x13,0xFD,0x9F,0xE2,0x09,0xE9,0x03,0x8A,0x29,  //0x4840~0x484f      ..<...<........)
0xD5,0x03,0x40,0x14,0x84,0x01,0xE0,0x22,0xE8,0x09,0x3C,0x03,0xFD,0x1E,0xC8,0xF2,  //0x4850~0x485f      ..@...."..<.....
0x49,0x00,0x1D,0x68,0xD5,0xEC,0x44,0x74,0x08,0xF4,0x8C,0xC1,0x97,0xB0,0xD5,0xAD,  //0x4860~0x486f      I..h..Dt........
0x49,0xFF,0xFE,0xAA,0x49,0x00,0x01,0x9C,0xFC,0xC5,0x2E,0x07,0xFD,0x7E,0x96,0x06,  //0x4870~0x487f      I...I........~..
0xC0,0x05,0xFC,0x00,0x49,0xFF,0xFF,0x64,0xFC,0x80,0xDD,0x9E,0xFC,0x20,0x3C,0x0D,  //0x4880~0x488f      ....I..d......<.
0xFF,0x44,0xC0,0x34,0x3C,0x13,0xFD,0xA0,0xAC,0x41,0x2E,0x07,0xFB,0x5B,0x5A,0x08,  //0x4890~0x489f      .D.4<....A...[Z.
0x01,0x06,0x44,0x00,0x03,0xE8,0x3C,0x0B,0xFD,0x1E,0x49,0xFF,0xFF,0x3C,0x84,0xC0,  //0x48a0~0x48af      ..D...<...I..<..
0x3C,0x73,0xFD,0x9E,0x49,0xFF,0xDF,0x20,0xCF,0x0B,0x3C,0x13,0xFD,0xA0,0x3C,0x0D,  //0x48b0~0x48bf      <s..I.....<...<.
0xFF,0x44,0xAC,0x42,0x49,0xFF,0xFF,0x0D,0x49,0xFF,0xFF,0xD9,0xD5,0x17,0x49,0x00,  //0x48c0~0x48cf      .D.BI...I.....I.
0x01,0x68,0x5A,0x08,0x01,0x06,0xCE,0x06,0x49,0x00,0x1B,0xBD,0xD5,0x03,0x5A,0x68,  //0x48d0~0x48df      .hZ.....I.....Zh
0x01,0xE8,0x3C,0x03,0xFD,0x1E,0xC0,0x03,0x84,0xC1,0xD5,0xE3,0x2E,0x07,0xFD,0x7E,  //0x48e0~0x48ef      ..<............~
0x96,0x06,0xC0,0xFB,0x49,0x00,0x1D,0x1E,0xD5,0xF8,0xFC,0xA0,0x2E,0x27,0xFA,0x2E,  //0x48f0~0x48ff      ....I........'..
0x84,0x20,0x44,0x41,0x01,0x1C,0x96,0xC8,0xE2,0x62,0xE8,0x08,0x8C,0x21,0x98,0xCC,  //0x4900~0x490f      ..DA.....b...!..
0x00,0x51,0xFF,0xFF,0xD8,0xF9,0x84,0x01,0xDD,0x9E,0x84,0x00,0xDD,0x9E,0x2E,0x37,  //0x4910~0x491f      .Q.............7
0xFB,0x4D,0x2E,0x27,0xFE,0x2D,0x2E,0x17,0xFA,0x2C,0x5A,0x38,0x01,0x06,0x42,0x10,  //0x4920~0x492f      .M.'.-...,Z8..B.
0x08,0x73,0x96,0x09,0xDD,0x9E,0x42,0x01,0x04,0x73,0x96,0x01,0xDD,0x9E,0x2E,0x07,  //0x4930~0x493f      .s....B..s......
0xFA,0x2E,0xC0,0x19,0xFC,0x40,0x2E,0x97,0xFE,0x34,0x84,0xC0,0x44,0xA4,0x00,0x00,  //0x4940~0x494f      .....@...4..D...
0x4C,0x64,0x80,0x11,0x80,0x06,0x49,0xFF,0xFF,0xD3,0x80,0xE0,0xC8,0x08,0x80,0x06,  //0x4950~0x495f      Ld....I.........
0x49,0xFF,0xFF,0xDF,0x50,0x00,0x02,0xD8,0x38,0x75,0x01,0x09,0x8C,0xC1,0x97,0xB0,  //0x4960~0x496f      I...P...8u......
0xD5,0xF0,0xFC,0xC0,0xDD,0x9E,0x84,0x43,0x44,0x11,0x05,0xB4,0x42,0x10,0x08,0x73,  //0x4970~0x497f      .......CD...B..s
0x2E,0x27,0xFE,0x35,0x00,0x00,0x80,0x90,0x50,0x10,0x80,0x88,0x00,0x10,0x80,0x09,  //0x4980~0x498f      .'.5....P.......
0xCA,0x05,0x2E,0x17,0xFE,0x2F,0xE2,0x01,0xD5,0x04,0x2E,0x07,0xFE,0x30,0xE2,0x20,  //0x4990~0x499f      ...../.......0..
0x56,0x07,0x80,0x01,0xDD,0x9E,0x2E,0x47,0xFE,0x35,0x44,0x21,0x05,0xB4,0x84,0x63,  //0x49a0~0x49af      V......G.5D!...c
0x42,0x20,0x0C,0x73,0xCC,0x04,0x00,0x21,0x00,0x91,0xD5,0x03,0x00,0x21,0x00,0x90,  //0x49b0~0x49bf      B..s...!.....!..
0x2E,0x07,0xF7,0x9C,0x2E,0x47,0xFA,0x2E,0xC0,0x06,0xFC,0x00,0x84,0x00,0x44,0x50,  //0x49c0~0x49cf      .....G........DP
0xFC,0x00,0xD5,0x29,0x80,0x20,0x44,0x31,0x01,0x1C,0x96,0x08,0xE2,0x04,0xE8,0x12,  //0x49d0~0x49df      ...)..D1........
0x8C,0x21,0x99,0x4B,0x00,0x52,0xFF,0xFF,0xDA,0xF9,0x50,0x00,0x00,0xBC,0x94,0x01,  //0x49e0~0x49ef      .!.K.R....P.....
0x44,0x10,0xFC,0x00,0x88,0x20,0xA6,0x0E,0xA6,0x8D,0x40,0x00,0x20,0x08,0xFE,0x17,  //0x49f0~0x49ff      D.........@.....
0xDD,0x9E,0x84,0x00,0xDD,0x9E,0x50,0x20,0x00,0x60,0x94,0x92,0x88,0x45,0x00,0x61,  //0x4a00~0x4a0f      ......P..`...E.a
0x00,0x0A,0x00,0x31,0x00,0x09,0x40,0xF3,0x20,0x08,0x40,0xF7,0x8C,0x04,0xE2,0x2F,  //0x4a10~0x4a1f      ...1..@...@..../
0xE8,0x06,0x8C,0x01,0x96,0x80,0xE2,0x44,0xE9,0xEF,0xD5,0x17,0x00,0x31,0x00,0x0B,  //0x4a20~0x4a2f      .......D.....1..
0x00,0x21,0x00,0x0C,0x40,0xF1,0x20,0x08,0x40,0xF7,0x8C,0x04,0xE2,0x2F,0xE8,0xF2,  //0x4a30~0x4a3f      .!..@...@..../..
0x50,0x00,0x00,0xBC,0x44,0x10,0xFC,0x00,0x94,0x01,0x88,0x01,0xA6,0x45,0xA6,0x06,  //0x4a40~0x4a4f      P...D........E..
0x40,0x00,0x20,0x08,0xFE,0x0F,0xFC,0x80,0x84,0x00,0xFC,0x80,0xFC,0x00,0x84,0x00,  //0x4a50~0x4a5f      @...............
0x49,0x00,0x15,0x6F,0xFC,0x80,0xFC,0x00,0x84,0x01,0x49,0x00,0x15,0x6A,0xFC,0x80,  //0x4a60~0x4a6f      I..o......I..j..
0xFC,0x00,0x84,0x00,0x49,0x00,0x1A,0x2E,0xFC,0x80,0xFC,0x00,0x84,0x01,0x49,0x00,  //0x4a70~0x4a7f      ....I.........I.
0x1A,0x29,0xFC,0x80,0x2E,0x17,0xFD,0xC4,0xE6,0x24,0xE8,0x10,0x2E,0x17,0xFD,0xC4,  //0x4a80~0x4a8f      .).......$......
0x44,0x21,0x03,0x9C,0x8C,0x22,0x38,0x01,0x06,0x0A,0x2E,0x07,0xFD,0xC4,0x8C,0x01,  //0x4a90~0x4a9f      D!..."8.........
0x96,0x00,0x3E,0x07,0xFD,0xC4,0x84,0x00,0xDD,0x9E,0x84,0x01,0xDD,0x9E,0x2E,0x17,  //0x4aa0~0x4aaf      ..>.............
0xFD,0xC5,0x2E,0x07,0xFD,0xC4,0xE2,0x20,0xE8,0x13,0xFC,0x00,0x2E,0x07,0xFD,0xC5,  //0x4ab0~0x4abf      ................
0x44,0x11,0x03,0x9C,0x8C,0x02,0x38,0x00,0x82,0x02,0x44,0x10,0x95,0x30,0x94,0x03,  //0x4ac0~0x4acf      D.....8...D..0..
0x88,0x01,0xA0,0x01,0xDD,0x20,0x49,0x00,0x0F,0x40,0x84,0x01,0xFC,0x80,0x84,0x00,  //0x4ad0~0x4adf      ......I..@......
0xDD,0x9E,0xFC,0x00,0x80,0xC0,0x49,0x00,0x0F,0x12,0x2E,0x07,0xFA,0x48,0x5A,0x08,  //0x4ae0~0x4aef      ......I......HZ.
0x01,0x06,0x2E,0x27,0xFE,0x2C,0x80,0x06,0xD5,0x0B,0x2E,0x07,0xFA,0x48,0x5A,0x08,  //0x4af0~0x4aff      ...'.,.......HZ.
0x02,0x0C,0x2E,0x17,0xFE,0x2C,0x2E,0x27,0xFE,0x2D,0x94,0x09,0x88,0x06,0x84,0x20,  //0x4b00~0x4b0f      .....,.'.-......
0x94,0x91,0x49,0x00,0x21,0xB5,0xFC,0x80,0xFC,0x00,0x44,0x21,0x04,0x04,0xA6,0xD1,  //0x4b10~0x4b1f      ..I.!.....D!....
0xA6,0x50,0xFE,0x5C,0x49,0x00,0x0F,0x05,0xFC,0x80,0xFC,0x00,0x2E,0x17,0xFE,0x2D,  //0x4b20~0x4b2f      .P..I..........-
0x94,0x49,0x49,0x00,0x0E,0xF4,0xFC,0x80,0xFC,0x00,0x2E,0x07,0xFD,0xC5,0x44,0x11,  //0x4b30~0x4b3f      .II...........D.
0x03,0x9C,0x8C,0x02,0x38,0x10,0x82,0x02,0x44,0x00,0x95,0x30,0xE6,0x22,0x38,0x00,  //0x4b40~0x4b4f      ....8...D..0."8.
0x07,0x02,0xE8,0x04,0x49,0xFF,0xFF,0xC7,0xFC,0x80,0x5A,0x18,0x02,0x05,0x49,0xFF,  //0x4b50~0x4b5f      ....I.....Z...I.
0xFF,0xDD,0xFC,0x80,0x5A,0x18,0x03,0x04,0x49,0xFF,0xFF,0xE1,0xFC,0x80,0xFC,0x00,  //0x4b60~0x4b6f      ....Z...I.......
0x84,0x00,0x3E,0x07,0xFD,0xC4,0x3E,0x07,0xFD,0xC5,0x84,0x00,0x3C,0x0F,0xFF,0x72,  //0x4b70~0x4b7f      ..>...>.....<..r
0x49,0xFF,0xFF,0x82,0x84,0x01,0x49,0xFF,0xFF,0x7F,0x84,0x02,0x49,0xFF,0xFF,0x7C,  //0x4b80~0x4b8f      I.....I.....I..|
0x2E,0x07,0xFF,0x9C,0xC0,0x04,0x84,0x03,0x49,0xFF,0xFF,0x76,0xFC,0x80,0x3C,0x0D,  //0x4b90~0x4b9f      ........I..v..<.
0xFF,0x72,0x84,0x20,0x8E,0x01,0x40,0x00,0x80,0x06,0xDD,0x9E,0xFC,0x00,0x44,0x61,  //0x4ba0~0x4baf      .r....@.......Da
0x03,0x9C,0x84,0x00,0xA8,0x31,0xAE,0x31,0xA6,0x31,0x44,0x10,0x95,0x30,0x8C,0x02,  //0x4bb0~0x4bbf      .....1.1.1D..0..
0x38,0x03,0x02,0x02,0x94,0x03,0x88,0x01,0xA0,0x01,0xDD,0x20,0x84,0x01,0xA8,0x31,  //0x4bc0~0x4bcf      8..............1
0x49,0x00,0x0E,0xB9,0xFC,0x80,0x3C,0x0D,0xFF,0x72,0x5A,0x08,0x01,0x1A,0xFC,0x00,  //0x4bd0~0x4bdf      I.....<..rZ.....
0x49,0xFF,0xFF,0xAC,0x2E,0x07,0xFD,0xC5,0x8C,0x01,0x96,0x00,0x3E,0x07,0xFD,0xC5,  //0x4be0~0x4bef      I...........>...
0x2E,0x17,0xFD,0xC5,0x2E,0x07,0xFD,0xC4,0xE2,0x20,0x84,0x02,0xE8,0x06,0x49,0xFF,  //0x4bf0~0x4bff      ..............I.
0xFF,0x58,0x5A,0x00,0x01,0x03,0x84,0x03,0x3C,0x0F,0xFF,0x72,0xFC,0x80,0xDD,0x9E,  //0x4c00~0x4c0f      .XZ.....<..r....
0xFC,0x00,0x49,0xFF,0xFF,0xC6,0xC0,0xFE,0xFC,0x80,0xFC,0x00,0x49,0x00,0x1A,0x77,  //0x4c10~0x4c1f      ..I.........I..w
0xFC,0x80,0x2E,0x07,0xFA,0x55,0x5A,0x08,0x30,0x06,0xFC,0x00,0x49,0xFF,0xF5,0x3A,  //0x4c20~0x4c2f      .....UZ.0...I..:
0xFC,0x80,0xDD,0x9E,0xDD,0x9E,0xDD,0x9E,0xDD,0x9E,0xDD,0x9E,0xDD,0x9E,0xDD,0x9E,  //0x4c30~0x4c3f      ................
0xDD,0x9E,0xDD,0x9E,0xDD,0x9E,0xDD,0x9E,0xDD,0x9E,0xDD,0x9E,0xDD,0x9E,0xFC,0x40,  //0x4c40~0x4c4f      ...............@
0xC8,0x0A,0x2E,0x37,0xFD,0x93,0x2E,0x97,0xFD,0x95,0x2E,0x77,0xFD,0x90,0x2E,0x67,  //0x4c50~0x4c5f      ...7.......w...g
0xFE,0x30,0xD5,0x0B,0x5A,0x08,0x01,0x2D,0x2E,0x37,0xFD,0x92,0x2E,0x97,0xFD,0x94,  //0x4c60~0x4c6f      .0..Z..-.7......
0x2E,0x77,0xFD,0x91,0x2E,0x67,0xFE,0x2F,0x44,0x00,0x00,0x64,0xFE,0x44,0x40,0x20,  //0x4c70~0x4c7f      .w...g./D..d.D@.
0x88,0x57,0x50,0x41,0x00,0x32,0xE2,0x80,0xE8,0x05,0xFF,0x1C,0x40,0x32,0x00,0x77,  //0x4c80~0x4c8f      .WPA.2......@2.w
0xD5,0x15,0x9E,0x71,0xFE,0x44,0xE2,0x81,0xE9,0x0B,0x40,0x52,0x00,0x97,0x42,0x44,  //0x4c90~0x4c9f      ...q.D....@R..BD
0x90,0x24,0x8E,0xC2,0x40,0x02,0x00,0x17,0x42,0x33,0x1C,0x73,0xD5,0x06,0x50,0x21,  //0x4ca0~0x4caf      .$..@...B3.s..P!
0x7F,0xCE,0xFE,0xBC,0x40,0x01,0x00,0x17,0x88,0x60,0x96,0x19,0xFC,0xC0,0x44,0x00,  //0x4cb0~0x4cbf      ....@....`....D.
0xFF,0xFF,0xFC,0xC0,0xFC,0x41,0x81,0x20,0x80,0xC1,0xF2,0x81,0x49,0xFF,0xFE,0x55,  //0x4cc0~0x4ccf      .....A......I..U
0x4E,0x02,0x00,0xA7,0x84,0x23,0x44,0x01,0x05,0xB4,0x42,0x04,0x84,0x73,0x00,0x30,  //0x4cd0~0x4cdf      N....#D...B..s.0
0x00,0x90,0x00,0x90,0x00,0x91,0x2E,0x47,0xF8,0x8A,0x2E,0x07,0xF7,0x9C,0x44,0x70,  //0x4ce0~0x4cef      .......G......Dp
0xFC,0x00,0xC8,0x1A,0x2E,0x07,0xFE,0x35,0xC8,0x0A,0x2E,0x07,0xFD,0x99,0x2E,0x17,  //0x4cf0~0x4cff      .......5........
0xFD,0x98,0x40,0x00,0x20,0x08,0xFE,0x0F,0x80,0x69,0xD5,0x08,0x2E,0x07,0xFD,0x97,  //0x4d00~0x4d0f      ..@......i......
0x2E,0x17,0xFD,0x96,0x40,0x00,0x20,0x08,0xFE,0x0F,0xFE,0x1C,0x2E,0x37,0xFE,0x34,  //0x4d10~0x4d1f      ....@........7.4
0x40,0x00,0x0C,0x16,0xD5,0x71,0x5A,0x08,0x01,0x71,0x2E,0x27,0xFE,0x35,0x2E,0x57,  //0x4d20~0x4d2f      @....qZ..q.'.5.W
0xFE,0x2D,0x2E,0xA7,0xF8,0x7F,0xCA,0x20,0x40,0x04,0xA8,0x01,0xFE,0xEC,0x96,0x02,  //0x4d30~0x4d3f      .-......@.......
0x80,0x22,0x89,0x2A,0x45,0xC4,0x05,0xB0,0xE1,0x20,0xE9,0x14,0x4E,0x05,0x00,0x10,  //0x4d40~0x4d4f      .".*E.......N...
0xE0,0x05,0xE8,0x0D,0x40,0xA1,0x80,0x00,0x38,0xAE,0x29,0x11,0x81,0x04,0xE0,0x8A,  //0x4d50~0x4d5f      ....@...8.).....
0xE8,0x03,0x40,0x85,0x10,0x01,0x42,0x10,0x20,0x73,0x88,0x48,0x8C,0x01,0x96,0x02,  //0x4d60~0x4d6f      ..@...B..s.H....
0xD5,0xEC,0x84,0x00,0xD5,0x25,0x40,0x01,0xA8,0x01,0x84,0x40,0x96,0x02,0x2F,0xC7,  //0x4d70~0x4d7f      .....%@....@../.
0xFE,0x2C,0x97,0x69,0x80,0x22,0x88,0x6A,0x45,0xE4,0x05,0xB0,0xE0,0x60,0xE9,0x17,  //0x4d80~0x4d8f      .,.i.".jE....`..
0x4E,0x05,0x00,0x13,0xE0,0x1C,0xE8,0x10,0x81,0x49,0x42,0xA2,0x80,0x73,0x40,0xA5,  //0x4d90~0x4d9f      N........IB..s@.
0x00,0x13,0x38,0x8F,0x29,0x11,0x81,0x44,0xE0,0x88,0xE8,0x03,0x40,0xA4,0x10,0x01,  //0x4da0~0x4daf      ..8.)..D....@...
0x42,0x10,0x28,0x73,0x88,0x4A,0x8C,0x01,0x96,0x02,0xD5,0xE9,0x84,0x01,0x49,0xFF,  //0x4db0~0x4dbf      B.(s.J........I.
0xFF,0x48,0x2E,0x47,0xFA,0x2E,0x84,0x40,0xE0,0x44,0xE8,0x1C,0x50,0x11,0x00,0x60,  //0x4dc0~0x4dcf      .H.G...@.D..P..`
0x94,0x4A,0x88,0x27,0x00,0x50,0x80,0x0A,0x00,0x30,0x80,0x09,0x40,0xF2,0xA0,0x08,  //0x4dd0~0x4ddf      .J.'.P...0..@...
0x40,0xF7,0x8C,0x04,0xE0,0x0F,0xE9,0x0B,0x00,0x30,0x80,0x0B,0x00,0x10,0x80,0x0C,  //0x4de0~0x4def      @........0......
0x40,0xF0,0xA0,0x08,0x40,0xF7,0x8C,0x04,0xE0,0x0F,0xE9,0x06,0x8C,0x41,0x96,0x92,  //0x4df0~0x4dff      @...@........A..
0xD5,0xE4,0x84,0x02,0xFC,0xC1,0xAC,0x30,0x2E,0x07,0xFD,0x97,0x2E,0x17,0xFD,0x96,  //0x4e00~0x4e0f      .......0........
0x40,0x00,0x20,0x08,0xFE,0x0F,0xF1,0x01,0xAC,0x08,0x84,0x01,0xFC,0xC1,0xFC,0xC1,  //0x4e10~0x4e1f      @...............
0xFC,0x40,0x44,0x91,0x05,0xB4,0x81,0x40,0x81,0x01,0x80,0xE2,0x84,0xC0,0x87,0x83,  //0x4e20~0x4e2f      .@D....@........
0x96,0x30,0x49,0xFF,0xEB,0x50,0xC0,0x1F,0x4C,0x63,0x80,0x1E,0x00,0x34,0x80,0x91,  //0x4e30~0x4e3f      .0I..P..Lc...4..
0x00,0x44,0x80,0x90,0xE3,0x03,0xE9,0x04,0x40,0x34,0x0C,0x01,0xD5,0x02,0x8A,0x68,  //0x4e40~0x4e4f      .D......@4.....h
0xE3,0x44,0x96,0xDA,0xE9,0x04,0x40,0x45,0x10,0x01,0xD5,0x02,0x8A,0x8A,0x97,0x22,  //0x4e50~0x4e5f      .D....@E......."
0xE4,0x82,0xE8,0x04,0xE4,0x62,0xE8,0x04,0xD5,0x0B,0x5A,0x48,0x02,0x05,0xE4,0x63,  //0x4e60~0x4e6f      .....b....ZH...c
0xE8,0x02,0x87,0x82,0x8C,0xC1,0x8D,0x23,0x5A,0x68,0x0A,0xDC,0xD5,0x02,0x87,0x81,  //0x4e70~0x4e7f      .......#Zh......
0x80,0x1C,0xFC,0xC0,0xFC,0x43,0x81,0x41,0x2E,0x10,0x00,0x66,0x5A,0x10,0x01,0x74,  //0x4e80~0x4e8f      .....C.A...fZ..t
0x81,0x00,0x84,0x23,0x44,0x01,0x05,0xB4,0x42,0x04,0x04,0x73,0x00,0x10,0x00,0x90,  //0x4e90~0x4e9f      ...#D...B..s....
0x80,0xE3,0x00,0x50,0x00,0x91,0x9B,0x8B,0x97,0x0A,0x88,0x23,0x96,0x0A,0xF0,0x81,  //0x4ea0~0x4eaf      ...P.......#....
0x9A,0x2A,0x83,0x82,0x96,0xEA,0x97,0xB2,0xF0,0x82,0xF0,0x01,0xE0,0x06,0xE9,0x5B,  //0x4eb0~0x4ebf      .*.............[
0x40,0x0E,0x14,0x00,0x96,0x02,0x20,0x7F,0x80,0x08,0xB6,0x1F,0xB4,0x1F,0xE0,0x07,  //0x4ec0~0x4ecf      @...............
0xE9,0x4F,0x4E,0x65,0x00,0x4B,0x2E,0xFF,0xFE,0x2F,0xE0,0xCF,0xE8,0x46,0x4E,0x75,  //0x4ed0~0x4edf      .ONe.K.../...FNu
0x00,0x45,0x2E,0xFF,0xFE,0x30,0xE0,0xEF,0xE8,0x40,0x2E,0x07,0xFE,0x2D,0x80,0x27,  //0x4ee0~0x4eef      .E...0...@...-.'
0x42,0x13,0x00,0x73,0x50,0x00,0x82,0xD8,0x44,0x14,0x00,0x00,0x38,0x00,0x81,0x01,  //0x4ef0~0x4eff      B..sP...D...8...
0x2E,0x17,0xF8,0x8A,0x8A,0x01,0x40,0x90,0x00,0x11,0x4E,0x97,0x00,0x2F,0xE0,0xC4,  //0x4f00~0x4f0f      ......@...N../..
0xE9,0x03,0x9A,0x34,0xD5,0x02,0x9A,0x26,0xE4,0x02,0xE8,0x08,0xE0,0xE3,0xE9,0x03,  //0x4f10~0x4f1f      ...4...&........
0x9A,0x3B,0xD5,0x02,0x9A,0x1F,0xE4,0x02,0xE9,0x20,0x96,0x30,0x96,0x78,0x80,0x48,  //0x4f20~0x4f2f      .;.........0.x.H
0xF3,0x85,0xF5,0x84,0xF4,0x83,0x49,0xFF,0xFF,0x75,0xF4,0x03,0xF5,0x04,0xF3,0x05,  //0x4f30~0x4f3f      ......I..u......
0x5A,0x08,0x02,0x03,0x91,0x21,0x8E,0x01,0x96,0x00,0xE6,0x02,0xE8,0x0E,0x80,0x2A,  //0x4f40~0x4f4f      Z....!.........*
0xA0,0x0A,0x42,0x04,0x98,0x75,0xA8,0x0A,0xA0,0x09,0x42,0x04,0x9C,0x75,0xA8,0x09,  //0x4f50~0x4f5f      ..B..u....B..u..
0xB4,0x0A,0x40,0x90,0x24,0x01,0xB7,0x2A,0x8C,0xE1,0x97,0xFA,0xD5,0xB0,0x8C,0xC1,  //0x4f60~0x4f6f      ..@.$..*........
0x97,0xB2,0xD5,0xA4,0xFC,0xC3,0xFC,0x45,0x80,0xC0,0xF1,0x84,0x4E,0x02,0x00,0xCB,  //0x4f70~0x4f7f      .......E....N...
0xF3,0x04,0x80,0xE2,0x44,0x11,0x05,0xB4,0x84,0x43,0x42,0x11,0x88,0x73,0x00,0x50,  //0x4f80~0x4f8f      ....D....CB..s.P
0x80,0x90,0x00,0x80,0x80,0x91,0x2E,0x1F,0xFE,0x2F,0x41,0xC2,0x80,0x10,0xF1,0x81,  //0x4f90~0x4f9f      ........./A.....
0x2E,0x1F,0xFE,0x30,0x84,0x4C,0xF1,0x82,0x2E,0x97,0xF8,0x8A,0x84,0x20,0xF5,0x83,  //0x4fa0~0x4faf      ...0.L..........
0x40,0xA4,0x00,0x10,0x49,0x00,0x1F,0x64,0x2E,0x47,0xFE,0x2F,0xF5,0x03,0x4F,0xC2,  //0x4fb0~0x4fbf      @...I..d.G./..O.
0x00,0x07,0x9E,0x21,0x4D,0xC0,0x00,0x04,0x80,0x67,0xD5,0x02,0x84,0x61,0x4E,0xA2,  //0x4fc0~0x4fcf      ...!M....g...aN.
0x00,0x07,0x2E,0x07,0xFE,0x30,0x8E,0x01,0x4C,0xA0,0x40,0x03,0x84,0xE1,0x8A,0xA3,  //0x4fd0~0x4fdf      .....0..L.@.....
0x96,0x2A,0xF0,0x83,0x2E,0x07,0xFE,0x2D,0x8E,0x81,0xF0,0x85,0x2E,0x07,0xF9,0x63,  //0x4fe0~0x4fef      .*.....-.......c
0x40,0x14,0x1C,0x01,0x96,0x4A,0x88,0x04,0x94,0x01,0xF1,0x88,0x40,0x15,0x1C,0x00,  //0x4ff0~0x4fff      @....J......@...
0xF0,0x87,0xF1,0x89,0xF0,0x03,0x45,0xE4,0x05,0xB0,0x40,0x5E,0x0C,0x00,0xE0,0xA0,  //0x5000~0x500f      ......E...@^....
0xE9,0x31,0x4E,0x05,0x00,0x2D,0xF1,0x01,0xE0,0x01,0xE8,0x29,0xF2,0x05,0xF1,0x08,  //0x5010~0x501f      .1N..-.....)....
0xFE,0x84,0xF2,0x86,0x84,0xA0,0xF2,0x09,0xE0,0x41,0xE9,0x14,0x4E,0x15,0x00,0x10,  //0x5020~0x502f      .........A..N...
0xF2,0x02,0xE0,0x22,0xE8,0x0C,0xF2,0x06,0x88,0x41,0x38,0x2F,0x09,0x11,0xE1,0x22,  //0x5030~0x503f      ...".....A8/..."
0xE8,0x04,0x8A,0x49,0x96,0x93,0xD5,0x02,0x84,0x40,0x88,0xA2,0x8C,0x21,0x96,0x4A,  //0x5040~0x504f      ...I.....@...!.J
0xD5,0xEB,0x44,0x10,0xFC,0x00,0x88,0x20,0x00,0x10,0x83,0x3D,0xFE,0x64,0xFF,0x4C,  //0x5050~0x505f      ..D........=.d.L
0xF1,0x07,0x40,0x52,0x84,0xB7,0xA0,0x72,0x88,0xA1,0xA9,0x72,0x8C,0x01,0x96,0x02,  //0x5060~0x506f      ..@R...r...r....
0xD5,0xCD,0x2E,0x07,0xF9,0x64,0x40,0x44,0x1C,0x01,0x97,0x22,0xF0,0x85,0x89,0x47,  //0x5070~0x507f      .....d@D..."...G
0x45,0xC4,0x05,0xB0,0x45,0xE0,0xFC,0x00,0xE1,0x44,0xE9,0x3B,0xF1,0x02,0x2E,0x87,  //0x5080~0x508f      E...E....D.;....
0xFE,0x2D,0xE0,0x81,0xF0,0x03,0x84,0x40,0x14,0xFF,0x80,0x06,0xE0,0xA0,0xE9,0x19,  //0x5090~0x509f      .-.....@........
0x4E,0x05,0x00,0x15,0xF1,0x01,0xE0,0x01,0xE8,0x11,0x4E,0x45,0x00,0x10,0xF1,0x06,  //0x50a0~0x50af      N.........NE....
0xC1,0x0D,0x80,0x24,0x42,0x10,0x20,0x73,0x38,0x1E,0x05,0x11,0xE1,0x21,0xE8,0x04,  //0x50b0~0x50bf      ...$B..s8....!..
0x8A,0x29,0x96,0x4B,0xD5,0x02,0x84,0x20,0x88,0x41,0x8C,0x01,0x96,0x02,0xD5,0xE7,  //0x50c0~0x50cf      .).K.....A......
0x2E,0x07,0xFE,0x30,0x40,0x1F,0x10,0x00,0x00,0x10,0x83,0x61,0x04,0x8F,0x80,0x05,  //0x50d0~0x50df      ...0@......a....
0x8E,0x01,0xFE,0x44,0x88,0x08,0xFE,0x54,0x94,0x01,0x40,0x00,0x80,0x17,0xA0,0x71,  //0x50e0~0x50ef      ...D...T..@....q
0x8C,0x81,0x88,0x01,0xA8,0x31,0xB4,0x06,0x97,0x22,0x88,0x40,0xB6,0x46,0xD5,0xC5,  //0x50f0~0x50ff      .....1...".@.F..
0xF0,0x04,0x80,0x26,0x80,0x47,0x49,0xFF,0xFE,0xBF,0xB4,0x06,0xC8,0x03,0x84,0x01,  //0x5100~0x510f      ...&.GI.........
0xB6,0x06,0xFC,0xC5,0xE2,0x02,0xE9,0x09,0x9F,0x09,0x8A,0x82,0xE0,0x80,0x9B,0x02,  //0x5110~0x511f      ................
0xE9,0x0A,0x94,0x11,0x8C,0x01,0xD5,0x09,0x8C,0x01,0x88,0x40,0x84,0x20,0x96,0x10,  //0x5120~0x512f      ...........@....
0xAE,0x58,0xDD,0x9E,0x8A,0x40,0x98,0x0A,0x96,0x00,0xAF,0x18,0xDD,0x9E,0xFC,0x45,  //0x5130~0x513f      .X...@.........E
0x80,0xC0,0xC0,0x4C,0x84,0x03,0x44,0x31,0x05,0xB4,0x42,0x30,0x80,0x73,0x00,0x91,  //0x5140~0x514f      ...L..D1..B0.s..
0x80,0x90,0x80,0xE1,0x00,0x01,0x80,0x91,0x2E,0x17,0xFE,0x30,0x50,0x3F,0x80,0x0F,  //0x5150~0x515f      ...........0P?..
0xF2,0x81,0x49,0xFF,0xFF,0xD9,0x81,0x40,0x2E,0x17,0xFE,0x2F,0xF2,0x01,0x50,0x3F,  //0x5160~0x516f      ..I....@.../..P?
0x80,0x0E,0x80,0x09,0x49,0xFF,0xFF,0xD0,0x81,0x20,0x44,0x04,0x05,0xB0,0x49,0x00,  //0x5170~0x517f      ....I.....D...I.
0x08,0xC7,0x12,0x0F,0x80,0x08,0x2E,0x07,0xFE,0x2D,0x10,0xAF,0x80,0x14,0x10,0x0F,  //0x5180~0x518f      .........-......
0x80,0x12,0x2E,0x07,0xFE,0x2F,0x10,0x9F,0x80,0x15,0x10,0x0F,0x80,0x13,0x00,0x0F,  //0x5190~0x519f      ...../..........
0x80,0x0F,0x10,0x0F,0x80,0x16,0x00,0x0F,0x80,0x0E,0x10,0x0F,0x80,0x17,0x2E,0x07,  //0x51a0~0x51af      ................
0xF8,0x8A,0x10,0x0F,0x80,0x18,0xB0,0x04,0x49,0x00,0x0A,0xA6,0x3C,0x2D,0xE3,0xF6,  //0x51b0~0x51bf      ........I...<-..
0x80,0x26,0x83,0x82,0xB8,0x0B,0xA8,0x31,0xB8,0x0C,0xA8,0x32,0xB8,0x0A,0xF2,0x01,  //0x51c0~0x51cf      .&.....1...2....
0xB6,0x06,0x80,0x62,0x80,0x07,0x49,0xFF,0xFE,0x57,0xFC,0xC5,0xFC,0x00,0x2E,0x37,  //0x51d0~0x51df      ...b..I..W.....7
0xF7,0x4D,0xCB,0x04,0x49,0xFF,0xFF,0xAD,0xFC,0x80,0x49,0xFF,0xFE,0xC6,0xFC,0x80,  //0x51e0~0x51ef      .M..I.....I.....
0xFC,0x42,0x80,0xC1,0x50,0x2F,0x80,0x02,0x80,0x3F,0x81,0x20,0x49,0xFF,0xFD,0x64,  //0x51f0~0x51ff      .B..P/...?..I..d
0x80,0xE0,0xC8,0x18,0xB0,0x01,0x80,0x29,0x2E,0x27,0xF8,0x7F,0x49,0xFF,0xFF,0xE8,  //0x5200~0x520f      .......).'..I...
0x04,0xAF,0x80,0x01,0xF1,0x02,0x80,0x4A,0x80,0x07,0x49,0xFF,0xFD,0x1A,0x12,0x0F,  //0x5210~0x521f      .......J..I.....
0x80,0x00,0xF1,0x03,0x84,0x01,0x80,0x4A,0x49,0xFF,0xFD,0x13,0x12,0x0F,0x80,0x01,  //0x5220~0x522f      .......JI.......
0xD5,0x03,0x5A,0x00,0x02,0x10,0x02,0x0F,0x80,0x00,0x94,0xB3,0x44,0x31,0x06,0xA4,  //0x5230~0x523f      ..Z.........D1..
0x88,0x43,0xAC,0x10,0x02,0x0F,0x80,0x01,0x10,0x91,0x00,0x06,0xAC,0x11,0x84,0x01,  //0x5240~0x524f      .C..............
0xFC,0xC2,0x84,0x00,0xFC,0xC2,0xFC,0x20,0x2E,0x60,0x00,0x66,0x44,0x01,0x06,0xA4,  //0x5250~0x525f      .........`.fD...
0x44,0x10,0x00,0xFF,0x44,0x20,0x00,0x50,0x49,0x00,0x1E,0x0A,0xC6,0x22,0x84,0xC0,  //0x5260~0x526f      D...D..PI...."..
0x80,0xE6,0x80,0x07,0x49,0xFF,0xE9,0x2F,0xC0,0x09,0x80,0x07,0x80,0x26,0x49,0xFF,  //0x5270~0x527f      ....I../.....&I.
0xFF,0xB9,0x5A,0x08,0x01,0x04,0x8C,0xC1,0x97,0xB0,0x8C,0xE1,0x97,0xF8,0x5A,0x78,  //0x5280~0x528f      ..Z...........Zx
0x0A,0xF2,0x3E,0x60,0x00,0x66,0xC6,0x0B,0x2E,0x07,0xFF,0xE3,0x3E,0x67,0xFF,0xDF,  //0x5290~0x529f      ..>`.f......>g..
0x58,0x00,0x00,0x01,0x3E,0x07,0xFF,0xE3,0x3E,0x67,0xFF,0xDC,0x49,0xFF,0xFC,0xCB,  //0x52a0~0x52af      X...>...>g..I...
0xFC,0xA0,0x2E,0x07,0xFB,0x57,0x5A,0x08,0x52,0x05,0x84,0x00,0x3E,0x07,0xFF,0xDC,  //0x52b0~0x52bf      .....WZ.R...>...
0xDD,0x9E,0xFC,0x00,0x49,0xFF,0xFF,0xC9,0x49,0xFF,0xFF,0xF5,0x49,0xFF,0xD9,0x6C,  //0x52c0~0x52cf      ....I...I...I..l
0xFC,0x80,0xFC,0x45,0x44,0x61,0x09,0x7C,0xFB,0x34,0x80,0xE0,0x81,0x46,0x50,0x83,  //0x52d0~0x52df      ...EDa.|.4...FP.
0x00,0x1F,0x42,0xA0,0x24,0x73,0x80,0x28,0x80,0x49,0x50,0xA5,0x00,0x43,0xB0,0x01,  //0x52e0~0x52ef      ..B.$s.(.IP..C..
0x49,0x00,0x1D,0xA0,0x21,0xC3,0x00,0x1F,0x80,0x2A,0x80,0x49,0x80,0x08,0x49,0x00,  //0x52f0~0x52ff      I...!....*.I..I.
0x1D,0x99,0x88,0xE6,0xB0,0x41,0x80,0x0A,0x80,0x49,0x11,0xCF,0x80,0x04,0x49,0x00,  //0x5300~0x530f      .....A...I....I.
0x1D,0x91,0x20,0x03,0x00,0x1E,0x00,0x13,0x80,0xF7,0x10,0x03,0x80,0xF7,0x10,0x13,  //0x5310~0x531f      ................
0x00,0x1E,0xFC,0xC5,0x2E,0x00,0x03,0xAB,0x44,0x21,0x09,0x7C,0xE6,0x05,0xE8,0x36,  //0x5320~0x532f      ........D!.|...6
0x50,0x10,0x00,0x08,0x94,0x49,0x88,0x22,0x3C,0x37,0xFE,0xF1,0x22,0x40,0x80,0x01,  //0x5330~0x533f      P....I."<7.."@..
0xE0,0x83,0xE8,0x02,0xAC,0xC9,0x8C,0x01,0x96,0x00,0x3E,0x00,0x03,0xAB,0x5A,0x00,  //0x5340~0x534f      ..........>...Z.
0x05,0x0A,0x8C,0x04,0x44,0x11,0x09,0x7C,0x38,0x50,0x81,0x01,0x44,0x00,0xFF,0xFF,  //0x5350~0x535f      ....D..|8P..D...
0xD8,0x16,0x2E,0x00,0x03,0xAA,0x8C,0x01,0x2E,0x37,0xF9,0x30,0x96,0x00,0x84,0x20,  //0x5360~0x536f      .........7.0....
0xE2,0x03,0x3E,0x10,0x03,0xAB,0x3E,0x00,0x03,0xAA,0xE9,0x09,0x84,0x02,0x3C,0x0E,  //0x5370~0x537f      ..>...>.......<.
0x00,0xE9,0x3E,0x10,0x03,0xAA,0x3C,0x03,0xFF,0xCA,0xD5,0x06,0x2E,0x00,0x03,0xAB,  //0x5380~0x538f      ..>...<.........
0x8C,0x04,0x38,0x01,0x01,0x01,0x3C,0x0B,0xFF,0xC8,0xDD,0x9E,0x44,0x31,0x09,0x84,  //0x5390~0x539f      ..8...<.....D1..
0x44,0x20,0x7F,0xFF,0x44,0x00,0x00,0xFF,0x84,0x20,0x44,0x50,0xFF,0xFF,0x0A,0x41,  //0x53a0~0x53af      D...D.....DP...A
0x80,0x01,0x4C,0x42,0x80,0x09,0x22,0x41,0x80,0x04,0xE0,0x82,0x40,0x22,0x3C,0x1B,  //0x53b0~0x53bf      ..LB.."A....@"<.
0x40,0x00,0xBC,0x1B,0x8C,0x21,0x96,0x48,0x5A,0x18,0x05,0xF3,0xFC,0x00,0x3C,0x14,  //0x53c0~0x53cf      @....!.HZ.....<.
0x01,0xE0,0x2E,0x4F,0xF9,0x2F,0x8A,0x22,0xE0,0x81,0x44,0x31,0x09,0x7C,0xE8,0x1A,  //0x53d0~0x53df      ...O./."..D1.|..
0x2E,0x17,0xF9,0x2E,0x40,0xF0,0xA0,0x08,0x2E,0x17,0xF9,0x2D,0x40,0xF7,0x84,0x04,  //0x53e0~0x53ef      ....@......-@...
0xE0,0x4F,0xE8,0x10,0x9C,0x44,0x38,0x21,0x85,0x01,0x3C,0x43,0xFF,0xCA,0x3C,0x2B,  //0x53f0~0x53ff      .O...D8!..<C..<+
0xFF,0xC8,0x3C,0x2B,0xFF,0xCA,0x38,0x41,0x85,0x09,0x84,0xC1,0x49,0xFF,0xFF,0x63,  //0x5400~0x540f      ..<+..8A....I..c
0xD5,0x02,0x84,0xC0,0x44,0x01,0x09,0x8E,0x84,0x20,0x84,0x4A,0x49,0x00,0x1D,0x30,  //0x5410~0x541f      ....D......JI..0
0x84,0x00,0x3C,0x0E,0x00,0xE9,0xC6,0x03,0x49,0xFF,0xFC,0x12,0x80,0x06,0xFC,0x80,  //0x5420~0x542f      ..<.....I.......
0xFC,0x00,0x44,0x61,0x09,0x7C,0x80,0x06,0x84,0x20,0x44,0x20,0x00,0xFC,0x49,0x00,  //0x5430~0x543f      ..Da.|....D...I.
0x1D,0x1F,0x50,0x03,0x00,0x08,0x44,0x10,0xFF,0x19,0x84,0x4A,0x49,0x00,0x1C,0xF2,  //0x5440~0x544f      ..P...D....JI...
0x84,0x20,0x44,0x20,0x00,0x48,0x44,0x01,0x03,0xBC,0x49,0x00,0x1D,0x11,0xFC,0x80,  //0x5450~0x545f      ..D..HD...I.....
0x2E,0x07,0xF7,0x44,0xC0,0x0A,0x3C,0x0C,0x00,0xE9,0xC0,0x07,0x2E,0x17,0xF9,0x2C,  //0x5460~0x546f      ...D..<........,
0x84,0x00,0x40,0x00,0x04,0x06,0xDD,0x9E,0x84,0x01,0xDD,0x9E,0xFC,0x40,0x2E,0x07,  //0x5470~0x547f      ..@..........@..
0xF7,0x44,0xC8,0x04,0x49,0xFF,0xFB,0x94,0xFC,0xC0,0x84,0x01,0x2E,0x77,0xFF,0xA4,  //0x5480~0x548f      .D..I........w..
0x3C,0x93,0xFF,0xCA,0x3E,0x07,0xFF,0xA4,0x84,0xC0,0x44,0xA1,0x09,0x7C,0x44,0x80,  //0x5490~0x549f      <...>.....D..|D.
0xFF,0xFF,0x40,0x03,0x28,0x00,0xA5,0x44,0x4C,0x54,0x00,0x1C,0x3C,0x5B,0xFF,0xCA,  //0x54a0~0x54af      ..@.(..DLT..<[..
0x49,0xFF,0xFA,0xD6,0x49,0x00,0x0A,0x51,0x49,0x00,0x0A,0x60,0x44,0x04,0x02,0xD8,  //0x54b0~0x54bf      I...I..QI..`D...
0x49,0xFF,0xFB,0x2C,0x49,0x00,0x02,0x12,0x44,0x10,0x01,0x6C,0x44,0x04,0x0C,0xDC,  //0x54c0~0x54cf      I..,I...D..lD...
0x42,0x03,0x04,0x73,0x44,0x20,0x02,0xD8,0x44,0x14,0x05,0xB0,0x49,0x00,0x1C,0xAA,  //0x54d0~0x54df      B..sD...D...I...
0x8C,0xC2,0x5A,0x68,0x0A,0xE0,0x84,0x00,0x3E,0x07,0xFF,0xC0,0x3C,0x9B,0xFF,0xCA,  //0x54e0~0x54ef      ..Zh....>...<...
0x3E,0x77,0xFF,0xA4,0x49,0xFF,0xFB,0x5C,0x49,0xFF,0xFB,0xAA,0xFC,0xC0,0x2E,0x07,  //0x54f0~0x54ff      >w..I...I.......
0xF7,0x44,0x44,0x40,0xFC,0x00,0xC0,0x3C,0x2E,0x07,0xFD,0x83,0x5A,0x00,0x04,0x39,  //0x5500~0x550f      .DD@...<....Z..9
0x2E,0x07,0xF8,0x5E,0x2E,0x17,0xF8,0x5D,0x40,0x00,0x20,0x08,0x3C,0x53,0xFF,0xCA,  //0x5510~0x551f      ...^...]@...<S..
0xFE,0x0F,0xD0,0x2E,0xFC,0x40,0x84,0x20,0x44,0x60,0x02,0xD8,0x44,0x74,0x0C,0xDC,  //0x5520~0x552f      .....@..D`..Dt..
0x50,0x00,0x81,0x88,0x94,0x01,0x88,0x04,0x00,0x20,0x00,0x09,0x00,0x00,0x00,0x0A,  //0x5530~0x553f      P...............
0x3C,0x53,0xFF,0xCA,0x40,0x00,0x20,0x08,0xFE,0x17,0xD0,0x05,0x8C,0x21,0x5A,0x18,  //0x5540~0x554f      <S..@........!Z.
0x03,0xF1,0xFC,0xC0,0x2E,0x27,0xFE,0x2C,0x2E,0x07,0xFE,0x2D,0x81,0x27,0xFE,0x14,  //0x5550~0x555f      .....'.,...-.'..
0x42,0x90,0x98,0x73,0x44,0x24,0x02,0xD8,0x84,0xA0,0xD0,0xF1,0xA4,0xD0,0x2A,0xA4,  //0x5560~0x556f      B..sD$........*.
0x80,0x01,0x88,0x6A,0x8C,0xA1,0x1A,0x31,0x00,0x01,0x97,0x69,0xD5,0xF7,0xDD,0x9E,  //0x5570~0x557f      ...j...1...i....
0xFC,0x00,0x2E,0x07,0xF7,0x44,0xC0,0x59,0x2E,0x07,0xFD,0x83,0x5A,0x00,0x04,0x56,  //0x5580~0x558f      .....D.Y....Z..V
0x3C,0x6C,0x00,0xE9,0x5A,0x60,0x01,0x4B,0xC6,0x08,0x5A,0x68,0x02,0x4B,0x49,0xFF,  //0x5590~0x559f      <l..Z`.K..Zh.KI.
0xFE,0xFF,0x5C,0x60,0x00,0x01,0xD5,0x46,0x2E,0x07,0xF9,0x2E,0x2E,0x17,0xF9,0x2D,  //0x55a0~0x55af      ...`...F.......-
0x3C,0x27,0xFE,0xF1,0x40,0x00,0x20,0x08,0xFE,0x0F,0xE0,0x02,0xE8,0x16,0x2E,0x00,  //0x55b0~0x55bf      <'..@...........
0x03,0xAB,0x44,0x11,0x09,0x7C,0x8C,0x04,0x38,0x00,0x81,0x01,0x3C,0x0B,0xFF,0xC8,  //0x55c0~0x55cf      ..D..|..8...<...
0x84,0x0F,0x3E,0x07,0xFF,0x8D,0x84,0xC1,0x84,0x00,0x3C,0x28,0x01,0xE0,0x3C,0x6E,  //0x55d0~0x55df      ..>.......<(..<n
0x00,0xE9,0x3C,0x0B,0xFE,0x8A,0xD5,0x26,0x2E,0x07,0xF9,0x37,0x2E,0x17,0xF9,0x36,  //0x55e0~0x55ef      ..<....&...7...6
0x40,0x00,0x20,0x08,0xFE,0x0F,0x96,0x03,0xE0,0x40,0xE8,0x14,0x2E,0x17,0xF9,0x39,  //0x55f0~0x55ff      @........@.....9
0x3C,0x03,0xFE,0x8A,0x40,0xF0,0xA0,0x08,0x2E,0x17,0xF9,0x38,0x40,0xF7,0x84,0x04,  //0x5600~0x560f      <...@......8@...
0xE2,0x0F,0xE8,0x03,0x8C,0x01,0xD5,0x07,0x2E,0x07,0xF7,0xC9,0x3E,0x07,0xFF,0x8D,  //0x5610~0x561f      ............>...
0xD5,0x08,0x84,0x00,0x3C,0x0B,0xFE,0x8A,0xD5,0x04,0x49,0xFF,0xFE,0x7D,0xD5,0x02,  //0x5620~0x562f      ....<.....I..}..
0x84,0xC1,0x49,0xFF,0xFB,0x0C,0xD5,0x02,0x84,0xC1,0x80,0x06,0xFC,0x80,0xFC,0x00,  //0x5630~0x563f      ..I.............
0x84,0xC0,0x2E,0x37,0xFE,0x2E,0x44,0x24,0x09,0x60,0x80,0xA6,0xD3,0x12,0x2A,0x01,  //0x5640~0x564f      ...7..D$.`....*.
0x00,0x01,0x22,0x11,0x01,0x3F,0xE0,0x01,0xE9,0x03,0x9A,0x41,0xD5,0x02,0x8A,0x20,  //0x5650~0x565f      .."..?.....A....
0x96,0x49,0xE2,0x26,0x40,0x13,0x3C,0x1B,0x8C,0xA1,0x80,0xC1,0x97,0x68,0xD5,0xEF,  //0x5660~0x566f      .I.&@.<......h..
0x44,0x14,0x09,0x60,0x44,0x20,0x00,0x6A,0x44,0x04,0x0B,0xE0,0x49,0x00,0x1B,0xDA,  //0x5670~0x567f      D..`D..jD...I...
0x80,0x06,0xFC,0x80,0xFC,0x00,0x49,0xFF,0xFF,0xDC,0x3C,0x13,0xFE,0xDA,0x40,0x00,  //0x5680~0x568f      ......I...<...@.
0x80,0x06,0xFC,0x80,0xDD,0x9E,0x3C,0x0D,0xFE,0xCA,0xC0,0x04,0xFC,0x00,0xDD,0x20,  //0x5690~0x569f      ......<.........
0xFC,0x80,0xDD,0x9E,0x3C,0x0D,0xFE,0xC9,0xC0,0x04,0xFC,0x00,0xDD,0x20,0xFC,0x80,  //0x56a0~0x56af      ....<...........
0xDD,0x9E,0xFC,0x00,0x2E,0x07,0xFB,0x58,0x5A,0x08,0x01,0x2A,0x2E,0x17,0xF9,0x60,  //0x56b0~0x56bf      .......XZ..*...`
0x2E,0x07,0xF9,0x5F,0x40,0x10,0xA0,0x08,0x40,0x20,0x80,0x04,0x2E,0x07,0xF9,0x61,  //0x56c0~0x56cf      ..._@...@......a
0x40,0x00,0x40,0x08,0x40,0x10,0x08,0x04,0x2E,0x07,0xF9,0x62,0x40,0x00,0x60,0x08,  //0x56d0~0x56df      @.@.@......b@.`.
0xFE,0x0F,0x00,0x10,0x00,0x12,0x00,0x30,0x00,0x11,0x40,0x10,0xA0,0x08,0x40,0x20,  //0x56e0~0x56ef      .......0..@...@.
0x8C,0x04,0x00,0x10,0x00,0x13,0x00,0x00,0x00,0x14,0x40,0x10,0xC0,0x08,0xFE,0x57,  //0x56f0~0x56ff      ..........@....W
0x40,0x00,0x60,0x08,0xFE,0x0F,0xC0,0x03,0xDD,0x20,0xFC,0x80,0x84,0x09,0x3E,0x07,  //0x5700~0x570f      @.`...........>.
0xFB,0x8E,0x49,0xFF,0xDC,0xCD,0xFC,0x80,0xFC,0x00,0x49,0xFF,0xFA,0x7B,0xFC,0x80,  //0x5710~0x571f      ..I.......I..{..
0xFC,0x00,0x49,0xFF,0xD6,0xC3,0xFC,0x80,0xDD,0x9E,0x2E,0x37,0xF8,0xDB,0x2E,0x07,  //0x5720~0x572f      ..I........7....
0xFF,0xB0,0xE2,0x03,0xE9,0x24,0x3C,0xF7,0xFF,0xD5,0x2E,0x27,0xFB,0x56,0x5E,0xF7,  //0x5730~0x573f      .....$<....'.V^.
0x8D,0xAD,0x2E,0x47,0xFE,0x2E,0x94,0x91,0x3C,0x13,0xFF,0xD7,0xE8,0x02,0x92,0x21,  //0x5740~0x574f      ...G....<......!
0x44,0x04,0x09,0x60,0x88,0x40,0x84,0x00,0x96,0x4B,0x80,0xA0,0xD4,0x10,0x2A,0xF1,  //0x5750~0x575f      D..`.@...K....*.
0x00,0x01,0xE0,0x2F,0xE8,0x06,0x8C,0x01,0x96,0x00,0xE2,0x03,0xE9,0x05,0xD5,0x09,  //0x5760~0x576f      .../............
0xE2,0x03,0xE8,0x02,0x84,0x00,0x8C,0xA1,0x97,0x68,0xD5,0xF1,0x84,0x00,0xDD,0x9E,  //0x5770~0x577f      .........h......
0x84,0x01,0xDD,0x9E,0x44,0x21,0x05,0x80,0xA4,0x16,0xA4,0x57,0x88,0x20,0x44,0x00,  //0x5780~0x578f      ....D!.....W..D.
0xFC,0x00,0x00,0x20,0x02,0xB0,0x00,0x00,0x02,0xB1,0x96,0x49,0x40,0xF0,0x20,0x08,  //0x5790~0x579f      ...........I@...
0x40,0xF7,0x88,0x04,0xE2,0x2F,0x56,0x07,0x80,0x01,0xDD,0x9E,0x3C,0x03,0xFF,0xF1,  //0x57a0~0x57af      @..../V.....<...
0x2E,0x17,0xFF,0xEC,0x92,0x0B,0x96,0x06,0x5A,0x18,0x01,0x34,0xFC,0x00,0xC0,0x12,  //0x57b0~0x57bf      ........Z..4....
0x2E,0x07,0xF8,0xD5,0x5A,0x08,0x01,0x0F,0x3C,0x17,0xFF,0xD5,0x3C,0x03,0xFE,0xDB,  //0x57c0~0x57cf      ....Z...<...<...
0xE0,0x20,0xE9,0x1C,0x3C,0x17,0xFF,0xDC,0x3C,0xF7,0xFE,0xDF,0xE0,0x2F,0xE9,0x16,  //0x57d0~0x57df      ....<...<..../..
0xD5,0x0A,0x49,0xFF,0xFF,0xD1,0x80,0xC0,0x49,0xFF,0xFF,0xA1,0xFE,0x36,0x96,0x00,  //0x57e0~0x57ef      ..I.....I....6..
0x5A,0x08,0x01,0x0E,0x2E,0x07,0xF8,0xDD,0x2E,0x17,0xF8,0xDC,0x40,0x00,0x20,0x08,  //0x57f0~0x57ff      Z...........@...
0xFE,0x0F,0x3C,0x0B,0xFD,0x9D,0x84,0x01,0xD5,0x02,0x84,0x00,0x2E,0x17,0xFF,0xE3,  //0x5800~0x580f      ..<.............
0x96,0x06,0x94,0x03,0x54,0x10,0x80,0xF7,0xFE,0x0F,0x3E,0x07,0xFF,0xE3,0xFC,0x80,  //0x5810~0x581f      ....T.....>.....
0xDD,0x9E,0xFC,0x00,0x2E,0x07,0xF7,0x9C,0xC8,0x03,0x49,0xFF,0xF8,0x8A,0x49,0xFF,  //0x5820~0x582f      ..........I...I.
0xFA,0x05,0xFC,0x80,0xFC,0x05,0x2E,0x07,0xFE,0x2D,0x2E,0x67,0xFE,0x2C,0x88,0xC0,  //0x5830~0x583f      .........-.g.,..
0x2E,0x07,0xFF,0x7C,0x97,0xB0,0x5A,0x08,0x01,0x41,0x44,0x04,0x08,0xF4,0xB6,0x1F,  //0x5840~0x584f      ...|..Z..AD.....
0x44,0x04,0x08,0x88,0xF0,0x81,0x44,0x04,0x09,0x60,0xF0,0x82,0x84,0x00,0x10,0x0F,  //0x5850~0x585f      D.....D..`......
0x80,0x0E,0x3C,0x03,0xFF,0xD7,0x12,0x6F,0x80,0x06,0x12,0x0F,0x80,0x09,0xFE,0x02,  //0x5860~0x586f      ..<....o........
0x12,0x0F,0x80,0x0A,0x80,0x1F,0x49,0x00,0x07,0xC1,0x80,0x1F,0x49,0x00,0x07,0xD5,  //0x5870~0x587f      ......I.....I...
0x02,0x0F,0x80,0x0D,0x3C,0x0B,0xFF,0xD5,0x02,0x0F,0x80,0x0E,0x3C,0x0B,0xFF,0xD4,  //0x5880~0x588f      ....<.......<...
0x02,0x0F,0x80,0x0B,0x3E,0x07,0xFF,0xB0,0x02,0x0F,0x80,0x0C,0x02,0x1F,0x80,0x06,  //0x5890~0x589f      ....>...........
0x3E,0x07,0xFF,0xB1,0xF0,0x09,0x40,0x00,0x04,0x16,0x3C,0x0B,0xFF,0xD6,0x44,0x04,  //0x58a0~0x58af      >.....@...<...D.
0x0A,0x38,0xB6,0x1F,0x44,0x04,0x09,0xCC,0xF0,0x81,0x44,0x04,0x0A,0xA4,0xF0,0x82,  //0x58b0~0x58bf      .8..D.....D.....
0x80,0x1F,0x49,0x00,0x07,0x9B,0xFC,0x85,0x97,0xB1,0x80,0x46,0x44,0x04,0x09,0x60,  //0x58c0~0x58cf      ..I........FD..`
0x44,0x14,0x08,0xF4,0x49,0x00,0x07,0xE4,0x44,0x04,0x0A,0xA4,0x44,0x14,0x0A,0x38,  //0x58d0~0x58df      D...I...D...D..8
0x80,0x46,0x49,0x00,0x07,0xDD,0xFC,0x85,0xFC,0x05,0x2E,0x07,0xFF,0xA4,0x2E,0x37,  //0x58e0~0x58ef      .FI............7
0xFE,0x2D,0x2E,0x27,0xFE,0x2C,0x44,0x14,0x02,0xD8,0x5A,0x08,0x01,0x39,0xB6,0x3F,  //0x58f0~0x58ff      .-.'.,D...Z..9.?
0x44,0x14,0x00,0x00,0xF1,0x81,0x10,0x0F,0x80,0x0E,0x44,0x14,0x05,0xB0,0xF1,0x82,  //0x5900~0x590f      D.........D.....
0x2E,0x07,0xF8,0xD7,0x2E,0x17,0xF8,0xD6,0x40,0x00,0x20,0x08,0xFE,0x0F,0x12,0x0F,  //0x5910~0x591f      ........@.......
0x80,0x09,0xFE,0x02,0xFE,0x9C,0x12,0x0F,0x80,0x0A,0x80,0x1F,0x12,0x2F,0x80,0x06,  //0x5920~0x592f      ............./..
0x49,0x00,0x07,0x64,0x80,0x1F,0x49,0x00,0x07,0x78,0x02,0x0F,0x80,0x0B,0x3C,0x0B,  //0x5930~0x593f      I..d..I..x....<.
0xFF,0xDA,0x02,0x0F,0x80,0x0C,0x3C,0x0B,0xFF,0xDB,0x02,0x0F,0x80,0x0D,0x3C,0x0B,  //0x5940~0x594f      ......<.......<.
0xFF,0xDC,0x02,0x0F,0x80,0x0E,0x3C,0x0B,0xFF,0xDD,0x02,0x0F,0x80,0x0F,0x3C,0x0B,  //0x5950~0x595f      ......<.......<.
0xFF,0xDE,0x02,0x0F,0x80,0x10,0x3C,0x0B,0xFF,0xDF,0xFC,0x85,0x44,0x04,0x05,0xB0,  //0x5960~0x596f      ......<.....D...
0xFE,0x9C,0x49,0x00,0x07,0x95,0xFC,0x85,0x2E,0x07,0xFF,0x9C,0xC0,0x3E,0xFC,0x40,  //0x5970~0x597f      ..I..........>.@
0x2E,0x07,0xFB,0x54,0x2E,0x27,0xFE,0x2D,0x44,0x14,0x0B,0x10,0x5A,0x00,0x01,0x1C,  //0x5980~0x598f      ...T.'.-D...Z...
0x95,0x91,0x84,0xA0,0x44,0x7B,0xF4,0xF8,0x44,0x91,0x03,0xB4,0xD2,0x1D,0x80,0x81,  //0x5990~0x599f      ....D{..D.......
0x0A,0x32,0x00,0x01,0x98,0x26,0x02,0x00,0x7F,0xFF,0xE2,0x60,0xE9,0x03,0x9A,0x18,  //0x59a0~0x59af      .2...&.....`....
0xD5,0x02,0x8A,0x03,0x88,0x27,0x96,0x03,0x8C,0xA1,0x38,0x04,0x84,0x09,0x97,0x68,  //0x59b0~0x59bf      .....'....8....h
0x80,0x24,0xD5,0xED,0x44,0x01,0x03,0xBC,0x94,0x91,0x49,0x00,0x1A,0x33,0x84,0x00,  //0x59c0~0x59cf      .$..D.....I..3..
0x3C,0x0B,0xFE,0xF1,0xFC,0xC0,0x84,0x20,0x80,0x01,0x44,0x41,0x03,0xB4,0x96,0xC8,  //0x59d0~0x59df      <.........DA....
0xE2,0x62,0xE8,0xF7,0x94,0xC9,0x88,0x64,0x22,0x31,0x80,0x04,0x8C,0x21,0xE0,0x60,  //0x59e0~0x59ef      .b.....d"1...!.`
0x40,0x30,0x3C,0x1B,0x80,0x03,0xD5,0xF4,0xDD,0x9E,0xFC,0x41,0x44,0x64,0x00,0x00,  //0x59f0~0x59ff      @0<........ADd..
0x00,0x03,0x15,0x69,0x02,0x73,0x0A,0xB2,0x02,0xA3,0x0A,0xB3,0x00,0x83,0x15,0x68,  //0x5a00~0x5a0f      ...i.s.........h
0xB6,0x1F,0x2E,0x07,0xF7,0x45,0x3C,0x93,0xFF,0xC8,0xC0,0x46,0x49,0xFF,0xF8,0xFA,  //0x5a10~0x5a1f      .....E<....FI...
0x00,0x03,0x15,0x6A,0x5A,0x08,0xAA,0x41,0x44,0x04,0x15,0x6C,0x84,0x20,0x44,0x20,  //0x5a20~0x5a2f      ...jZ..AD..l..D.
0x01,0x90,0x49,0x00,0x1A,0x25,0x84,0xC0,0xE2,0xEA,0xE8,0x2E,0x87,0x80,0x3C,0x7B,  //0x5a30~0x5a3f      ..I..%........<{
0xFF,0xC8,0x80,0xBC,0xB4,0x1F,0xD0,0x18,0xF5,0x81,0x49,0xFF,0xF8,0x0E,0x49,0x00,  //0x5a40~0x5a4f      ..........I...I.
0x07,0x84,0x49,0x00,0x07,0x93,0x44,0x04,0x0B,0x10,0x49,0xFF,0xF8,0x68,0x49,0xFF,  //0x5a50~0x5a5f      ..I...D...I..hI.
0xFF,0x8D,0x3C,0x07,0xFE,0xF1,0xF5,0x01,0x40,0xFE,0x00,0x07,0x8C,0xA1,0x41,0xC0,  //0x5a60~0x5a6f      ..<.....@.....A.
0x3C,0x1B,0x97,0x68,0xD5,0xE8,0x5C,0xF3,0x00,0xC8,0xE8,0x0B,0x9C,0x31,0x50,0x63,  //0x5a70~0x5a7f      <..h.........1Pc
0x0A,0xB4,0x95,0xB1,0x44,0x24,0x00,0x00,0x88,0xC2,0x13,0xC3,0x00,0x02,0x97,0x80,  //0x5a80~0x5a8f      ....D$..........
0x88,0xE8,0x97,0xF9,0xD5,0xD2,0x44,0x10,0x00,0x55,0x44,0x04,0x00,0x00,0x10,0x10,  //0x5a90~0x5a9f      ......D..UD.....
0x15,0x6A,0x3C,0x9B,0xFF,0xC8,0xFC,0xC1,0xFC,0x20,0x80,0xE0,0x49,0xFF,0xF8,0xB2,  //0x5aa0~0x5aaf      .j<.........I...
0x49,0xFF,0xD4,0xD2,0x84,0x00,0x3E,0x07,0xFF,0xB2,0x3E,0x07,0xFF,0xC0,0x2E,0x07,  //0x5ab0~0x5abf      I.....>...>.....
0xFF,0xC4,0xC8,0x0A,0x49,0xFF,0xE2,0x35,0x80,0xC0,0xC8,0x06,0x5A,0x78,0x01,0x2B,  //0x5ac0~0x5acf      ....I..5....Zx.+
0x49,0xFF,0xF8,0x6E,0xD5,0x27,0x2E,0x00,0x03,0xA8,0xC8,0x0A,0x2E,0x67,0xFD,0x83,  //0x5ad0~0x5adf      I..n.'.......g..
0xCE,0x07,0x49,0xFF,0xFC,0xCD,0x84,0x01,0x3E,0x00,0x03,0xA8,0xD5,0x1B,0x84,0xC1,  //0x5ae0~0x5aef      ..I.....>.......
0x49,0xFF,0xFE,0xA2,0x3E,0x67,0xFF,0xB2,0x49,0xFF,0xFD,0x03,0x49,0xFF,0xFE,0xF6,  //0x5af0~0x5aff      I...>g..I...I...
0x49,0xFF,0xFF,0x3C,0x49,0xFF,0xFF,0x7B,0x3E,0x67,0xFF,0xC0,0x49,0xFF,0xFD,0x3A,  //0x5b00~0x5b0f      I..<I..{>g..I..:
0x5A,0x78,0x01,0x04,0x49,0xFF,0xF8,0x4C,0x49,0xFF,0xFC,0xA4,0x84,0xC0,0x40,0x63,  //0x5b10~0x5b1f      Zx..I..LI.....@c
0x00,0x06,0x80,0x06,0xFC,0xA0,0xFC,0x20,0xC9,0x1D,0x2E,0x27,0xFD,0x99,0x2E,0x47,  //0x5b20~0x5b2f      ...........'...G
0xFD,0x98,0x40,0x21,0x20,0x08,0xFE,0xA7,0x8E,0x48,0x96,0xD1,0x2E,0x27,0xF6,0x97,  //0x5b30~0x5b3f      ..@!.....H...'..
0x2E,0x47,0xF6,0x96,0x40,0x21,0x20,0x08,0xFE,0xA7,0x2E,0x47,0xFD,0x9A,0xAF,0x00,  //0x5b40~0x5b4f      .G..@!.....G....
0x2E,0x47,0xFD,0x9B,0xAF,0x01,0x2E,0x47,0xFD,0x93,0xAD,0x01,0x2E,0x47,0xFD,0x95,  //0x5b50~0x5b5f      .G.....G.....G..
0xD5,0x1C,0x2E,0x27,0xFD,0x97,0x2E,0x47,0xFD,0x96,0x40,0x21,0x20,0x08,0xFE,0xA7,  //0x5b60~0x5b6f      ...'...G..@!....
0x8E,0x48,0x96,0xD1,0x2E,0x27,0xF6,0x99,0x2E,0x47,0xF6,0x98,0x40,0x21,0x20,0x08,  //0x5b70~0x5b7f      .H...'...G..@!..
0xFE,0xA7,0x2E,0x47,0xFD,0x9C,0xAF,0x00,0x2E,0x47,0xFD,0x9D,0xAF,0x01,0x2E,0x47,  //0x5b80~0x5b8f      ...G.....G.....G
0xFD,0x92,0xAD,0x01,0x2E,0x47,0xFD,0x94,0xAD,0x02,0xA5,0xC1,0xA5,0x82,0x42,0x41,  //0x5b90~0x5b9f      .....G........BA
0x1C,0x24,0x40,0x42,0x0C,0x96,0x40,0x51,0x20,0x08,0xFE,0xB4,0x40,0x21,0x0C,0x56,  //0x5ba0~0x5baf      .$@B..@Q....@!.V
0xAD,0x03,0x97,0x21,0x40,0x52,0x8C,0xB6,0xAC,0x84,0x40,0x32,0x20,0x08,0x96,0x91,  //0x5bb0~0x5bbf      ...!@R....@2....
0x40,0x43,0x84,0x09,0x40,0x41,0x90,0x96,0x40,0x31,0x20,0x08,0x40,0x23,0x04,0x09,  //0x5bc0~0x5bcf      @C..@A..@1..@#..
0x40,0x21,0x88,0x56,0x97,0x69,0x97,0x21,0x96,0x91,0xAD,0x45,0xAD,0x46,0xAD,0x07,  //0x5bd0~0x5bdf      @!.V.i.!...E.F..
0x12,0x20,0x00,0x08,0xC9,0x21,0x2E,0x17,0xFD,0x9F,0x2E,0x37,0xFD,0x9E,0x40,0x10,  //0x5be0~0x5bef      .....!.....7..@.
0xA0,0x08,0xFE,0x5F,0x88,0x25,0xAC,0x45,0x2E,0x17,0xFD,0xA1,0x2E,0x37,0xFD,0xA0,  //0x5bf0~0x5bff      ..._.%.E.....7..
0x40,0x10,0xA0,0x08,0xFE,0x5F,0x88,0xA1,0xAD,0x46,0x2E,0x17,0xFD,0xA3,0x2E,0x37,  //0x5c00~0x5c0f      @...._...F.....7
0xFD,0xA2,0x40,0x10,0xA0,0x08,0xFE,0x5F,0x88,0x81,0xAD,0x07,0x2E,0x37,0xFD,0xA4,  //0x5c10~0x5c1f      ..@...._.....7..
0x2E,0x17,0xFD,0xA5,0xD5,0x20,0x2E,0x17,0xFD,0xA7,0x2E,0x37,0xFD,0xA6,0x40,0x10,  //0x5c20~0x5c2f      ...........7..@.
0xA0,0x08,0xFE,0x5F,0x88,0x25,0xAC,0x45,0x2E,0x17,0xFD,0xA9,0x2E,0x37,0xFD,0xA8,  //0x5c30~0x5c3f      ..._.%.E.....7..
0x40,0x10,0xA0,0x08,0xFE,0x5F,0x88,0xA1,0xAD,0x46,0x2E,0x17,0xFD,0xAB,0x2E,0x37,  //0x5c40~0x5c4f      @...._...F.....7
0xFD,0xAA,0x40,0x10,0xA0,0x08,0xFE,0x5F,0x88,0x81,0xAD,0x07,0x2E,0x37,0xFD,0xAC,  //0x5c50~0x5c5f      ..@...._.....7..
0x2E,0x17,0xFD,0xAD,0x40,0x10,0xA0,0x08,0xFE,0x5F,0x88,0x41,0x12,0x20,0x00,0x08,  //0x5c60~0x5c6f      ....@...._.A....
0xFC,0xA0,0xA5,0x40,0xA5,0x09,0xE2,0x85,0xE9,0x12,0xA4,0xCF,0x9A,0xA5,0xFE,0x9C,  //0x5c70~0x5c7f      ...@............
0x90,0x48,0xA4,0xCB,0x96,0x91,0xE2,0x62,0x40,0x21,0xBC,0x1B,0xA6,0x48,0x9A,0x9A,  //0x5c80~0x5c8f      .H.....b@!...H..
0x96,0x91,0xE2,0x41,0x40,0x20,0xBC,0x1B,0xAC,0x80,0xDD,0x9E,0xFC,0x00,0xA5,0x0A,  //0x5c90~0x5c9f      ...A@...........
0x9B,0x94,0xE0,0xA6,0xE9,0x15,0x9A,0xA2,0x88,0x45,0x02,0x50,0x80,0x08,0xA5,0x0C,  //0x5ca0~0x5caf      .........E.P....
0xFE,0xAC,0x90,0x48,0x96,0x91,0xE2,0x82,0x40,0x22,0x3C,0x1B,0xA6,0x49,0x9B,0x1C,  //0x5cb0~0x5cbf      ...H....@"<..I..
0x88,0x44,0x96,0x91,0x8A,0x61,0xE0,0x43,0xE9,0x23,0x8E,0x61,0xD5,0x20,0x92,0x41,  //0x5cc0~0x5ccf      .D...a.C.#.a...A
0xE2,0xA2,0x40,0x41,0x84,0x09,0xE8,0x11,0xA4,0xCD,0x8A,0x45,0xFE,0x9C,0x90,0x48,  //0x5cd0~0x5cdf      ..@A.......E...H
0x96,0xE1,0x96,0x91,0xE2,0x62,0x40,0x21,0xBC,0x1B,0xA4,0x4B,0x9A,0x9A,0x96,0x91,  //0x5ce0~0x5cef      .....b@!...K....
0xE2,0x41,0x40,0x20,0xBC,0x1B,0xD5,0x0C,0x9A,0xAA,0xA5,0x4E,0xA4,0x4C,0xFE,0xAC,  //0x5cf0~0x5cff      .A@........N.L..
0x90,0x48,0x88,0x44,0x96,0x91,0x8A,0x61,0xE0,0x62,0xE8,0x02,0x96,0x99,0xAC,0x80,  //0x5d00~0x5d0f      .H.D...a.b......
0xFC,0x80,0x2E,0x17,0xFF,0xEE,0x5A,0x18,0x01,0x0C,0xFA,0x46,0x44,0x11,0x05,0xB4,  //0x5d10~0x5d1f      ......Z....FD...
0x42,0x10,0x08,0x73,0x50,0x10,0x82,0xE0,0xA6,0x0A,0xA7,0x4B,0xD8,0x02,0x84,0x02,  //0x5d20~0x5d2f      B..sP......K....
0xDD,0x9E,0xFC,0x43,0x2E,0x17,0xFF,0xE7,0x44,0x71,0x05,0xB4,0xC1,0x64,0x50,0x60,  //0x5d30~0x5d3f      ...C....Dq...dP`
0x00,0x28,0x81,0x20,0x94,0x33,0x88,0x07,0xA6,0x06,0x49,0xFF,0xF6,0x16,0x5A,0x08,  //0x5d40~0x5d4f      .(...3....I...Z.
0x01,0x1C,0x80,0x09,0x49,0xFF,0xFF,0xDF,0x5A,0x08,0x02,0x17,0x94,0x33,0x40,0x93,  //0x5d50~0x5d5f      ....I...Z....3@.
0x80,0x00,0x38,0x13,0x9B,0x01,0x00,0x04,0x80,0x06,0x49,0xFF,0xF6,0x1E,0x38,0x03,  //0x5d60~0x5d6f      ..8.......I...8.
0x9B,0x09,0x2E,0x07,0xF7,0xB0,0x2E,0x17,0xF7,0xAF,0x40,0x00,0x20,0x08,0xFE,0x0F,  //0x5d70~0x5d7f      ..........@.....
0x12,0x04,0x80,0x01,0xFC,0xC3,0x94,0x33,0x88,0x07,0xA6,0x06,0x49,0xFF,0xF5,0xF5,  //0x5d80~0x5d8f      .......3....I...
0xC8,0x05,0x80,0x09,0x49,0xFF,0xFF,0xBF,0xC0,0xE2,0x2E,0x37,0xF6,0x97,0x2E,0x27,  //0x5d90~0x5d9f      ....I......7...'
0xFD,0x99,0x40,0x91,0xA0,0x08,0x2E,0x37,0xF6,0x96,0x2E,0x07,0xFD,0x98,0x40,0xA1,  //0x5da0~0x5daf      ..@....7......@.
0x20,0x08,0x95,0xB3,0x40,0x94,0x8C,0x04,0x88,0xC7,0x40,0xA5,0x00,0x04,0x84,0x20,  //0x5db0~0x5dbf      ....@.....@.....
0xB0,0x01,0x49,0xFF,0xFE,0xB2,0x80,0x69,0x80,0x06,0xB0,0x41,0x80,0x4A,0x49,0xFF,  //0x5dc0~0x5dcf      ..I....i...A.JI.
0xFF,0x52,0x2E,0x77,0xF6,0x99,0x2E,0x07,0xF6,0x98,0x2E,0x27,0xFD,0x97,0x40,0x73,  //0x5dd0~0x5ddf      .R.w.......'..@s
0xA0,0x08,0xFF,0xC7,0x2E,0x07,0xFD,0x96,0x40,0x91,0x20,0x08,0x40,0x94,0x80,0x04,  //0x5de0~0x5def      ........@...@...
0x84,0x21,0xB0,0x01,0x49,0xFF,0xFE,0x99,0x9C,0x32,0xB0,0x41,0x80,0x49,0x80,0x67,  //0x5df0~0x5dff      .!..I....2.A.I.g
0x49,0xFF,0xFF,0x39,0xFC,0xC3,0xFC,0x40,0x84,0xC0,0x2E,0x77,0xF8,0x7E,0x44,0x91,  //0x5e00~0x5e0f      I..9...@...w.~D.
0x05,0xB4,0xE2,0xC7,0xE8,0x0E,0x50,0x03,0x00,0x28,0x94,0x03,0x88,0x09,0xA6,0x05,  //0x5e10~0x5e1f      ......P..(......
0xE6,0x03,0xE8,0x04,0x80,0x06,0x49,0xFF,0xFF,0x86,0x8C,0xC1,0x97,0xB0,0xD5,0xF2,  //0x5e20~0x5e2f      ......I.........
0x49,0xFF,0xF7,0x0B,0xFC,0xC0,0x3C,0x1D,0xE3,0xF0,0xB4,0x01,0x58,0x00,0x00,0x01,  //0x5e30~0x5e3f      I.....<.....X...
0xB6,0x01,0xDD,0x9E,0x3C,0x1D,0xE3,0xF0,0xB4,0x01,0x58,0x00,0x00,0x02,0xB6,0x01,  //0x5e40~0x5e4f      ....<.....X.....
0xDD,0x9E,0xFC,0x01,0x3C,0x13,0xC7,0xBC,0xB0,0xC1,0x12,0x1F,0x80,0x02,0x3C,0x2D,  //0x5e50~0x5e5f      ....<.........<-
0xE3,0xF0,0xB4,0x22,0x92,0x22,0x96,0x5F,0x38,0x11,0x84,0x00,0xB4,0x62,0x40,0x00,  //0x5e60~0x5e6f      ..."."._8....b@.
0x04,0x0D,0x40,0x00,0x30,0x08,0x40,0x10,0x10,0x09,0x46,0x0F,0x00,0x00,0x50,0x00,  //0x5e70~0x5e7f      ..@.0.@...F...P.
0x00,0xFF,0xFE,0x1E,0xFE,0x0F,0xB6,0x02,0xB4,0x02,0x58,0x00,0x00,0x40,0xB6,0x02,  //0x5e80~0x5e8f      ..........X..@..
0xB4,0x22,0x44,0x0F,0xFF,0xBF,0xFE,0x0E,0xB6,0x02,0xFC,0x81,0x3C,0x0D,0xE3,0xF0,  //0x5e90~0x5e9f      ."D.........<...
0xB4,0x20,0x58,0x10,0x80,0x80,0xB6,0x20,0xB4,0x40,0x44,0x1F,0xFF,0x7F,0xFE,0x56,  //0x5ea0~0x5eaf      ..X......@D....V
0xB6,0x20,0xDD,0x9E,0x84,0xA0,0xD0,0x5A,0x40,0x00,0x00,0x09,0x40,0x00,0x00,0x09,  //0x5eb0~0x5ebf      .......Z@...@...
0x40,0x00,0x00,0x09,0x40,0x00,0x00,0x09,0x40,0x00,0x00,0x09,0x40,0x00,0x00,0x09,  //0x5ec0~0x5ecf      @...@...@...@...
0x40,0x00,0x00,0x09,0x40,0x00,0x00,0x09,0x40,0x00,0x00,0x09,0x40,0x00,0x00,0x09,  //0x5ed0~0x5edf      @...@...@...@...
0x40,0x00,0x00,0x09,0x40,0x00,0x00,0x09,0x40,0x00,0x00,0x09,0x40,0x00,0x00,0x09,  //0x5ee0~0x5eef      @...@...@...@...
0x40,0x00,0x00,0x09,0x40,0x00,0x00,0x09,0x40,0x00,0x00,0x09,0x40,0x00,0x00,0x09,  //0x5ef0~0x5eff      @...@...@...@...
0x40,0x00,0x00,0x09,0x40,0x00,0x00,0x09,0x40,0x00,0x00,0x09,0x40,0x00,0x00,0x09,  //0x5f00~0x5f0f      @...@...@...@...
0x40,0x00,0x00,0x09,0x40,0x00,0x00,0x09,0x40,0x00,0x00,0x09,0x40,0x00,0x00,0x09,  //0x5f10~0x5f1f      @...@...@...@...
0x40,0x00,0x00,0x09,0x40,0x00,0x00,0x09,0x40,0x00,0x00,0x09,0x40,0x00,0x00,0x09,  //0x5f20~0x5f2f      @...@...@...@...
0x40,0x00,0x00,0x09,0x40,0x00,0x00,0x09,0x40,0x00,0x00,0x09,0x40,0x00,0x00,0x09,  //0x5f30~0x5f3f      @...@...@...@...
0x40,0x00,0x00,0x09,0x40,0x00,0x00,0x09,0x40,0x00,0x00,0x09,0x40,0x00,0x00,0x09,  //0x5f40~0x5f4f      @...@...@...@...
0x40,0x00,0x00,0x09,0x40,0x00,0x00,0x09,0x40,0x00,0x00,0x09,0x40,0x00,0x00,0x09,  //0x5f50~0x5f5f      @...@...@...@...
0x40,0x00,0x00,0x09,0x8C,0xA1,0x97,0x69,0xD5,0xA7,0xDD,0x9E,0xFC,0x00,0x3C,0x0D,  //0x5f60~0x5f6f      @......i......<.
0xFF,0x57,0x44,0x10,0x03,0xE8,0x40,0x00,0x04,0x17,0x3C,0x2D,0xE3,0xF0,0x3C,0x0F,  //0x5f70~0x5f7f      .WD...@...<-..<.
0xFF,0x48,0xB4,0x62,0x44,0x1F,0xFF,0xC3,0xFE,0x5E,0xB6,0x22,0x49,0xFF,0xFF,0x63,  //0x5f80~0x5f8f      .H.bD....^."I..c
0x64,0x03,0x60,0x02,0x58,0x00,0x00,0x0C,0x64,0x03,0x60,0x03,0x64,0x00,0x00,0x08,  //0x5f90~0x5f9f      d.`.X...d.`.d...
0x64,0x03,0x00,0x02,0x58,0x00,0x00,0x02,0x64,0x03,0x00,0x03,0x64,0x00,0x00,0x08,  //0x5fa0~0x5faf      d...X...d...d...
0x49,0xFF,0xFF,0x76,0x49,0xFF,0xFF,0x48,0x49,0xFF,0xFF,0x3F,0xFC,0x80,0xFC,0x00,  //0x5fb0~0x5fbf      I..vI..HI..?....
0x64,0x12,0x00,0x43,0x64,0x00,0x00,0x08,0x49,0xFF,0xFF,0x6A,0x3C,0x0D,0xFF,0x47,  //0x5fc0~0x5fcf      d..Cd...I..j<..G
0xC0,0x02,0xDD,0x20,0x3C,0x0D,0xFF,0x46,0xC0,0x02,0xDD,0x20,0x3C,0x0D,0xFF,0x56,  //0x5fd0~0x5fdf      ....<..F....<..V
0x8C,0x01,0x3C,0x0F,0xFF,0x56,0xFC,0x80,0x3C,0x0D,0xE3,0xF4,0xA0,0x43,0x58,0x10,  //0x5fe0~0x5fef      ..<..V..<....CX.
0x80,0x08,0xA8,0x43,0xA0,0x83,0x84,0x37,0xFE,0x56,0xA8,0x43,0xA0,0x43,0x58,0x10,  //0x5ff0~0x5fff      ...C...7.V.C.CX.
0x80,0x10,0xA8,0x43,0xA0,0x83,0x44,0x1F,0xFF,0xEF,0xFE,0x56,0xA8,0x43,0xA0,0x43,  //0x6000~0x600f      ...C..D....V.C.C
0x58,0x10,0x80,0x20,0xA8,0x43,0xA0,0x83,0x44,0x1F,0xFF,0xDF,0xFE,0x56,0xA8,0x43,  //0x6010~0x601f      X....C..D....V.C
0x84,0x20,0xA8,0x45,0xDD,0x9E,0xFC,0x00,0x44,0x01,0x00,0x34,0x44,0x10,0xFC,0x63,  //0x6020~0x602f      ...E....D..4D..c
0x84,0x46,0x49,0x00,0x16,0xFF,0x2E,0x07,0xF6,0x4B,0x5A,0x00,0xAA,0x04,0x48,0x00,  //0x6030~0x603f      .FI......KZ...H.
0x00,0xBA,0x2E,0x07,0xF6,0x4C,0x5A,0x00,0x55,0x04,0x48,0x00,0x00,0xB4,0x2E,0x57,  //0x6040~0x604f      .....LZ.U.H....W
0xF6,0x9E,0x3C,0x0D,0xE3,0xF4,0x2E,0x17,0xF6,0x8B,0x44,0x6F,0x80,0xFF,0x54,0x20,  //0x6050~0x605f      ..<.......Do..T.
0x80,0x7F,0xA0,0x41,0x46,0x4F,0xF8,0x0F,0x92,0x27,0x94,0x4F,0xFE,0x57,0xA8,0x41,  //0x6060~0x606f      ...AFO...'.O.W.A
0xA0,0x41,0x50,0x42,0x0F,0xFF,0x58,0x10,0x80,0x80,0xA8,0x41,0x2E,0x17,0xF6,0x8C,  //0x6070~0x607f      .APB..X....A....
0x96,0x77,0x40,0x20,0xA0,0x08,0xA0,0x41,0xFE,0x76,0xFE,0x57,0xA8,0x41,0xA0,0x81,  //0x6080~0x608f      .w@....A.v.W.A..
0x44,0x10,0x80,0x00,0xFE,0x57,0xA8,0x41,0x2E,0x27,0xF6,0x8D,0x46,0x10,0x08,0x00,  //0x6090~0x609f      D....W.A.'..F...
0x96,0xB7,0x40,0x31,0x40,0x08,0xA0,0x81,0xFE,0xA6,0xFE,0x9F,0xA8,0x81,0xA0,0x81,  //0x60a0~0x60af      ..@1@...........
0xFE,0x57,0xA8,0x41,0x5A,0x58,0x02,0x05,0xA0,0x81,0x92,0x48,0xD5,0x0C,0x5A,0x50,  //0x60b0~0x60bf      .W.AZX.....H..ZP
0x03,0x12,0xA0,0xC1,0xA0,0x81,0x96,0xF7,0x40,0x31,0xA0,0x08,0xFE,0xB6,0xFE,0x9F,  //0x60c0~0x60cf      ........@1......
0xA8,0x81,0xA0,0x81,0xA0,0x41,0x96,0xB7,0x40,0x21,0x40,0x08,0xFE,0x66,0xFE,0x57,  //0x60d0~0x60df      .....A..@!@..f.W
0xA8,0x41,0x2E,0x27,0xF6,0x9F,0x5A,0x28,0x02,0x17,0xA0,0x42,0x92,0x27,0x94,0x4F,  //0x60e0~0x60ef      .A.'..Z(...B.'.O
0x58,0x10,0x80,0x2C,0xA8,0x42,0xA0,0x42,0x58,0x10,0x80,0x80,0xA8,0x42,0x2E,0x17,  //0x60f0~0x60ff      X..,.B.BX....B..
0xF6,0x8F,0xA0,0xC2,0x96,0x77,0x40,0x20,0xA0,0x08,0x44,0x1F,0x80,0xFF,0xFE,0x5E,  //0x6100~0x610f      .....w@...D....^
0xFE,0x57,0xD5,0x15,0x2E,0x17,0xF6,0x8E,0x96,0x77,0x5A,0x28,0x03,0x23,0xA0,0x82,  //0x6110~0x611f      .W.......wZ(.#..
0x92,0x47,0x94,0x97,0xFE,0x57,0xA8,0x42,0xA0,0x42,0x58,0x10,0x80,0x80,0xA8,0x42,  //0x6120~0x612f      .G...W.B.BX....B
0xA0,0x82,0x44,0x1F,0x80,0xFF,0xFE,0x56,0x58,0x10,0xBD,0x00,0xA8,0x42,0xA0,0x82,  //0x6130~0x613f      ..D....VX....B..
0x44,0x10,0x80,0x00,0xFE,0x57,0xA8,0x42,0x2E,0x17,0xF6,0x90,0xA0,0xC2,0x96,0x77,  //0x6140~0x614f      D....W.B.......w
0x40,0x20,0xC0,0x08,0x46,0x1F,0xF8,0x0F,0x50,0x10,0x8F,0xFF,0xFE,0x5E,0xD5,0x22,  //0x6150~0x615f      @...F...P....^."
0xA0,0x82,0x92,0x47,0x94,0x97,0xFE,0x57,0xA8,0x42,0xA0,0x42,0x58,0x10,0x80,0x80,  //0x6160~0x616f      ...G...W.B.BX...
0xA8,0x42,0x2E,0x17,0xF6,0x8F,0xA0,0xC2,0x96,0x77,0x40,0x20,0xA0,0x08,0x44,0x1F,  //0x6170~0x617f      .B.......w@...D.
0x80,0xFF,0xFE,0x5E,0xFE,0x57,0xA8,0x42,0xA0,0x82,0x44,0x10,0x80,0x00,0xFE,0x57,  //0x6180~0x618f      ...^.W.B..D....W
0xA8,0x42,0xA0,0x82,0x46,0x1F,0xF8,0x0F,0x50,0x10,0x8F,0xFF,0xFE,0x56,0x46,0x20,  //0x6190~0x619f      .B..F...P....VF.
0x04,0xE0,0xFE,0x57,0xA8,0x42,0xA0,0x82,0x46,0x10,0x08,0x00,0xFE,0x57,0xA8,0x42,  //0x61a0~0x61af      ...W.B..F....W.B
0xFC,0x80,0xFC,0x80,0x3C,0x0D,0xE3,0xF4,0xB4,0x20,0x92,0x22,0x96,0x46,0xC1,0x10,  //0x61b0~0x61bf      ....<......".F..
0xA0,0x43,0x58,0x10,0x80,0x20,0xA8,0x43,0xA0,0x83,0x44,0x1F,0xFF,0xDF,0xFE,0x56,  //0x61c0~0x61cf      .CX....C..D....V
0xA8,0x43,0x3C,0x0D,0xFF,0x49,0xC0,0x04,0xFC,0x00,0xDD,0x20,0xFC,0x80,0xDD,0x9E,  //0x61d0~0x61df      .C<..I..........
0x3C,0x0D,0xE3,0xF4,0xB4,0x20,0x92,0x21,0x96,0x46,0xC1,0x10,0xA0,0x43,0x58,0x10,  //0x61e0~0x61ef      <......!.F...CX.
0x80,0x10,0xA8,0x43,0xA0,0x83,0x44,0x1F,0xFF,0xEF,0xFE,0x56,0xA8,0x43,0x3C,0x0D,  //0x61f0~0x61ff      ...C..D....V.C<.
0xFF,0x4A,0xC0,0x04,0xFC,0x00,0xDD,0x20,0xFC,0x80,0xDD,0x9E,0x3C,0x0D,0xE3,0xF4,  //0x6200~0x620f      .J..........<...
0xB4,0x20,0x96,0x46,0xC1,0x0F,0xA0,0x43,0x58,0x10,0x80,0x08,0xA8,0x43,0xA0,0x83,  //0x6210~0x621f      ...F...CX....C..
0x84,0x37,0xFE,0x56,0xA8,0x43,0x3C,0x0D,0xFF,0x4B,0xC0,0x04,0xFC,0x00,0xDD,0x20,  //0x6220~0x622f      .7.V.C<..K......
0xFC,0x80,0xDD,0x9E,0xFC,0x00,0x44,0x00,0x00,0x40,0x49,0x00,0x10,0xC6,0x84,0x01,  //0x6230~0x623f      ......D..@I.....
0x84,0x22,0x49,0x00,0x11,0xDB,0x49,0xFF,0xFE,0xD1,0x49,0xFF,0xFE,0xEE,0x64,0x03,  //0x6240~0x624f      ."I...I...I...d.
0x60,0x02,0x44,0x1F,0xF3,0xFF,0xFE,0x0E,0x58,0x00,0x04,0x00,0x64,0x03,0x60,0x03,  //0x6250~0x625f      `.D.....X...d.`.
0x64,0x00,0x00,0x08,0x64,0x03,0x60,0x02,0x44,0x1F,0xFC,0xFF,0xFE,0x0E,0x58,0x00,  //0x6260~0x626f      d...d.`.D.....X.
0x01,0x00,0x64,0x03,0x60,0x03,0x64,0x00,0x00,0x08,0x64,0x03,0x60,0x02,0x44,0x1F,  //0x6270~0x627f      ..d.`.d...d.`.D.
0xCF,0xFF,0xFE,0x0E,0x58,0x00,0x10,0x00,0x64,0x03,0x60,0x03,0x64,0x00,0x00,0x08,  //0x6280~0x628f      ....X...d.`.d...
0x3C,0x0D,0xE3,0xF4,0xA0,0x43,0x58,0x10,0x80,0x02,0xA8,0x43,0x64,0x13,0x00,0x02,  //0x6290~0x629f      <....CX....Cd...
0x58,0x10,0x80,0x20,0x64,0x13,0x00,0x03,0x64,0x00,0x00,0x08,0xA0,0x43,0x58,0x10,  //0x62a0~0x62af      X...d...d....CX.
0x80,0x01,0xA8,0x43,0x64,0x13,0x00,0x02,0x58,0x10,0x80,0x10,0x64,0x13,0x00,0x03,  //0x62b0~0x62bf      ...Cd...X...d...
0x64,0x00,0x00,0x08,0xA0,0x43,0x58,0x10,0x80,0x04,0xA8,0x43,0x64,0x03,0x00,0x02,  //0x62c0~0x62cf      d....CX....Cd...
0x58,0x00,0x00,0x40,0x64,0x03,0x00,0x03,0x64,0x00,0x00,0x08,0xFC,0x80,0x3C,0x2D,  //0x62d0~0x62df      X..@d...d.....<-
0xE3,0xF6,0x96,0x01,0xA0,0x53,0x92,0x30,0x40,0x10,0xC0,0x08,0xA8,0x53,0xA0,0x53,  //0x62e0~0x62ef      .....S.0@....S.S
0xFE,0x47,0xA8,0x53,0xDD,0x9E,0x3C,0x1D,0xE3,0xF6,0x40,0x00,0x40,0x08,0xA0,0x8B,  //0x62f0~0x62ff      .G.S..<...@.@...
0x96,0x91,0xA8,0x8B,0xA0,0x8B,0xFE,0x87,0xA8,0x8B,0xDD,0x9E,0x40,0x00,0x3C,0x08,  //0x6300~0x630f      ............@.<.
0x92,0x10,0xDD,0x9E,0x3C,0x2D,0xE3,0xF6,0x96,0x06,0x40,0x10,0x5C,0x08,0xB4,0x62,  //0x6310~0x631f      ....<-....@....b
0x46,0x0F,0xF7,0xFF,0x50,0x00,0x0F,0xFF,0xFE,0x1E,0xFE,0x0F,0xB6,0x02,0xDD,0x9E,  //0x6320~0x632f      F...P...........
0xFC,0x00,0x80,0xC0,0x84,0x01,0x3E,0x07,0xFD,0x30,0x44,0x00,0x02,0x00,0x49,0x00,  //0x6330~0x633f      ......>..0D...I.
0x10,0x44,0xA0,0xB2,0x3C,0x1D,0xE3,0xF6,0x96,0x86,0x94,0xD7,0xB4,0x41,0x44,0x0F,  //0x6340~0x634f      .D..<........AD.
0xFF,0x7F,0xFE,0x86,0xFE,0x9F,0xB6,0x41,0xA4,0x30,0x54,0x20,0x0F,0xFF,0xA0,0x0A,  //0x6350~0x635f      .......A.0T.....
0x92,0x0C,0x40,0x00,0x30,0x08,0xFE,0x17,0xA8,0x0A,0xA4,0xB1,0xB4,0x01,0x54,0x21,  //0x6360~0x636f      ..@.0.........T!
0x0F,0xFF,0x40,0x31,0x2C,0x08,0x46,0x2F,0xF8,0x00,0x50,0x21,0x07,0xFF,0xFE,0x86,  //0x6370~0x637f      ..@1,.F/..P!....
0xFE,0x9F,0xB6,0x41,0xA4,0x32,0xA0,0xCA,0x54,0x00,0x03,0xFF,0x40,0x20,0x30,0x08,  //0x6380~0x638f      ...A.2..T...@.0.
0x46,0x0F,0xFC,0x00,0x50,0x00,0x0F,0xFF,0xFE,0x1E,0xFE,0x17,0xA8,0x0A,0xB4,0x01,  //0x6390~0x639f      F...P...........
0x58,0x00,0x00,0x40,0xB6,0x01,0xA0,0x0D,0x92,0x1B,0x96,0x06,0xC0,0xFD,0xB4,0x41,  //0x63a0~0x63af      X..@...........A
0x44,0x0F,0xFF,0xBF,0xFE,0x16,0xB6,0x01,0x84,0x00,0x3E,0x07,0xFD,0x30,0x44,0x00,  //0x63b0~0x63bf      D.........>..0D.
0x02,0x00,0x49,0x00,0x10,0x14,0x49,0x00,0x0F,0x49,0xFC,0x80,0xFC,0x00,0x80,0xC0,  //0x63c0~0x63cf      ..I...I..I......
0x84,0x01,0x3E,0x07,0xFD,0x30,0x44,0x00,0x02,0x00,0x49,0x00,0x0F,0xF6,0x3C,0x1D,  //0x63d0~0x63df      ..>..0D...I...<.
0xE3,0xF6,0xA4,0x30,0x54,0x20,0x0F,0xFF,0xA0,0x09,0x92,0x0C,0x40,0x00,0x30,0x08,  //0x63e0~0x63ef      ...0T.......@.0.
0xFE,0x17,0xA8,0x09,0xA4,0x31,0xA0,0xC9,0x54,0x00,0x0F,0xFF,0x40,0x20,0x30,0x08,  //0x63f0~0x63ff      .....1..T...@.0.
0x46,0x0F,0xF0,0x00,0x50,0x00,0x0F,0xFF,0xFE,0x1E,0xFE,0x17,0xA8,0x09,0xA4,0xB2,  //0x6400~0x640f      F...P...........
0xB4,0x01,0x54,0x21,0x0F,0xFF,0x40,0x31,0x2C,0x08,0x46,0x2F,0xF8,0x00,0x50,0x21,  //0x6410~0x641f      ..T!..@1,.F/..P!
0x07,0xFF,0xFE,0x86,0xFE,0x9F,0xB6,0x41,0xA0,0xB2,0x44,0x0F,0xFB,0xFF,0x96,0x86,  //0x6420~0x642f      .......A..D.....
0x40,0x31,0x28,0x08,0xB4,0x41,0xFE,0x86,0xFE,0x9F,0xB6,0x41,0xA4,0x33,0xA0,0xCA,  //0x6430~0x643f      @1(..A.....A.3..
0x54,0x00,0x03,0xFF,0x40,0x20,0x30,0x08,0x46,0x0F,0xFC,0x00,0x50,0x00,0x0F,0xFF,  //0x6440~0x644f      T...@.0.F...P...
0xFE,0x1E,0xFE,0x17,0xA8,0x0A,0xB4,0x41,0x44,0x0F,0xFF,0xDF,0xFE,0x16,0xB6,0x01,  //0x6450~0x645f      .......AD.......
0xB4,0x41,0x44,0x0F,0xFF,0xEF,0xFE,0x16,0xB6,0x01,0xB4,0x01,0x58,0x00,0x00,0x08,  //0x6460~0x646f      .AD.........X...
0xB6,0x01,0xA0,0x0D,0x92,0x1B,0x96,0x06,0xC0,0xFD,0xB4,0x41,0x84,0x17,0xFE,0x16,  //0x6470~0x647f      ...........A....
0xB6,0x01,0x84,0x00,0x3E,0x07,0xFD,0x30,0x44,0x00,0x02,0x00,0x49,0x00,0x0F,0xAF,  //0x6480~0x648f      ....>..0D...I...
0x49,0x00,0x0E,0xE4,0xFC,0x80,0xFC,0x00,0x80,0xC0,0x84,0x01,0x3E,0x07,0xFD,0x30,  //0x6490~0x649f      I...........>..0
0x44,0x00,0x02,0x00,0x49,0x00,0x0F,0x91,0x3C,0x1D,0xE3,0xF6,0xA4,0x30,0x54,0x20,  //0x64a0~0x64af      D...I...<....0T.
0x0F,0xFF,0xA0,0x09,0x92,0x0C,0x40,0x00,0x30,0x08,0xFE,0x17,0xA8,0x09,0xA4,0x31,  //0x64b0~0x64bf      ......@.0......1
0xA0,0xC9,0x54,0x00,0x0F,0xFF,0x40,0x20,0x30,0x08,0x46,0x0F,0xF0,0x00,0x50,0x00,  //0x64c0~0x64cf      ..T...@.0.F...P.
0x0F,0xFF,0xFE,0x1E,0xFE,0x17,0xA8,0x09,0xA4,0x32,0xB4,0x61,0x54,0x00,0x0F,0xFF,  //0x64d0~0x64df      .........2.aT...
0x40,0x20,0x2C,0x08,0x46,0x0F,0xF8,0x00,0x50,0x00,0x07,0xFF,0xFE,0x1E,0xFE,0x17,  //0x64e0~0x64ef      @.,.F...P.......
0xB6,0x01,0xA0,0x32,0xB4,0x61,0x96,0x06,0x40,0x20,0x28,0x08,0x44,0x0F,0xFB,0xFF,  //0x64f0~0x64ff      ...2.a..@.(.D...
0xFE,0x1E,0xFE,0x17,0xB6,0x01,0xA4,0x33,0xA0,0xCA,0x54,0x00,0x03,0xFF,0x40,0x20,  //0x6500~0x650f      .......3..T...@.
0x30,0x08,0x46,0x0F,0xFC,0x00,0x50,0x00,0x0F,0xFF,0xFE,0x1E,0xFE,0x17,0xA8,0x0A,  //0x6510~0x651f      0.F...P.........
0xA0,0xCC,0x46,0x2F,0xFF,0x00,0x50,0x21,0x0F,0xFF,0x20,0x03,0x00,0x0C,0xFE,0x9E,  //0x6520~0x652f      ..F/..P!........
0xA8,0x8C,0xA0,0x8C,0x96,0x00,0x40,0x00,0x30,0x08,0xFE,0x17,0xA8,0x0C,0xA0,0xCC,  //0x6530~0x653f      ......@.0.......
0x46,0x2F,0x00,0xFF,0x50,0x21,0x0F,0xFF,0x20,0x03,0x00,0x0D,0xFE,0x9E,0xA8,0x8C,  //0x6540~0x654f      F/..P!..........
0xA0,0x8C,0x96,0x00,0x40,0x00,0x50,0x08,0xFE,0x17,0xA8,0x0C,0xB4,0x41,0x44,0x0F,  //0x6550~0x655f      ....@.P......AD.
0xFF,0xEF,0xFE,0x16,0xB6,0x01,0xB4,0x41,0x84,0x17,0xFE,0x16,0xB6,0x01,0xB4,0x01,  //0x6560~0x656f      .......A........
0x58,0x00,0x00,0x20,0xB6,0x01,0xA0,0x0D,0x92,0x1B,0x96,0x06,0xC0,0xFD,0xB4,0x41,  //0x6570~0x657f      X..............A
0x44,0x0F,0xFF,0xDF,0xFE,0x16,0xB6,0x01,0x84,0x00,0x3E,0x07,0xFD,0x30,0x44,0x00,  //0x6580~0x658f      D.........>..0D.
0x02,0x00,0x49,0x00,0x0F,0x2C,0x49,0x00,0x0E,0x61,0xFC,0x80,0x3C,0x0D,0xE3,0xF6,  //0x6590~0x659f      ..I..,I..a..<...
0xA0,0x06,0x90,0x10,0xDD,0x9E,0xFC,0x20,0x80,0xE0,0x84,0x01,0x3E,0x07,0xFD,0x30,  //0x65a0~0x65af      ............>..0
0x44,0x00,0x02,0x00,0x49,0x00,0x0F,0x09,0xA4,0x7A,0x3C,0x6D,0xE3,0xF6,0x54,0x10,  //0x65b0~0x65bf      D...I....z<m..T.
0x8F,0xFF,0xB4,0x06,0x40,0x20,0xAC,0x08,0x46,0x1F,0xF8,0x00,0x50,0x10,0x87,0xFF,  //0x65c0~0x65cf      ....@...F...P...
0xFE,0x46,0xFE,0x57,0xB6,0x26,0xA4,0x7B,0xA0,0x32,0x54,0x10,0x83,0xFF,0x40,0x20,  //0x65d0~0x65df      .F.W.&.{.2T...@.
0xB0,0x08,0x46,0x1F,0xFC,0x00,0x50,0x10,0x8F,0xFF,0xFE,0x46,0xFE,0x57,0xA8,0x72,  //0x65e0~0x65ef      ..F...P....F.W.r
0x22,0x03,0x80,0x07,0x49,0xFF,0xFE,0x75,0x22,0x03,0x80,0x08,0x49,0xFF,0xFE,0x7D,  //0x65f0~0x65ff      "...I..u"...I..}
0xB4,0x26,0x84,0x17,0xFE,0x0E,0xB6,0x06,0xB4,0x26,0x44,0x0F,0xFF,0xDF,0xFE,0x0E,  //0x6600~0x660f      .&.......&D.....
0xB6,0x06,0xB4,0x06,0x58,0x00,0x00,0x10,0xB6,0x06,0xA0,0x35,0x92,0x1B,0x96,0x06,  //0x6610~0x661f      ....X......5....
0xC0,0xFD,0xB4,0x26,0x44,0x0F,0xFF,0xEF,0xFE,0x0E,0xB6,0x06,0x84,0x00,0x3E,0x07,  //0x6620~0x662f      ...&D.........>.
0xFD,0x30,0x44,0x00,0x02,0x00,0x49,0x00,0x0E,0xDA,0x49,0x00,0x0E,0x0F,0xFC,0xA0,  //0x6630~0x663f      .0D...I...I.....
0xFC,0x20,0x80,0xE0,0x84,0x01,0x3E,0x07,0xFD,0x30,0x44,0x00,0x02,0x00,0x49,0x00,  //0x6640~0x664f      ......>..0D...I.
0x0E,0xBC,0x3C,0x6D,0xE3,0xF6,0xA4,0x38,0xB4,0x46,0x54,0x00,0x0F,0xFF,0x40,0x10,  //0x6650~0x665f      ..<m...8.FT...@.
0x2C,0x08,0x46,0x0F,0xF8,0x00,0x50,0x00,0x07,0xFF,0xFE,0x16,0xFE,0x0F,0xB6,0x06,  //0x6660~0x666f      ,.F...P.........
0xA6,0x3D,0x54,0x10,0x00,0x3F,0xA0,0x34,0x92,0x06,0x94,0x06,0xFE,0x0F,0xA8,0x34,  //0x6670~0x667f      .=T..?.4.......4
0xA6,0x3C,0xA0,0xB4,0x96,0x2F,0x94,0x46,0x44,0x0F,0xF0,0x3F,0xFE,0x16,0xFE,0x0F,  //0x6680~0x668f      .<.../.FD..?....
0xA8,0x34,0xA4,0x39,0x54,0x10,0x0F,0xFF,0xA0,0x32,0x92,0x0C,0x40,0x00,0x30,0x08,  //0x6690~0x669f      .4.9T....2..@.0.
0xFE,0x0F,0xA8,0x32,0xA4,0x3B,0x49,0xFF,0xFE,0x1C,0xA0,0x3B,0xB4,0x46,0x96,0x06,  //0x66a0~0x66af      ...2.;I....;.F..
0x40,0x10,0x20,0x08,0x44,0x0F,0xFE,0xFF,0xFE,0x16,0xFE,0x0F,0xB6,0x06,0x00,0x03,  //0x66b0~0x66bf      @...D...........
0x80,0x08,0x5A,0x08,0x02,0x06,0xB4,0x06,0x58,0x00,0x02,0x00,0xD5,0x05,0xB4,0x26,  //0x66c0~0x66cf      ..Z.....X......&
0x44,0x0F,0xFD,0xFF,0xFE,0x0E,0xB6,0x06,0xB4,0x06,0x58,0x00,0x00,0x04,0xB6,0x06,  //0x66d0~0x66df      D.........X.....
0xA0,0x35,0x92,0x1B,0x96,0x06,0xC0,0xFD,0xB4,0x26,0x84,0x1B,0xFE,0x0E,0xB6,0x06,  //0x66e0~0x66ef      .5.......&......
0x84,0x00,0x3E,0x07,0xFD,0x30,0x44,0x00,0x02,0x00,0x49,0x00,0x0E,0x78,0x49,0x00,  //0x66f0~0x66ff      ..>..0D...I..xI.
0x0D,0xAD,0xFC,0xA0,0xFC,0x20,0x80,0xE0,0x84,0x01,0x3E,0x07,0xFD,0x30,0x44,0x00,  //0x6700~0x670f      ..........>..0D.
0x02,0x00,0x49,0x00,0x0E,0x5A,0x3C,0x6D,0xE3,0xF6,0xA4,0x38,0xB4,0x46,0x54,0x00,  //0x6710~0x671f      ..I..Z<m...8.FT.
0x0F,0xFF,0x40,0x10,0x2C,0x08,0x46,0x0F,0xF8,0x00,0x50,0x00,0x07,0xFF,0xFE,0x16,  //0x6720~0x672f      ..@.,.F...P.....
0xFE,0x0F,0xB6,0x06,0x00,0x03,0x80,0x08,0xA0,0xB2,0x40,0x10,0x30,0x08,0x46,0x0F,  //0x6730~0x673f      ..........@.0.F.
0xFC,0x00,0x50,0x00,0x0F,0xFF,0xFE,0x16,0xFE,0x0F,0xA8,0x32,0xA6,0x3B,0x54,0x10,  //0x6740~0x674f      ..P........2.;T.
0x00,0x3F,0xA0,0x34,0x92,0x06,0x94,0x06,0xFE,0x0F,0xA8,0x34,0xA6,0x3A,0xA0,0xB4,  //0x6750~0x675f      .?.4.......4.:..
0x96,0x2F,0x94,0x46,0x44,0x0F,0xF0,0x3F,0xFE,0x16,0xFE,0x0F,0xA8,0x34,0xA6,0x7D,  //0x6760~0x676f      ./.FD..?.....4.}
0xA6,0x3C,0x96,0x6F,0x94,0x4E,0x96,0x2F,0xFE,0x0F,0x49,0xFF,0xFD,0xB2,0xA6,0x7F,  //0x6770~0x677f      .<.o.N./..I.....
0xA6,0x3E,0x96,0x6F,0x94,0x4E,0x96,0x2F,0xFE,0x0F,0x49,0xFF,0xFD,0xB6,0xB4,0x06,  //0x6780~0x678f      .>.o.N./..I.....
0x58,0x00,0x00,0x01,0xB6,0x06,0xA0,0x35,0x92,0x1B,0x96,0x06,0xC0,0xFD,0xB4,0x26,  //0x6790~0x679f      X......5.......&
0x84,0x1E,0xFE,0x0E,0xB6,0x06,0x84,0x00,0x3E,0x07,0xFD,0x30,0x44,0x00,0x02,0x00,  //0x67a0~0x67af      ........>..0D...
0x49,0x00,0x0E,0x1D,0x49,0x00,0x0D,0x52,0xFC,0xA0,0xFC,0x03,0x00,0x10,0x00,0x0F,  //0x67b0~0x67bf      I...I..R........
0x10,0x1F,0x80,0x10,0x00,0x10,0x00,0x10,0x10,0x1F,0x80,0x11,0xB4,0x20,0x92,0x21,  //0x67c0~0x67cf      ...............!
0x12,0x1F,0x80,0x02,0xA0,0x41,0x92,0x21,0x12,0x1F,0x80,0x03,0xA0,0x42,0x92,0x21,  //0x67d0~0x67df      .....A.!.....B.!
0x12,0x1F,0x80,0x04,0xA4,0x46,0x00,0x00,0x00,0x0E,0x12,0x1F,0x80,0x05,0xF0,0x83,  //0x67e0~0x67ef      .....F..........
0xB0,0x01,0x49,0xFF,0xFE,0x52,0xFC,0x83,0xFC,0x03,0xB4,0x20,0x92,0x21,0x12,0x1F,  //0x67f0~0x67ff      ..I..R.......!..
0x80,0x02,0xA0,0x41,0x92,0x21,0x12,0x1F,0x80,0x03,0xA0,0x42,0x92,0x21,0x12,0x1F,  //0x6800~0x680f      ...A.!.....B.!..
0x80,0x04,0xA4,0x46,0x00,0x00,0x00,0x0E,0x12,0x1F,0x80,0x05,0xF0,0x83,0xB0,0x01,  //0x6810~0x681f      ...F............
0x49,0xFF,0xFD,0xD6,0xFC,0x83,0xFC,0x23,0x80,0xC0,0x02,0x00,0x00,0x09,0x12,0x0F,  //0x6820~0x682f      I......#........
0x80,0x09,0x02,0x03,0x00,0x0A,0x12,0x0F,0x80,0x0A,0xA0,0x32,0x92,0x01,0x12,0x0F,  //0x6830~0x683f      ...........2....
0x80,0x04,0xA4,0x36,0x12,0x0F,0x80,0x05,0xB0,0x01,0x49,0xFF,0xFE,0xAE,0x3C,0x7D,  //0x6840~0x684f      ...6......I...<}
0xE3,0xF6,0xA0,0x3D,0x54,0x00,0x03,0xFF,0x12,0x03,0x00,0x0B,0xA0,0x3D,0x92,0x0A,  //0x6850~0x685f      ...=T........=..
0x54,0x00,0x03,0xFF,0x12,0x03,0x00,0x0C,0x02,0x03,0x80,0x0C,0x12,0x03,0x00,0x0D,  //0x6860~0x686f      T...............
0x49,0xFF,0xFE,0x96,0x12,0x03,0x00,0x0E,0xA0,0x3F,0x54,0x00,0x03,0xFF,0x12,0x03,  //0x6870~0x687f      I........?T.....
0x00,0x0F,0xA0,0x3F,0x92,0x0A,0x54,0x00,0x03,0xFF,0x12,0x03,0x00,0x10,0x04,0x03,  //0x6880~0x688f      ...?..T.........
0x80,0x08,0x94,0x06,0x90,0x06,0x14,0x03,0x00,0x09,0xFC,0xA3,0xFC,0x02,0x92,0x01,  //0x6890~0x689f      ................
0x84,0x60,0x12,0x0F,0x80,0x02,0x92,0x21,0xB0,0x01,0xF3,0x83,0x12,0x1F,0x80,0x03,  //0x68a0~0x68af      .`.....!........
0x12,0x2F,0x80,0x04,0x49,0xFF,0xFD,0x3E,0xFC,0x82,0xFC,0x02,0x92,0x01,0x12,0x0F,  //0x68b0~0x68bf      ./..I..>........
0x80,0x00,0x84,0x00,0x92,0x21,0xF0,0x82,0x80,0x1F,0x12,0x1F,0x80,0x01,0x10,0x2F,  //0x68c0~0x68cf      .....!........./
0x80,0x04,0x10,0x3F,0x80,0x05,0x12,0x4F,0x80,0x03,0xF5,0x83,0x49,0xFF,0xFE,0xB2,  //0x68d0~0x68df      ...?...O....I...
0x3C,0x0D,0xE3,0xF6,0xA0,0x05,0x92,0x14,0x96,0x37,0xFC,0x82,0xFC,0x02,0x92,0x01,  //0x68e0~0x68ef      <........7......
0x12,0x0F,0x80,0x02,0x84,0x01,0x92,0x21,0xF0,0x83,0xB0,0x01,0x12,0x1F,0x80,0x03,  //0x68f0~0x68ff      .......!........
0x12,0x2F,0x80,0x04,0x49,0xFF,0xFD,0x16,0xFC,0x82,0xFC,0x00,0x3C,0x1D,0xE3,0xE7,  //0x6900~0x690f      ./..I.......<...
0x44,0x20,0x00,0x35,0x49,0xFF,0xFF,0xEC,0xFC,0x80,0xFC,0x01,0xF1,0x81,0x3C,0x1D,  //0x6910~0x691f      D..5I.........<.
0xE3,0xE8,0xF2,0x01,0x50,0x10,0x85,0xF8,0x49,0xFF,0xFF,0xE2,0xFC,0x81,0xFC,0x01,  //0x6920~0x692f      ....P...I.......
0xF1,0x81,0x3C,0x1D,0xE3,0xE8,0xF2,0x01,0x50,0x10,0x80,0x48,0x49,0xFF,0xFF,0xD8,  //0x6930~0x693f      ..<.....P..HI...
0xFC,0x81,0x84,0x00,0x3E,0x07,0xFA,0x65,0x3C,0x1D,0xE3,0xF8,0xB4,0x01,0x58,0x00,  //0x6940~0x694f      ....>..e<.....X.
0x00,0x01,0xB6,0x01,0xDD,0x9E,0x84,0x00,0x3E,0x07,0xFA,0x65,0x3C,0x1D,0xE3,0xF8,  //0x6950~0x695f      ........>..e<...
0xB4,0x01,0x58,0x00,0x00,0x01,0xB6,0x01,0xDD,0x9E,0x3C,0x1D,0xE3,0xF8,0x84,0x1E,  //0x6960~0x696f      ..X.......<.....
0xB4,0x41,0xFE,0x16,0xB6,0x01,0xDD,0x9E,0x2E,0x07,0xFA,0x65,0xC0,0xFE,0xDD,0x9E,  //0x6970~0x697f      .A.........e....
0x3C,0x0D,0xE3,0xF5,0x44,0x1F,0xFF,0xCF,0xA0,0x87,0xFE,0x56,0x58,0x10,0x80,0x20,  //0x6980~0x698f      <...D......VX...
0xA8,0x47,0x2E,0x17,0xF7,0xC5,0xA0,0xC1,0x96,0x46,0x94,0x8C,0x44,0x1F,0xFF,0xEF,  //0x6990~0x699f      .G.......F..D...
0xFE,0x5E,0xFE,0x57,0xA8,0x41,0xA0,0x81,0x44,0x1F,0xFF,0xBF,0xFE,0x56,0xA8,0x41,  //0x69a0~0x69af      .^.W.A..D....V.A
0x2E,0x17,0xF6,0x92,0xC9,0x09,0xA0,0x41,0x58,0x10,0x80,0x01,0xA8,0x41,0xA0,0x82,  //0x69b0~0x69bf      .......AX....A..
0x84,0x37,0xFE,0x56,0xD5,0x08,0xA0,0x81,0x84,0x3E,0xFE,0x56,0xA8,0x41,0xA0,0x42,  //0x69c0~0x69cf      .7.V.....>.V.A.B
0x58,0x10,0x80,0x08,0xA8,0x42,0x2E,0x17,0xF6,0x91,0xC9,0x09,0xA0,0x81,0x84,0x3E,  //0x69d0~0x69df      X....B.........>
0xFE,0x56,0xA8,0x41,0xA0,0x82,0x84,0x37,0xFE,0x56,0xA8,0x42,0xDD,0x9E,0xFC,0x20,  //0x69e0~0x69ef      .V.A...7.V.B....
0x44,0x61,0x0B,0x40,0x44,0x71,0x0B,0x6C,0x80,0x06,0x84,0x20,0xFA,0x5C,0x49,0x00,  //0x69f0~0x69ff      Da.@Dq.l......I.
0x12,0x3F,0x80,0x07,0x84,0x20,0x44,0x20,0x00,0x48,0x49,0x00,0x12,0x39,0x84,0x20,  //0x6a00~0x6a0f      .?....D..HI..9..
0x84,0x48,0x44,0x01,0x00,0x68,0x49,0x00,0x12,0x33,0xB4,0x26,0x46,0x0F,0xC0,0x00,  //0x6a10~0x6a1f      .HD..hI..3.&F...
0x50,0x00,0x03,0xFF,0xFE,0x0E,0x44,0x17,0xFC,0x00,0xFE,0x0F,0xB6,0x06,0xB4,0x06,  //0x6a20~0x6a2f      P.....D.........
0x44,0x2F,0xFF,0xEF,0x58,0x00,0x02,0x00,0xB6,0x06,0xB4,0x26,0x44,0x0F,0xFE,0xFF,  //0x6a30~0x6a3f      D/..X......&D...
0xFE,0x0E,0xB6,0x06,0xB4,0x26,0x44,0x0F,0xFF,0x7F,0xFE,0x0E,0xB6,0x06,0xB4,0x06,  //0x6a40~0x6a4f      .....&D.........
0x44,0x1F,0xFF,0xDF,0x58,0x00,0x00,0x40,0xB6,0x06,0xB4,0x06,0xFE,0x0E,0xB6,0x06,  //0x6a50~0x6a5f      D...X..@........
0xB4,0x06,0xFE,0x16,0xB6,0x06,0xB4,0x06,0x58,0x00,0x00,0x08,0xB6,0x06,0xB4,0x66,  //0x6a60~0x6a6f      ........X......f
0x84,0x1B,0xFE,0x1E,0xB6,0x06,0xB4,0x66,0x84,0x1D,0xFE,0x1E,0xB6,0x06,0xB4,0x66,  //0x6a70~0x6a7f      .......f.......f
0x84,0x1E,0xFE,0x1E,0xB6,0x06,0x84,0x04,0x10,0x03,0x00,0x0B,0xA0,0xF4,0x46,0x0F,  //0x6a80~0x6a8f      ..............F.
0xFE,0xFF,0x50,0x00,0x0F,0xFF,0xFE,0x1E,0xA8,0x34,0xA0,0xF4,0x46,0x02,0x00,0x00,  //0x6a90~0x6a9f      ..P......4..F...
0xFE,0x1F,0xA8,0x34,0xA0,0xF5,0x44,0x0F,0xFF,0x87,0xFE,0x1E,0x58,0x00,0x00,0x38,  //0x6aa0~0x6aaf      ...4..D.....X..8
0xA8,0x35,0xA0,0xF5,0x44,0x0E,0x3F,0xFF,0xFE,0x1E,0x44,0x30,0xC0,0x00,0xFE,0x1F,  //0x6ab0~0x6abf      .5..D.?...D0....
0xA8,0x35,0xB4,0x07,0x58,0x00,0x00,0x03,0xB6,0x07,0xB4,0x67,0x44,0x0F,0xFF,0xE3,  //0x6ac0~0x6acf      .5..X......gD...
0xFE,0x1E,0x58,0x00,0x00,0x10,0xB6,0x07,0xB4,0x67,0x44,0x0F,0xFF,0x1F,0xFE,0x1E,  //0x6ad0~0x6adf      ..X......gD.....
0x58,0x00,0x00,0x80,0xB6,0x07,0xA0,0x39,0xFE,0x86,0xA8,0xB9,0xA0,0x39,0xFE,0x46,  //0x6ae0~0x6aef      X......9.....9.F
0xA8,0x79,0x64,0x03,0x60,0x02,0x44,0x1F,0xFF,0xCF,0xFE,0x0E,0x58,0x00,0x00,0x20,  //0x6af0~0x6aff      .yd.`.D.....X...
0x64,0x03,0x60,0x03,0x64,0x00,0x00,0x08,0x64,0x03,0x00,0x02,0x58,0x00,0x00,0x04,  //0x6b00~0x6b0f      d.`.d...d...X...
0x64,0x03,0x00,0x03,0x64,0x00,0x00,0x08,0xFC,0xA0,0xFC,0x00,0x3C,0x1C,0x01,0x65,  //0x6b10~0x6b1f      d...d.......<..e
0x3C,0x0D,0xE3,0xF7,0xB6,0x20,0x3C,0x1C,0x01,0x66,0xA8,0x41,0x3C,0x1C,0x01,0x67,  //0x6b20~0x6b2f      <.....<..f.A<..g
0xA8,0x42,0x3C,0x1C,0x01,0x68,0xA8,0x43,0x3C,0x1C,0x01,0x69,0xA8,0x44,0x3C,0x1C,  //0x6b30~0x6b3f      .B<..h.C<..i.D<.
0x01,0x6A,0xA8,0x45,0x3C,0x1C,0x01,0x6B,0xA8,0x46,0x3C,0x2C,0x01,0x5A,0x3C,0x1D,  //0x6b40~0x6b4f      .j.E<..k.F<,.Z<.
0xE3,0xF8,0xB6,0x41,0x3C,0x2C,0x01,0x5B,0xA8,0x89,0x3C,0x2C,0x01,0x5C,0xA8,0x8A,  //0x6b50~0x6b5f      ...A<,.[..<,....
0x3C,0x2C,0x01,0x5D,0xA8,0x8B,0x3C,0x2C,0x01,0x5E,0xA8,0x8C,0x3C,0x2C,0x01,0x5F,  //0x6b60~0x6b6f      <,.]..<,.^..<,._
0xA8,0x8D,0x3C,0x2C,0x01,0x60,0xA8,0x8E,0x3C,0x2C,0x01,0x61,0xA8,0x8F,0x3C,0x2C,  //0x6b70~0x6b7f      ..<,.`..<,.a..<,
0x01,0x62,0x14,0x20,0x80,0x08,0x3C,0x1C,0x01,0x5A,0x92,0x21,0x96,0x46,0xC9,0x11,  //0x6b80~0x6b8f      .b....<..Z.!.F..
0xA0,0x81,0x44,0x1F,0xFF,0xEF,0xFE,0x56,0xA8,0x41,0x44,0x10,0x00,0x55,0x10,0x10,  //0x6b90~0x6b9f      ..D....V.AD..U..
0x00,0x3C,0x04,0x20,0x00,0x10,0x84,0x30,0xFE,0x56,0x58,0x10,0x80,0x05,0xD5,0x0C,  //0x6ba0~0x6baf      .<.....0.VX.....
0xA0,0x41,0x58,0x10,0x80,0x10,0xA8,0x41,0x84,0x3F,0x10,0x10,0x00,0x3C,0x04,0x10,  //0x6bb0~0x6bbf      .AX....A.?...<..
0x00,0x10,0x58,0x10,0x80,0x0F,0x50,0x20,0x00,0x38,0xA8,0x52,0xB4,0x22,0x58,0x10,  //0x6bc0~0x6bcf      ..X...P..8.R."X.
0x80,0x10,0xB6,0x22,0x3C,0x1D,0xFE,0xA4,0x3C,0x0D,0xE3,0xEF,0xB6,0x20,0x3C,0x1D,  //0x6bd0~0x6bdf      ..."<...<.....<.
0xFE,0xA5,0xA8,0x41,0x3C,0x0D,0xE3,0xF5,0xA0,0x42,0x58,0x10,0x80,0x01,0xA8,0x42,  //0x6be0~0x6bef      ...A<....BX....B
0xA0,0x47,0x58,0x10,0x80,0x40,0xA8,0x47,0xFC,0x80,0xE6,0x02,0xE9,0x07,0x5C,0xF0,  //0x6bf0~0x6bff      .GX..@.G........
0x02,0x59,0xE9,0x05,0x44,0x00,0x02,0x58,0xD5,0x02,0x84,0x02,0x3C,0x1D,0xFF,0x57,  //0x6c00~0x6c0f      .Y..D..X....<..W
0x44,0x20,0x07,0xD0,0x40,0x10,0x88,0x37,0x40,0x00,0x80,0x17,0x96,0x01,0xDD,0x9E,  //0x6c10~0x6c1f      D...@..7@.......
0xFC,0x43,0x81,0x20,0x2E,0x07,0xFF,0x8F,0x2E,0x77,0xFF,0x8D,0xF0,0x81,0x2E,0x07,  //0x6c20~0x6c2f      .C.......w......
0xFF,0x9A,0x2E,0xA7,0xFF,0x8C,0xF0,0x82,0x2E,0x07,0xFF,0x9C,0x2E,0x67,0xFE,0x2C,  //0x6c30~0x6c3f      .............g.,
0xF0,0x83,0x2E,0x07,0xFF,0x8B,0xF0,0x84,0x2E,0x07,0xFF,0x8E,0xF0,0x85,0x3C,0x03,  //0x6c40~0x6c4f      ..............<.
0xFF,0xCA,0x49,0xFF,0xFF,0xD4,0x81,0x00,0x3C,0x03,0xFF,0xC8,0x49,0xFF,0xFF,0xCF,  //0x6c50~0x6c5f      ..I.....<...I...
0x94,0xBB,0x8C,0x49,0x96,0x90,0x84,0x21,0x9E,0xD1,0x40,0x10,0xA8,0x0C,0x40,0x11,  //0x6c60~0x6c6f      ...I...!..@...@.
0x84,0x36,0x3C,0x5D,0xE3,0xF5,0x96,0x48,0x3E,0x17,0xFF,0x98,0x2E,0x37,0xF7,0xC5,  //0x6c70~0x6c7f      .6<]...H>....7..
0x05,0xE2,0x80,0x01,0x44,0x4F,0xFF,0xEF,0x96,0xC6,0x41,0xEF,0x10,0x02,0x94,0xDC,  //0x6c80~0x6c8f      ....DO....A.....
0x40,0x3F,0x0C,0x04,0xA8,0xE9,0x3D,0xEC,0x01,0x5A,0x46,0x3F,0xC0,0x00,0x50,0x31,  //0x6c90~0x6c9f      @?....=..ZF?..P1
0x83,0xFF,0x40,0x3F,0x0C,0x02,0x45,0xE7,0xFC,0x00,0x40,0x31,0xF8,0x04,0x3C,0x3E,  //0x6ca0~0x6caf      ..@?..E...@1..<>
0x01,0x5A,0x3C,0x3C,0x01,0x5A,0x97,0xDF,0x58,0x31,0x82,0x00,0x3C,0x3E,0x01,0x5A,  //0x6cb0~0x6cbf      .Z<<.Z..X1..<>.Z
0x3D,0xEC,0x01,0x5A,0x44,0x3F,0xFE,0xFF,0x40,0x3F,0x0C,0x02,0x3C,0x3E,0x01,0x5A,  //0x6cc0~0x6ccf      =..ZD?..@?..<>.Z
0x3D,0xEC,0x01,0x5A,0x44,0x3F,0xFF,0x7F,0x40,0x3F,0x0C,0x02,0x3C,0x3E,0x01,0x5A,  //0x6cd0~0x6cdf      =..ZD?..@?..<>.Z
0x3C,0x3C,0x01,0x5A,0x40,0x73,0xC0,0x08,0x58,0x31,0x80,0x40,0x3C,0x3E,0x01,0x5A,  //0x6ce0~0x6cef      <<.Z@s..X1.@<>.Z
0x3D,0xEC,0x01,0x5A,0x44,0x3F,0xFF,0xDF,0x40,0x3F,0x0C,0x02,0x3C,0x3E,0x01,0x5A,  //0x6cf0~0x6cff      =..ZD?..@?..<>.Z
0x3C,0x3C,0x01,0x5A,0x40,0x21,0x54,0x08,0xFE,0xE6,0x3C,0x3E,0x01,0x5A,0x3C,0x3C,  //0x6d00~0x6d0f      <<.Z@!T...<>.Z<<
0x01,0x5A,0x8C,0x26,0x58,0x31,0x80,0x08,0x3C,0x3E,0x01,0x5A,0x3C,0x3C,0x01,0x5A,  //0x6d10~0x6d1f      .Z.&X1..<>.Z<<.Z
0x96,0x48,0x58,0x31,0x80,0x02,0x3C,0x3E,0x01,0x5A,0x3C,0x4C,0x01,0x5A,0x84,0x7E,  //0x6d20~0x6d2f      .HX1..<>.Z<L.Z.~
0xFE,0xE6,0x3C,0x3E,0x01,0x5A,0x3C,0x4C,0x01,0x5E,0x46,0x3F,0xFE,0xFF,0x50,0x31,  //0x6d30~0x6d3f      ..<>.Z<L.^F?..P1
0x8F,0xFF,0xFE,0xE6,0x3C,0x3E,0x01,0x5E,0x3C,0x4C,0x01,0x5E,0x46,0x3F,0xFF,0x0F,  //0x6d40~0x6d4f      ....<>.^<L.^F?..
0x50,0x31,0x8F,0xFF,0xFE,0xE6,0xFE,0xFF,0x3C,0x3E,0x01,0x5E,0x3C,0x7C,0x01,0x5E,  //0x6d50~0x6d5f      P1......<>.^<|.^
0x46,0x3E,0x01,0xFF,0x50,0x31,0x8F,0xFF,0xFE,0xFE,0xFE,0x9F,0x3C,0x2E,0x01,0x5E,  //0x6d60~0x6d6f      F>..P1......<..^
0x3E,0x10,0x05,0x70,0x3E,0x10,0x05,0x71,0x3E,0x10,0x05,0x72,0x84,0x24,0x3E,0x10,  //0x6d70~0x6d7f      >..p>..q>..r.$>.
0x05,0x73,0x3C,0x88,0x02,0xBA,0x3C,0x88,0x02,0xBB,0x3C,0x88,0x02,0xBC,0x3C,0x2C,  //0x6d80~0x6d8f      .s<...<...<...<,
0x01,0x5E,0x46,0x12,0x00,0x00,0xFE,0x57,0x3C,0x1E,0x01,0x5E,0x3C,0x7C,0x01,0x5F,  //0x6d90~0x6d9f      .^F....W<..^<|._
0x84,0x47,0x84,0x98,0xFF,0x3E,0x40,0x35,0x08,0x02,0x40,0xA2,0x0C,0x04,0x3C,0xAE,  //0x6da0~0x6daf      .G...>@5..@...<.
0x01,0x5F,0x3C,0x4C,0x01,0x5F,0x44,0x3F,0xC0,0x7F,0xFE,0xE6,0x58,0x31,0x87,0x80,  //0x6db0~0x6dbf      ._<L._D?....X1..
0x3C,0x3E,0x01,0x5F,0x3C,0x7C,0x01,0x66,0xF3,0x05,0x84,0x90,0x96,0xDF,0xFF,0x3E,  //0x6dc0~0x6dcf      <>._<|.f.......>
0x40,0x82,0x0C,0x04,0xF3,0x04,0x84,0x27,0x3C,0x8E,0x01,0x66,0x54,0x43,0x00,0x3F,  //0x6dd0~0x6ddf      @......'<..fTC.?
0xCB,0x0F,0x3C,0x3C,0x01,0x5B,0x44,0x2F,0xF0,0x3F,0xFE,0x9E,0x94,0x66,0xFE,0x57,  //0x6de0~0x6def      ..<<.[D/.?...f.W
0x3C,0x1E,0x01,0x5B,0x3C,0x2C,0x01,0x5A,0x84,0x3B,0xFE,0x56,0xD5,0x22,0x40,0x33,  //0x6df0~0x6dff      <..[<,.Z.;.V."@3
0x08,0xD7,0x97,0xB0,0xC6,0x0E,0x9C,0x99,0xFE,0x54,0x96,0x6F,0x3C,0x3C,0x01,0x5B,  //0x6e00~0x6e0f      .........T.o<<.[
0x94,0x8E,0x44,0x1F,0xF0,0x3F,0xFE,0x5E,0xFE,0x57,0x3C,0x1E,0x01,0x5B,0xD5,0x0D,  //0x6e10~0x6e1f      ..D..?.^.W<..[..
0x42,0x21,0x84,0x24,0x96,0xAF,0x3C,0x3C,0x01,0x5B,0x94,0x56,0x44,0x2F,0xF0,0x3F,  //0x6e20~0x6e2f      B!.$..<<.[.VD/.?
0xFE,0x9E,0xFE,0x8F,0x3C,0x2E,0x01,0x5B,0x3C,0x1C,0x01,0x5A,0x58,0x10,0x80,0x04,  //0x6e30~0x6e3f      ....<..[<..ZX...
0x3C,0x1E,0x01,0x5A,0x3C,0x1C,0x01,0x5B,0x92,0x26,0x94,0x4E,0xFF,0x0F,0xF1,0x01,  //0x6e40~0x6e4f      <..Z<..[.&.N....
0x3C,0x4E,0x01,0x5B,0x96,0x57,0xA0,0xE9,0x94,0x89,0x84,0x31,0xFE,0x5E,0xFE,0x57,  //0x6e50~0x6e5f      <N.[.W.....1.^.W
0xA8,0x69,0x5A,0x98,0x01,0x36,0xF1,0x03,0xC9,0x03,0x44,0x00,0x01,0x2C,0x3C,0x1C,  //0x6e60~0x6e6f      .iZ..6....D..,<.
0x01,0x5B,0x92,0x26,0x94,0x4E,0x58,0x10,0x80,0x02,0x3C,0x1E,0x01,0x5B,0x3C,0x2C,  //0x6e70~0x6e7f      .[.&.NX...<..[<,
0x01,0x5B,0x44,0x1F,0xF0,0x3F,0xFE,0x56,0x58,0x10,0x80,0x80,0x3C,0x1E,0x01,0x5B,  //0x6e80~0x6e8f      .[D..?.VX...<..[
0x3C,0x2C,0x01,0x5A,0x84,0x3B,0xFE,0x56,0x3C,0x1E,0x01,0x5A,0xF1,0x02,0x3C,0x3C,  //0x6e90~0x6e9f      <,.Z.;.V<..Z..<<
0x01,0x5A,0x96,0x46,0x94,0x8F,0x44,0x1F,0xFF,0x7F,0xFE,0x5E,0xFE,0x57,0x3C,0x1E,  //0x6ea0~0x6eaf      .Z.F..D....^.W<.
0x01,0x5A,0x3C,0x1C,0x01,0x5A,0x58,0x10,0x80,0x10,0x3C,0x1E,0x01,0x5A,0x3C,0x2C,  //0x6eb0~0x6ebf      .Z<..ZX...<..Z<,
0x01,0x5A,0x84,0x37,0xFE,0x56,0x3C,0x1E,0x01,0x5A,0x3C,0x08,0x02,0xBA,0xFC,0xC3,  //0x6ec0~0x6ecf      .Z.7.V<..Z<.....
0xFC,0x00,0x3C,0x1C,0x01,0x5F,0x2E,0x37,0xFF,0x8C,0x92,0x2E,0x54,0x40,0x80,0x07,  //0x6ed0~0x6edf      ..<.._.7....T@..
0x3C,0x10,0x02,0xBC,0x96,0x49,0x5A,0x08,0x01,0x05,0x3C,0x10,0x02,0xBA,0x96,0x49,  //0x6ee0~0x6eef      <....IZ...<....I
0x50,0x50,0xFF,0xEB,0x84,0x00,0x3C,0x5F,0xFF,0x4F,0x3C,0x0F,0xFF,0x51,0xCB,0x04,  //0x6ef0~0x6eff      PP....<_.O<..Q..
0x3C,0x3F,0xFF,0x52,0xD5,0x13,0x84,0x41,0x84,0x02,0x40,0x21,0x0C,0x0C,0x40,0x21,  //0x6f00~0x6f0f      <?.R...A..@!..@!
0x00,0x56,0x8E,0x41,0xFA,0x17,0x81,0xE1,0x42,0xF1,0x00,0x75,0x50,0x27,0xFF,0xD9,  //0x6f10~0x6f1f      .V.A....B..uP'..
0x80,0x0F,0xE6,0x62,0x3C,0x2F,0xFF,0x52,0xE8,0x07,0x8E,0xAA,0x3C,0x5F,0xFF,0x50,  //0x6f20~0x6f2f      ...b</.R....<_.P
0x84,0x01,0xC3,0x14,0xD5,0x04,0x8E,0x1F,0x3C,0x0F,0xFF,0x50,0x3C,0x0D,0xFF,0x52,  //0x6f30~0x6f3f      ........<..P<..R
0x50,0x20,0x00,0x18,0x84,0x01,0x40,0x00,0x0C,0x0C,0x84,0x62,0x40,0x00,0x0C,0x16,  //0x6f40~0x6f4f      P.....@....b@...
0x8E,0x01,0xFA,0x77,0x42,0x20,0x0C,0x73,0x80,0x02,0x8A,0x24,0x8E,0x32,0x3C,0x0F,  //0x6f50~0x6f5f      ...wB..s...$.2<.
0xFF,0x4E,0x3C,0x1F,0xFF,0x4D,0xFC,0x80,0xFC,0x40,0x84,0xC0,0x81,0x40,0x81,0x01,  //0x6f60~0x6f6f      .N<..M...@...@..
0x81,0x21,0x80,0xE6,0x40,0x24,0xA0,0x01,0x96,0x90,0xE2,0x4A,0xE8,0x0A,0x84,0x01,  //0x6f70~0x6f7f      .!..@$.....J....
0x84,0x20,0x08,0x24,0x80,0x01,0x49,0x00,0x0F,0x41,0xFF,0x87,0xFF,0xCF,0xD5,0xF3,  //0x6f80~0x6f8f      ...$..I..A......
0x96,0x30,0x3E,0x00,0x05,0x9C,0x40,0x03,0x20,0x09,0x96,0x00,0x3E,0x00,0x05,0xA0,  //0x6f90~0x6f9f      .0>...@.....>...
0x40,0x03,0x40,0x09,0x96,0x00,0x92,0xD8,0x3E,0x00,0x05,0xA4,0x3E,0x60,0x05,0xA8,  //0x6fa0~0x6faf      @.@.....>...>`..
0x3C,0x1C,0x01,0x6B,0x84,0x10,0x97,0xDF,0xFE,0x0E,0xFF,0xC7,0x3C,0x7E,0x01,0x6B,  //0x6fb0~0x6fbf      <..k........<~.k
0xFC,0xC0,0xFC,0x00,0x3C,0x1D,0xFF,0x51,0x44,0x01,0x0B,0x58,0x3C,0x4C,0x01,0x66,  //0x6fc0~0x6fcf      ....<..QD..X<L.f
0x54,0x20,0xBF,0xFF,0xB4,0x20,0x97,0x1F,0x92,0x2E,0x40,0x10,0xB8,0x08,0xFE,0x57,  //0x6fd0~0x6fdf      T.........@....W
0xB6,0x20,0x3C,0x2D,0xFF,0x52,0x46,0x1F,0x00,0x03,0x54,0x21,0x3F,0xFF,0x40,0x31,  //0x6fe0~0x6fef      ..<-.RF...T!?.@1
0x38,0x08,0xB4,0x40,0x50,0x10,0x8F,0xFF,0xFE,0x8E,0xFE,0x9F,0xB6,0x40,0x3C,0x2D,  //0x6ff0~0x6fff      8..@P........@<-
0xFF,0x4F,0x54,0x31,0x3F,0xFF,0xA0,0x81,0x92,0x4E,0x40,0x21,0x38,0x08,0xFE,0x9F,  //0x7000~0x700f      .OT1?....N@!8...
0xA8,0x81,0x3C,0x2D,0xFF,0x50,0x54,0x21,0x3F,0xFF,0x40,0x31,0x38,0x08,0xA0,0x81,  //0x7010~0x701f      ..<-.PT!?.@18...
0xFE,0x8E,0xFE,0x9F,0xA8,0x81,0x3C,0x2D,0xFF,0x4D,0x54,0x31,0x3F,0xFF,0xA0,0x82,  //0x7020~0x702f      ......<-.MT1?...
0x92,0x4E,0x40,0x21,0x38,0x08,0xFE,0x9F,0xA8,0x82,0x3C,0x2D,0xFF,0x4E,0xA0,0xC2,  //0x7030~0x703f      .N@!8.....<-.N..
0x54,0x21,0x3F,0xFF,0xFE,0x5E,0x40,0x21,0x38,0x08,0xFE,0x57,0xA8,0x42,0x44,0x01,  //0x7040~0x704f      T!?..^@!8..W.BD.
0x00,0x68,0xB4,0x20,0x58,0x10,0x80,0x01,0xB6,0x20,0xB4,0x40,0x84,0x3D,0xFE,0x56,  //0x7050~0x705f      .h..X......@.=.V
0xB6,0x20,0xB4,0x20,0x58,0x10,0x80,0x04,0xB6,0x20,0xB4,0x40,0x44,0x1F,0xF8,0x07,  //0x7060~0x706f      ....X......@D...
0xFE,0x56,0xB6,0x20,0xB4,0x40,0x44,0x18,0x07,0xFF,0xFE,0x56,0x44,0x25,0x00,0x00,  //0x7070~0x707f      .V...@D....VD%..
0xFE,0x57,0xB6,0x20,0xB4,0x40,0x46,0x1F,0x80,0x7F,0x50,0x10,0x8F,0xFF,0xFE,0x56,  //0x7080~0x708f      .W...@F...P....V
0x46,0x20,0x0F,0x00,0xFE,0x57,0xB6,0x20,0xB4,0x40,0x46,0x1F,0x7F,0xFF,0x50,0x10,  //0x7090~0x709f      F....W...@F...P.
0x8F,0xFF,0xFE,0x56,0xB6,0x20,0x44,0x10,0x95,0x54,0x38,0x10,0x91,0x00,0xAE,0x44,  //0x70a0~0x70af      ...V..D..T8....D
0x49,0xFF,0xFD,0x35,0xFC,0x80,0xFC,0x00,0x84,0x20,0x44,0x20,0x01,0x10,0x44,0x02,  //0x70b0~0x70bf      I..5......D...D.
0x08,0x80,0x49,0x00,0x0E,0xDD,0xFC,0x80,0xFC,0x00,0x84,0x20,0x84,0x4E,0x44,0x02,  //0x70c0~0x70cf      ..I..........ND.
0x08,0xE8,0x49,0x00,0x0E,0xD5,0xFC,0x80,0xFC,0x40,0x84,0x49,0x80,0xE1,0x80,0xC0,  //0x70d0~0x70df      ..I......@.I....
0x44,0x10,0x00,0x3F,0x44,0x02,0x08,0x80,0x49,0x00,0x0E,0xCA,0x85,0x3B,0x80,0xA7,  //0x70e0~0x70ef      D..?D...I....;..
0x44,0x22,0x08,0x80,0x44,0x0F,0xFF,0xDF,0x44,0x1F,0xFF,0xE7,0x85,0x5C,0x9A,0xEF,  //0x70f0~0x70ff      D"..D...D.......
0x96,0xD8,0xE2,0x66,0xE8,0x1F,0x08,0x42,0x80,0x01,0x40,0x32,0x08,0x09,0x97,0x0F,  //0x7100~0x710f      ...f...B..@2....
0xCC,0x06,0x38,0x41,0x0C,0x00,0x40,0x42,0x28,0x02,0xD5,0x11,0x5A,0x48,0x01,0x07,  //0x7110~0x711f      ..8A..@B(...ZH..
0x38,0x41,0x0C,0x00,0x40,0x42,0x24,0x02,0xD5,0x0A,0x5A,0x48,0x02,0x06,0x38,0x41,  //0x7120~0x712f      8A..@B$...ZH..8A
0x0C,0x00,0xFF,0x0E,0xD5,0x04,0x38,0x41,0x0C,0x00,0xFF,0x06,0x38,0x41,0x0C,0x08,  //0x7130~0x713f      ......8A....8A..
0xD5,0xDF,0x44,0x02,0x08,0x80,0x10,0x60,0x00,0x09,0xFC,0xC0,0x80,0x61,0x44,0x52,  //0x7140~0x714f      ..D....`.....aDR
0x08,0x80,0x9A,0x99,0x96,0x90,0xE2,0x40,0xE8,0x07,0x08,0x41,0x80,0x01,0x88,0x85,  //0x7150~0x715f      .......@...A....
0x10,0x22,0x00,0x0C,0xD5,0xF7,0xDD,0x9E,0xFC,0x00,0x44,0x52,0x08,0x80,0x80,0x82,  //0x7160~0x716f      ."........DR....
0x9A,0xE2,0x96,0xD8,0xE2,0x60,0xE8,0x09,0x08,0x32,0x00,0x01,0x08,0x60,0x80,0x01,  //0x7170~0x717f      .....`...2...`..
0x88,0x65,0x10,0x61,0x80,0x30,0xD5,0xF5,0xFC,0x80,0xFC,0x43,0xB1,0x81,0x81,0x41,  //0x7180~0x718f      .e.a.0.....C...A
0x81,0x22,0x84,0x20,0x80,0xE0,0xFA,0x42,0x80,0x06,0x49,0x00,0x0E,0x71,0x80,0x2A,  //0x7190~0x719f      .".....B..I..q.*
0x80,0x69,0x40,0x01,0xA4,0x01,0x96,0x00,0xE2,0x07,0xE8,0x18,0x08,0x00,0x80,0x01,  //0x71a0~0x71af      .i@.............
0x40,0x20,0x04,0x09,0x96,0x06,0xC8,0x09,0xA6,0x18,0x38,0x43,0x08,0x00,0x96,0x1F,  //0x71b0~0x71bf      @.........8C....
0xFE,0x27,0x38,0x03,0x08,0x08,0xD5,0x08,0xA7,0x18,0x38,0x03,0x08,0x00,0x95,0x24,  //0x71c0~0x71cf      .'8.......8....$
0xFF,0x07,0x38,0x43,0x08,0x08,0x8C,0x61,0xD5,0xE5,0x3A,0x23,0x14,0x04,0x44,0x02,  //0x71d0~0x71df      ..8C...a..:#..D.
0x08,0xD4,0x3A,0x20,0x14,0x24,0x80,0x20,0xA4,0x30,0xAC,0x08,0xFC,0xC3,0x40,0x10,  //0x71e0~0x71ef      ..:..$...0....@.
0x08,0x09,0x44,0x22,0x08,0x80,0x96,0x0F,0x88,0x22,0x94,0x01,0x84,0x41,0x40,0x01,  //0x71f0~0x71ff      ..D"....."...A@.
0x00,0x0C,0x00,0x20,0x80,0x68,0xFE,0x17,0x10,0x00,0x80,0x68,0xDD,0x9E,0x44,0x01,  //0x7200~0x720f      .....h.....h..D.
0x04,0x04,0x00,0x30,0x01,0x71,0x44,0x52,0x08,0x80,0x54,0x41,0x80,0x3F,0x04,0x32,  //0x7210~0x721f      ...0.qDR..TA.?.2
0x80,0x1E,0x00,0x20,0x01,0x75,0x92,0x66,0x00,0x10,0x01,0x73,0x94,0xDE,0x54,0x01,  //0x7220~0x722f      .....u.f...s..T.
0x00,0x7F,0x94,0x86,0xFE,0xE7,0x44,0x0F,0xE0,0x3F,0xFE,0x1E,0xFE,0x17,0x96,0x5F,  //0x7230~0x723f      ......D..?....._
0x44,0x2E,0x1F,0xFF,0x40,0x10,0xB4,0x08,0xFE,0x16,0xFE,0x0F,0x14,0x02,0x80,0x1E,  //0x7240~0x724f      D...@...........
0xDD,0x9E,0x44,0x01,0x04,0x04,0x00,0x30,0x01,0x72,0x44,0x52,0x08,0x80,0x54,0x41,  //0x7250~0x725f      ..D....0.rDR..TA
0x80,0x3F,0x04,0x32,0x80,0x1F,0x00,0x20,0x01,0x76,0x92,0x66,0x00,0x10,0x01,0x74,  //0x7260~0x726f      .?.2.....v.f...t
0x94,0xDE,0x54,0x01,0x00,0x7F,0x94,0x86,0xFE,0xE7,0x44,0x0F,0xE0,0x3F,0xFE,0x1E,  //0x7270~0x727f      ..T.......D..?..
0xFE,0x17,0x96,0x5F,0x44,0x2E,0x1F,0xFF,0x40,0x10,0xB4,0x08,0xFE,0x16,0xFE,0x0F,  //0x7280~0x728f      ..._D...@.......
0x14,0x02,0x80,0x1F,0xDD,0x9E,0xFC,0x43,0x81,0x01,0x83,0x80,0x80,0xE2,0x81,0x43,  //0x7290~0x729f      .......C.......C
0x81,0x24,0x80,0xC2,0x98,0x51,0x80,0xA2,0xD1,0x0A,0x08,0x02,0x80,0x01,0xF1,0x82,  //0x72a0~0x72af      .$...Q..........
0xF5,0x81,0x49,0xFF,0xFF,0x9E,0xF1,0x02,0xF5,0x01,0xD5,0xF7,0x49,0xFF,0xFF,0xA9,  //0x72b0~0x72bf      ..I.........I...
0x49,0xFF,0xFF,0xC9,0x4F,0xC3,0x00,0x2D,0x80,0x1C,0x44,0x32,0x08,0x80,0x44,0x4F,  //0x72c0~0x72cf      I...O..-..D2..DO
0xE0,0x3F,0x44,0x5E,0x1F,0xFF,0x96,0x40,0xE2,0x28,0xE8,0x21,0x38,0x13,0x80,0x00,  //0x72d0~0x72df      .?D^...@.(.!8...
0x50,0x60,0x00,0x20,0x54,0x20,0x80,0x3F,0x38,0x11,0x9A,0x02,0x92,0x26,0x94,0x4E,  //0x72e0~0x72ef      P`..T..?8....&.N
0xFE,0x57,0x38,0x11,0x9A,0x0A,0x38,0x25,0x00,0x00,0xFE,0x66,0x96,0xB7,0x94,0x96,  //0x72f0~0x72ff      .W8...8%...f....
0xFE,0x57,0x38,0x11,0x9A,0x0A,0x38,0x24,0x80,0x00,0xFE,0x6E,0x96,0x9F,0x40,0x21,  //0x7300~0x730f      .W8...8$...n..@!
0x34,0x08,0xFE,0x57,0x38,0x11,0x9A,0x0A,0x8C,0x01,0xD5,0xDE,0xFC,0xC3,0x46,0x4F,  //0x7310~0x731f      4..W8.........FO
0xF8,0x1F,0x50,0x42,0x0F,0xFF,0xF4,0x81,0x46,0x4E,0x07,0xFF,0x50,0x42,0x0F,0xFF,  //0x7320~0x732f      ..PB....FN..PB..
0xF4,0x82,0x46,0x4F,0xF0,0x3F,0x84,0x07,0x84,0x40,0x50,0x42,0x0F,0xFF,0x40,0x04,  //0x7330~0x733f      ..FO.?...@PB..@.
0x00,0x17,0x80,0x62,0x44,0x12,0x08,0x80,0xF4,0x83,0x97,0x58,0xE2,0xA0,0xE8,0x77,  //0x7340~0x734f      ...bD......X...w
0xA7,0x70,0x50,0xF1,0x80,0x10,0x55,0xC2,0x80,0x3F,0x38,0x50,0xBF,0x02,0x8C,0x61,  //0x7350~0x735f      .pP...U..?8P...a
0x92,0xA6,0x95,0x6E,0x40,0x52,0xF0,0x04,0x38,0x50,0xBF,0x0A,0x01,0xC3,0x00,0x01,  //0x7360~0x736f      ...n@R..8P......
0xF4,0x01,0x55,0xCE,0x00,0x3F,0x41,0xCE,0x44,0x08,0xFF,0x66,0x40,0x52,0xF0,0x04,  //0x7370~0x737f      ..U..?A.D..f@R..
0x38,0x50,0xBF,0x0A,0x01,0xC3,0x00,0x02,0xF4,0x02,0x55,0xCE,0x00,0x3F,0x41,0xCE,  //0x7380~0x738f      8P........U..?A.
0x5C,0x08,0xFF,0x66,0x40,0x52,0xF0,0x04,0x38,0x50,0xBF,0x0A,0x40,0x57,0x8C,0x08,  //0x7390~0x739f      ...f@R..8P..@W..
0x41,0xC0,0x94,0x00,0xA7,0x73,0x44,0x4F,0xF0,0x3F,0x55,0xE2,0x80,0x3F,0xBD,0x01,  //0x73a0~0x73af      A....sDO.?U..?..
0x8C,0xC7,0x92,0xA6,0x95,0x6E,0x40,0x52,0xF8,0x04,0xBD,0x81,0x01,0xE3,0x7F,0xFD,  //0x73b0~0x73bf      .....n@R........
0xFF,0x66,0x55,0xEF,0x00,0x3F,0x41,0xEF,0x18,0x08,0x40,0x52,0xF8,0x04,0xBD,0x81,  //0x73c0~0x73cf      .fU..?A...@R....
0x01,0xE3,0x7F,0xFE,0x44,0x4C,0x0F,0xFF,0x55,0xEF,0x00,0x3F,0x41,0xEF,0x30,0x08,  //0x73d0~0x73df      ....DL..U..?A.0.
0xFF,0x66,0x40,0x52,0xF8,0x04,0xBD,0x81,0x01,0xE3,0x7F,0xFF,0xF4,0x03,0x55,0xEF,  //0x73e0~0x73ef      .f@R..........U.
0x00,0x3F,0x41,0xEF,0x48,0x08,0xFF,0x66,0x40,0x52,0xF8,0x04,0xBD,0x81,0x38,0x55,  //0x73f0~0x73ff      .?A.H..f@R....8U
0x08,0x00,0x45,0xEF,0xE0,0x3F,0x97,0x77,0x41,0xC2,0x98,0x08,0x38,0x50,0xBF,0x02,  //0x7400~0x740f      ..E..?.wA...8P..
0x40,0x52,0xF8,0x02,0x40,0x52,0xF0,0x04,0x38,0x50,0xBF,0x0A,0x39,0xC4,0x88,0x00,  //0x7410~0x741f      @R..@R..8P..9...
0x45,0xEE,0x1F,0xFF,0x55,0xCE,0x00,0x0F,0x41,0xCE,0x34,0x08,0x40,0x52,0xF8,0x02,  //0x7420~0x742f      E...U...A.4.@R..
0x40,0x52,0xF0,0x04,0x38,0x50,0xBF,0x0A,0x8C,0x47,0xD5,0x88,0x84,0x47,0x40,0x44,  //0x7430~0x743f      @R..8P...G...G@D
0x08,0x77,0x96,0xD8,0xC3,0x7C,0x42,0x10,0x08,0x24,0x54,0x80,0x80,0xFF,0x50,0x60,  //0x7440~0x744f      .w...|B..$T...P`
0x00,0x10,0x38,0x05,0x20,0x00,0x45,0xC2,0x08,0x80,0xF3,0x81,0x38,0x4E,0x1B,0x02,  //0x7450~0x745f      ..8...E.....8N..
0x96,0x37,0x94,0x46,0x44,0x0F,0xE0,0x3F,0xFE,0x26,0xFE,0x0F,0x38,0x0E,0x1B,0x0A,  //0x7460~0x746f      .7.FD..?.&..8...
0x38,0x14,0xA0,0x00,0x44,0x4E,0x1F,0xFF,0x96,0x5F,0xFE,0x26,0x40,0x10,0xB4,0x08,  //0x7470~0x747f      8...DN..._.&@...
0xFE,0x0F,0x38,0x0E,0x1B,0x0A,0x80,0x27,0xB0,0x04,0x49,0x00,0x0C,0xD3,0xF3,0x01,  //0x7480~0x748f      ..8....'..I.....
0x40,0x13,0xA0,0x00,0x80,0x43,0xB0,0x04,0x49,0x00,0x0C,0xCC,0x00,0x2F,0x80,0x10,  //0x7490~0x749f      @....C..I..../..
0x46,0x0F,0xF8,0x1F,0x54,0x11,0x00,0x3F,0x38,0x2E,0x1B,0x02,0x50,0x00,0x0F,0xFF,  //0x74a0~0x74af      F...T..?8...P...
0x92,0x46,0x94,0x96,0xFE,0x8F,0x38,0x2E,0x1B,0x0A,0x00,0x1F,0x80,0x11,0xFE,0x16,  //0x74b0~0x74bf      .F....8.........
0x96,0x6F,0x40,0x10,0xC4,0x08,0xFE,0x0F,0x38,0x0E,0x1B,0x0A,0x00,0x1F,0x80,0x12,  //0x74c0~0x74cf      .o@.....8.......
0x46,0x2E,0x07,0xFF,0x50,0x21,0x0F,0xFF,0x96,0x6F,0x40,0x10,0xDC,0x08,0xFE,0x16,  //0x74d0~0x74df      F...P!...o@.....
0xFE,0x0F,0x38,0x0E,0x1B,0x0A,0x00,0x3F,0x80,0x13,0x94,0x33,0x88,0x1C,0x54,0x21,  //0x74e0~0x74ef      ..8....?...3..T!
0x80,0x3F,0xA0,0xC1,0x92,0x66,0x94,0xDE,0xFE,0xD7,0xA8,0xC1,0x00,0x2F,0x80,0x14,  //0x74f0~0x74ff      .?...f......./..
0x54,0x11,0x00,0x3F,0x94,0x8E,0x44,0x1F,0xF0,0x3F,0xFE,0x5E,0xFE,0x57,0xA8,0x41,  //0x7500~0x750f      T..?..D..?.^.W.A
0x00,0x2F,0x80,0x15,0x44,0x3C,0x0F,0xFF,0x96,0xAF,0x40,0x21,0x30,0x08,0xFE,0x5E,  //0x7510~0x751f      ./..D<....@!0..^
0xFE,0x57,0xA8,0x41,0x00,0x2F,0x80,0x16,0x46,0x3F,0xF0,0x3F,0x96,0xAF,0x50,0x31,  //0x7520~0x752f      .W.A./..F?.?..P1
0x8F,0xFF,0x40,0x21,0x48,0x08,0xFE,0x5E,0xFE,0x57,0xA8,0x41,0xFC,0xC3,0xFC,0x01,  //0x7530~0x753f      ..@!H..^.W.A....
0x44,0x61,0x04,0x04,0xF0,0x81,0x49,0xFF,0xFD,0xB8,0x49,0xFF,0xFD,0xBF,0xA6,0x31,  //0x7540~0x754f      Da....I...I....1
0xA0,0x74,0x49,0xFF,0xFD,0xC3,0xA6,0x31,0xA0,0x74,0x49,0xFF,0xFD,0xF9,0xA6,0x31,  //0x7550~0x755f      .tI....1.tI....1
0x50,0x13,0x00,0x14,0xA0,0xB4,0x49,0xFF,0xFE,0x01,0xA6,0x31,0xA0,0x74,0x50,0x23,  //0x7560~0x756f      P.....I....1.tP#
0x00,0x5C,0x49,0xFF,0xFE,0x0C,0x80,0x66,0x08,0x11,0x80,0x38,0xA0,0xB3,0x50,0x43,  //0x7570~0x757f      ..I....f...8..PC
0x00,0x80,0x00,0x03,0x01,0x5F,0x49,0xFF,0xFE,0x88,0xF0,0x01,0x49,0xFF,0xFB,0x4A,  //0x7580~0x758f      ....._I.....I..J
0xA6,0x31,0xA0,0x74,0x49,0xFF,0xFC,0xEA,0xF0,0x01,0x49,0xFF,0xFC,0x9B,0x49,0xFF,  //0x7590~0x759f      .1.tI.....I...I.
0xFD,0x12,0xFC,0x81,0xFC,0x00,0x84,0x20,0x44,0x20,0x01,0x70,0x44,0x02,0x00,0x6C,  //0x75a0~0x75af      ........D..pD..l
0x49,0x00,0x0C,0x66,0xFC,0x80,0x5C,0xF0,0x80,0x24,0xE9,0x22,0xFA,0x54,0x40,0x20,  //0x75b0~0x75bf      I..f.....$.".T@.
0x88,0x37,0x94,0x49,0x54,0x10,0x80,0xFE,0x54,0x40,0x80,0x03,0x40,0x30,0x88,0x09,  //0x75c0~0x75cf      .7.IT...T@..@0..
0x44,0x22,0x00,0x6C,0x44,0x50,0x00,0x5C,0xCC,0x0A,0x42,0x20,0x14,0x73,0x97,0x18,  //0x75d0~0x75df      D".lDP....B..s..
0x98,0xD4,0x00,0x21,0x80,0x38,0x54,0x21,0x00,0x3E,0xD5,0x1E,0x97,0x18,0x42,0x20,  //0x75e0~0x75ef      ...!.8T!.>....B.
0x14,0x73,0x88,0x44,0x00,0x31,0x00,0x38,0x54,0x31,0x80,0x37,0xD5,0x3B,0x54,0x20,  //0x75f0~0x75ff      .s.D.1.8T1.7.;T.
0x80,0x01,0x44,0x50,0x00,0x5C,0xCA,0x1C,0x54,0x40,0x80,0x03,0x40,0x30,0x88,0x09,  //0x7600~0x760f      ..DP....T@..@0..
0x44,0x22,0x00,0x6C,0xCC,0x0C,0x42,0x20,0x14,0x73,0x97,0x18,0x98,0xD4,0x00,0x21,  //0x7610~0x761f      D".l..B..s.....!
0x80,0x38,0x54,0x21,0x00,0x3C,0x10,0x21,0x80,0x38,0xD5,0x26,0x97,0x18,0x42,0x20,  //0x7620~0x762f      .8T!.<.!.8.&..B.
0x14,0x73,0x88,0x44,0x00,0x31,0x00,0x38,0x54,0x31,0x80,0x27,0xD5,0x1B,0x8E,0x21,  //0x7630~0x763f      .s.D.1.8T1.'...!
0x96,0x48,0x54,0x40,0x80,0x03,0x40,0x30,0x88,0x09,0x44,0x22,0x00,0x6C,0xCC,0x0A,  //0x7640~0x764f      .HT@..@0..D".l..
0x42,0x20,0x14,0x73,0x97,0x18,0x98,0xD4,0x00,0x21,0x80,0x38,0x54,0x21,0x00,0x3D,  //0x7650~0x765f      B..s.....!.8T!.=
0xD5,0xE3,0x97,0x18,0x42,0x20,0x14,0x73,0x88,0x44,0x00,0x31,0x00,0x38,0x54,0x31,  //0x7660~0x766f      ....B..s.D.1.8T1
0x80,0x2F,0x10,0x31,0x00,0x38,0x44,0x40,0x00,0x5C,0x44,0x32,0x00,0x6C,0x42,0x30,  //0x7670~0x767f      ./.1.8D@..D2.lB0
0x10,0x73,0x40,0x20,0x8C,0x09,0x80,0x03,0x88,0x02,0x50,0x00,0x00,0x40,0x84,0x41,  //0x7680~0x768f      .s@.......P..@.A
0x96,0x57,0x40,0x11,0x04,0x0C,0xA6,0x84,0xFE,0x57,0xAE,0x44,0xDD,0x9E,0x5C,0xF1,  //0x7690~0x769f      .W@......W.D....
0x00,0x24,0x44,0x42,0x00,0x6C,0xE9,0x0A,0xFA,0x74,0x40,0x21,0x0C,0x77,0x96,0x98,  //0x76a0~0x76af      .$DB.l...t@!.w..
0x44,0x30,0x00,0x5C,0x42,0x20,0x0C,0x73,0xD5,0x0C,0x54,0x31,0x00,0x01,0x44,0x50,  //0x76b0~0x76bf      D0..B..s..T1..DP
0x00,0x5C,0xCB,0x03,0x92,0x41,0xD5,0x03,0x8E,0x41,0x90,0x41,0x42,0x20,0x14,0x73,  //0x76c0~0x76cf      .....A...A.AB..s
0x38,0x12,0x08,0x08,0xDD,0x9E,0x5C,0xF0,0x80,0x24,0xE9,0x12,0xFA,0x94,0x40,0x10,  //0x76d0~0x76df      8........$....@.
0x90,0x97,0x96,0x60,0x95,0x09,0x44,0x50,0x00,0x5C,0x44,0x12,0x00,0x6C,0x42,0x10,  //0x76e0~0x76ef      ...`..DP..D..lB.
0x14,0x73,0x88,0x24,0x10,0x30,0x80,0x14,0x10,0x20,0x80,0x15,0xDD,0x9E,0xFC,0x00,  //0x76f0~0x76ff      .s.$.0..........
0x44,0x42,0x00,0x6C,0x44,0x60,0x00,0x5C,0x54,0x50,0x80,0x01,0x42,0x40,0x18,0x73,  //0x7700~0x770f      DB.lD`..TP..B@.s
0x88,0x24,0xCD,0x06,0x10,0x30,0x80,0x14,0x10,0x20,0x80,0x15,0xFC,0x80,0x10,0x30,  //0x7710~0x771f      .$...0.........0
0x80,0x13,0x10,0x20,0x80,0x14,0xFC,0x80,0xFC,0x4A,0xB1,0xCB,0x80,0xC0,0x81,0x21,  //0x7720~0x772f      .........J.....!
0x80,0x07,0x44,0x10,0x00,0xFF,0xFA,0x54,0x49,0x00,0x0B,0xA2,0x80,0x26,0x9A,0x0E,  //0x7730~0x773f      ..D....TI....&..
0x96,0x00,0xE2,0x09,0xE8,0x06,0x08,0x20,0x80,0x01,0x38,0x03,0x88,0x08,0xD5,0xF8,  //0x7740~0x774f      ..........8.....
0x84,0x00,0x80,0x40,0x80,0x80,0xB0,0x41,0x44,0xA1,0x0A,0xF8,0x97,0x40,0xE2,0xA9,  //0x7750~0x775f      ...@...AD....@..
0xE8,0x28,0x54,0x32,0x80,0x01,0xCB,0x22,0x54,0x81,0x80,0xFF,0xE3,0x02,0xE8,0x09,  //0x7760~0x776f      .(T2..."T.......
0x8C,0x61,0x40,0x80,0x8C,0x00,0x00,0x84,0x7F,0xFF,0x4C,0x82,0xFF,0xF7,0xD5,0x16,  //0x7770~0x777f      .a@.......L.....
0x38,0x33,0x00,0x00,0x54,0x51,0x80,0x01,0x4E,0x53,0x00,0x8A,0x99,0x7B,0xA7,0x69,  //0x7780~0x778f      83..TQ..NS...{.i
0x54,0xF2,0x80,0x01,0xE9,0x07,0x50,0x81,0x00,0x01,0x38,0x50,0x88,0x08,0x54,0x24,  //0x7790~0x779f      T.....P...8P..T$
0x00,0xFF,0x9D,0x61,0x38,0x35,0x10,0x08,0x97,0x28,0xE6,0x92,0x8C,0x01,0xE9,0xD7,  //0x77a0~0x77af      ...a85...(......
0x2E,0x17,0xFA,0x64,0x84,0xA0,0x9C,0x09,0x3E,0x07,0xFA,0x64,0x44,0x02,0x00,0x6C,  //0x77b0~0x77bf      ...d....>..dD..l
0x10,0x40,0x00,0x49,0x80,0x65,0x80,0x85,0xB0,0x06,0x45,0xC1,0x0A,0xF8,0x54,0x82,  //0x77c0~0x77cf      .@.I.e....E...T.
0x80,0xFF,0xE3,0x09,0xE8,0x29,0x54,0xA4,0x00,0x01,0x4E,0xA2,0x00,0x23,0x85,0x40,  //0x77d0~0x77df      .....)T...N..#.@
0x54,0xF5,0x00,0xFF,0x40,0xF7,0x8C,0x06,0xE8,0x09,0x8D,0x41,0x40,0xF0,0x28,0x00,  //0x77e0~0x77ef      T...@......A@.(.
0x00,0xF7,0xFF,0xFF,0x4C,0xF4,0x7F,0xF6,0xD5,0x14,0x38,0xA3,0x14,0x00,0x54,0xF5,  //0x77f0~0x77ff      ....L.....8...T.
0x00,0x01,0xE9,0x5B,0x40,0x83,0xA8,0x00,0x00,0x84,0x00,0x01,0x54,0xF4,0x00,0x01,  //0x7800~0x780f      ...[@.......T...
0xE9,0x4B,0x50,0x82,0x00,0x01,0x88,0x9C,0x10,0xA2,0x00,0x12,0x54,0x44,0x00,0xFF,  //0x7810~0x781f      .KP.........TD..
0xE6,0x92,0x8C,0xA1,0xE9,0xD5,0x44,0x02,0x00,0x6C,0x10,0x40,0x00,0xA5,0x9C,0x0A,  //0x7820~0x782f      ......D..l.@....
0x3E,0x07,0xFA,0x64,0xC2,0x18,0x84,0x00,0xB1,0x41,0x44,0x71,0x0A,0xF8,0x97,0x00,  //0x7830~0x783f      >..d.....ADq....
0xE2,0x82,0xE8,0x0A,0x38,0x40,0x14,0x00,0x38,0x93,0x10,0x00,0x99,0x07,0x10,0x92,  //0x7840~0x784f      ....8@..8.......
0x00,0x24,0x8C,0x01,0xD5,0xF5,0x44,0x02,0x00,0x6C,0x8C,0x23,0x10,0x20,0x01,0x01,  //0x7850~0x785f      .$....D..l.#....
0x3E,0x17,0xFA,0x64,0xCB,0x02,0xFC,0xCA,0x84,0x00,0xB0,0x86,0x44,0x41,0x0A,0xF8,  //0x7860~0x786f      >..d........DA..
0x96,0x40,0xE2,0x23,0xE8,0x0A,0x38,0x10,0x08,0x00,0x38,0x53,0x04,0x00,0x98,0x44,  //0x7870~0x787f      .@.#..8...8S...D
0x10,0x50,0x80,0x36,0x8C,0x01,0xD5,0xF5,0x44,0x02,0x00,0x6C,0x10,0x30,0x01,0x5D,  //0x7880~0x788f      .P.6....D..l.0.]
0x2E,0x07,0xFA,0x64,0x8C,0x01,0x3E,0x07,0xFA,0x64,0xFC,0xCA,0x99,0x7B,0x00,0x52,  //0x7890~0x789f      ...d..>..d...{.R
0xFF,0xFF,0x48,0xFF,0xFF,0x77,0x5A,0x80,0xFF,0xB6,0x50,0xF1,0x80,0x01,0x38,0x80,  //0x78a0~0x78af      ..H..wZ...P...8.
0x0C,0x08,0x54,0x37,0x80,0xFF,0xD5,0xAE,0x40,0x83,0xA8,0x00,0x00,0x84,0x7F,0xFF,  //0x78b0~0x78bf      ..T7....@.......
0xD5,0xA6,0xFC,0x40,0x44,0x52,0x00,0xA4,0x44,0x62,0x02,0x14,0x80,0x05,0x44,0x10,  //0x78c0~0x78cf      ...@DR..Db....D.
0x00,0x3F,0x84,0x49,0x49,0x00,0x0A,0xD4,0x50,0x50,0x00,0x5C,0xDE,0xF8,0x84,0xC0,  //0x78d0~0x78df      .?.II...PP......
0x44,0xA2,0x00,0x6C,0x2E,0x07,0xFA,0x64,0xE2,0xC0,0xE8,0x1E,0x44,0x00,0x00,0x5C,  //0x78e0~0x78ef      D..l...d....D...
0x81,0x2A,0x42,0x93,0x00,0x73,0x84,0xE0,0x50,0x94,0x80,0x48,0x00,0x04,0x80,0x01,  //0x78f0~0x78ff      .*B..s..P..H....
0xE2,0xE0,0xE8,0x0F,0xFA,0x02,0x80,0x27,0x42,0x13,0x00,0x73,0x44,0x21,0x0A,0xF8,  //0x7900~0x790f      .......'B..sD!..
0x80,0x06,0x38,0x11,0x04,0x00,0x8C,0xE1,0x49,0xFF,0xFE,0x4F,0x97,0xF8,0xD5,0xEF,  //0x7910~0x791f      ..8.....I..O....
0x8C,0xC1,0x97,0xB0,0xD5,0xE0,0xFC,0xC0,0xFC,0x00,0x80,0xA0,0x80,0x81,0x9A,0xE1,  //0x7920~0x792f      ................
0x96,0x18,0xE2,0x02,0xE8,0x06,0xA7,0xA8,0x08,0x32,0x00,0x01,0x4C,0x61,0xFF,0xF9,  //0x7930~0x793f      .........2..La..
0xFC,0x80,0xFC,0x42,0x84,0xC0,0xF0,0x81,0xF1,0x82,0x44,0x82,0x00,0x6C,0x2E,0x07,  //0x7940~0x794f      ...B......D..l..
0xFA,0x64,0xE2,0xC0,0xE8,0x26,0x44,0x00,0x00,0x5C,0x81,0x48,0x42,0xA3,0x00,0x73,  //0x7950~0x795f      .d...&D....HB..s
0x84,0xE0,0x50,0xA5,0x00,0x48,0x00,0x05,0x00,0x01,0xE2,0xE0,0xE8,0x17,0xFA,0x02,  //0x7960~0x796f      ..P..H..........
0x81,0x27,0x42,0x93,0x00,0x73,0x44,0x01,0x0A,0xF8,0x89,0x20,0xF1,0x01,0xF2,0x02,  //0x7970~0x797f      .'B..sD.........
0x80,0x09,0x49,0xFF,0xFF,0xD3,0xF0,0x83,0xF1,0x03,0x80,0x06,0x00,0x24,0x80,0x00,  //0x7980~0x798f      ..I..........$..
0x8C,0xE1,0x49,0xFF,0xFE,0x86,0x97,0xF8,0xD5,0xE7,0x8C,0xC1,0x97,0xB0,0xD5,0xD8,  //0x7990~0x799f      ..I.............
0xFC,0xC2,0xFC,0x40,0xC8,0x09,0x2E,0x97,0xFA,0x64,0x44,0x62,0x00,0x6C,0x44,0x70,  //0x79a0~0x79af      ...@.....dDb.lDp
0x00,0x5C,0x85,0x43,0xD5,0x0E,0x2E,0x37,0xFA,0x64,0x84,0xA0,0x44,0x42,0x00,0x6C,  //0x79b0~0x79bf      ...C...7.d..DB.l
0x44,0x60,0x00,0x5C,0x44,0x71,0x0A,0xF8,0xFB,0x22,0xD5,0x21,0x8C,0x01,0x96,0x00,  //0x79c0~0x79cf      D`..Dq...".!....
0x4C,0x04,0xBF,0xF3,0x80,0xA6,0x80,0x81,0x42,0x50,0x1C,0x73,0x9A,0xE1,0x96,0xD8,  //0x79d0~0x79df      L.......BP.s....
0xE2,0x62,0xE8,0xF5,0x08,0x32,0x00,0x01,0x40,0x81,0x88,0x09,0x89,0x05,0x50,0x84,  //0x79e0~0x79ef      .b...2..@.....P.
0x00,0x48,0x96,0xCF,0x00,0xF4,0x00,0x04,0x94,0xD9,0x40,0x35,0x0C,0x0C,0x40,0x31,  //0x79f0~0x79ff      .H........@5..@1
0xBC,0x04,0x10,0x34,0x00,0x04,0xD5,0xEB,0x8C,0xA1,0x97,0x68,0xD3,0x26,0x80,0x44,  //0x7a00~0x7a0f      ...4.......h.&.D
0x42,0x22,0x98,0x73,0x84,0x20,0x50,0xA1,0x00,0x48,0x42,0x82,0xA4,0x24,0x87,0x83,  //0x7a10~0x7a1f      B".s..P..HB..$..
0x00,0x05,0x00,0x01,0xE2,0x20,0xE8,0xF1,0x40,0x04,0x04,0x00,0x38,0x03,0x80,0x00,  //0x7a20~0x7a2f      ........@...8...
0x8C,0x21,0x40,0xF0,0x08,0x09,0x40,0xF1,0x3C,0x00,0x96,0x0F,0x50,0xF7,0x80,0x48,  //0x7a30~0x7a3f      .!@...@.<...P..H
0x94,0x01,0x01,0xE7,0x80,0x04,0x40,0x0E,0x00,0x0C,0xFE,0x03,0x40,0x00,0x78,0x02,  //0x7a40~0x7a4f      ......@.....@.x.
0x10,0x07,0x80,0x04,0x96,0x48,0xD5,0xE5,0xFC,0xC0,0xFC,0x42,0x84,0xC0,0xF0,0x81,  //0x7a50~0x7a5f      .....H.....B....
0x81,0x01,0xF2,0x82,0xF3,0x83,0x44,0xA2,0x00,0x6C,0x2E,0x07,0xFA,0x64,0xE2,0xC0,  //0x7a60~0x7a6f      ......D..l...d..
0xE8,0x28,0x44,0x00,0x00,0x5C,0x83,0x8A,0x43,0xC3,0x00,0x73,0x84,0xE0,0x51,0xCE,  //0x7a70~0x7a7f      .(D.....C..s..Q.
0x00,0x48,0x00,0x0E,0x00,0x01,0xE2,0xE0,0xE8,0x19,0xFA,0x02,0x81,0x27,0x42,0x93,  //0x7a80~0x7a8f      .H...........'B.
0x00,0x73,0x44,0x21,0x0A,0xF8,0x89,0x22,0xF1,0x02,0xF2,0x03,0x80,0x09,0x49,0xFF,  //0x7a90~0x7a9f      .sD!..."......I.
0xFF,0x45,0xF3,0x01,0x38,0x24,0x00,0x00,0x00,0x14,0x80,0x00,0x80,0x06,0xA6,0xD8,  //0x7aa0~0x7aaf      .E..8$..........
0x8C,0xE1,0x49,0xFF,0xFE,0x12,0x97,0xF8,0xD5,0xE5,0x8C,0xC1,0x97,0xB0,0xD5,0xD6,  //0x7ab0~0x7abf      ..I.............
0xFC,0xC2,0xFC,0x20,0x2E,0x47,0xFF,0x77,0x3C,0x53,0xFF,0xB9,0x2E,0x27,0xFF,0x7A,  //0x7ac0~0x7acf      .....G.w<S...'.z
0x5A,0x08,0x01,0x08,0x2E,0x47,0xFF,0x83,0x3C,0x53,0xFF,0xBF,0x2E,0x27,0xFF,0x86,  //0x7ad0~0x7adf      Z....G..<S...'..
0x84,0x00,0xE6,0x82,0x3C,0x0F,0xFF,0x51,0x3C,0x0F,0xFF,0x52,0xE9,0x07,0x84,0x82,  //0x7ae0~0x7aef      ....<..Q<..R....
0x44,0x70,0x00,0x76,0x44,0x10,0x00,0x4A,0xD5,0x06,0x5A,0x40,0x01,0x3F,0x80,0x80,  //0x7af0~0x7aff      Dp.vD..J..Z@.?..
0x80,0xE0,0x80,0x20,0xE2,0x22,0xE8,0x04,0x9A,0x51,0x3C,0x1F,0xFF,0x52,0xCD,0x02,  //0x7b00~0x7b0f      ....."...Q<..R..
0x84,0xA1,0x3C,0x3D,0xFF,0x52,0x94,0x11,0x52,0x11,0xFF,0xF7,0x9A,0x08,0x3C,0x1D,  //0x7b10~0x7b1f      ..<=.R..R.....<.
0xFF,0x57,0x9B,0x87,0x44,0x00,0x03,0xE8,0x40,0x10,0x80,0x37,0x40,0x00,0x94,0x17,  //0x7b20~0x7b2f      .W..D...@..7@...
0x88,0x06,0x5C,0xF0,0x00,0x21,0xE9,0x05,0x84,0x23,0x40,0x00,0x04,0x17,0xD5,0x02,  //0x7b30~0x7b3f      .....!...#@.....
0x84,0x0B,0x3C,0x0F,0xFF,0x4F,0x3C,0x0D,0xFF,0x4F,0x84,0x21,0x40,0x40,0x90,0x0C,  //0x7b40~0x7b4f      ..<..O<..O.!@@..
0x94,0x01,0x40,0x42,0x04,0x0E,0x8C,0x03,0xFA,0x37,0x88,0x02,0x88,0x61,0x8E,0x81,  //0x7b50~0x7b5f      ..@B.....7...a..
0xFF,0x0C,0x3C,0x0F,0xFF,0x50,0x9A,0x9A,0x8C,0x0A,0x88,0x04,0x88,0x82,0x3C,0x0F,  //0x7b60~0x7b6f      ..<..P........<.
0xFF,0x4D,0x3C,0x4F,0xFF,0x4E,0xFC,0xA0,0xFA,0xFC,0xFA,0x34,0xD5,0xC4,0xFC,0x40,  //0x7b70~0x7b7f      .M<O.N.....4...@
0x2E,0x57,0xFF,0x78,0x2E,0x37,0xFF,0x77,0x94,0x6B,0x8C,0x29,0x96,0x48,0x84,0x41,  //0x7b80~0x7b8f      .W.x.7.w.k.).H.A
0x9F,0x09,0x40,0x21,0x0C,0x0C,0x40,0x22,0x08,0x56,0x96,0x90,0x2E,0x77,0xFF,0x7A,  //0x7b90~0x7b9f      ..@!..@".V...w.z
0x2E,0x67,0xFF,0x79,0x3E,0x27,0xFF,0x75,0x5A,0x08,0x01,0x15,0x2E,0x57,0xFF,0x84,  //0x7ba0~0x7baf      .g.y>'.uZ....W..
0x2E,0x37,0xFF,0x83,0x94,0x6B,0x8C,0x29,0x96,0x48,0x9E,0x89,0x40,0x00,0x0C,0x0C,  //0x7bb0~0x7bbf      .7...k.).H..@...
0x40,0x01,0x00,0x16,0x96,0x80,0x2E,0x77,0xFF,0x86,0x2E,0x67,0xFF,0x85,0x3E,0x27,  //0x7bc0~0x7bcf      @......w...g..>'
0xFF,0x81,0x2E,0x07,0xFA,0x64,0x3C,0x9C,0x01,0x5B,0x96,0x2F,0x95,0x06,0x44,0x0F,  //0x7bd0~0x7bdf      .....d<..[./..D.
0xF0,0x3F,0x40,0x04,0x80,0x02,0xFE,0x27,0x3C,0x0E,0x01,0x5B,0x3C,0x4C,0x01,0x5A,  //0x7be0~0x7bef      .?@....'<..[<L.Z
0x46,0x0F,0xC0,0x00,0x50,0x00,0x03,0xFF,0xFE,0x26,0x44,0x47,0xFC,0x00,0xFE,0x27,  //0x7bf0~0x7bff      F...P....&DG...'
0x3C,0x0E,0x01,0x5A,0x3C,0x0C,0x01,0x5A,0x96,0xD7,0x58,0x00,0x02,0x00,0x3C,0x0E,  //0x7c00~0x7c0f      <..Z<..Z..X...<.
0x01,0x5A,0x84,0x04,0x3E,0x00,0x05,0x73,0x3C,0x4C,0x01,0x5E,0x46,0x0F,0xFE,0xFF,  //0x7c10~0x7c1f      .Z..>..s<L.^F...
0x50,0x00,0x0F,0xFF,0xFE,0x26,0x3C,0x0E,0x01,0x5E,0x3C,0x4C,0x01,0x5E,0x46,0x02,  //0x7c20~0x7c2f      P....&<..^<L.^F.
0x00,0x00,0xFE,0x27,0x9D,0x16,0x97,0x20,0x3C,0x0E,0x01,0x5E,0x3E,0x40,0x05,0x70,  //0x7c30~0x7c3f      ...'....<..^>@.p
0x54,0x02,0x80,0x0F,0x3C,0x4C,0x01,0x5E,0x40,0x20,0x40,0x08,0x46,0x0F,0xFF,0x0F,  //0x7c40~0x7c4f      T...<L.^@.@.F...
0x50,0x00,0x0F,0xFF,0xFE,0x26,0xFE,0x17,0x3C,0x0E,0x01,0x5E,0x40,0x50,0xD4,0x08,  //0x7c50~0x7c5f      P....&..<..^@P..
0x46,0x4E,0x01,0xFF,0x3C,0x1C,0x01,0x5E,0x50,0x42,0x0F,0xFF,0xFF,0x0E,0xFF,0x2F,  //0x7c60~0x7c6f      FN..<..^PB...../
0x3C,0x4E,0x01,0x5E,0x3C,0x2C,0x01,0x5F,0x84,0x18,0xFE,0x86,0xFE,0x9F,0x3C,0x2E,  //0x7c70~0x7c7f      <N.^<,._......<.
0x01,0x5F,0x3C,0x2C,0x01,0x5F,0x54,0x03,0x80,0x7F,0x94,0x47,0x44,0x0F,0xC0,0x7F,  //0x7c80~0x7c8f      ._<,._T....GD...
0xFE,0x16,0xFE,0x0F,0x3C,0x0E,0x01,0x5F,0x3C,0x1C,0x01,0x5A,0x44,0x0F,0xFF,0xDF,  //0x7c90~0x7c9f      ....<.._<..ZD...
0xFE,0x0E,0x3C,0x0E,0x01,0x5A,0x3C,0x1C,0x01,0x5A,0x44,0x0F,0xFF,0xEF,0xFE,0x0E,  //0x7ca0~0x7caf      ..<..Z<..ZD.....
0x3C,0x0E,0x01,0x5A,0x3C,0x0C,0x01,0x5A,0x97,0x9F,0x58,0x00,0x00,0x08,0x3C,0x0E,  //0x7cb0~0x7cbf      <..Z<..Z..X...<.
0x01,0x5A,0x3C,0x1C,0x01,0x5A,0x84,0x1B,0xFE,0x0E,0x3C,0x0E,0x01,0x5A,0x3C,0x1C,  //0x7cc0~0x7ccf      .Z<..Z....<..Z<.
0x01,0x5A,0x84,0x1D,0xFE,0x0E,0x3C,0x0E,0x01,0x5A,0x3C,0x1C,0x01,0x66,0x84,0x10,  //0x7cd0~0x7cdf      .Z....<..Z<..f..
0xFE,0x0E,0xFF,0x87,0x3C,0x6E,0x01,0x66,0xFC,0xC0,0x44,0x02,0x00,0x6C,0x00,0x20,  //0x7ce0~0x7cef      ....<n.f..D..l..
0x00,0xA0,0x00,0x10,0x00,0x44,0x44,0x31,0x0B,0x6C,0xFE,0x57,0x00,0x20,0x00,0xFC,  //0x7cf0~0x7cff      .....DD1.l.W....
0xFE,0x57,0x00,0x20,0x01,0x58,0xFE,0x57,0x10,0x11,0x80,0x08,0x00,0x20,0x00,0xA1,  //0x7d00~0x7d0f      .W...X.W........
0x00,0x10,0x00,0x45,0xFE,0x57,0x00,0x20,0x00,0xFD,0xFE,0x57,0x00,0x20,0x01,0x59,  //0x7d10~0x7d1f      ...E.W.....W...Y
0xFE,0x57,0x10,0x11,0x80,0x0C,0x00,0x20,0x00,0xA2,0x00,0x10,0x00,0x46,0xFE,0x57,  //0x7d20~0x7d2f      .W...........F.W
0x00,0x20,0x00,0xFE,0xFE,0x57,0x00,0x20,0x01,0x5A,0xFE,0x57,0x10,0x11,0x80,0x10,  //0x7d30~0x7d3f      .....W...Z.W....
0x00,0x20,0x00,0xA3,0x00,0x10,0x00,0x47,0xFE,0x57,0x00,0x20,0x00,0xFF,0xFE,0x57,  //0x7d40~0x7d4f      .......G.W.....W
0x00,0x20,0x01,0x5B,0xFE,0x57,0x10,0x11,0x80,0x14,0x00,0x20,0x00,0xA4,0x00,0x10,  //0x7d50~0x7d5f      ...[.W..........
0x00,0x48,0xFE,0x57,0x00,0x20,0x01,0x00,0xFE,0x57,0x00,0x20,0x01,0x5C,0x40,0x00,  //0x7d60~0x7d6f      .H.W.....W....@.
0x88,0x04,0xA0,0x9E,0x54,0x10,0x00,0x0F,0x84,0x10,0xFE,0x16,0xFE,0x0F,0xA8,0x1E,  //0x7d70~0x7d7f      ....T...........
0xDD,0x9E,0xFC,0x20,0x80,0xE0,0x3C,0x6C,0x01,0x66,0x49,0xFF,0xFE,0x9C,0x80,0x07,  //0x7d80~0x7d8f      ......<l.fI.....
0x49,0xFF,0xFE,0xF7,0x3C,0x0C,0x01,0x66,0x44,0x1F,0xFF,0xDF,0xFE,0x46,0x97,0x9F,  //0x7d90~0x7d9f      I...<..fD....F..
0x3C,0x1E,0x01,0x66,0xCF,0x07,0x3C,0x0C,0x01,0x66,0x58,0x00,0x00,0x20,0x3C,0x0E,  //0x7da0~0x7daf      <..f..<..fX...<.
0x01,0x66,0x3C,0x0D,0xFF,0x51,0x54,0x10,0x3F,0xFF,0x3C,0x0C,0x01,0x60,0x92,0x0E,  //0x7db0~0x7dbf      .f<..QT.?.<..`..
0x40,0x00,0x38,0x08,0xFE,0x0F,0x3C,0x1D,0xFF,0x52,0x3C,0x0E,0x01,0x60,0x54,0x10,  //0x7dc0~0x7dcf      @.8...<..R<..`T.
0xBF,0xFF,0x40,0x20,0xB8,0x08,0x46,0x0F,0x00,0x03,0x3C,0x1C,0x01,0x60,0x50,0x00,  //0x7dd0~0x7ddf      ..@...F...<..`P.
0x0F,0xFF,0xFE,0x46,0xFE,0x57,0x3C,0x1E,0x01,0x60,0x3C,0x1D,0xFF,0x4F,0x54,0x20,  //0x7de0~0x7def      ...F.W<..`<..OT.
0xBF,0xFF,0x3C,0x1C,0x01,0x61,0x92,0x2E,0x40,0x10,0xB8,0x08,0xFE,0x57,0x3C,0x1E,  //0x7df0~0x7dff      ..<..a..@....W<.
0x01,0x61,0x3C,0x1D,0xFF,0x50,0x54,0x10,0xBF,0xFF,0x40,0x20,0xB8,0x08,0x3C,0x1C,  //0x7e00~0x7e0f      .a<..PT...@...<.
0x01,0x61,0xFE,0x46,0xFE,0x57,0x3C,0x1E,0x01,0x61,0x3C,0x1D,0xFF,0x4D,0x54,0x20,  //0x7e10~0x7e1f      .a.F.W<..a<..MT.
0xBF,0xFF,0x3C,0x1C,0x01,0x62,0x92,0x2E,0x40,0x10,0xB8,0x08,0xFE,0x57,0x3C,0x1E,  //0x7e20~0x7e2f      ..<..b..@....W<.
0x01,0x62,0x3C,0x1D,0xFF,0x4E,0x3C,0x2C,0x01,0x62,0x54,0x10,0xBF,0xFF,0xFE,0x16,  //0x7e30~0x7e3f      .b<..N<,.bT.....
0x40,0x10,0xB8,0x08,0xFE,0x0F,0x3C,0x0E,0x01,0x62,0x3C,0x0D,0xFE,0xA4,0x58,0x00,  //0x7e40~0x7e4f      @.....<..b<...X.
0x00,0x01,0x3C,0x0F,0xFE,0xA4,0x3C,0x1D,0xFE,0xA4,0x84,0x1D,0xFE,0x0E,0x3C,0x0F,  //0x7e50~0x7e5f      ..<...<.......<.
0xFE,0xA4,0x3C,0x0D,0xFE,0xA4,0x58,0x00,0x00,0x04,0x3C,0x0F,0xFE,0xA4,0x3C,0x1D,  //0x7e60~0x7e6f      ..<...X...<...<.
0xFE,0xA4,0x44,0x0F,0xF8,0x07,0xFE,0x0E,0x3C,0x0F,0xFE,0xA4,0x3C,0x1D,0xFE,0xA4,  //0x7e70~0x7e7f      ..D.....<...<...
0x44,0x08,0x07,0xFF,0xFE,0x0E,0x44,0x15,0x00,0x00,0xFE,0x0F,0x3C,0x0F,0xFE,0xA4,  //0x7e80~0x7e8f      D.....D.....<...
0x3C,0x1D,0xFE,0xA4,0x46,0x0F,0x80,0x7F,0x50,0x00,0x0F,0xFF,0xFE,0x0E,0x46,0x10,  //0x7e90~0x7e9f      <...F...P.....F.
0x0F,0x00,0xFE,0x0F,0x3C,0x0F,0xFE,0xA4,0x3C,0x1D,0xFE,0xA4,0x46,0x0F,0x7F,0xFF,  //0x7ea0~0x7eaf      ....<...<...F...
0x50,0x00,0x0F,0xFF,0xFE,0x0E,0x3C,0x0F,0xFE,0xA4,0x44,0x00,0x95,0x54,0x38,0x00,  //0x7eb0~0x7ebf      P.....<...D..T8.
0x19,0x00,0x3E,0x07,0xFA,0x94,0x49,0xFF,0xFF,0x12,0x49,0xFF,0xF6,0x28,0xFC,0xA0,  //0x7ec0~0x7ecf      ..>...I...I..(..
0xFC,0x41,0x84,0x20,0x80,0xE0,0x2E,0x97,0xFE,0x2C,0x2E,0x07,0xFE,0x2D,0x3E,0x17,  //0x7ed0~0x7edf      .A.......,...->.
0xFA,0x64,0x2E,0x17,0xFF,0x76,0x40,0x60,0x24,0x00,0x3C,0x8D,0xFF,0x8E,0x97,0xB0,  //0x7ee0~0x7eef      .d...v@`$.<.....
0x10,0x1F,0x80,0x07,0x5A,0x78,0x01,0x09,0x2E,0x17,0xFF,0x82,0x44,0xA1,0x05,0x14,  //0x7ef0~0x7eff      ....Zx......D...
0x10,0x1F,0x80,0x07,0xD5,0x03,0x44,0xA1,0x04,0xDE,0x2E,0x17,0xF7,0x51,0x5A,0x18,  //0x7f00~0x7f0f      ......D......QZ.
0x01,0x05,0x3C,0x8D,0xFF,0x8F,0x81,0x20,0x49,0xFF,0xFB,0x46,0xFD,0x04,0x49,0xFF,  //0x7f10~0x7f1f      ..<.....I..F..I.
0xFC,0x05,0x49,0xFF,0xFC,0xD0,0x80,0x26,0x44,0x01,0x04,0xA8,0x49,0xFF,0xFD,0x0B,  //0x7f20~0x7f2f      ..I....&D...I...
0x50,0x0F,0x80,0x07,0x80,0x2A,0x80,0x66,0x44,0x21,0x04,0xA8,0x49,0xFF,0xFD,0x8F,  //0x7f30~0x7f3f      P....*.fD!..I...
0x80,0x07,0x44,0x11,0x04,0xA8,0x80,0x46,0x49,0xFF,0xFD,0x2D,0x80,0x07,0x49,0xFF,  //0x7f40~0x7f4f      ..D....FI..-..I.
0xFF,0x1A,0xFC,0xC1,0x3C,0x0D,0xE3,0xF7,0x44,0x3F,0xFF,0xDF,0x04,0x10,0x00,0x0E,  //0x7f50~0x7f5f      ....<...D?......
0xFE,0x5E,0x14,0x10,0x00,0x0E,0x3C,0x2D,0xE3,0xF5,0x84,0x3E,0xA1,0x12,0xFE,0x66,  //0x7f60~0x7f6f      .^....<-...>...f
0xA8,0x52,0x84,0x20,0xA8,0x42,0xA8,0x43,0xA8,0x44,0xA8,0x45,0xA8,0x46,0xA8,0x53,  //0x7f70~0x7f7f      .R...B.C.D.E.F.S
0xA8,0x54,0xA8,0x55,0xA8,0x56,0xA8,0x57,0xA1,0x57,0x84,0x90,0xFF,0x2E,0xA9,0x17,  //0x7f80~0x7f8f      .T.U.V.W.W......
0xA1,0x57,0x44,0x4F,0xFF,0xBF,0xFF,0x2E,0xA9,0x17,0xA1,0x01,0x44,0x2F,0xFF,0xEF,  //0x7f90~0x7f9f      .WDO........D/..
0xFF,0x16,0xA9,0x01,0xA1,0x01,0xFE,0xE6,0xA8,0xC1,0x04,0x30,0x00,0x0E,0xFE,0x9E,  //0x7fa0~0x7faf      ...........0....
0x14,0x20,0x00,0x0E,0x14,0x10,0x00,0x0F,0x14,0x10,0x00,0x10,0xDD,0x9E,0xFC,0x20,  //0x7fb0~0x7fbf      ................
0x3C,0x1D,0xE3,0xF5,0x44,0x3F,0xFF,0xEF,0xA0,0x09,0x44,0x6F,0xFF,0xDF,0xFE,0x1E,  //0x7fc0~0x7fcf      <...D?....Do....
0xA8,0x09,0x3C,0x0D,0xE3,0xF7,0x83,0x80,0xBA,0x0E,0xFE,0xB6,0xBA,0x8E,0xA1,0x0A,  //0x7fd0~0x7fdf      ..<.............
0x84,0x5E,0xFE,0xA6,0xA8,0x8A,0x84,0x40,0xA8,0x82,0xA8,0x83,0xA8,0x84,0xA8,0x85,  //0x7fe0~0x7fef      .^.....@........
0xA8,0x86,0xA8,0x8B,0xA8,0x8C,0xA8,0x8D,0xA8,0x8E,0xA8,0x8F,0xA1,0x4F,0x84,0x90,  //0x7ff0~0x7fff      .............O..
0xFF,0x2E,0xA9,0x0F,0xA1,0x4F,0x44,0x4F,0xFF,0xBF,0xFF,0x2E,0xA9,0x0F,0x3C,0x1D,  //0x8000~0x800f      .....ODO......<.
0xE3,0xF2,0x46,0x4F,0x8F,0xFF,0xB4,0xA1,0x50,0x42,0x0F,0xFF,0xFF,0x2E,0x46,0x50,  //0x8010~0x801f      ..FO....PB....FP
0x60,0x00,0xFF,0x2F,0xB6,0x81,0xA1,0x49,0x44,0x41,0xFE,0x00,0xA1,0xC9,0xFF,0x66,  //0x8020~0x802f      `../...IDA.....f
0x44,0x4C,0x01,0xFF,0xFF,0x3E,0xFF,0x2F,0xA9,0x09,0xA0,0x41,0xFE,0x5E,0xA8,0x41,  //0x8030~0x803f      DL...>./...A.^.A
0xA0,0x41,0xFF,0x8E,0xA9,0x81,0xB9,0x0E,0xFE,0xCE,0xBB,0x8E,0xBA,0x8F,0xBA,0x90,  //0x8040~0x804f      .A..............
0xFC,0xA0,0xFC,0x00,0x49,0xFF,0xFF,0x80,0xFC,0x80,0xFC,0x00,0x49,0xFF,0xFF,0xB1,  //0x8050~0x805f      ....I.......I...
0xFC,0x80,0x3C,0x0D,0xE3,0xEF,0xB4,0x20,0x58,0x10,0x80,0x01,0xB6,0x20,0xB4,0x20,  //0x8060~0x806f      ..<.....X.......
0x58,0x10,0x80,0x02,0xB6,0x20,0xB4,0x20,0x58,0x10,0x80,0x04,0xB6,0x20,0x3C,0x1D,  //0x8070~0x807f      X.......X.....<.
0xE3,0xF8,0x46,0x00,0x01,0x00,0xA0,0x8C,0xFE,0x17,0xA8,0x0C,0xDD,0x9E,0x3C,0x4D,  //0x8080~0x808f      ..F...........<M
0xE3,0xF5,0x96,0x17,0xA0,0xA2,0x96,0x6F,0x58,0x21,0x00,0x01,0xA8,0xA2,0x3C,0x2D,  //0x8090~0x809f      .......oX!....<-
0xE3,0xF7,0x04,0x31,0x00,0x0E,0x58,0x31,0x80,0x10,0x14,0x31,0x00,0x0E,0x84,0x60,  //0x80a0~0x80af      ...1..X1...1...`
0x14,0x31,0x00,0x0F,0x04,0x51,0x00,0x10,0x84,0x70,0xFE,0xEE,0x58,0x31,0x80,0x01,  //0x80b0~0x80bf      .1...Q...p..X1..
0x14,0x31,0x00,0x10,0xB4,0xA4,0x84,0x78,0xFE,0xEE,0xFE,0x1F,0xB6,0x04,0x04,0x01,  //0x80c0~0x80cf      .1.....x........
0x00,0x11,0x92,0x06,0x94,0x06,0xFE,0x0F,0x14,0x01,0x00,0x11,0x04,0x01,0x00,0x11,  //0x80d0~0x80df      ................
0x58,0x00,0x00,0x40,0x14,0x01,0x00,0x11,0x3C,0x1D,0xE3,0xF8,0x04,0x00,0x80,0x09,  //0x80e0~0x80ef      X..@....<.......
0x92,0x02,0x96,0x06,0xC0,0xFC,0x50,0x31,0x00,0x40,0xA0,0x59,0x44,0x0F,0xFF,0xBF,  //0x80f0~0x80ff      ......P1.@.YD...
0xFE,0x0E,0xA8,0x19,0x84,0x00,0xB6,0x03,0xDD,0x9E,0xFC,0x4F,0x2E,0x07,0xFE,0x2D,  //0x8100~0x810f      ...........O...-
0x2E,0x67,0xFE,0x2C,0x2E,0x27,0xFA,0x38,0x88,0xC0,0x2E,0x77,0xF8,0x7D,0x2E,0x07,  //0x8110~0x811f      .g.,.'.8...w.}..
0xF8,0x7C,0x40,0x73,0xA0,0x08,0xE6,0x48,0xFF,0xC7,0x2E,0x17,0xFA,0x39,0x97,0xB0,  //0x8120~0x812f      .|@s...H.....9..
0x80,0x02,0xE9,0x02,0x84,0x07,0x96,0x00,0xF0,0x81,0x85,0x21,0xC1,0x08,0x5C,0xF0,  //0x8130~0x813f      ...........!....
0x80,0x21,0x80,0x01,0xE9,0x02,0xFA,0x10,0x54,0x90,0x00,0xFF,0x84,0x01,0x49,0xFF,  //0x8140~0x814f      .!......T.....I.
0xF9,0xF8,0x3C,0x8D,0xE3,0xF8,0x46,0x0F,0xC0,0x00,0xB4,0x28,0x50,0x00,0x03,0xFF,  //0x8150~0x815f      ..<...F....(P...
0xFE,0x0E,0x40,0x73,0xA8,0x08,0xFF,0xC7,0xB6,0xE8,0xB4,0x28,0x44,0x0F,0xFD,0xFF,  //0x8160~0x816f      ..@s.......(D...
0xFE,0x0E,0xB6,0x08,0x64,0x03,0x00,0x02,0x84,0x3B,0xFE,0x0E,0x64,0x03,0x00,0x03,  //0x8170~0x817f      ....d....;..d...
0x64,0x00,0x00,0x08,0x49,0xFF,0xF3,0xE9,0x44,0x00,0x13,0x88,0x49,0xFF,0xEE,0x94,  //0x8180~0x818f      d...I...D...I...
0x49,0xFF,0xF7,0x93,0x49,0xFF,0xFF,0x67,0x84,0x20,0x44,0x20,0x00,0x6A,0x44,0x04,  //0x8190~0x819f      I...I..g..D..jD.
0x08,0xF4,0x49,0x00,0x06,0x6D,0x44,0x02,0x00,0x00,0x84,0x20,0x44,0x20,0x08,0x00,  //0x81a0~0x81af      ..I..mD.....D...
0x49,0x00,0x06,0x66,0x84,0x00,0x10,0x04,0x00,0x0B,0x84,0xE0,0x45,0xC1,0x04,0x04,  //0x81b0~0x81bf      I..f........E...
0x84,0x20,0xB0,0x03,0x44,0x20,0x00,0x6A,0x49,0x00,0x06,0x5A,0x44,0x52,0x08,0xE8,  //0x81c0~0x81cf      ....D..jI..ZDR..
0x44,0x1F,0xFF,0xAA,0x44,0x02,0x08,0xF6,0x18,0x12,0x80,0x01,0xD8,0xFE,0x85,0x00,  //0x81d0~0x81df      D...D...........
0x44,0xA2,0x00,0x00,0x54,0x04,0x00,0xFF,0xE2,0x06,0xE8,0x0F,0x40,0x14,0x70,0x00,  //0x81e0~0x81ef      D...T.......@.p.
0xF0,0x01,0x00,0x10,0x80,0xA4,0x49,0xFF,0xFF,0x4C,0x00,0x05,0x00,0x00,0xB0,0x43,  //0x81f0~0x81ff      ......I..L.....C
0x38,0x00,0xA1,0x09,0x8D,0x01,0xD5,0xEF,0x44,0x14,0x08,0xF4,0x84,0x00,0x96,0x80,  //0x8200~0x820f      8.......D.......
0xE2,0x46,0xE8,0x0A,0xB0,0x83,0x38,0x31,0x01,0x01,0xA4,0x88,0x8C,0x01,0x88,0x43,  //0x8210~0x821f      .F....81.......C
0x1A,0x20,0x80,0x01,0xD5,0xF5,0x8C,0xE1,0x97,0xF8,0x4C,0x74,0xFF,0xCB,0x44,0x04,  //0x8220~0x822f      ..........Lt..D.
0x08,0xF4,0x84,0xA0,0xD6,0x09,0xA4,0x40,0x8C,0xA1,0x40,0x10,0xA4,0x36,0x1A,0x10,  //0x8230~0x823f      .......@..@..6..
0x00,0x01,0x97,0x68,0xD5,0xF8,0x64,0x03,0x00,0x02,0x58,0x00,0x00,0x04,0x64,0x03,  //0x8240~0x824f      ...h..d...X...d.
0x00,0x03,0x64,0x00,0x00,0x08,0xFC,0xCF,0x2E,0x07,0xFD,0x4C,0x5A,0x08,0x01,0x0B,  //0x8250~0x825f      ..d........LZ...
0x84,0x00,0x3E,0x07,0xFD,0x4C,0x3C,0x0D,0xFF,0x54,0xC0,0x04,0xFC,0x00,0xDD,0x20,  //0x8260~0x826f      ..>..L<..T......
0xFC,0x80,0xDD,0x9E,0xFC,0x00,0x64,0x12,0x00,0x43,0x64,0x00,0x00,0x08,0x84,0x01,  //0x8270~0x827f      ......d..Cd.....
0x3E,0x07,0xFA,0x65,0x49,0xFF,0xF3,0x73,0x2E,0x07,0xFD,0x30,0x96,0x00,0x5A,0x08,  //0x8280~0x828f      >..eI..s...0..Z.
0x01,0x05,0x3E,0x07,0xFD,0x4C,0xFC,0x80,0x3C,0x0D,0xFF,0x54,0xC0,0x02,0xDD,0x20,  //0x8290~0x829f      ..>..L..<..T....
0xFC,0x80,0x3C,0x0D,0xE3,0xF9,0xA0,0x42,0x92,0x2A,0x40,0x10,0xA8,0x08,0x58,0x10,  //0x82a0~0x82af      ..<....B.*@...X.
0x81,0xB0,0xA8,0x42,0x3C,0x1D,0xFF,0x57,0x5A,0x18,0x02,0x09,0xA0,0x42,0x92,0x2A,  //0x82b0~0x82bf      ...B<..WZ....B.*
0x40,0x10,0xA8,0x08,0x58,0x10,0x80,0x6C,0xA8,0x42,0xB4,0x20,0x92,0x2A,0x54,0x10,  //0x82c0~0x82cf      @...X..l.B...*T.
0x87,0xFF,0x3C,0x1B,0xFD,0x33,0xA0,0x41,0x58,0x10,0x80,0x40,0xA8,0x41,0xB4,0x40,  //0x82d0~0x82df      ..<..3.AX..@.A.@
0x46,0x1F,0xFE,0x00,0x50,0x10,0x83,0xFF,0xFE,0x56,0xB6,0x20,0x3C,0x0D,0xE3,0xF5,  //0x82e0~0x82ef      F...P....V..<...
0xB4,0x00,0x92,0x03,0x96,0x0F,0x3C,0x0B,0xFE,0xAA,0xDD,0x9E,0xFC,0x00,0x3C,0x2D,  //0x82f0~0x82ff      ......<.......<-
0xE3,0xF9,0x44,0x0F,0xFF,0xBF,0xA0,0x51,0xFE,0x0E,0xA8,0x11,0x3C,0x03,0xFD,0x33,  //0x8300~0x830f      ..D....Q....<..3
0xB4,0x62,0x54,0x00,0x07,0xFF,0x40,0x10,0x28,0x08,0x46,0x0F,0xFE,0x00,0x50,0x00,  //0x8310~0x831f      .bT...@.(.F...P.
0x03,0xFF,0xFE,0x1E,0xFE,0x0F,0xB6,0x02,0x84,0x0F,0x49,0xFF,0xED,0xC5,0xFC,0x80,  //0x8320~0x832f      ..........I.....
0xFC,0x00,0x49,0xFF,0xFF,0xB8,0x3C,0x1D,0xE3,0xF9,0xA0,0x09,0x58,0x00,0x00,0x02,  //0x8330~0x833f      ..I...<.....X...
0xA8,0x09,0x49,0xFF,0xFF,0xDD,0xFC,0x80,0x3C,0x2D,0xE3,0xF4,0x44,0x1F,0xFF,0x7F,  //0x8340~0x834f      ..I.....<-..D...
0xA0,0xD3,0x84,0x97,0xFE,0x5E,0xA8,0x53,0xA0,0x53,0x44,0x3F,0xFF,0xBF,0xFE,0x5E,  //0x8350~0x835f      .....^.S.SD?...^
0xA8,0x53,0x3C,0x1D,0xE3,0xF9,0xA1,0x49,0xFF,0x2E,0xA9,0x09,0xA1,0x09,0x58,0x42,  //0x8360~0x836f      .S<....I......XB
0x00,0x04,0xA9,0x09,0xA1,0x49,0x84,0x9B,0xFF,0x2E,0xA9,0x09,0xA1,0x09,0xFE,0xE6,  //0x8370~0x837f      .....I..........
0xA8,0xC9,0x54,0x30,0x00,0x02,0xC3,0x0D,0xA0,0xD3,0x58,0x31,0x80,0x40,0xA8,0xD3,  //0x8380~0x838f      ..T0......X1.@..
0xA0,0xD3,0x58,0x31,0x80,0x80,0xA8,0xD3,0xA0,0x89,0x58,0x21,0x00,0x10,0xA8,0x89,  //0x8390~0x839f      ..X1......X!....
0x96,0x16,0xC0,0x09,0xA0,0x09,0x58,0x00,0x00,0x20,0xA8,0x09,0xA0,0x09,0x58,0x00,  //0x83a0~0x83af      ......X.......X.
0x00,0x08,0xA8,0x09,0xA0,0x89,0x84,0x1D,0xFE,0x16,0xA8,0x09,0xA0,0x09,0x58,0x00,  //0x83b0~0x83bf      ..............X.
0x00,0x01,0xA8,0x09,0xDD,0x9E,0x3C,0x2D,0xE3,0xF9,0xB4,0x22,0xB4,0x62,0x92,0x2A,  //0x83c0~0x83cf      ......<-...".b.*
0xFE,0x0F,0x54,0x00,0x07,0xFF,0x40,0x10,0x28,0x08,0x46,0x0F,0xFE,0x00,0x50,0x00,  //0x83d0~0x83df      ..T...@.(.F...P.
0x03,0xFF,0xFE,0x1E,0xFE,0x0F,0xB6,0x02,0xDD,0x9E,0x3C,0x2D,0xE3,0xF9,0xFE,0x03,  //0x83e0~0x83ef      ..........<-....
0xB4,0x22,0xB4,0x62,0x92,0x2A,0x54,0x10,0x87,0xFF,0xFE,0x0E,0x40,0x10,0x28,0x08,  //0x83f0~0x83ff      .".b.*T.....@.(.
0x46,0x0F,0xFE,0x00,0x50,0x00,0x03,0xFF,0xFE,0x1E,0xFE,0x0F,0xB6,0x02,0xDD,0x9E,  //0x8400~0x840f      F...P...........
0x3C,0x0D,0xE3,0xF9,0x46,0x1F,0xFE,0x00,0xB4,0x40,0x50,0x10,0x83,0xFF,0xFE,0x56,  //0x8410~0x841f      <...F....@P....V
0x46,0x20,0x01,0x1F,0x50,0x21,0x0C,0x00,0xFE,0x57,0xB6,0x20,0x3C,0x1D,0xE3,0xF4,  //0x8420~0x842f      F...P!...W..<...
0x44,0x2F,0xFF,0x7F,0xA0,0xCB,0xFE,0x9E,0xA8,0x8B,0xA0,0xCB,0x44,0x2F,0xFF,0xBF,  //0x8430~0x843f      D/..........D/..
0xFE,0x9E,0xA8,0x8B,0xA0,0xC1,0x84,0x57,0xFE,0x9E,0xA8,0x81,0xA0,0x81,0x58,0x21,  //0x8440~0x844f      .......W......X!
0x00,0x04,0xA8,0x81,0xA0,0xC1,0x84,0x5B,0xFE,0x9E,0xA8,0x81,0xA0,0x8B,0x58,0x21,  //0x8450~0x845f      .......[......X!
0x00,0x40,0xA8,0x8B,0xA0,0x81,0x58,0x21,0x00,0x10,0xA8,0x81,0xA0,0x8B,0x58,0x21,  //0x8460~0x846f      .@....X!......X!
0x00,0x80,0xA8,0x8B,0xA0,0x41,0x58,0x10,0x80,0x20,0xA8,0x41,0xA0,0x41,0x58,0x10,  //0x8470~0x847f      .....AX....A.AX.
0x80,0x08,0xA8,0x41,0x64,0x03,0x60,0x02,0x46,0x1F,0xFC,0xFF,0x50,0x10,0x8F,0xFF,  //0x8480~0x848f      ...Ad.`.F...P...
0xFE,0x0E,0x46,0x10,0x02,0x00,0xFE,0x0F,0x64,0x03,0x60,0x03,0x64,0x00,0x00,0x08,  //0x8490~0x849f      ..F.....d.`.d...
0x64,0x03,0x00,0x02,0x58,0x00,0x04,0x00,0x64,0x03,0x00,0x03,0x64,0x00,0x00,0x08,  //0x84a0~0x84af      d...X...d...d...
0x64,0x03,0x60,0x02,0x44,0x1F,0x3F,0xFF,0xFE,0x0E,0x44,0x10,0x80,0x00,0xFE,0x0F,  //0x84b0~0x84bf      d.`.D.?...D.....
0x64,0x03,0x60,0x03,0x64,0x00,0x00,0x08,0x64,0x03,0x00,0x02,0x58,0x00,0x00,0x80,  //0x84c0~0x84cf      d.`.d...d...X...
0x64,0x03,0x00,0x03,0x64,0x00,0x00,0x08,0xDD,0x9E,0xFC,0x02,0x44,0x10,0x95,0x7C,  //0x84d0~0x84df      d...d.......D..|
0x3A,0x20,0x94,0x00,0x3C,0x1D,0xE3,0xF5,0x3A,0x2F,0x94,0x20,0xB4,0x21,0x92,0x23,  //0x84e0~0x84ef      :...<...:/...!.#
0x96,0x4F,0x38,0x0F,0x86,0x02,0xFC,0x82,0xFC,0x00,0x49,0xFF,0xFF,0xF0,0x3C,0x0F,  //0x84f0~0x84ff      .O8.......I...<.
0xFF,0x57,0xFC,0x80,0xFC,0x00,0x3C,0x3D,0xE3,0xF5,0x54,0x10,0x00,0x03,0xB4,0x83,  //0x8500~0x850f      .W....<=..T.....
0x94,0x8B,0x44,0x1F,0xFF,0xE7,0xFE,0x66,0xFE,0x57,0xB6,0x23,0x3C,0x1D,0xE3,0xF4,  //0x8510~0x851f      ..D....f.W.#<...
0x5A,0x08,0x02,0x06,0xA0,0x0B,0x58,0x00,0x40,0x00,0xD5,0x05,0xA0,0x8B,0x44,0x0F,  //0x8520~0x852f      Z.....X.@.....D.
0xBF,0xFF,0xFE,0x16,0xA8,0x0B,0x49,0xFF,0xFF,0xE1,0xFC,0x80,0x3C,0x1D,0xE3,0xF4,  //0x8530~0x853f      ......I.....<...
0x44,0x0F,0xFF,0xBF,0xA0,0x8B,0xFE,0x86,0xA8,0x8B,0xA0,0x8B,0x58,0x21,0x00,0x40,  //0x8540~0x854f      D...........X!.@
0xA8,0x8B,0x3C,0x2D,0xE3,0xF9,0xA0,0x51,0xFE,0x0E,0xA8,0x11,0x3C,0x03,0xFD,0x33,  //0x8550~0x855f      ..<-...Q....<..3
0xB4,0x62,0x54,0x00,0x07,0xFF,0x40,0x10,0x28,0x08,0x46,0x0F,0xFE,0x00,0x50,0x00,  //0x8560~0x856f      .bT...@.(.F...P.
0x03,0xFF,0xFE,0x1E,0xFE,0x0F,0xB6,0x02,0x44,0x00,0x03,0xE8,0x3C,0x0B,0xFD,0x1E,  //0x8570~0x857f      ........D...<...
0xDD,0x9E,0x3C,0x0D,0xE3,0xF9,0xA0,0x41,0x58,0x10,0x80,0x04,0xA8,0x41,0xA0,0x81,  //0x8580~0x858f      ..<....AX....A..
0x84,0x3B,0xFE,0x56,0xA8,0x41,0xA0,0x81,0x44,0x1F,0xFF,0xBF,0xFE,0x56,0xA8,0x41,  //0x8590~0x859f      .;.V.A..D....V.A
0x3C,0x13,0xFD,0x33,0xB4,0x60,0x54,0x10,0x87,0xFF,0x40,0x20,0xA8,0x08,0x46,0x1F,  //0x85a0~0x85af      <..3.`T...@...F.
0xFE,0x00,0x50,0x10,0x83,0xFF,0xFE,0x5E,0xFE,0x57,0xB6,0x20,0xDD,0x9E,0x3C,0x2D,  //0x85b0~0x85bf      ..P....^.W....<-
0xE3,0xF2,0xA0,0x51,0xA0,0xD1,0x92,0x29,0xFE,0x0F,0x54,0x00,0x01,0xFF,0x40,0x10,  //0x85c0~0x85cf      ...Q...)..T...@.
0x24,0x08,0x44,0x0C,0x01,0xFF,0xFE,0x1E,0xFE,0x0F,0xA8,0x11,0xDD,0x9E,0x3C,0x2D,  //0x85d0~0x85df      $.D...........<-
0xE3,0xF2,0xA0,0x51,0xFE,0x0F,0x54,0x10,0x01,0xFF,0xA0,0x11,0x92,0x09,0x40,0x00,  //0x85e0~0x85ef      ...Q..T.......@.
0x24,0x08,0xFE,0x0F,0xA8,0x11,0xDD,0x9E,0x5A,0x00,0x01,0x11,0x5A,0x08,0x40,0x17,  //0x85f0~0x85ff      $.......Z...Z.@.
0x3C,0x3D,0xE3,0xF2,0x46,0x0F,0xFE,0x3F,0xB4,0x43,0x50,0x00,0x0F,0xFF,0xFE,0x16,  //0x8600~0x860f      <=..F..?.CP.....
0x46,0x20,0x00,0xC0,0xFE,0x17,0xB6,0x03,0xD5,0x09,0x3C,0x2D,0xE3,0xF2,0x84,0x18,  //0x8610~0x861f      F.........<-....
0xB4,0x62,0xFE,0x1E,0x58,0x00,0x00,0x03,0xB6,0x02,0x5A,0x10,0x02,0x05,0x5A,0x10,  //0x8620~0x862f      .b..X.....Z...Z.
0x80,0x0D,0xDD,0x9E,0x3C,0x1D,0xE3,0xF2,0x44,0x0F,0xFF,0xC7,0xB4,0x41,0xFE,0x16,  //0x8630~0x863f      ....<...D....A..
0x58,0x00,0x00,0x18,0xB6,0x01,0xDD,0x9E,0x3C,0x2D,0xE3,0xF2,0x46,0x0F,0xF1,0xFF,  //0x8640~0x864f      X.......<-..F...
0xB4,0x22,0x50,0x00,0x0F,0xFF,0xFE,0x0E,0x46,0x10,0x06,0x00,0xFE,0x0F,0xB6,0x02,  //0x8650~0x865f      ."P.....F.......
0xDD,0x9E,0x5A,0x00,0x04,0x05,0x5A,0x00,0x20,0x0D,0xDD,0x9E,0x3C,0x1D,0xE3,0xF2,  //0x8660~0x866f      ..Z...Z.....<...
0x44,0x0F,0xFE,0x3F,0xB4,0x41,0xFE,0x16,0x58,0x00,0x01,0x40,0xB6,0x01,0xDD,0x9E,  //0x8670~0x867f      D..?.A..X..@....
0x3C,0x2D,0xE3,0xF2,0x44,0x0C,0x7F,0xFF,0xB4,0x22,0xFE,0x0E,0x44,0x12,0x80,0x00,  //0x8680~0x868f      <-..D...."..D...
0xFE,0x0F,0xB6,0x02,0xDD,0x9E,0xFC,0x00,0x5A,0x00,0x10,0x50,0xE6,0x11,0xE8,0x1C,  //0x8690~0x869f      ........Z..P....
0x5A,0x00,0x02,0x3A,0xE6,0x03,0xE8,0x0B,0x5A,0x08,0x01,0x69,0x3C,0x1D,0xE3,0xF2,  //0x86a0~0x86af      Z..:....Z..i<...
0x84,0x18,0xB4,0x41,0xFE,0x16,0x58,0x00,0x00,0x06,0xD5,0x47,0x5A,0x00,0x04,0x35,  //0x86b0~0x86bf      ...A..X....GZ..5
0x5A,0x08,0x08,0x5D,0x3C,0x1D,0xE3,0xF2,0x44,0x0F,0xF1,0xFF,0xB4,0x41,0xFE,0x16,  //0x86c0~0x86cf      Z..]<...D....A..
0x58,0x00,0x0C,0x00,0xD5,0x3A,0x5A,0x00,0x40,0x3B,0x5C,0xF0,0x00,0x41,0xE8,0x0C,  //0x86d0~0x86df      X....:Z.@;...A..
0x5A,0x08,0x20,0x4D,0x3C,0x2D,0xE3,0xF2,0x44,0x0C,0x7F,0xFF,0xB4,0x22,0xFE,0x0E,  //0x86e0~0x86ef      Z..M<-..D...."..
0x44,0x13,0x00,0x00,0xD5,0x41,0x5A,0x00,0x80,0x36,0x5A,0x09,0x00,0x40,0x3C,0x2D,  //0x86f0~0x86ff      D....AZ..6Z..@<-
0xE3,0xF2,0x46,0x0F,0x8F,0xFF,0xB4,0x22,0x50,0x00,0x0F,0xFF,0xFE,0x0E,0x46,0x10,  //0x8700~0x870f      ..F...."P.....F.
0x60,0x00,0xD5,0x32,0x3C,0x1D,0xE3,0xF2,0x44,0x0F,0xFF,0xC7,0xB4,0x41,0xFE,0x16,  //0x8710~0x871f      `..2<...D....A..
0x58,0x00,0x00,0x30,0xD5,0x12,0x3C,0x1D,0xE3,0xF2,0x44,0x0F,0xFE,0x3F,0xB4,0x41,  //0x8720~0x872f      X..0..<...D..?.A
0xFE,0x16,0x58,0x00,0x01,0x80,0xD5,0x09,0x3C,0x1D,0xE3,0xF2,0x44,0x0F,0x8F,0xFF,  //0x8730~0x873f      ..X.....<...D...
0xB4,0x41,0xFE,0x16,0x58,0x00,0x60,0x00,0xB6,0x01,0xD5,0x18,0x3C,0x2D,0xE3,0xF2,  //0x8740~0x874f      .A..X.`.....<-..
0x46,0x0F,0xFE,0x3F,0xB4,0x22,0x50,0x00,0x0F,0xFF,0xFE,0x0E,0x46,0x10,0x01,0x80,  //0x8750~0x875f      F..?."P.....F...
0xD5,0x0B,0x3C,0x2D,0xE3,0xF2,0x46,0x0F,0xF1,0xFF,0xB4,0x22,0x50,0x00,0x0F,0xFF,  //0x8760~0x876f      ..<-..F...."P...
0xFE,0x0E,0x46,0x10,0x0C,0x00,0xFE,0x0F,0xB6,0x02,0xFC,0x80,0xC1,0x05,0xFC,0x00,  //0x8770~0x877f      ..F.............
0x49,0xFF,0xFF,0x1F,0xFC,0x80,0x80,0x40,0x3C,0x1D,0xE3,0xF2,0xFE,0x93,0xA0,0x09,  //0x8780~0x878f      I......@<.......
0xA0,0xC9,0x92,0x09,0x54,0x00,0x01,0xFF,0xFE,0x86,0x40,0x01,0x24,0x08,0x44,0x2C,  //0x8790~0x879f      ....T.....@.$.D,
0x01,0xFF,0xFE,0x9E,0xFE,0x87,0xA8,0x89,0xDD,0x9E,0xC1,0x05,0xFC,0x00,0x49,0xFF,  //0x87a0~0x87af      ..............I.
0xFF,0x18,0xFC,0x80,0x80,0x40,0x3C,0x1D,0xE3,0xF2,0xFE,0x93,0xA0,0x09,0x54,0x00,  //0x87b0~0x87bf      .....@<.......T.
0x01,0xFF,0xFE,0x16,0xA0,0x89,0x92,0x49,0x40,0x21,0x24,0x08,0xFE,0x87,0xA8,0x89,  //0x87c0~0x87cf      .......I@!$.....
0xDD,0x9E,0xFC,0x01,0xF0,0x81,0x5A,0x18,0x05,0x05,0x49,0xFF,0xFF,0x44,0xFC,0x81,  //0x87d0~0x87df      ......Z...I..D..
0x84,0x22,0x84,0x01,0x49,0xFF,0xFF,0x0A,0xF0,0x01,0x49,0xFF,0xFE,0xEA,0xF0,0x01,  //0x87e0~0x87ef      ."..I.....I.....
0x49,0xFF,0xFF,0x53,0xFC,0x81,0x3C,0x1D,0xE3,0xF2,0xA0,0x4A,0x92,0x32,0x54,0x10,  //0x87f0~0x87ff      I..S..<....J.2T.
0x81,0xFF,0xFE,0x0E,0x84,0x20,0x40,0x00,0x80,0x06,0xDD,0x9E,0xFC,0x00,0x80,0xC0,  //0x8800~0x880f      ......@.........
0x2E,0x07,0xFF,0xEB,0x5A,0x08,0x03,0x12,0x80,0x26,0x84,0x04,0x49,0xFF,0xFF,0xC7,  //0x8810~0x881f      ....Z....&..I...
0x84,0x04,0x49,0xFF,0xFE,0xCE,0x3C,0x1D,0xE3,0xF2,0x44,0x0F,0xFE,0x3F,0xB4,0x41,  //0x8820~0x882f      ..I...<...D..?.A
0xFE,0x16,0x58,0x00,0x01,0x80,0xD5,0x0F,0xC8,0x14,0x84,0x04,0x80,0x26,0x49,0xFF,  //0x8830~0x883f      ..X..........&I.
0xFF,0xB6,0xC6,0x0B,0x3C,0x1D,0xE3,0xF2,0x44,0x0F,0xFE,0x3F,0xB4,0x41,0xFE,0x16,  //0x8840~0x884f      ....<...D..?.A..
0x58,0x00,0x01,0x40,0xB6,0x01,0xFC,0x80,0x84,0x04,0x84,0x26,0x49,0xFF,0xFF,0xBB,  //0x8850~0x885f      X..@.......&I...
0xFC,0x80,0x64,0x12,0x00,0x43,0x64,0x00,0x00,0x08,0x64,0x03,0x00,0x02,0x92,0x01,  //0x8860~0x886f      ..d..Cd...d.....
0x94,0x01,0x64,0x03,0x00,0x03,0x64,0x00,0x00,0x08,0x3C,0x0D,0xFF,0x58,0xC0,0x0C,  //0x8870~0x887f      ..d...d...<..X..
0xFC,0x00,0xDD,0x20,0x64,0x03,0x00,0x02,0x58,0x00,0x00,0x01,0x64,0x03,0x00,0x03,  //0x8880~0x888f      ....d...X...d...
0x64,0x00,0x00,0x08,0xFC,0x80,0x64,0x03,0x00,0x02,0x58,0x00,0x00,0x01,0x64,0x03,  //0x8890~0x889f      d.....d...X...d.
0x00,0x03,0x64,0x00,0x00,0x08,0xDD,0x9E,0x3C,0x0D,0xE3,0xF3,0xB4,0x20,0x58,0x10,  //0x88a0~0x88af      ..d.....<.....X.
0x80,0x40,0xB6,0x20,0xB4,0x40,0x44,0x1F,0xFF,0xBF,0xFE,0x56,0xB6,0x20,0xDD,0x9E,  //0x88b0~0x88bf      .@...@D....V....
0x3C,0x0D,0xE3,0xF3,0xB4,0x20,0x58,0x10,0x80,0x20,0xB6,0x20,0xB4,0x40,0x44,0x1F,  //0x88c0~0x88cf      <.....X......@D.
0xFF,0xDF,0xFE,0x56,0xB6,0x20,0xDD,0x9E,0x3C,0x0D,0xE3,0xF3,0xA0,0x41,0x58,0x10,  //0x88d0~0x88df      ...V....<....AX.
0x80,0x20,0xA8,0x41,0xA0,0x81,0x44,0x1F,0xFF,0xDF,0xFE,0x56,0xA8,0x41,0xDD,0x9E,  //0x88e0~0x88ef      ...A..D....V.A..
0xFC,0x00,0x49,0xFF,0xFF,0xDB,0x64,0x12,0x00,0x43,0x64,0x00,0x00,0x08,0x3C,0x0D,  //0x88f0~0x88ff      ..I...d..Cd...<.
0xFF,0x5B,0xC0,0x02,0xDD,0x20,0xFC,0x80,0xFC,0x00,0x49,0xFF,0xFF,0xDB,0x64,0x12,  //0x8900~0x890f      .[........I...d.
0x00,0x43,0x64,0x00,0x00,0x08,0x3C,0x0D,0xFF,0x5A,0xC0,0x02,0xDD,0x20,0xFC,0x80,  //0x8910~0x891f      .Cd...<..Z......
0xFC,0x00,0x49,0xFF,0xFF,0xDB,0x64,0x12,0x00,0x43,0x64,0x00,0x00,0x08,0x3C,0x0D,  //0x8920~0x892f      ..I...d..Cd...<.
0xFF,0x59,0xC0,0x02,0xDD,0x20,0xFC,0x80,0x3C,0x0D,0xFE,0xC5,0xC0,0x04,0xFC,0x00,  //0x8930~0x893f      .Y......<.......
0xDD,0x20,0xFC,0x80,0xDD,0x9E,0xFC,0x00,0x49,0xFF,0xE1,0x47,0xFC,0x80,0xFC,0x00,  //0x8940~0x894f      ........I..G....
0x3C,0x6D,0xE3,0xF4,0xA0,0x34,0x96,0x00,0x3E,0x07,0xFA,0x56,0x44,0x00,0x00,0x72,  //0x8950~0x895f      <m...4..>..VD..r
0x3E,0x07,0xFA,0x55,0x49,0xFF,0xD6,0x9E,0x2E,0x07,0xFA,0x56,0x96,0x00,0xA8,0x35,  //0x8960~0x896f      >..UI......V...5
0xFC,0x80,0xFC,0x00,0x3C,0x6D,0xE3,0xF4,0xA0,0x34,0x96,0x00,0x3E,0x07,0xFA,0x56,  //0x8970~0x897f      ....<m...4..>..V
0x44,0x00,0x00,0x77,0x3E,0x07,0xFA,0x55,0x49,0xFF,0xD6,0x8C,0x2E,0x07,0xFA,0x56,  //0x8980~0x898f      D..w>..UI......V
0x96,0x00,0xA8,0x35,0xFC,0x80,0xFC,0x00,0x2E,0x07,0xFB,0x58,0x5A,0x08,0x01,0x07,  //0x8990~0x899f      ...5.......XZ...
0x3C,0x0D,0xFE,0xC6,0xC0,0x05,0xDD,0x20,0xD5,0x03,0x49,0xFF,0xC2,0x1C,0x84,0x00,  //0x89a0~0x89af      <.........I.....
0x3E,0x07,0xFB,0x34,0x44,0x00,0x00,0x64,0x3E,0x07,0xFA,0x68,0xFC,0x80,0xFC,0x00,  //0x89b0~0x89bf      >..4D..d>..h....
0x3C,0x03,0xFE,0xBC,0x8C,0x01,0x3C,0x0B,0xFE,0xBC,0x49,0xFF,0xDE,0x38,0xFC,0x80,  //0x89c0~0x89cf      <.....<...I..8..
0xFC,0x00,0x84,0x08,0x84,0x21,0x49,0xFF,0xFE,0xEA,0x84,0x08,0x84,0x20,0x49,0xFF,  //0x89d0~0x89df      .....!I.......I.
0xFE,0xCF,0xFA,0x00,0x84,0x21,0x49,0xFF,0xFE,0xE2,0x84,0x20,0xFA,0x00,0x49,0xFF,  //0x89e0~0x89ef      .....!I.......I.
0xFE,0xC7,0x84,0x08,0x49,0xFF,0xFF,0x01,0x94,0x01,0x97,0x80,0xFA,0x00,0x49,0xFF,  //0x89f0~0x89ff      ....I.........I.
0xFE,0xFC,0xFE,0x37,0x96,0x00,0xE6,0x04,0xE9,0x02,0x84,0x03,0x3E,0x07,0xFB,0x98,  //0x8a00~0x8a0f      ...7........>...
0xFC,0x80,0x84,0x00,0x3C,0x0B,0xFE,0xB9,0xDD,0x9E,0x3C,0x03,0xFE,0xBC,0x3C,0x0B,  //0x8a10~0x8a1f      ....<.....<...<.
0xFE,0xBB,0x84,0x00,0x3C,0x0B,0xFE,0xBC,0xDD,0x9E,0xFC,0x00,0x49,0xFF,0xFF,0xF7,  //0x8a20~0x8a2f      ....<.......I...
0x2E,0x07,0xFA,0x4B,0x3E,0x07,0xFD,0x74,0x49,0xFF,0xFF,0xED,0xFC,0x80,0xFC,0x00,  //0x8a30~0x8a3f      ...K>..tI.......
0x49,0xFF,0xFF,0xED,0x2E,0x07,0xFA,0x4B,0x3E,0x07,0xFD,0x74,0x49,0xFF,0xFF,0xE3,  //0x8a40~0x8a4f      I......K>..tI...
0xFC,0x80,0xFC,0x00,0x44,0x00,0x89,0xBE,0x3C,0x0F,0xFF,0x47,0x44,0x00,0x89,0x72,  //0x8a50~0x8a5f      ....D...<..GD..r
0x3C,0x0F,0xFF,0x4B,0x44,0x00,0x89,0x4E,0x3C,0x0F,0xFF,0x4A,0x44,0x00,0x89,0x96,  //0x8a60~0x8a6f      <..KD..N<..JD...
0x3C,0x0F,0xFF,0x49,0x44,0x00,0x89,0x46,0x3C,0x0F,0xFF,0x54,0x44,0x00,0x89,0x38,  //0x8a70~0x8a7f      <..ID..F<..TD..8
0x3C,0x0F,0xFF,0x58,0x44,0x00,0x8A,0x2A,0x3C,0x0F,0xFE,0xCC,0x44,0x00,0x8A,0x3E,  //0x8a80~0x8a8f      <..XD..*<...D..>
0x3C,0x0F,0xFE,0xCB,0xFC,0x80,0x54,0x10,0x00,0x01,0xC1,0x17,0x3C,0x2D,0xE3,0xF9,  //0x8a90~0x8a9f      <.....T.....<-..
0x44,0x3F,0xFC,0x3F,0xB4,0x02,0x54,0x00,0x03,0x80,0x58,0x10,0x00,0x40,0xB4,0x02,  //0x8aa0~0x8aaf      D?.?..T...X..@..
0xFE,0x1E,0xFE,0x0F,0xB6,0x02,0xB4,0x22,0xB4,0x02,0x54,0x10,0x83,0x80,0xFE,0x1E,  //0x8ab0~0x8abf      ......."..T.....
0xFE,0x0F,0xB6,0x02,0x84,0x00,0xDD,0x9E,0x54,0x10,0x00,0x02,0xC1,0x17,0x3C,0x2D,  //0x8ac0~0x8acf      ........T.....<-
0xE3,0xF9,0x44,0x3F,0xFC,0x3F,0xB4,0x02,0x54,0x00,0x03,0x40,0x58,0x10,0x00,0x80,  //0x8ad0~0x8adf      ..D?.?..T..@X...
0xB4,0x02,0xFE,0x1E,0xFE,0x0F,0xB6,0x02,0xB4,0x22,0xB4,0x02,0x54,0x10,0x83,0x40,  //0x8ae0~0x8aef      ........."..T..@
0xFE,0x1E,0xFE,0x0F,0xB6,0x02,0x84,0x04,0xDD,0x9E,0x54,0x10,0x00,0x04,0xC1,0x17,  //0x8af0~0x8aff      ..........T.....
0x3C,0x2D,0xE3,0xF9,0x44,0x3F,0xFC,0x3F,0xB4,0x02,0x54,0x00,0x02,0xC0,0x58,0x10,  //0x8b00~0x8b0f      <-..D?.?..T...X.
0x01,0x00,0xB4,0x02,0xFE,0x1E,0xFE,0x0F,0xB6,0x02,0xB4,0x22,0xB4,0x02,0x54,0x10,  //0x8b10~0x8b1f      ..........."..T.
0x82,0xC0,0xFE,0x1E,0xFE,0x0F,0xB6,0x02,0x84,0x01,0xDD,0x9E,0x96,0x1E,0xC0,0x16,  //0x8b20~0x8b2f      ................
0x3C,0x2D,0xE3,0xF9,0x44,0x3F,0xFC,0x3F,0xB4,0x02,0x54,0x00,0x01,0xC0,0x58,0x10,  //0x8b30~0x8b3f      <-..D?.?..T...X.
0x02,0x00,0xB4,0x02,0xFE,0x1E,0xFE,0x0F,0xB6,0x02,0xB4,0x22,0xB4,0x02,0x54,0x10,  //0x8b40~0x8b4f      ..........."..T.
0x81,0xC0,0xFE,0x1E,0xFE,0x0F,0xB6,0x02,0x84,0x08,0xDD,0x9E,0xFC,0x00,0x3C,0x0D,  //0x8b50~0x8b5f      ..............<.
0xE3,0xF9,0xA0,0x03,0x96,0x1F,0x49,0xFF,0xFF,0x98,0x3C,0x0F,0xFE,0xD4,0xFC,0x80,  //0x8b60~0x8b6f      ......I...<.....
0x2E,0x07,0xF6,0x52,0x5A,0x00,0xFF,0x06,0x2E,0x07,0xF9,0xAD,0x5A,0x00,0x58,0x03,  //0x8b70~0x8b7f      ...RZ.......Z.X.
0xD5,0x00,0xFC,0x00,0x44,0x00,0x55,0x55,0x3C,0x0B,0xFD,0x18,0x49,0xFF,0xFF,0xE8,  //0x8b80~0x8b8f      ....D.UU<...I...
0x84,0x00,0x49,0xFF,0xFC,0xB9,0x49,0xFF,0xFC,0x3D,0x49,0xFF,0xE9,0xE9,0x49,0xFF,  //0x8b90~0x8b9f      ..I...I..=I...I.
0xFF,0x19,0x84,0x00,0x49,0xFF,0xEB,0xB8,0x64,0x12,0x00,0x43,0x64,0x00,0x00,0x08,  //0x8ba0~0x8baf      ....I...d..Cd...
0x49,0xFF,0xEB,0x42,0x49,0xFF,0xFF,0x4F,0x2E,0x07,0xF6,0x4B,0x5A,0x00,0xAA,0x06,  //0x8bb0~0x8bbf      I..BI..O...KZ...
0x3C,0x0D,0xE3,0xF1,0x84,0x5D,0xD5,0x11,0x2E,0x07,0xF6,0x4C,0x5A,0x08,0x55,0xFA,  //0x8bc0~0x8bcf      <....].....LZ.U.
0x44,0x00,0x55,0xAA,0x3C,0x0B,0xFD,0x18,0x44,0x10,0x95,0x8C,0x84,0x46,0x44,0x01,  //0x8bd0~0x8bdf      D.U.<...D....FD.
0x00,0x18,0x49,0x00,0x01,0x27,0xFC,0x80,0xB4,0x20,0x58,0x10,0x80,0x02,0xB6,0x20,  //0x8be0~0x8bef      ..I..'....X.....
0xB4,0x20,0xFE,0x56,0xB6,0x20,0xD5,0xF9,0xFC,0x00,0x49,0xFF,0xFF,0xBB,0x2E,0x07,  //0x8bf0~0x8bff      ...V......I.....
0xFD,0x70,0x8C,0x01,0x3E,0x07,0xFD,0x70,0x49,0xFF,0xFF,0x09,0x49,0xFF,0xFF,0x03,  //0x8c00~0x8c0f      .p..>..pI...I...
0x49,0xFF,0xC5,0x39,0xD5,0xFA,0xDD,0x9E,0xDD,0x9E,0xFC,0x00,0x44,0x01,0x00,0x00,  //0x8c10~0x8c1f      I..9........D...
0x44,0x21,0x00,0x00,0x44,0x10,0x95,0xC0,0x8A,0x40,0x49,0x00,0x01,0x03,0x44,0x01,  //0x8c20~0x8c2f      D!..D....@I...D.
0x00,0x00,0x44,0x21,0x00,0x48,0x44,0x10,0x95,0xC0,0x8A,0x40,0x49,0x00,0x00,0xFA,  //0x8c30~0x8c3f      ..D!.HD....@I...
0x44,0x04,0x00,0x00,0x44,0x24,0x00,0x00,0x44,0x10,0xA1,0x74,0x8A,0x40,0x49,0x00,  //0x8c40~0x8c4f      D...D$..D..t.@I.
0x00,0xF1,0x44,0x01,0x00,0x48,0x44,0x21,0x0B,0xB4,0x84,0x20,0x8A,0x40,0x49,0x00,  //0x8c50~0x8c5f      ..D..HD!.....@I.
0x01,0x0F,0xFC,0x80,0x84,0x00,0x64,0x05,0xE4,0x03,0x64,0x03,0x00,0x03,0x64,0x12,  //0x8c60~0x8c6f      ......d...d...d.
0x24,0x02,0x54,0x10,0x88,0x00,0x80,0x40,0xC1,0x03,0x64,0x03,0x04,0x03,0x64,0x22,  //0x8c70~0x8c7f      $.T....@..d...d"
0x24,0x03,0x64,0x12,0x00,0x02,0x84,0x19,0xFE,0x0E,0x44,0x17,0x00,0x08,0xFE,0x0F,  //0x8c80~0x8c8f      $.d.......D.....
0x64,0x02,0x00,0x03,0x64,0x00,0x00,0x08,0x64,0x02,0x24,0x02,0x96,0x06,0xC0,0x04,  //0x8c90~0x8c9f      d...d...d.$.....
0x84,0x00,0x64,0x02,0x28,0x03,0xDD,0x9E,0xFC,0x00,0x49,0xFF,0xFF,0xDD,0x49,0xFF,  //0x8ca0~0x8caf      ..d.(.....I...I.
0xFF,0xB6,0xFC,0x80,0xD5,0x00,0x3A,0x1F,0xA4,0x3C,0x3A,0xFF,0xBF,0xBC,0x64,0x62,  //0x8cb0~0x8cbf      ......:..<:...db
0xA4,0x02,0x9D,0xB4,0x64,0x72,0x04,0x02,0x3A,0x6F,0x9C,0x3C,0x64,0x62,0x00,0x02,  //0x8cc0~0x8ccf      ....dr..:o.<db..
0x9F,0xB2,0x64,0x62,0x00,0x03,0x64,0x00,0x00,0x08,0x49,0xFF,0xFF,0x9E,0x3A,0x6F,  //0x8cd0~0x8cdf      ..db..d...I...:o
0x9C,0x04,0x64,0x62,0xA4,0x03,0x64,0x72,0x04,0x03,0x3A,0xFF,0xBF,0x84,0x3A,0x1F,  //0x8ce0~0x8cef      ..db..dr..:...:.
0xA4,0x04,0x64,0x00,0x00,0x04,0x3A,0x1F,0x94,0x3C,0x3A,0xFF,0xBF,0xBC,0x64,0x12,  //0x8cf0~0x8cff      ..d...:..<:...d.
0xA4,0x02,0x64,0x22,0x04,0x02,0x3A,0x1F,0x88,0x3C,0x64,0x12,0x00,0x02,0x9E,0x4A,  //0x8d00~0x8d0f      ..d"..:..<d....J
0x64,0x12,0x00,0x03,0x44,0x10,0x00,0xA4,0x38,0x10,0x82,0x02,0xDD,0x21,0x3A,0x0F,  //0x8d10~0x8d1f      d...D...8....!:.
0x84,0x04,0x64,0x02,0x00,0x43,0x64,0x00,0x00,0x08,0x64,0x02,0xA4,0x03,0x64,0x12,  //0x8d20~0x8d2f      ..d..Cd...d...d.
0x04,0x03,0x3A,0xFF,0xBF,0x84,0x3A,0x1F,0x94,0x04,0x3A,0x0F,0x80,0x04,0x64,0x00,  //0x8d30~0x8d3f      ..:...:...:...d.
0x00,0x04,0x3A,0x1F,0x94,0x3C,0x3A,0xFF,0xBF,0xBC,0x44,0x10,0x00,0xA4,0x38,0x10,  //0x8d40~0x8d4f      ..:..<:...D...8.
0x82,0x02,0xDD,0x21,0x3A,0xFF,0xBF,0x84,0x3A,0x1F,0x94,0x04,0x3A,0x0F,0x80,0x04,  //0x8d50~0x8d5f      ...!:...:...:...
0x64,0x00,0x00,0x04,0xD5,0x00,0x3A,0x0F,0x80,0x3C,0x84,0x00,0xD5,0xC5,0x3A,0x0F,  //0x8d60~0x8d6f      d.....:..<....:.
0x80,0x3C,0x84,0x01,0xD5,0xC1,0x3A,0x0F,0x80,0x3C,0x84,0x02,0xD5,0xBD,0x3A,0x0F,  //0x8d70~0x8d7f      .<....:..<....:.
0x80,0x3C,0x84,0x03,0xD5,0xB9,0x3A,0x0F,0x80,0x3C,0x84,0x04,0xD5,0xB5,0x3A,0x0F,  //0x8d80~0x8d8f      .<....:..<....:.
0x80,0x3C,0x84,0x05,0xD5,0xB1,0x3A,0x0F,0x80,0x3C,0x84,0x06,0xD5,0xAD,0x3A,0x0F,  //0x8d90~0x8d9f      .<....:..<....:.
0x80,0x3C,0x84,0x07,0xD5,0xA9,0x3A,0x0F,0x80,0x3C,0x84,0x08,0xD5,0xA5,0x3A,0x0F,  //0x8da0~0x8daf      .<....:..<....:.
0x80,0x3C,0x84,0x09,0xD5,0xA1,0x3A,0x0F,0x80,0x3C,0x84,0x0A,0xD5,0x9D,0x3A,0x0F,  //0x8db0~0x8dbf      .<....:..<....:.
0x80,0x3C,0x84,0x0B,0xD5,0x99,0x3A,0x0F,0x80,0x3C,0x84,0x0C,0xD5,0x95,0x3A,0x0F,  //0x8dc0~0x8dcf      .<....:..<....:.
0x80,0x3C,0x44,0x00,0x00,0x0D,0xD5,0x90,0x84,0x20,0x84,0x40,0x84,0x60,0x84,0x80,  //0x8dd0~0x8ddf      .<D........@.`..
0x84,0xA0,0x84,0xC0,0x84,0xE0,0x85,0x00,0x85,0x20,0x85,0x40,0x85,0xE0,0x87,0x80,  //0x8de0~0x8def      ...........@....
0x87,0xA0,0x87,0xC0,0x87,0xE0,0x45,0xD1,0x05,0xD8,0x45,0xF1,0x17,0xF8,0x49,0xFF,  //0x8df0~0x8dff      ......E...E...I.
0xFF,0x55,0x49,0xFF,0xFE,0xFB,0xD5,0x00,0xC2,0x12,0x52,0x31,0x00,0x20,0x4E,0x36,  //0x8e00~0x8e0f      .UI.......R1..N6
0x00,0x07,0xFE,0xDA,0x84,0x80,0x40,0x10,0x0C,0x0C,0xD5,0x08,0x40,0x30,0x0C,0x0D,  //0x8e10~0x8e1f      ......@.....@0..
0x40,0x10,0x88,0x0C,0x40,0x40,0x08,0x0C,0xFE,0x5F,0x80,0x04,0xDD,0x9E,0x00,0x00,  //0x8e20~0x8e2f      @...@@..._......
0x80,0x60,0x54,0xF1,0x00,0x03,0xE9,0x1B,0xE6,0x44,0xE9,0x19,0x54,0x41,0x80,0x03,  //0x8e30~0x8e3f      .`T......D..TA..
0x54,0x50,0x80,0x03,0xDC,0x14,0xC5,0x0A,0x52,0x52,0x80,0x04,0x9A,0x95,0x99,0x69,  //0x8e40~0x8e4f      TP......RR.....i
0x08,0x40,0x80,0x01,0x18,0x41,0x80,0x01,0xD9,0xFC,0x40,0x51,0x08,0x09,0xC5,0x07,  //0x8e50~0x8e5f      .@...A....@Q....
0x95,0x6A,0x99,0x69,0x96,0x8F,0xA3,0x09,0xAB,0x19,0xD9,0xFE,0xC2,0x07,0x99,0x4A,  //0x8e60~0x8e6f      .j.i...........J
0x08,0x40,0x80,0x01,0x18,0x41,0x80,0x01,0xD9,0xFC,0xDD,0x9E,0x80,0x60,0xE6,0x44,  //0x8e70~0x8e7f      .@...A.......`.D
0xE9,0x1A,0x54,0x51,0x80,0x03,0xC5,0x08,0x52,0x52,0x80,0x04,0x9A,0x95,0x99,0x6B,  //0x8e80~0x8e8f      ..TQ....RR.....k
0x18,0x11,0x80,0x01,0xDB,0xFE,0x40,0x51,0x08,0x09,0x96,0x8F,0xC5,0x0C,0x95,0x6A,  //0x8e90~0x8e9f      ......@Q.......j
0x99,0x5D,0x96,0x48,0x40,0x40,0xA0,0x08,0xFE,0x67,0x40,0x40,0xC0,0x08,0xFE,0x67,  //0x8ea0~0x8eaf      .].H@@...g@@...g
0xAA,0x59,0xDB,0xFF,0x99,0x5A,0xD3,0x04,0x18,0x11,0x80,0x01,0xD5,0xFD,0xDD,0x9E,  //0x8eb0~0x8ebf      .Y...Z..........
0x33,0x00,0x00,0x00,0x20,0x20,0x53,0x74,0x75,0x6D,0x70,0x65,0x56,0x65,0x72,0x5F,  //0x8ec0~0x8ecf      3.....StumpeVer_
0x44,0x65,0x62,0x75,0x67,0x56,0x5F,0x33,0x5F,0x52,0x65,0x6C,0x65,0x61,0x73,0x65,  //0x8ed0~0x8edf      DebugV_3_Release
0x56,0x5F,0x31,0x5F,0x44,0x41,0x54,0x41,0x5F,0x4A,0x75,0x6C,0x20,0x31,0x39,0x20,  //0x8ee0~0x8eef      V_1_DATA_Jul.19.
0x32,0x30,0x32,0x31,0x5F,0x54,0x49,0x4D,0x45,0x5F,0x31,0x34,0x3A,0x35,0x35,0x3A,  //0x8ef0~0x8eff      2021_TIME_14:55:
0x32,0x33,0x5F,0x31,0x37,0x35,0x32,0x30,0x20,0x20,0x00,0x00,0xC4,0x8E,0x00,0x00,  //0x8f00~0x8f0f      23_17520........
0x88,0x2A,0x0C,0x00,0x00,0x32,0x0C,0x00,0x00,0x3A,0x0C,0x00,0x00,0x42,0x0C,0x00,  //0x8f10~0x8f1f      .*...2...:...B..
0x00,0x8E,0x0C,0x00,0x00,0x96,0x0C,0x00,0x00,0x9E,0x0C,0x00,0x00,0xA6,0x0C,0x00,  //0x8f20~0x8f2f      ................
0x00,0x22,0x0C,0x00,0x00,0x1A,0x0C,0x00,0x00,0x18,0x0C,0x00,0x00,0x4A,0x0C,0x00,  //0x8f30~0x8f3f      ."...........J..
0x00,0x56,0x0C,0x00,0x00,0x5E,0x0C,0x00,0x00,0x72,0x0C,0x00,0x00,0x7A,0x0C,0x00,  //0x8f40~0x8f4f      .V...^...r...z..
0x00,0x86,0x0C,0x00,0x00,0x64,0x14,0x00,0x00,0x99,0x00,0x00,0x14,0x3A,0x3D,0x3E,  //0x8f50~0x8f5f      .....d.......:=>
0x3F,0x40,0x08,0x54,0x59,0x12,0x29,0x02,0x03,0x4E,0x04,0x05,0x06,0x07,0x53,0x09,  //0x8f60~0x8f6f      ?@.TY.)..N....S.
0x0A,0x0B,0x0C,0x0D,0x0E,0x0F,0x10,0x11,0x13,0x2E,0x2F,0x30,0x31,0x32,0x33,0x34,  //0x8f70~0x8f7f      ........../01234
0x35,0x36,0x37,0x38,0x39,0x52,0x4F,0x55,0x56,0x57,0x58,0x5A,0x5B,0x5C,0x5D,0x5E,  //0x8f80~0x8f8f      56789ROUVWXZ[.]^
0x5F,0x60,0x61,0x62,0x63,0x64,0x65,0x6A,0x00,0x00,0x00,0x01,0x66,0x67,0x6B,0x6C,  //0x8f90~0x8f9f      _`abcdej....fgkl
0x6D,0x6E,0x6F,0x70,0x71,0x7C,0x7D,0x7E,0x7F,0x00,0x00,0x00,0x00,0x00,0x26,0x72,  //0x8fa0~0x8faf      mnopq|}~......&r
0x73,0x00,0x75,0x76,0x77,0x78,0x79,0x7A,0x7B,0x74,0x84,0x85,0x86,0x87,0x88,0x89,  //0x8fb0~0x8fbf      s.uvwxyz{t......
0x8A,0x00,0x00,0x00,0x00,0x00,0x00,0x00,0x00,0x00,0x00,0x27,0x4C,0x00,0x00,0x21,  //0x8fc0~0x8fcf      ...........'L..!
0x1A,0x1B,0x1E,0x1C,0x1D,0x1F,0x00,0x00,0x00,0x00,0x00,0x00,0x2B,0x2C,0x2D,0x00,  //0x8fd0~0x8fdf      ............+,-.
0x00,0x00,0x19,0x00,0x15,0x16,0x01,0x80,0x00,0x00,0x00,0x00,0x00,0x00,0x00,0x00,  //0x8fe0~0x8fef      ................
0x00,0x00,0x00,0x00,0x48,0x00,0x00,0x00,0x23,0x24,0x00,0x00,0x00,0x00,0x00,0x00,  //0x8ff0~0x8fff      ....H...#$......
0x00,0x28,0x00,0x00,0x00,0x00,0x00,0x00,0x00,0x00,0x00,0x00,0x22,0x3C,0x00,0x00,  //0x9000~0x900f      .(.........."<..
0x41,0x42,0x43,0x44,0x45,0x46,0x47,0x4B,0x50,0x51,0x00,0x00,0x49,0x4A,0x68,0x69,  //0x9010~0x901f      ABCDEFGKPQ..IJhi
0x00,0x00,0x00,0x00,0x00,0x00,0x00,0x00,0x00,0x00,0x00,0x00,0x00,0x00,0x00,0x00,  //0x9020~0x902f      ................
0x00,0x00,0x00,0x00,0x00,0x00,0x00,0x00,0x00,0x00,0x00,0x00,0x00,0x00,0x00,0x00,  //0x9030~0x903f      ................
0x00,0x00,0x00,0x00,0x00,0x00,0x00,0x00,0x00,0x00,0x00,0x00,0x00,0x81,0x00,0x00,  //0x9040~0x904f      ................
0x83,0x82,0x3B,0x2A,0x17,0x18,0x00,0x00,0x00,0x20,0x25,0x4D,0x01,0x03,0x00,0x00,  //0x9050~0x905f      ..;*......%M....
0x00,0x00,0x00,0x00,0x01,0x03,0x00,0x00,0x63,0x01,0x01,0x00,0x01,0x01,0x00,0x00,  //0x9060~0x906f      ........c.......
0x63,0x05,0x01,0x00,0x01,0x01,0x00,0x00,0x67,0x05,0x01,0x00,0x01,0x24,0x00,0x00,  //0x9070~0x907f      c.......g....$..
0x3C,0x04,0x01,0x00,0x01,0x24,0x00,0x00,0x18,0x04,0x01,0x00,0x01,0x02,0x00,0x00,  //0x9080~0x908f      <....$..........
0x6A,0x05,0x01,0x00,0x01,0x02,0x00,0x00,0x6C,0x05,0x01,0x00,0x01,0x02,0x00,0x00,  //0x9090~0x909f      j.......l.......
0x68,0x05,0x01,0x00,0x01,0x01,0x00,0x00,0x6F,0x05,0x01,0x00,0x01,0x01,0x00,0x00,  //0x90a0~0x90af      h.......o.......
0x70,0x05,0x01,0x00,0x01,0x01,0x00,0x00,0x6E,0x05,0x01,0x00,0x01,0x01,0x00,0x00,  //0x90b0~0x90bf      p.......n.......
0x73,0x05,0x01,0x00,0x01,0x01,0x00,0x00,0x74,0x05,0x01,0x00,0x01,0x01,0x00,0x00,  //0x90c0~0x90cf      s.......t.......
0x75,0x05,0x01,0x00,0x01,0x01,0x00,0x00,0x76,0x05,0x01,0x00,0x01,0x02,0x00,0x00,  //0x90d0~0x90df      u.......v.......
0x4A,0x05,0x01,0x00,0x01,0x01,0x00,0x00,0x4C,0x05,0x01,0x00,0x01,0x36,0x00,0x00,  //0x90e0~0x90ef      J.......L....6..
0x14,0x05,0x01,0x00,0x01,0x01,0x00,0x00,0x4E,0x05,0x01,0x00,0x01,0x01,0x00,0x00,  //0x90f0~0x90ff      ........N.......
0x58,0x00,0x01,0x00,0x01,0x01,0x00,0x00,0x57,0x03,0x01,0x00,0x01,0x01,0x00,0x00,  //0x9100~0x910f      X.......W.......
0x58,0x03,0x01,0x00,0x01,0x04,0x00,0x00,0x4C,0x01,0x01,0x00,0x01,0x04,0x00,0x00,  //0x9110~0x911f      X.......L.......
0x48,0x01,0x01,0x00,0x01,0x01,0x00,0x00,0x56,0x03,0x01,0x00,0x01,0x01,0x00,0x00,  //0x9120~0x912f      H.......V.......
0xBD,0x05,0x01,0x00,0x01,0x01,0x00,0x00,0xBE,0x05,0x01,0x00,0x01,0x01,0x00,0x00,  //0x9130~0x913f      ................
0xBF,0x05,0x01,0x00,0x01,0x01,0x00,0x00,0xC0,0x05,0x01,0x00,0x01,0x01,0x00,0x00,  //0x9140~0x914f      ................
0xC1,0x05,0x01,0x00,0x01,0x01,0x00,0x00,0xC2,0x05,0x01,0x00,0x01,0x01,0x00,0x00,  //0x9150~0x915f      ................
0x32,0x01,0x01,0x00,0x01,0x01,0x00,0x00,0xC4,0x05,0x01,0x00,0x01,0x01,0x00,0x00,  //0x9160~0x916f      2...............
0x66,0x03,0x01,0x00,0x01,0x01,0x00,0x00,0x64,0x03,0x01,0x00,0x01,0x01,0x00,0x00,  //0x9170~0x917f      f.......d.......
0x65,0x03,0x01,0x00,0x01,0x01,0x00,0x00,0x22,0x00,0x01,0x00,0x01,0x01,0x00,0x00,  //0x9180~0x918f      e.......".......
0x2F,0x01,0x01,0x00,0x01,0x01,0x00,0x00,0x30,0x01,0x01,0x00,0x01,0x01,0x00,0x00,  //0x9190~0x919f      /.......0.......
0x5A,0x03,0x01,0x00,0x01,0x03,0x00,0x00,0x28,0x01,0x01,0x00,0x01,0x01,0x00,0x00,  //0x91a0~0x91af      Z.......(.......
0x5B,0x03,0x01,0x00,0x01,0x02,0x00,0x00,0x94,0x03,0x01,0x00,0x01,0x02,0x00,0x00,  //0x91b0~0x91bf      [...............
0x96,0x03,0x01,0x00,0x01,0x02,0x00,0x00,0x8C,0x03,0x01,0x00,0x00,0xFF,0x00,0x00,  //0x91c0~0x91cf      ................
0x00,0x00,0x04,0x00,0x00,0xFF,0x00,0x00,0xB0,0x05,0x04,0x00,0x00,0xFF,0x00,0x00,  //0x91d0~0x91df      ................
0xD8,0x02,0x04,0x00,0x00,0x6C,0x00,0x00,0x88,0x08,0x04,0x00,0x00,0x6C,0x00,0x00,  //0x91e0~0x91ef      .....l.......l..
0xF4,0x08,0x04,0x00,0x01,0x01,0x00,0x00,0x88,0x03,0x01,0x00,0x01,0x01,0x00,0x00,  //0x91f0~0x91ff      ................
0x04,0x04,0x01,0x00,0x01,0x01,0x00,0x00,0x05,0x04,0x01,0x00,0x00,0x6C,0x00,0x00,  //0x9200~0x920f      .............l..
0x60,0x09,0x04,0x00,0x00,0x6C,0x00,0x00,0x38,0x0A,0x04,0x00,0x00,0x6C,0x00,0x00,  //0x9210~0x921f      `....l..8....l..
0xCC,0x09,0x04,0x00,0x00,0x6C,0x00,0x00,0xA4,0x0A,0x04,0x00,0x00,0x3F,0x00,0x00,  //0x9220~0x922f      .....l.......?..
0xB9,0x0A,0x01,0x00,0x01,0x01,0x00,0x00,0xC3,0x05,0x01,0x00,0x00,0x01,0x00,0x00,  //0x9230~0x923f      ................
0xC7,0x05,0x01,0x00,0x00,0x3F,0x00,0x00,0xC1,0x0A,0x01,0x00,0x00,0x3F,0x00,0x00,  //0x9240~0x924f      .....?.......?..
0xC7,0x0A,0x01,0x00,0x00,0x3F,0x00,0x00,0xCD,0x0A,0x01,0x00,0x00,0x3F,0x00,0x00,  //0x9250~0x925f      .....?.......?..
0xD3,0x0A,0x01,0x00,0x00,0x14,0x00,0x00,0x0F,0xFC,0x00,0x00,0x00,0x01,0x00,0x00,  //0x9260~0x926f      ................
0x5E,0x03,0x01,0x00,0x00,0x07,0x00,0x00,0x5C,0x03,0x01,0x00,0x00,0x02,0x00,0x00,  //0x9270~0x927f      ^...............
0x5F,0x03,0x01,0x00,0x00,0x3F,0x00,0x00,0x00,0xFC,0x00,0x00,0x00,0x02,0x00,0x00,  //0x9280~0x928f      _....?..........
0x61,0x03,0x01,0x00,0x01,0x04,0x00,0x00,0x6C,0x01,0x01,0x00,0x00,0x04,0x00,0x00,  //0x9290~0x929f      a.......l.......
0xC9,0x05,0x01,0x00,0x00,0x01,0x00,0x00,0x6B,0xFC,0x00,0x00,0x00,0x01,0x00,0x00,  //0x92a0~0x92af      ........k.......
0x6C,0xFC,0x00,0x00,0x00,0x02,0x00,0x00,0x31,0xFC,0x00,0x00,0x01,0x01,0x00,0x00,  //0x92b0~0x92bf      l.......1.......
0xA5,0x05,0x01,0x00,0x01,0x01,0x00,0x00,0x23,0x00,0x01,0x00,0x01,0x36,0x00,0x00,  //0x92c0~0x92cf      ........#....6..
0xDE,0x04,0x01,0x00,0x00,0x02,0x00,0x00,0xBA,0x03,0x01,0x00,0x01,0x01,0x00,0x00,  //0x92d0~0x92df      ................
0x69,0xFC,0x00,0x00,0x01,0x01,0x00,0x00,0x6A,0xFC,0x00,0x00,0x01,0x01,0x00,0x00,  //0x92e0~0x92ef      i.......j.......
0x2C,0x01,0x01,0x00,0x01,0x01,0x00,0x00,0x61,0x01,0x01,0x00,0x01,0x01,0x00,0x00,  //0x92f0~0x92ff      ,.......a.......
0x4D,0x05,0x01,0x00,0x01,0x01,0x00,0x00,0xB5,0x03,0x01,0x00,0x01,0x48,0x00,0x00,  //0x9300~0x930f      M............H..
0xBC,0x03,0x01,0x00,0x01,0x24,0x00,0x00,0x10,0x04,0x01,0x00,0x01,0x24,0x00,0x00,  //0x9310~0x931f      .....$.......$..
0x14,0x04,0x01,0x00,0x01,0x01,0x00,0x00,0x62,0x01,0x01,0x00,0x00,0x01,0x00,0x00,  //0x9320~0x932f      ........b.......
0x40,0x06,0x01,0x00,0x00,0x01,0x00,0x00,0x41,0x06,0x01,0x00,0x00,0x01,0x00,0x00,  //0x9330~0x933f      @.......A.......
0xB7,0x05,0x01,0x00,0x01,0x36,0x00,0x00,0xA8,0x04,0x01,0x00,0x01,0x01,0x00,0x00,  //0x9340~0x934f      .....6..........
0x06,0x00,0x01,0x00,0x01,0x01,0x00,0x00,0x25,0x01,0x01,0x00,0x01,0x01,0x00,0x00,  //0x9350~0x935f      ........%.......
0x05,0x00,0x01,0x00,0x01,0x01,0x00,0x00,0x24,0x01,0x01,0x00,0x01,0x01,0x00,0x00,  //0x9360~0x936f      ........$.......
0x04,0x00,0x01,0x00,0x01,0x05,0x00,0x00,0x1C,0x01,0x01,0x00,0x01,0x01,0x00,0x00,  //0x9370~0x937f      ................
0x20,0x00,0x01,0x00,0x00,0x07,0x00,0x00,0x18,0x00,0x01,0x00,0x01,0x01,0x00,0x00,  //0x9380~0x938f      ................
0x78,0x05,0x01,0x00,0x01,0x01,0x00,0x00,0x7A,0x05,0x01,0x00,0x01,0x02,0x00,0x00,  //0x9390~0x939f      x.......z.......
0x10,0x00,0x01,0x00,0x01,0x02,0x00,0x00,0x73,0x01,0x01,0x00,0x00,0x0C,0x00,0x00,  //0x93a0~0x93af      ........s.......
0x7D,0xFD,0x00,0x00,0x01,0x01,0x00,0x00,0x64,0x05,0x01,0x00,0x01,0x01,0x00,0x00,  //0x93b0~0x93bf      }.......d.......
0x65,0x05,0x01,0x00,0x01,0x01,0x00,0x00,0x66,0x05,0x01,0x00,0x01,0x24,0x00,0x00,  //0x93c0~0x93cf      e.......f....$..
0x84,0x04,0x01,0x00,0x01,0x24,0x00,0x00,0x60,0x04,0x01,0x00,0x01,0x01,0x00,0x00,  //0x93d0~0x93df      .....$..`.......
0x51,0x05,0x01,0x00,0x01,0x01,0x00,0x00,0x52,0x05,0x01,0x00,0x01,0x01,0x00,0x00,  //0x93e0~0x93ef      Q.......R.......
0x4F,0x05,0x01,0x00,0x01,0x01,0x00,0x00,0x50,0x05,0x01,0x00,0x01,0x02,0x00,0x00,  //0x93f0~0x93ff      O.......P.......
0x56,0x05,0x01,0x00,0x01,0x01,0x00,0x00,0x58,0x05,0x01,0x00,0x01,0x01,0x00,0x00,  //0x9400~0x940f      V.......X.......
0x59,0x05,0x01,0x00,0x01,0x01,0x00,0x00,0x5A,0x05,0x01,0x00,0x01,0x01,0x00,0x00,  //0x9410~0x941f      Y.......Z.......
0x5B,0x05,0x01,0x00,0x01,0x01,0x00,0x00,0x5C,0x05,0x01,0x00,0x01,0x01,0x00,0x00,  //0x9420~0x942f      [...............
0x5D,0x05,0x01,0x00,0x01,0x01,0x00,0x00,0x5E,0x05,0x01,0x00,0x01,0x02,0x00,0x00,  //0x9430~0x943f      ].......^.......
0x90,0x05,0x01,0x00,0x01,0x02,0x00,0x00,0x92,0x05,0x01,0x00,0x01,0x48,0x00,0x00,  //0x9440~0x944f      .............H..
0x4C,0x0C,0x04,0x00,0x01,0x48,0x00,0x00,0x94,0x0C,0x04,0x00,0x01,0x01,0x00,0x00,  //0x9450~0x945f      L....H..........
0x67,0x03,0x01,0x00,0x01,0x01,0x00,0x00,0x71,0x01,0x01,0x00,0x01,0x01,0x00,0x00,  //0x9460~0x946f      g.......q.......
0x72,0x01,0x01,0x00,0x01,0x06,0x00,0x00,0xCF,0x05,0x01,0x00,0x01,0x02,0x00,0x00,  //0x9470~0x947f      r...............
0x64,0x15,0x04,0x00,0x01,0x02,0x00,0x00,0x66,0x15,0x04,0x00,0x01,0x01,0x00,0x00,  //0x9480~0x948f      d.......f.......
0x68,0x15,0x04,0x00,0x01,0x01,0x00,0x00,0x69,0x15,0x04,0x00,0x01,0x01,0x00,0x00,  //0x9490~0x949f      h.......i.......
0x6A,0x15,0x04,0x00,0x01,0xFF,0x00,0x00,0x6C,0x15,0x04,0x00,0x01,0xFF,0x00,0x00,  //0x94a0~0x94af      j.......l.......
0xFC,0x16,0x04,0x00,0x8C,0x03,0x01,0x00,0x54,0x03,0x01,0x00,0x02,0x64,0x00,0x00,  //0x94b0~0x94bf      ........T....d..
0x8E,0x03,0x01,0x00,0x55,0x03,0x01,0x00,0x02,0x64,0x00,0x00,0x00,0x00,0x00,0x00,  //0x94c0~0x94cf      ....U....d......
0x00,0x00,0x00,0x00,0x00,0x01,0x00,0x00,0x20,0x20,0x53,0x74,0x75,0x6D,0x70,0x65,  //0x94d0~0x94df      ..........Stumpe
0x56,0x65,0x72,0x5F,0x4C,0x49,0x42,0x5F,0x44,0x41,0x54,0x41,0x5F,0x4A,0x75,0x6C,  //0x94e0~0x94ef      Ver_LIB_DATA_Jul
0x20,0x31,0x39,0x20,0x32,0x30,0x32,0x31,0x5F,0x54,0x49,0x4D,0x45,0x5F,0x31,0x34,  //0x94f0~0x94ff      .19.2021_TIME_14
0x3A,0x34,0x34,0x3A,0x31,0x34,0x5F,0x31,0x37,0x35,0x32,0x30,0x20,0x20,0x00,0x00,  //0x9500~0x950f      :44:14_17520....
0xD8,0x94,0x00,0x00,0x63,0x68,0x70,0x5F,0x63,0x66,0x67,0x5F,0x6D,0x61,0x72,0x00,  //0x9510~0x951f      ....chp_cfg_mar.
0x80,0x45,0x00,0x00,0xC4,0x45,0x00,0x00,0x7E,0x45,0x00,0x00,0xF8,0x45,0x00,0x00,  //0x9520~0x952f      .E...E..~E...E..
0xF4,0x08,0x04,0x00,0x70,0x4A,0x00,0x00,0x38,0x0A,0x04,0x00,0x7A,0x4A,0x00,0x00,  //0x9530~0x953f      ....pJ..8...zJ..
0xD8,0x02,0x04,0x00,0x5C,0x4A,0x00,0x00,0x10,0x0B,0x04,0x00,0x66,0x4A,0x00,0x00,  //0x9540~0x954f      .....J......fJ..
0x01,0x02,0x00,0x00,0x2B,0x00,0x40,0x00,0x55,0x00,0x6B,0x00,0x80,0x00,0x95,0x00,  //0x9550~0x955f      ....+.@.U.k.....
0xAB,0x00,0xC0,0x00,0xD5,0x00,0xEB,0x00,0x00,0x01,0x00,0x01,0x00,0x01,0x00,0x01,  //0x9560~0x956f      ................
0x00,0x01,0x00,0x01,0x00,0x00,0x02,0x00,0x00,0x00,0x02,0x00,0x00,0x51,0x25,0x02,  //0x9570~0x957f      .............Q%.
0x80,0xA8,0x12,0x01,0x40,0x54,0x89,0x00,0xB0,0x71,0x0B,0x00,0x62,0x74,0x6C,0x69,  //0x9580~0x958f      ....@T...q..btli
0x66,0x65,0x00,0x00,0x2C,0x04,0x03,0x00,0x1C,0x04,0x03,0x00,0x18,0x04,0x03,0x00,  //0x9590~0x959f      fe..,...........
0x00,0x04,0x03,0x00,0x18,0x03,0x03,0x00,0x00,0x03,0x03,0x00,0x48,0x02,0x03,0x00,  //0x95a0~0x95af      ............H...
0x00,0x05,0x03,0x00,0x00,0x02,0x03,0x00,0x00,0x01,0x03,0x00,0x00,0x00,0x03,0x00,  //0x95b0~0x95bf      ................
0x01,0xFF,0xC8,0xFF,0x23,0x01,0x03,0x02,0x55,0xAA,0x00,0x00,0x00,0x01,0x02,0x03,  //0x95c0~0x95cf      ....#...U.......
0x00,0x03,0x00,0x00,0xE8,0x03,0x00,0x00,0x6E,0x6F,0x66,0x00,0x00,0x00,0x00,0x00,  //0x95d0~0x95df      ........nof.....
0x02,0x01,0xFF,0x02,0xFF,0xFF,0x00,0x00,0xFF,0xFF,0x00,0x00,0x01,0xFF,0xFF,0xFF,  //0x95e0~0x95ef      ................
0x01,0x00,0x00,0x00,0x28,0x24,0x2C,0x2C,0x3D,0x4E,0x00,0x00,0x02,0x01,0xFF,0x07,  //0x95f0~0x95ff      ....($,,=N......
0xFF,0x00,0x00,0x00,0x00,0x00,0x00,0x00,0x00,0x00,0x00,0x00,0x00,0x00,0x00,0x00,  //0x9600~0x960f      ................
0x00,0x00,0x00,0x00,0x00,0x00,0x00,0x00,0x00,0x00,0x00,0x00,0x00,0x00,0x00,0x00,  //0x9610~0x961f      ................
0x00,0x00,0x00,0x00,0x00,0x00,0x00,0x00,0x00,0x00,0x00,0x00,0x00,0x00,0x00,0x00,  //0x9620~0x962f      ................
0x00,0x00,0x00,0x00,0x00,0x00,0x00,0x00,0x00,0x00,0x00,0x00,0x00,0x00,0x00,0x00,  //0x9630~0x963f      ................
0x00,0x00,0x00,0x00,0x00,0x00,0x00,0x00,0x00,0x00,0x00,0x00,0x00,0x00,0x00,0x00,  //0x9640~0x964f      ................
0x00,0x00,0x00,0x00,0x00,0x00,0x00,0x00,0x00,0x00,0x00,0x00,0x00,0x00,0x00,0x00,  //0x9650~0x965f      ................
0x00,0x00,0x00,0x00,0x00,0x00,0x00,0x00,0x00,0x00,0x00,0x00,0x00,0x00,0x00,0x00,  //0x9660~0x966f      ................
0x00,0x00,0x00,0x00,0x00,0x00,0x00,0x00,0x00,0x00,0x00,0x00,0x00,0x00,0x00,0x00,  //0x9670~0x967f      ................
0x00,0x00,0x00,0x00,0x00,0x00,0x00,0x00,0x00,0x00,0x00,0x00,0x00,0x00,0x00,0x00,  //0x9680~0x968f      ................
0x00,0x00,0x00,0x00,0x00,0x00,0x00,0x00,0x00,0x00,0x00,0x00,0x00,0x00,0x00,0x00,  //0x9690~0x969f      ................
0x00,0x00,0x00,0x00,0x00,0x00,0x00,0x00,0x00,0x00,0x00,0x00,0x00,0x00,0x00,0x00,  //0x96a0~0x96af      ................
0x00,0x00,0x00,0x00,0x00,0x00,0x00,0x00,0x00,0x00,0x00,0x00,0x00,0x00,0x00,0x00,  //0x96b0~0x96bf      ................
0x00,0x00,0x00,0x00,0x00,0x00,0x00,0x00,0x00,0x00,0x00,0x00,0x00,0x00,0x00,0x00,  //0x96c0~0x96cf      ................
0x00,0x00,0x00,0x00,0x00,0x00,0x00,0x00,0x00,0x00,0x00,0x00,0x00,0x00,0x00,0x00,  //0x96d0~0x96df      ................
0x00,0x00,0x00,0x00,0x00,0x00,0x00,0x00,0x00,0x00,0x00,0x00,0x00,0x00,0x00,0x00,  //0x96e0~0x96ef      ................
0x00,0x00,0x00,0x00,0x00,0x00,0x00,0x00,0x00,0x00,0x00,0x00,0x00,0x00,0x00,0x00,  //0x96f0~0x96ff      ................
0x00,0x00,0x00,0x00,0x00,0x00,0x00,0x00,0x00,0x00,0x00,0x00,0x00,0x00,0x00,0x00,  //0x9700~0x970f      ................
0x00,0x00,0x00,0x00,0x00,0x00,0x00,0x00,0x00,0x00,0x00,0x00,0x00,0x00,0x00,0x00,  //0x9710~0x971f      ................
0x00,0x00,0x00,0x00,0x00,0x00,0x00,0x00,0x00,0x00,0x00,0x00,0x00,0x00,0x00,0x00,  //0x9720~0x972f      ................
0x00,0x00,0x00,0x00,0x00,0x00,0x00,0x00,0x00,0x00,0x00,0x00,0x00,0x00,0x00,0x00,  //0x9730~0x973f      ................
0x00,0x00,0x00,0x00,0x00,0x00,0x00,0x00,0x00,0x00,0x00,0x00,0x00,0x00,0x00,0x00,  //0x9740~0x974f      ................
0x00,0x00,0x00,0x00,0x00,0x00,0x00,0x00,0x00,0x00,0x00,0x00,0x00,0x00,0x00,0x00,  //0x9750~0x975f      ................
0x00,0x00,0x00,0x00,0x00,0x00,0x00,0x00,0x00,0x00,0x00,0x00,0x00,0x00,0x00,0x00,  //0x9760~0x976f      ................
0x00,0x00,0x00,0x00,0x00,0x00,0x00,0x00,0x00,0x00,0x00,0x00,0x00,0x00,0x00,0x00,  //0x9770~0x977f      ................
0x00,0x00,0x00,0x00,0x00,0x00,0x00,0x00,0x00,0x00,0x00,0x00,0x00,0x00,0x00,0x00,  //0x9780~0x978f      ................
0x00,0x00,0x00,0x00,0x00,0x00,0x00,0x00,0x00,0x00,0x00,0x00,0x00,0x00,0x00,0x00,  //0x9790~0x979f      ................
0x00,0x00,0x00,0x00,0x00,0x00,0x00,0x00,0x00,0x00,0x00,0x00,0x00,0x00,0x00,0x00,  //0x97a0~0x97af      ................
0x00,0x00,0x00,0x00,0x00,0x00,0x00,0x00,0x00,0x00,0x00,0x00,0x00,0x00,0x00,0x00,  //0x97b0~0x97bf      ................
0x00,0x00,0x00,0x00,0x00,0x00,0x00,0x00,0x00,0x00,0x00,0x00,0x00,0x00,0x00,0x00,  //0x97c0~0x97cf      ................
0x00,0x00,0x00,0x00,0x00,0x00,0x00,0x00,0x00,0x00,0x00,0x00,0x00,0x00,0x00,0x00,  //0x97d0~0x97df      ................
0x00,0x00,0x00,0x00,0x00,0x00,0x00,0x00,0x00,0x00,0x00,0x00,0x00,0x00,0x00,0x00,  //0x97e0~0x97ef      ................
0x00,0x00,0x00,0x00,0x00,0x00,0x00,0x00,0x00,0x00,0x00,0x00,0x00,0x00,0x00,0x00,  //0x97f0~0x97ff      ................
0x00,0x00,0x00,0x00,0x00,0x00,0x00,0x00,0x00,0x00,0x00,0x00,0x00,0x00,0x00,0x00,  //0x9800~0x980f      ................
0x00,0x00,0x00,0x00,0x00,0x00,0x00,0x00,0x00,0x00,0x00,0x00,0x00,0x00,0x00,0x00,  //0x9810~0x981f      ................
0x00,0x00,0x00,0x00,0x00,0x00,0x00,0x00,0x00,0x00,0x00,0x00,0x00,0x00,0x00,0x00,  //0x9820~0x982f      ................
0x00,0x00,0x00,0x00,0x00,0x00,0x00,0x00,0x00,0x00,0x00,0x00,0x00,0x00,0x00,0x00,  //0x9830~0x983f      ................
0x00,0x00,0x00,0x00,0x00,0x00,0x00,0x00,0x00,0x00,0x00,0x00,0x00,0x00,0x00,0x00,  //0x9840~0x984f      ................
0x00,0x00,0x00,0x00,0x00,0x00,0x00,0x00,0x00,0x00,0x00,0x00,0x00,0x00,0x00,0x00,  //0x9850~0x985f      ................
0x00,0x00,0x00,0x00,0x00,0x00,0x00,0x00,0x00,0x00,0x00,0x00,0x00,0x00,0x00,0x00,  //0x9860~0x986f      ................
0x00,0x00,0x00,0x00,0x00,0x00,0x00,0x00,0x00,0x00,0x00,0x00,0x00,0x00,0x00,0x00,  //0x9870~0x987f      ................
0x00,0x00,0x00,0x00,0x00,0x00,0x00,0x00,0x00,0x00,0x00,0x00,0x00,0x00,0x00,0x00,  //0x9880~0x988f      ................
0x00,0x00,0x00,0x00,0x00,0x00,0x00,0x00,0x00,0x00,0x00,0x00,0x00,0x00,0x00,0x00,  //0x9890~0x989f      ................
0x00,0x00,0x00,0x00,0x00,0x00,0x00,0x00,0x00,0x00,0x00,0x00,0x00,0x00,0x00,0x00,  //0x98a0~0x98af      ................
0x00,0x00,0x00,0x00,0x00,0x00,0x00,0x00,0x00,0x00,0x00,0x00,0x00,0x00,0x00,0x00,  //0x98b0~0x98bf      ................
0x00,0x00,0x00,0x00,0x00,0x00,0x00,0x00,0x00,0x00,0x00,0x00,0x00,0x00,0x00,0x00,  //0x98c0~0x98cf      ................
0x00,0x00,0x00,0x00,0x00,0x00,0x00,0x00,0x00,0x00,0x00,0x00,0x00,0x00,0x00,0x00,  //0x98d0~0x98df      ................
0x00,0x00,0x00,0x00,0x00,0x00,0x00,0x00,0x00,0x00,0x00,0x00,0x00,0x00,0x00,0x00,  //0x98e0~0x98ef      ................
0x00,0x00,0x00,0x00,0x00,0x00,0x00,0x00,0x00,0x00,0x00,0x00,0x00,0x00,0x00,0x00,  //0x98f0~0x98ff      ................
0x00,0x00,0x00,0x00,0x00,0x00,0x00,0x00,0x00,0x00,0x00,0x00,0x00,0x00,0x00,0x00,  //0x9900~0x990f      ................
0x00,0x00,0x00,0x00,0x00,0x00,0x00,0x00,0x00,0x00,0x00,0x00,0x00,0x00,0x00,0x00,  //0x9910~0x991f      ................
0x00,0x00,0x00,0x00,0x00,0x00,0x00,0x00,0x00,0x00,0x00,0x00,0x00,0x00,0x00,0x00,  //0x9920~0x992f      ................
0x00,0x00,0x00,0x00,0x00,0x00,0x00,0x00,0x00,0x00,0x00,0x00,0x00,0x00,0x00,0x00,  //0x9930~0x993f      ................
0x00,0x00,0x00,0x00,0x00,0x00,0x00,0x00,0x00,0x00,0x00,0x00,0x00,0x00,0x00,0x00,  //0x9940~0x994f      ................
0x00,0x00,0x00,0x00,0x00,0x00,0x00,0x00,0x00,0x00,0x00,0x00,0x00,0x00,0x00,0x00,  //0x9950~0x995f      ................
0x00,0x00,0x00,0x00,0x00,0x00,0x00,0x00,0x00,0x00,0x00,0x00,0x00,0x00,0x00,0x00,  //0x9960~0x996f      ................
0x00,0x00,0x00,0x00,0x00,0x00,0x00,0x00,0x00,0x00,0x00,0x00,0x00,0x00,0x00,0x00,  //0x9970~0x997f      ................
0x00,0x00,0x00,0x00,0x00,0x00,0x00,0x00,0x00,0x00,0x00,0x00,0x00,0x00,0x00,0x00,  //0x9980~0x998f      ................
0x00,0x00,0x00,0x00,0x00,0x00,0x00,0x00,0x00,0x00,0x00,0x00,0x00,0x00,0x00,0x00,  //0x9990~0x999f      ................
0x00,0x00,0x00,0x00,0x00,0x00,0x00,0x00,0x00,0x00,0x00,0x00,0x00,0x00,0x00,0x00,  //0x99a0~0x99af      ................
0x00,0x00,0x00,0x00,0x00,0x00,0x00,0x00,0x00,0x00,0x00,0x00,0x00,0x00,0x00,0x00,  //0x99b0~0x99bf      ................
0x00,0x00,0x00,0x00,0x00,0x00,0x00,0x00,0x00,0x00,0x00,0x00,0x00,0x00,0x00,0x00,  //0x99c0~0x99cf      ................
0x00,0x00,0x00,0x00,0x00,0x00,0x00,0x00,0x00,0x00,0x00,0x00,0x00,0x00,0x00,0x00,  //0x99d0~0x99df      ................
0x00,0x00,0x00,0x00,0x00,0x00,0x00,0x00,0x00,0x00,0x00,0x00,0x00,0x00,0x00,0x00,  //0x99e0~0x99ef      ................
0x00,0x00,0x00,0x00,0x00,0x00,0x00,0x00,0x00,0x00,0x00,0x00,0x00,0x00,0x00,0x00,  //0x99f0~0x99ff      ................
0x00,0x00,0x00,0x00,0x00,0x00,0x00,0x00,0x00,0x00,0x00,0x00,0x00,0x00,0x00,0x00,  //0x9a00~0x9a0f      ................
0x00,0x00,0x00,0x00,0x00,0x00,0x00,0x00,0x00,0x00,0x00,0x00,0x00,0x00,0x00,0x00,  //0x9a10~0x9a1f      ................
0x00,0x00,0x00,0x00,0x00,0x00,0x00,0x00,0x00,0x00,0x00,0x00,0x00,0x00,0x00,0x00,  //0x9a20~0x9a2f      ................
0x00,0x00,0x00,0x00,0x00,0x00,0x00,0x00,0x00,0x00,0x00,0x00,0x00,0x00,0x00,0x00,  //0x9a30~0x9a3f      ................
0x00,0x00,0x00,0x00,0x00,0x00,0x00,0x00,0x00,0x00,0x00,0x00,0x00,0x00,0x00,0x00,  //0x9a40~0x9a4f      ................
0x00,0x00,0x00,0x00,0x00,0x00,0x00,0x00,0x00,0x00,0x00,0x00,0x00,0x00,0x00,0x00,  //0x9a50~0x9a5f      ................
0x00,0x00,0x00,0x00,0x00,0x00,0x00,0x00,0x00,0x00,0x00,0x00,0x00,0x00,0x00,0x00,  //0x9a60~0x9a6f      ................
0x00,0x00,0x00,0x00,0x00,0x00,0x00,0x00,0x00,0x00,0x00,0x00,0x00,0x00,0x00,0x00,  //0x9a70~0x9a7f      ................
0x00,0x00,0x00,0x00,0x00,0x00,0x00,0x00,0x00,0x00,0x00,0x00,0x00,0x00,0x00,0x00,  //0x9a80~0x9a8f      ................
0x00,0x00,0x00,0x00,0x00,0x00,0x00,0x00,0x00,0x00,0x00,0x00,0x00,0x00,0x00,0x00,  //0x9a90~0x9a9f      ................
0x00,0x00,0x00,0x00,0x00,0x00,0x00,0x00,0x00,0x00,0x00,0x00,0x00,0x00,0x00,0x00,  //0x9aa0~0x9aaf      ................
0x00,0x00,0x00,0x00,0x00,0x00,0x00,0x00,0x00,0x00,0x00,0x00,0x00,0x00,0x00,0x00,  //0x9ab0~0x9abf      ................
0x00,0x00,0x00,0x00,0x00,0x00,0x00,0x00,0x00,0x00,0x00,0x00,0x00,0x00,0x00,0x00,  //0x9ac0~0x9acf      ................
0x00,0x00,0x00,0x00,0x00,0x00,0x00,0x00,0x00,0x00,0x00,0x00,0x00,0x00,0x00,0x00,  //0x9ad0~0x9adf      ................
0x00,0x00,0x00,0x00,0x00,0x00,0x00,0x00,0x00,0x00,0x00,0x00,0x00,0x00,0x00,0x00,  //0x9ae0~0x9aef      ................
0x00,0x00,0x00,0x00,0x00,0x00,0x00,0x00,0x00,0x00,0x00,0x00,0x00,0x00,0x00,0x00,  //0x9af0~0x9aff      ................
0x00,0x00,0x00,0x00,0x00,0x00,0x00,0x00,0x00,0x00,0x00,0x00,0x00,0x00,0x00,0x00,  //0x9b00~0x9b0f      ................
0x00,0x00,0x00,0x00,0x00,0x00,0x00,0x00,0x00,0x00,0x00,0x00,0x00,0x00,0x00,0x00,  //0x9b10~0x9b1f      ................
0x00,0x00,0x00,0x00,0x00,0x00,0x00,0x00,0x00,0x00,0x00,0x00,0x00,0x00,0x00,0x00,  //0x9b20~0x9b2f      ................
0x00,0x00,0x00,0x00,0x00,0x00,0x00,0x00,0x00,0x00,0x00,0x00,0x00,0x00,0x00,0x00,  //0x9b30~0x9b3f      ................
0x00,0x00,0x00,0x00,0x00,0x00,0x00,0x00,0x00,0x00,0x00,0x00,0x00,0x00,0x00,0x00,  //0x9b40~0x9b4f      ................
0x00,0x00,0x00,0x00,0x00,0x00,0x00,0x00,0x00,0x00,0x00,0x00,0x00,0x00,0x00,0x00,  //0x9b50~0x9b5f      ................
0x00,0x00,0x00,0x00,0x00,0x00,0x00,0x00,0x00,0x00,0x00,0x00,0x00,0x00,0x00,0x00,  //0x9b60~0x9b6f      ................
0x00,0x00,0x00,0x00,0x00,0x00,0x00,0x00,0x00,0x00,0x00,0x00,0x00,0x00,0x00,0x00,  //0x9b70~0x9b7f      ................
0x00,0x00,0x00,0x00,0x00,0x00,0x00,0x00,0x00,0x00,0x00,0x00,0x00,0x00,0x00,0x00,  //0x9b80~0x9b8f      ................
0x00,0x00,0x00,0x00,0x00,0x00,0x00,0x00,0x00,0x00,0x00,0x00,0x00,0x00,0x00,0x00,  //0x9b90~0x9b9f      ................
0x00,0x00,0x00,0x00,0x00,0x00,0x00,0x00,0x00,0x00,0x00,0x00,0x00,0x00,0x00,0x00,  //0x9ba0~0x9baf      ................
0x00,0x00,0x00,0x00,0x00,0x00,0x00,0x00,0x00,0x00,0x00,0x00,0x00,0x00,0x00,0x00,  //0x9bb0~0x9bbf      ................
0x00,0x00,0x00,0x00,0x00,0x00,0x00,0x00,0x00,0x00,0x00,0x00,0x00,0x00,0x00,0x00,  //0x9bc0~0x9bcf      ................
0x00,0x00,0x00,0x00,0x00,0x00,0x00,0x00,0x00,0x00,0x00,0x00,0x00,0x00,0x00,0x00,  //0x9bd0~0x9bdf      ................
0x00,0x00,0x00,0x00,0x00,0x00,0x00,0x00,0x00,0x00,0x00,0x00,0x00,0x00,0x00,0x00,  //0x9be0~0x9bef      ................
0x00,0x00,0x00,0x00,0x00,0x00,0x00,0x00,0x00,0x00,0x00,0x00,0x00,0x00,0x00,0x00,  //0x9bf0~0x9bff      ................
0x00,0x00,0x00,0x00,0x00,0x00,0x00,0x00,0x00,0x00,0x00,0x00,0x00,0x00,0x00,0x00,  //0x9c00~0x9c0f      ................
0x00,0x00,0x00,0x00,0x00,0x00,0x00,0x00,0x00,0x00,0x00,0x00,0x00,0x00,0x00,0x00,  //0x9c10~0x9c1f      ................
0x00,0x00,0x00,0x00,0x00,0x00,0x00,0x00,0x00,0x00,0x00,0x00,0x00,0x00,0x00,0x00,  //0x9c20~0x9c2f      ................
0x00,0x00,0x00,0x00,0x00,0x00,0x00,0x00,0x00,0x00,0x00,0x00,0x00,0x00,0x00,0x00,  //0x9c30~0x9c3f      ................
0x00,0x00,0x00,0x00,0x00,0x00,0x00,0x00,0x00,0x00,0x00,0x00,0x00,0x00,0x00,0x00,  //0x9c40~0x9c4f      ................
0x00,0x00,0x00,0x00,0x00,0x00,0x00,0x00,0x00,0x00,0x00,0x00,0x00,0x00,0x00,0x00,  //0x9c50~0x9c5f      ................
0x00,0x00,0x00,0x00,0x00,0x00,0x00,0x00,0x00,0x00,0x00,0x00,0x00,0x00,0x00,0x00,  //0x9c60~0x9c6f      ................
0x00,0x00,0x00,0x00,0x00,0x00,0x00,0x00,0x00,0x00,0x00,0x00,0x00,0x00,0x00,0x00,  //0x9c70~0x9c7f      ................
0x00,0x00,0x00,0x00,0x00,0x00,0x00,0x00,0x00,0x00,0x00,0x00,0x00,0x00,0x00,0x00,  //0x9c80~0x9c8f      ................
0x00,0x00,0x00,0x00,0x00,0x00,0x00,0x00,0x00,0x00,0x00,0x00,0x00,0x00,0x00,0x00,  //0x9c90~0x9c9f      ................
0x00,0x00,0x00,0x00,0x00,0x00,0x00,0x00,0x00,0x00,0x00,0x00,0x00,0x00,0x00,0x00,  //0x9ca0~0x9caf      ................
0x00,0x00,0x00,0x00,0x00,0x00,0x00,0x00,0x00,0x00,0x00,0x00,0x00,0x00,0x00,0x00,  //0x9cb0~0x9cbf      ................
0x00,0x00,0x00,0x00,0x00,0x00,0x00,0x00,0x00,0x00,0x00,0x00,0x00,0x00,0x00,0x00,  //0x9cc0~0x9ccf      ................
0x00,0x00,0x00,0x00,0x00,0x00,0x00,0x00,0x00,0x00,0x00,0x00,0x00,0x00,0x00,0x00,  //0x9cd0~0x9cdf      ................
0x00,0x00,0x00,0x00,0x00,0x00,0x00,0x00,0x00,0x00,0x00,0x00,0x00,0x00,0x00,0x00,  //0x9ce0~0x9cef      ................
0x00,0x00,0x00,0x00,0x00,0x00,0x00,0x00,0x00,0x00,0x00,0x00,0x00,0x00,0x00,0x00,  //0x9cf0~0x9cff      ................
0x00,0x00,0x00,0x00,0x00,0x00,0x00,0x00,0x00,0x00,0x00,0x00,0x00,0x00,0x00,0x00,  //0x9d00~0x9d0f      ................
0x00,0x00,0x00,0x00,0x00,0x00,0x00,0x00,0x00,0x00,0x00,0x00,0x00,0x00,0x00,0x00,  //0x9d10~0x9d1f      ................
0x00,0x00,0x00,0x00,0x00,0x00,0x00,0x00,0x00,0x00,0x00,0x00,0x00,0x00,0x00,0x00,  //0x9d20~0x9d2f      ................
0x00,0x00,0x00,0x00,0x00,0x00,0x00,0x00,0x00,0x00,0x00,0x00,0x00,0x00,0x00,0x00,  //0x9d30~0x9d3f      ................
0x00,0x00,0x00,0x00,0x00,0x00,0x00,0x00,0x00,0x00,0x00,0x00,0x00,0x00,0x00,0x00,  //0x9d40~0x9d4f      ................
0x00,0x00,0x00,0x00,0x00,0x00,0x00,0x00,0x00,0x00,0x00,0x00,0x00,0x00,0x00,0x00,  //0x9d50~0x9d5f      ................
0x00,0x00,0x00,0x00,0x00,0x00,0x00,0x00,0x00,0x00,0x00,0x00,0x00,0x00,0x00,0x00,  //0x9d60~0x9d6f      ................
0x00,0x00,0x00,0x00,0x00,0x00,0x00,0x00,0x00,0x00,0x00,0x00,0x00,0x00,0x00,0x00,  //0x9d70~0x9d7f      ................
0x00,0x00,0x00,0x00,0x00,0x00,0x00,0x00,0x00,0x00,0x00,0x00,0x00,0x00,0x00,0x00,  //0x9d80~0x9d8f      ................
0x00,0x00,0x00,0x00,0x00,0x00,0x00,0x00,0x00,0x00,0x00,0x00,0x00,0x00,0x00,0x00,  //0x9d90~0x9d9f      ................
0x00,0x00,0x00,0x00,0x00,0x00,0x00,0x00,0x00,0x00,0x00,0x00,0x00,0x00,0x00,0x00,  //0x9da0~0x9daf      ................
0x00,0x00,0x00,0x00,0x00,0x00,0x00,0x00,0x00,0x00,0x00,0x00,0x00,0x00,0x00,0x00,  //0x9db0~0x9dbf      ................
0x00,0x00,0x00,0x00,0x00,0x00,0x00,0x00,0x00,0x00,0x00,0x00,0x00,0x00,0x00,0x00,  //0x9dc0~0x9dcf      ................
0x00,0x00,0x00,0x00,0x00,0x00,0x00,0x00,0x00,0x00,0x00,0x00,0x00,0x00,0x00,0x00,  //0x9dd0~0x9ddf      ................
0x00,0x00,0x00,0x00,0x00,0x00,0x00,0x00,0x00,0x00,0x00,0x00,0x00,0x00,0x00,0x00,  //0x9de0~0x9def      ................
0x00,0x00,0x00,0x00,0x00,0x00,0x00,0x00,0x00,0x00,0x00,0x00,0x00,0x00,0x00,0x00,  //0x9df0~0x9dff      ................
0x00,0x00,0x00,0x00,0x00,0x00,0x00,0x00,0x00,0x00,0x00,0x00,0x00,0x00,0x00,0x00,  //0x9e00~0x9e0f      ................
0x00,0x00,0x00,0x00,0x00,0x00,0x00,0x00,0x00,0x00,0x00,0x00,0x00,0x00,0x00,0x00,  //0x9e10~0x9e1f      ................
0x00,0x00,0x00,0x00,0x00,0x00,0x00,0x00,0x00,0x00,0x00,0x00,0x00,0x00,0x00,0x00,  //0x9e20~0x9e2f      ................
0x00,0x00,0x00,0x00,0x00,0x00,0x00,0x00,0x00,0x00,0x00,0x00,0x00,0x00,0x00,0x00,  //0x9e30~0x9e3f      ................
0x00,0x00,0x00,0x00,0x00,0x00,0x00,0x00,0x00,0x00,0x00,0x00,0x00,0x00,0x00,0x00,  //0x9e40~0x9e4f      ................
0x00,0x00,0x00,0x00,0x00,0x00,0x00,0x00,0x00,0x00,0x00,0x00,0x00,0x00,0x00,0x00,  //0x9e50~0x9e5f      ................
0x00,0x00,0x00,0x00,0x00,0x00,0x00,0x00,0x00,0x00,0x00,0x00,0x00,0x00,0x00,0x00,  //0x9e60~0x9e6f      ................
0x00,0x00,0x00,0x00,0x00,0x00,0x00,0x00,0x00,0x00,0x00,0x00,0x00,0x00,0x00,0x00,  //0x9e70~0x9e7f      ................
0x00,0x00,0x00,0x00,0x00,0x00,0x00,0x00,0x00,0x00,0x00,0x00,0x00,0x00,0x00,0x00,  //0x9e80~0x9e8f      ................
0x00,0x00,0x00,0x00,0x00,0x00,0x00,0x00,0x00,0x00,0x00,0x00,0x00,0x00,0x00,0x00,  //0x9e90~0x9e9f      ................
0x00,0x00,0x00,0x00,0x00,0x00,0x00,0x00,0x00,0x00,0x00,0x00,0x00,0x00,0x00,0x00,  //0x9ea0~0x9eaf      ................
0x00,0x00,0x00,0x00,0x00,0x00,0x00,0x00,0x00,0x00,0x00,0x00,0x00,0x00,0x00,0x00,  //0x9eb0~0x9ebf      ................
0x00,0x00,0x00,0x00,0x00,0x00,0x00,0x00,0x00,0x00,0x00,0x00,0x00,0x00,0x00,0x00,  //0x9ec0~0x9ecf      ................
0x00,0x00,0x00,0x00,0x00,0x00,0x00,0x00,0x00,0x00,0x00,0x00,0x00,0x00,0x00,0x00,  //0x9ed0~0x9edf      ................
0x00,0x00,0x00,0x00,0x00,0x00,0x00,0x00,0x00,0x00,0x00,0x00,0x00,0x00,0x00,0x00,  //0x9ee0~0x9eef      ................
0x00,0x00,0x00,0x00,0x00,0x00,0x00,0x00,0x00,0x00,0x00,0x00,0x00,0x00,0x00,0x00,  //0x9ef0~0x9eff      ................
0x00,0x00,0x00,0x00,0x00,0x00,0x00,0x00,0x00,0x00,0x00,0x00,0x00,0x00,0x00,0x00,  //0x9f00~0x9f0f      ................
0x00,0x00,0x00,0x00,0x00,0x00,0x00,0x00,0x00,0x00,0x00,0x00,0x00,0x00,0x00,0x00,  //0x9f10~0x9f1f      ................
0x00,0x00,0x00,0x00,0x00,0x00,0x00,0x00,0x00,0x00,0x00,0x00,0x00,0x00,0x00,0x00,  //0x9f20~0x9f2f      ................
0x00,0x00,0x00,0x00,0x00,0x00,0x00,0x00,0x00,0x00,0x00,0x00,0x00,0x00,0x00,0x00,  //0x9f30~0x9f3f      ................
0x00,0x00,0x00,0x00,0x00,0x00,0x00,0x00,0x00,0x00,0x00,0x00,0x00,0x00,0x00,0x00,  //0x9f40~0x9f4f      ................
0x00,0x00,0x00,0x00,0x00,0x00,0x00,0x00,0x00,0x00,0x00,0x00,0x00,0x00,0x00,0x00,  //0x9f50~0x9f5f      ................
0x00,0x00,0x00,0x00,0x00,0x00,0x00,0x00,0x00,0x00,0x00,0x00,0x00,0x00,0x00,0x00,  //0x9f60~0x9f6f      ................
0x00,0x00,0x00,0x00,0x00,0x00,0x00,0x00,0x00,0x00,0x00,0x00,0x00,0x00,0x00,0x00,  //0x9f70~0x9f7f      ................
0x00,0x00,0x00,0x00,0x00,0x00,0x00,0x00,0x00,0x00,0x00,0x00,0x00,0x00,0x00,0x00,  //0x9f80~0x9f8f      ................
0x00,0x00,0x00,0x00,0x00,0x00,0x00,0x00,0x00,0x00,0x00,0x00,0x00,0x00,0x00,0x00,  //0x9f90~0x9f9f      ................
0x00,0x00,0x00,0x00,0x00,0x00,0x00,0x00,0x00,0x00,0x00,0x00,0x00,0x00,0x00,0x00,  //0x9fa0~0x9faf      ................
0x00,0x00,0x00,0x00,0x00,0x00,0x00,0x00,0x00,0x00,0x00,0x00,0x00,0x00,0x00,0x00,  //0x9fb0~0x9fbf      ................
0x00,0x00,0x00,0x00,0x00,0x00,0x00,0x00,0x00,0x00,0x00,0x00,0x00,0x00,0x00,0x00,  //0x9fc0~0x9fcf      ................
0x00,0x00,0x00,0x00,0x00,0x00,0x00,0x00,0x00,0x00,0x00,0x00,0x00,0x00,0x00,0x00,  //0x9fd0~0x9fdf      ................
0x00,0x00,0x00,0x00,0x00,0x00,0x00,0x00,0x00,0x00,0x00,0x00,0x00,0x00,0x00,0x00,  //0x9fe0~0x9fef      ................
0x00,0x00,0x00,0x00,0x00,0x00,0x00,0x00,0x00,0x00,0x00,0x00,0x00,0x00,0x00,0x00,  //0x9ff0~0x9fff      ................
0x00,0x00,0x00,0x00,0x00,0x00,0x00,0x00,0x00,0x00,0x00,0x00,0x00,0x00,0x00,0x00,  //0xa000~0xa00f      ................
0x00,0x00,0x00,0x00,0x00,0x00,0x00,0x00,0x00,0x00,0x00,0x00,0x00,0x00,0x00,0x00,  //0xa010~0xa01f      ................
0x00,0x00,0x00,0x00,0x00,0x00,0x00,0x00,0x00,0x00,0x00,0x00,0x00,0x00,0x00,0x00,  //0xa020~0xa02f      ................
0x00,0x00,0x00,0x00,0x00,0x00,0x00,0x00,0x00,0x00,0x00,0x00,0x00,0x00,0x00,0x00,  //0xa030~0xa03f      ................
0x00,0x00,0x00,0x00,0x00,0x00,0x00,0x00,0x00,0x00,0x00,0x00,0x00,0x00,0x00,0x00,  //0xa040~0xa04f      ................
0x00,0x00,0x00,0x00,0x00,0x00,0x00,0x00,0x00,0x00,0x00,0x00,0x00,0x00,0x00,0x00,  //0xa050~0xa05f      ................
0x00,0x00,0x00,0x00,0x00,0x00,0x00,0x00,0x00,0x00,0x00,0x00,0x00,0x00,0x00,0x00,  //0xa060~0xa06f      ................
0x00,0x00,0x00,0x00,0x00,0x00,0x00,0x00,0x00,0x00,0x00,0x00,0x00,0x00,0x00,0x00,  //0xa070~0xa07f      ................
0x00,0x00,0x00,0x00,0x00,0x00,0x00,0x00,0x00,0x00,0x00,0x00,0x00,0x00,0x00,0x00,  //0xa080~0xa08f      ................
0x00,0x00,0x00,0x00,0x00,0x00,0x00,0x00,0x00,0x00,0x00,0x00,0x00,0x00,0x00,0x00,  //0xa090~0xa09f      ................
0x00,0x00,0x00,0x00,0x00,0x00,0x00,0x00,0x00,0x00,0x00,0x00,0x00,0x00,0x00,0x00,  //0xa0a0~0xa0af      ................
0x00,0x00,0x00,0x00,0x00,0x00,0x00,0x00,0x00,0x00,0x00,0x00,0x00,0x00,0x00,0x00,  //0xa0b0~0xa0bf      ................
0x00,0x00,0x00,0x00,0x00,0x00,0x00,0x00,0x00,0x00,0x00,0x00,0x00,0x00,0x00,0x00,  //0xa0c0~0xa0cf      ................
0x00,0x00,0x00,0x00,0x00,0x00,0x00,0x00,0x00,0x00,0x00,0x00,0x00,0x00,0x00,0x00,  //0xa0d0~0xa0df      ................
0x00,0x00,0x00,0x00,0x00,0x00,0x00,0x00,0x00,0x00,0x00,0x00,0x00,0x00,0x00,0x00,  //0xa0e0~0xa0ef      ................
0x00,0x00,0x00,0x00,0x00,0x00,0x00,0x00,0x00,0x00,0x00,0x00,0x00,0x00,0x00,0x00,  //0xa0f0~0xa0ff      ................
0x00,0x00,0x00,0x00,0x00,0x00,0x00,0x00,0x00,0x00,0x00,0x00,0x00,0x00,0x00,0x00,  //0xa100~0xa10f      ................
0x00,0x00,0x00,0x00,0x00,0x00,0x00,0x00,0x00,0x00,0x00,0x00,0x00,0x00,0x00,0x00,  //0xa110~0xa11f      ................
0x00,0x00,0x00,0x00,0x00,0x00,0x00,0x00,0x00,0x00,0x00,0x00,0x00,0x00,0x00,0x00,  //0xa120~0xa12f      ................
0x00,0x00,0x00,0x00,0x00,0x00,0x00,0x00,0x00,0x00,0x00,0x00,0x00,0x00,0x00,0x00,  //0xa130~0xa13f      ................
0x00,0x00,0x00,0x00,0x00,0x00,0x00,0x00,0x00,0x00,0x00,0x00,0x00,0x00,0x00,0x00,  //0xa140~0xa14f      ................
0x00,0x00,0x00,0x00,0x00,0x00,0x00,0x00,0x00,0x00,0x00,0x00,0x00,0x00,0x00,0x00,  //0xa150~0xa15f      ................
0x00,0x00,0x00,0x00,0x00,0x00,0x00,0x00,0x00,0x00,0x00,0x00,0x00,0x00,0x00,0x00,  //0xa160~0xa16f      ................
0x00,0x00,0x00,0x00,0x00,0x00,0x00,0x00,0x00,0x00,0x00,0x00,0x00,0x00,0x00,0x00,  //0xa170~0xa17f      ................
0x00,0x00,0x00,0x00,0x00,0x00,0x00,0x00,0x00,0x00,0x00,0x00,0x00,0x00,0x00,0x00,  //0xa180~0xa18f      ................
0x00,0x00,0x00,0x00,0x00,0x00,0x00,0x00,0x00,0x00,0x00,0x00,0x00,0x00,0x00,0x00,  //0xa190~0xa19f      ................
0x00,0x00,0x00,0x00,0x00,0x00,0x00,0x00,0x00,0x00,0x00,0x00,0x00,0x00,0x00,0x00,  //0xa1a0~0xa1af      ................
0x00,0x00,0x00,0x00,0x00,0x00,0x00,0x00,0x00,0x00,0x00,0x00,0x00,0x00,0x00,0x00,  //0xa1b0~0xa1bf      ................
0x00,0x00,0x00,0x00,0x00,0x00,0x00,0x00,0x00,0x00,0x00,0x00,0x00,0x00,0x00,0x00,  //0xa1c0~0xa1cf      ................
0x00,0x00,0x00,0x00,0x00,0x00,0x00,0x00,0x00,0x00,0x00,0x00,0x00,0x00,0x00,0x00,  //0xa1d0~0xa1df      ................
0x00,0x00,0x00,0x00,0x00,0x00,0x00,0x00,0x00,0x00,0x00,0x00,0x00,0x00,0x00,0x00,  //0xa1e0~0xa1ef      ................
0x00,0x00,0x00,0x00,0x00,0x00,0x00,0x00,0x00,0x00,0x00,0x00,0x00,0x00,0x00,0x00,  //0xa1f0~0xa1ff      ................
0x00,0x00,0x00,0x00,0x00,0x00,0x00,0x00,0x00,0x00,0x00,0x00,0x00,0x00,0x00,0x00,  //0xa200~0xa20f      ................
0x00,0x00,0x00,0x00,0x00,0x00,0x00,0x00,0x00,0x00,0x00,0x00,0x00,0x00,0x00,0x00,  //0xa210~0xa21f      ................
0x00,0x00,0x00,0x00,0x00,0x00,0x00,0x00,0x00,0x00,0x00,0x00,0x00,0x00,0x00,0x00,  //0xa220~0xa22f      ................
0x00,0x00,0x00,0x00,0x00,0x00,0x00,0x00,0x00,0x00,0x00,0x00,0x00,0x00,0x00,0x00,  //0xa230~0xa23f      ................
0x00,0x00,0x00,0x00,0x00,0x00,0x00,0x00,0x00,0x00,0x00,0x00,0x00,0x00,0x00,0x00,  //0xa240~0xa24f      ................
0x00,0x00,0x00,0x00,0x00,0x00,0x00,0x00,0x00,0x00,0x00,0x00,0x00,0x00,0x00,0x00,  //0xa250~0xa25f      ................
0x00,0x00,0x00,0x00,0x00,0x00,0x00,0x00,0x00,0x00,0x00,0x00,0x00,0x00,0x00,0x00,  //0xa260~0xa26f      ................
0x00,0x00,0x00,0x00,0x00,0x00,0x00,0x00,0x00,0x00,0x00,0x00,0x00,0x00,0x00,0x00,  //0xa270~0xa27f      ................
0x00,0x00,0x00,0x00,0x00,0x00,0x00,0x00,0x00,0x00,0x00,0x00,0x00,0x00,0x00,0x00,  //0xa280~0xa28f      ................
0x00,0x00,0x00,0x00,0x00,0x00,0x00,0x00,0x00,0x00,0x00,0x00,0x00,0x00,0x00,0x00,  //0xa290~0xa29f      ................
0x00,0x00,0x00,0x00,0x00,0x00,0x00,0x00,0x00,0x00,0x00,0x00,0x00,0x00,0x00,0x00,  //0xa2a0~0xa2af      ................
0x00,0x00,0x00,0x00,0x00,0x00,0x00,0x00,0x00,0x00,0x00,0x00,0x00,0x00,0x00,0x00,  //0xa2b0~0xa2bf      ................
0x00,0x00,0x00,0x00,0x00,0x00,0x00,0x00,0x00,0x00,0x00,0x00,0x00,0x00,0x00,0x00,  //0xa2c0~0xa2cf      ................
0x00,0x00,0x00,0x00,0x00,0x00,0x00,0x00,0x00,0x00,0x00,0x00,0x00,0x00,0x00,0x00,  //0xa2d0~0xa2df      ................
0x00,0x00,0x00,0x00,0x00,0x00,0x00,0x00,0x00,0x00,0x00,0x00,0x00,0x00,0x00,0x00,  //0xa2e0~0xa2ef      ................
0x00,0x00,0x00,0x00,0x00,0x00,0x00,0x00,0x00,0x00,0x00,0x00,0x00,0x00,0x00,0x00,  //0xa2f0~0xa2ff      ................
0x00,0x00,0x00,0x00,0x00,0x00,0x00,0x00,0x00,0x00,0x00,0x00,0x00,0x00,0x00,0x00,  //0xa300~0xa30f      ................
0x00,0x00,0x00,0x00,0x00,0x00,0x00,0x00,0x00,0x00,0x00,0x00,0x00,0x00,0x00,0x00,  //0xa310~0xa31f      ................
0x00,0x00,0x00,0x00,0x00,0x00,0x00,0x00,0x00,0x00,0x00,0x00,0x00,0x00,0x00,0x00,  //0xa320~0xa32f      ................
0x00,0x00,0x00,0x00,0x00,0x00,0x00,0x00,0x00,0x00,0x00,0x00,0x00,0x00,0x00,0x00,  //0xa330~0xa33f      ................
0x00,0x00,0x00,0x00,0x00,0x00,0x00,0x00,0x00,0x00,0x00,0x00,0x00,0x00,0x00,0x00,  //0xa340~0xa34f      ................
0x00,0x00,0x00,0x00,0x00,0x00,0x00,0x00,0x00,0x00,0x00,0x00,0x00,0x00,0x00,0x00,  //0xa350~0xa35f      ................
0x00,0x00,0x00,0x00,0x00,0x00,0x00,0x00,0x00,0x00,0x00,0x00,0x00,0x00,0x00,0x00,  //0xa360~0xa36f      ................
0x00,0x00,0x00,0x00,0x00,0x00,0x00,0x00,0x00,0x00,0x00,0x00,0x00,0x00,0x00,0x00,  //0xa370~0xa37f      ................
0x00,0x00,0x00,0x00,0x00,0x00,0x00,0x00,0x00,0x00,0x00,0x00,0x00,0x00,0x00,0x00,  //0xa380~0xa38f      ................
0x00,0x00,0x00,0x00,0x00,0x00,0x00,0x00,0x00,0x00,0x00,0x00,0x00,0x00,0x00,0x00,  //0xa390~0xa39f      ................
0x00,0x00,0x00,0x00,0x00,0x00,0x00,0x00,0x00,0x00,0x00,0x00,0x00,0x00,0x00,0x00,  //0xa3a0~0xa3af      ................
0x00,0x00,0x00,0x00,0x00,0x00,0x00,0x00,0x00,0x00,0x00,0x00,0x00,0x00,0x00,0x00,  //0xa3b0~0xa3bf      ................
0x00,0x00,0x00,0x00,0x00,0x00,0x00,0x00,0x00,0x00,0x00,0x00,0x00,0x00,0x00,0x00,  //0xa3c0~0xa3cf      ................
0x00,0x00,0x00,0x00,0x00,0x00,0x00,0x00,0x00,0x00,0x00,0x00,0x00,0x00,0x00,0x00,  //0xa3d0~0xa3df      ................
0x00,0x00,0x00,0x00,0x00,0x00,0x00,0x00,0x00,0x00,0x00,0x00,0x00,0x00,0x00,0x00,  //0xa3e0~0xa3ef      ................
0x00,0x00,0x00,0x00,0x00,0x00,0x00,0x00,0x00,0x00,0x00,0x00,0x00,0x00,0x00,0x00,  //0xa3f0~0xa3ff      ................
0x00,0x00,0x00,0x00,0x00,0x00,0x00,0x00,0x00,0x00,0x00,0x00,0x00,0x00,0x00,0x00,  //0xa400~0xa40f      ................
0x00,0x00,0x00,0x00,0x00,0x00,0x00,0x00,0x00,0x00,0x00,0x00,0x00,0x00,0x00,0x00,  //0xa410~0xa41f      ................
0x00,0x00,0x00,0x00,0x00,0x00,0x00,0x00,0x00,0x00,0x00,0x00,0x00,0x00,0x00,0x00,  //0xa420~0xa42f      ................
0x00,0x00,0x00,0x00,0x00,0x00,0x00,0x00,0x00,0x00,0x00,0x00,0x00,0x00,0x00,0x00,  //0xa430~0xa43f      ................
0x00,0x00,0x00,0x00,0x00,0x00,0x00,0x00,0x00,0x00,0x00,0x00,0x00,0x00,0x00,0x00,  //0xa440~0xa44f      ................
0x00,0x00,0x00,0x00,0x00,0x00,0x00,0x00,0x00,0x00,0x00,0x00,0x00,0x00,0x00,0x00,  //0xa450~0xa45f      ................
0x00,0x00,0x00,0x00,0x00,0x00,0x00,0x00,0x00,0x00,0x00,0x00,0x00,0x00,0x00,0x00,  //0xa460~0xa46f      ................
0x00,0x00,0x00,0x00,0x00,0x00,0x00,0x00,0x00,0x00,0x00,0x00,0x00,0x00,0x00,0x00,  //0xa470~0xa47f      ................
0x00,0x00,0x00,0x00,0x00,0x00,0x00,0x00,0x00,0x00,0x00,0x00,0x00,0x00,0x00,0x00,  //0xa480~0xa48f      ................
0x00,0x00,0x00,0x00,0x00,0x00,0x00,0x00,0x00,0x00,0x00,0x00,0x00,0x00,0x00,0x00,  //0xa490~0xa49f      ................
0x00,0x00,0x00,0x00,0x00,0x00,0x00,0x00,0x00,0x00,0x00,0x00,0x00,0x00,0x00,0x00,  //0xa4a0~0xa4af      ................
0x00,0x00,0x00,0x00,0x00,0x00,0x00,0x00,0x00,0x00,0x00,0x00,0x00,0x00,0x00,0x00,  //0xa4b0~0xa4bf      ................
0x00,0x00,0x00,0x00,0x00,0x00,0x00,0x00,0x00,0x00,0x00,0x00,0x00,0x00,0x00,0x00,  //0xa4c0~0xa4cf      ................
0x00,0x00,0x00,0x00,0x00,0x00,0x00,0x00,0x00,0x00,0x00,0x00,0x00,0x00,0x00,0x00,  //0xa4d0~0xa4df      ................
0x00,0x00,0x00,0x00,0x00,0x00,0x00,0x00,0x00,0x00,0x00,0x00,0x00,0x00,0x00,0x00,  //0xa4e0~0xa4ef      ................
0x00,0x00,0x00,0x00,0x00,0x00,0x00,0x00,0x00,0x00,0x00,0x00,0x00,0x00,0x00,0x00,  //0xa4f0~0xa4ff      ................
0x00,0x00,0x00,0x00,0x00,0x00,0x00,0x00,0x00,0x00,0x00,0x00,0x00,0x00,0x00,0x00,  //0xa500~0xa50f      ................
0x00,0x00,0x00,0x00,0x00,0x00,0x00,0x00,0x00,0x00,0x00,0x00,0x00,0x00,0x00,0x00,  //0xa510~0xa51f      ................
0x00,0x00,0x00,0x00,0x00,0x00,0x00,0x00,0x00,0x00,0x00,0x00,0x00,0x00,0x00,0x00,  //0xa520~0xa52f      ................
0x00,0x00,0x00,0x00,0x00,0x00,0x00,0x00,0x00,0x00,0x00,0x00,0x00,0x00,0x00,0x00,  //0xa530~0xa53f      ................
0x00,0x00,0x00,0x00,0x00,0x00,0x00,0x00,0x00,0x00,0x00,0x00,0x00,0x00,0x00,0x00,  //0xa540~0xa54f      ................
0x00,0x00,0x00,0x00,0x00,0x00,0x00,0x00,0x00,0x00,0x00,0x00,0x00,0x00,0x00,0x00,  //0xa550~0xa55f      ................
0x00,0x00,0x00,0x00,0x00,0x00,0x00,0x00,0x00,0x00,0x00,0x00,0x00,0x00,0x00,0x00,  //0xa560~0xa56f      ................
0x00,0x00,0x00,0x00,0x00,0x00,0x00,0x00,0x00,0x00,0x00,0x00,0x00,0x00,0x00,0x00,  //0xa570~0xa57f      ................
0x00,0x00,0x00,0x00,0x00,0x00,0x00,0x00,0x00,0x00,0x00,0x00,0x00,0x00,0x00,0x00,  //0xa580~0xa58f      ................
0x00,0x00,0x00,0x00,0x00,0x00,0x00,0x00,0x00,0x00,0x00,0x00,0x00,0x00,0x00,0x00,  //0xa590~0xa59f      ................
0x00,0x00,0x00,0x00,0x00,0x00,0x00,0x00,0x00,0x00,0x00,0x00,0x00,0x00,0x00,0x00,  //0xa5a0~0xa5af      ................
0x00,0x00,0x00,0x00,0x00,0x00,0x00,0x00,0x00,0x00,0x00,0x00,0x00,0x00,0x00,0x00,  //0xa5b0~0xa5bf      ................
0x00,0x00,0x00,0x00,0x00,0x00,0x00,0x00,0x00,0x00,0x00,0x00,0x00,0x00,0x00,0x00,  //0xa5c0~0xa5cf      ................
0x00,0x00,0x00,0x00,0x00,0x00,0x00,0x00,0x00,0x00,0x00,0x00,0x00,0x00,0x00,0x00,  //0xa5d0~0xa5df      ................
0x00,0x00,0x00,0x00,0x00,0x00,0x00,0x00,0x00,0x00,0x00,0x00,0x00,0x00,0x00,0x00,  //0xa5e0~0xa5ef      ................
0x00,0x00,0x00,0x00,0x00,0x00,0x00,0x00,0x00,0x00,0x00,0x00,0x00,0x00,0x00,0x00,  //0xa5f0~0xa5ff      ................
0x00,0x00,0x00,0x00,0x00,0x00,0x00,0x00,0x00,0x00,0x00,0x00,0x00,0x00,0x00,0x00,  //0xa600~0xa60f      ................
0x00,0x00,0x00,0x00,0x00,0x00,0x00,0x00,0x00,0x00,0x00,0x00,0x00,0x00,0x00,0x00,  //0xa610~0xa61f      ................
0x00,0x00,0x00,0x00,0x00,0x00,0x00,0x00,0x00,0x00,0x00,0x00,0x00,0x00,0x00,0x00,  //0xa620~0xa62f      ................
0x00,0x00,0x00,0x00,0x00,0x00,0x00,0x00,0x00,0x00,0x00,0x00,0x00,0x00,0x00,0x00,  //0xa630~0xa63f      ................
0x00,0x00,0x00,0x00,0x00,0x00,0x00,0x00,0x00,0x00,0x00,0x00,0x00,0x00,0x00,0x00,  //0xa640~0xa64f      ................
0x00,0x00,0x00,0x00,0x00,0x00,0x00,0x00,0x00,0x00,0x00,0x00,0x00,0x00,0x00,0x00,  //0xa650~0xa65f      ................
0x00,0x00,0x00,0x00,0x00,0x00,0x00,0x00,0x00,0x00,0x00,0x00,0x00,0x00,0x00,0x00,  //0xa660~0xa66f      ................
0x00,0x00,0x00,0x00,0x00,0x00,0x00,0x00,0x00,0x00,0x00,0x00,0x00,0x00,0x00,0x00,  //0xa670~0xa67f      ................
0x00,0x00,0x00,0x00,0x00,0x00,0x00,0x00,0x00,0x00,0x00,0x00,0x00,0x00,0x00,0x00,  //0xa680~0xa68f      ................
0x00,0x00,0x00,0x00,0x00,0x00,0x00,0x00,0x00,0x00,0x00,0x00,0x00,0x00,0x00,0x00,  //0xa690~0xa69f      ................
0x00,0x00,0x00,0x00,0x00,0x00,0x00,0x00,0x00,0x00,0x00,0x00,0x00,0x00,0x00,0x00,  //0xa6a0~0xa6af      ................
0x00,0x00,0x00,0x00,0x00,0x00,0x00,0x00,0x00,0x00,0x00,0x00,0x00,0x00,0x00,0x00,  //0xa6b0~0xa6bf      ................
0x00,0x00,0x00,0x00,0x00,0x00,0x00,0x00,0x00,0x00,0x00,0x00,0x00,0x00,0x00,0x00,  //0xa6c0~0xa6cf      ................
0x00,0x00,0x00,0x00,0x00,0x00,0x00,0x00,0x00,0x00,0x00,0x00,0x00,0x00,0x00,0x00,  //0xa6d0~0xa6df      ................
0x00,0x00,0x00,0x00,0x00,0x00,0x00,0x00,0x00,0x00,0x00,0x00,0x00,0x00,0x00,0x00,  //0xa6e0~0xa6ef      ................
0x00,0x00,0x00,0x00,0x00,0x00,0x00,0x00,0x00,0x00,0x00,0x00,0x00,0x00,0x00,0x00,  //0xa6f0~0xa6ff      ................
0x00,0x00,0x00,0x00,0x00,0x00,0x00,0x00,0x00,0x00,0x00,0x00,0x00,0x00,0x00,0x00,  //0xa700~0xa70f      ................
0x00,0x00,0x00,0x00,0x00,0x00,0x00,0x00,0x00,0x00,0x00,0x00,0x00,0x00,0x00,0x00,  //0xa710~0xa71f      ................
0x00,0x00,0x00,0x00,0x00,0x00,0x00,0x00,0x00,0x00,0x00,0x00,0x00,0x00,0x00,0x00,  //0xa720~0xa72f      ................
0x00,0x00,0x00,0x00,0x00,0x00,0x00,0x00,0x00,0x00,0x00,0x00,0x00,0x00,0x00,0x00,  //0xa730~0xa73f      ................
0x00,0x00,0x00,0x00,0x00,0x00,0x00,0x00,0x00,0x00,0x00,0x00,0x00,0x00,0x00,0x00,  //0xa740~0xa74f      ................
0x00,0x00,0x00,0x00,0x00,0x00,0x00,0x00,0x00,0x00,0x00,0x00,0x00,0x00,0x00,0x00,  //0xa750~0xa75f      ................
0x00,0x00,0x00,0x00,0x00,0x00,0x00,0x00,0x00,0x00,0x00,0x00,0x00,0x00,0x00,0x00,  //0xa760~0xa76f      ................
0x00,0x00,0x00,0x00,0x00,0x00,0x00,0x00,0x00,0x00,0x00,0x00,0x00,0x00,0x00,0x00,  //0xa770~0xa77f      ................
0x00,0x00,0x00,0x00,0x00,0x00,0x00,0x00,0x00,0x00,0x00,0x00,0x00,0x00,0x00,0x00,  //0xa780~0xa78f      ................
0x00,0x00,0x00,0x00,0x00,0x00,0x00,0x00,0x00,0x00,0x00,0x00,0x00,0x00,0x00,0x00,  //0xa790~0xa79f      ................
0x00,0x00,0x00,0x00,0x00,0x00,0x00,0x00,0x00,0x00,0x00,0x00,0x00,0x00,0x00,0x00,  //0xa7a0~0xa7af      ................
0x00,0x00,0x00,0x00,0x00,0x00,0x00,0x00,0x00,0x00,0x00,0x00,0x00,0x00,0x00,0x00,  //0xa7b0~0xa7bf      ................
0x00,0x00,0x00,0x00,0x00,0x00,0x00,0x00,0x00,0x00,0x00,0x00,0x00,0x00,0x00,0x00,  //0xa7c0~0xa7cf      ................
0x00,0x00,0x00,0x00,0x00,0x00,0x00,0x00,0x00,0x00,0x00,0x00,0x00,0x00,0x00,0x00,  //0xa7d0~0xa7df      ................
0x00,0x00,0x00,0x00,0x00,0x00,0x00,0x00,0x00,0x00,0x00,0x00,0x00,0x00,0x00,0x00,  //0xa7e0~0xa7ef      ................
0x00,0x00,0x00,0x00,0x00,0x00,0x00,0x00,0x00,0x00,0x00,0x00,0x00,0x00,0x00,0x00,  //0xa7f0~0xa7ff      ................
0x00,0x00,0x00,0x00,0x00,0x00,0x00,0x00,0x00,0x00,0x00,0x00,0x00,0x00,0x00,0x00,  //0xa800~0xa80f      ................
0x00,0x00,0x00,0x00,0x00,0x00,0x00,0x00,0x00,0x00,0x00,0x00,0x00,0x00,0x00,0x00,  //0xa810~0xa81f      ................
0x00,0x00,0x00,0x00,0x00,0x00,0x00,0x00,0x00,0x00,0x00,0x00,0x00,0x00,0x00,0x00,  //0xa820~0xa82f      ................
0x00,0x00,0x00,0x00,0x00,0x00,0x00,0x00,0x00,0x00,0x00,0x00,0x00,0x00,0x00,0x00,  //0xa830~0xa83f      ................
0x00,0x00,0x00,0x00,0x00,0x00,0x00,0x00,0x00,0x00,0x00,0x00,0x00,0x00,0x00,0x00,  //0xa840~0xa84f      ................
0x00,0x00,0x00,0x00,0x00,0x00,0x00,0x00,0x00,0x00,0x00,0x00,0x00,0x00,0x00,0x00,  //0xa850~0xa85f      ................
0x00,0x00,0x00,0x00,0x00,0x00,0x00,0x00,0x00,0x00,0x00,0x00,0x00,0x00,0x00,0x00,  //0xa860~0xa86f      ................
0x00,0x00,0x00,0x00,0x00,0x00,0x00,0x00,0x00,0x00,0x00,0x00,0x00,0x00,0x00,0x00,  //0xa870~0xa87f      ................
0x00,0x00,0x00,0x00,0x00,0x00,0x00,0x00,0x00,0x00,0x00,0x00,0x00,0x00,0x00,0x00,  //0xa880~0xa88f      ................
0x00,0x00,0x00,0x00,0x00,0x00,0x00,0x00,0x00,0x00,0x00,0x00,0x00,0x00,0x00,0x00,  //0xa890~0xa89f      ................
0x00,0x00,0x00,0x00,0x00,0x00,0x00,0x00,0x00,0x00,0x00,0x00,0x00,0x00,0x00,0x00,  //0xa8a0~0xa8af      ................
0x00,0x00,0x00,0x00,0x00,0x00,0x00,0x00,0x00,0x00,0x00,0x00,0x00,0x00,0x00,0x00,  //0xa8b0~0xa8bf      ................
0x00,0x00,0x00,0x00,0x00,0x00,0x00,0x00,0x00,0x00,0x00,0x00,0x00,0x00,0x00,0x00,  //0xa8c0~0xa8cf      ................
0x00,0x00,0x00,0x00,0x00,0x00,0x00,0x00,0x00,0x00,0x00,0x00,0x00,0x00,0x00,0x00,  //0xa8d0~0xa8df      ................
0x00,0x00,0x00,0x00,0x00,0x00,0x00,0x00,0x00,0x00,0x00,0x00,0x00,0x00,0x00,0x00,  //0xa8e0~0xa8ef      ................
0x00,0x00,0x00,0x00,0x00,0x00,0x00,0x00,0x00,0x00,0x00,0x00,0x00,0x00,0x00,0x00,  //0xa8f0~0xa8ff      ................
0x00,0x00,0x00,0x00,0x00,0x00,0x00,0x00,0x00,0x00,0x00,0x00,0x00,0x00,0x00,0x00,  //0xa900~0xa90f      ................
0x00,0x00,0x00,0x00,0x00,0x00,0x00,0x00,0x00,0x00,0x00,0x00,0x00,0x00,0x00,0x00,  //0xa910~0xa91f      ................
0x00,0x00,0x00,0x00,0x00,0x00,0x00,0x00,0x00,0x00,0x00,0x00,0x00,0x00,0x00,0x00,  //0xa920~0xa92f      ................
0x00,0x00,0x00,0x00,0x00,0x00,0x00,0x00,0x00,0x00,0x00,0x00,0x00,0x00,0x00,0x00,  //0xa930~0xa93f      ................
0x00,0x00,0x00,0x00,0x00,0x00,0x00,0x00,0x00,0x00,0x00,0x00,0x00,0x00,0x00,0x00,  //0xa940~0xa94f      ................
0x00,0x00,0x00,0x00,0x00,0x00,0x00,0x00,0x00,0x00,0x00,0x00,0x00,0x00,0x00,0x00,  //0xa950~0xa95f      ................
0x00,0x00,0x00,0x00,0x00,0x00,0x00,0x00,0x00,0x00,0x00,0x00,0x00,0x00,0x00,0x00,  //0xa960~0xa96f      ................
0x00,0x00,0x00,0x00,0x00,0x00,0x00,0x00,0x00,0x00,0x00,0x00,0x00,0x00,0x00,0x00,  //0xa970~0xa97f      ................
0x00,0x00,0x00,0x00,0x00,0x00,0x00,0x00,0x00,0x00,0x00,0x00,0x00,0x00,0x00,0x00,  //0xa980~0xa98f      ................
0x00,0x00,0x00,0x00,0x00,0x00,0x00,0x00,0x00,0x00,0x00,0x00,0x00,0x00,0x00,0x00,  //0xa990~0xa99f      ................
0x00,0x00,0x00,0x00,0x00,0x00,0x00,0x00,0x00,0x00,0x00,0x00,0x00,0x00,0x00,0x00,  //0xa9a0~0xa9af      ................
0x00,0x00,0x00,0x00,0x00,0x00,0x00,0x00,0x00,0x00,0x00,0x00,0x00,0x00,0x00,0x00,  //0xa9b0~0xa9bf      ................
0x00,0x00,0x00,0x00,0x00,0x00,0x00,0x00,0x00,0x00,0x00,0x00,0x00,0x00,0x00,0x00,  //0xa9c0~0xa9cf      ................
0x00,0x00,0x00,0x00,0x00,0x00,0x00,0x00,0x00,0x00,0x00,0x00,0x00,0x00,0x00,0x00,  //0xa9d0~0xa9df      ................
0x00,0x00,0x00,0x00,0x00,0x00,0x00,0x00,0x00,0x00,0x00,0x00,0x00,0x00,0x00,0x00,  //0xa9e0~0xa9ef      ................
0x00,0x00,0x00,0x00,0x00,0x00,0x00,0x00,0x00,0x00,0x00,0x00,0x00,0x00,0x00,0x00,  //0xa9f0~0xa9ff      ................
0x00,0x00,0x00,0x00,0x00,0x00,0x00,0x00,0x00,0x00,0x00,0x00,0x00,0x00,0x00,0x00,  //0xaa00~0xaa0f      ................
0x00,0x00,0x00,0x00,0x00,0x00,0x00,0x00,0x00,0x00,0x00,0x00,0x00,0x00,0x00,0x00,  //0xaa10~0xaa1f      ................
0x00,0x00,0x00,0x00,0x00,0x00,0x00,0x00,0x00,0x00,0x00,0x00,0x00,0x00,0x00,0x00,  //0xaa20~0xaa2f      ................
0x00,0x00,0x00,0x00,0x00,0x00,0x00,0x00,0x00,0x00,0x00,0x00,0x00,0x00,0x00,0x00,  //0xaa30~0xaa3f      ................
0x00,0x00,0x00,0x00,0x00,0x00,0x00,0x00,0x00,0x00,0x00,0x00,0x00,0x00,0x00,0x00,  //0xaa40~0xaa4f      ................
0x00,0x00,0x00,0x00,0x00,0x00,0x00,0x00,0x00,0x00,0x00,0x00,0x00,0x00,0x00,0x00,  //0xaa50~0xaa5f      ................
0x00,0x00,0x00,0x00,0x00,0x00,0x00,0x00,0x00,0x00,0x00,0x00,0x00,0x00,0x00,0x00,  //0xaa60~0xaa6f      ................
0x00,0x00,0x00,0x00,0x00,0x00,0x00,0x00,0x00,0x00,0x00,0x00,0x00,0x00,0x00,0x00,  //0xaa70~0xaa7f      ................
0x00,0x00,0x00,0x00,0x00,0x00,0x00,0x00,0x00,0x00,0x00,0x00,0x00,0x00,0x00,0x00,  //0xaa80~0xaa8f      ................
0x00,0x00,0x00,0x00,0x00,0x00,0x00,0x00,0x00,0x00,0x00,0x00,0x00,0x00,0x00,0x00,  //0xaa90~0xaa9f      ................
0x00,0x00,0x00,0x00,0x00,0x00,0x00,0x00,0x00,0x00,0x00,0x00,0x00,0x00,0x00,0x00,  //0xaaa0~0xaaaf      ................
0x00,0x00,0x00,0x00,0x00,0x00,0x00,0x00,0x00,0x00,0x00,0x00,0x00,0x00,0x00,0x00,  //0xaab0~0xaabf      ................
0x00,0x00,0x00,0x00,0x00,0x00,0x00,0x00,0x00,0x00,0x00,0x00,0x00,0x00,0x00,0x00,  //0xaac0~0xaacf      ................
0x00,0x00,0x00,0x00,0x00,0x00,0x00,0x00,0x00,0x00,0x00,0x00,0x00,0x00,0x00,0x00,  //0xaad0~0xaadf      ................
0x00,0x00,0x00,0x00,0x00,0x00,0x00,0x00,0x00,0x00,0x00,0x00,0x00,0x00,0x00,0x00,  //0xaae0~0xaaef      ................
0x00,0x00,0x00,0x00,0x00,0x00,0x00,0x00,0x00,0x00,0x00,0x00,0x00,0x00,0x00,0x00,  //0xaaf0~0xaaff      ................
0x00,0x00,0x00,0x00,0x00,0x00,0x00,0x00,0x00,0x00,0x00,0x00,0x00,0x00,0x00,0x00,  //0xab00~0xab0f      ................
0x00,0x00,0x00,0x00,0x00,0x00,0x00,0x00,0x00,0x00,0x00,0x00,0x00,0x00,0x00,0x00,  //0xab10~0xab1f      ................
0x00,0x00,0x00,0x00,0x00,0x00,0x00,0x00,0x00,0x00,0x00,0x00,0x00,0x00,0x00,0x00,  //0xab20~0xab2f      ................
0x00,0x00,0x00,0x00,0x00,0x00,0x00,0x00,0x00,0x00,0x00,0x00,0x00,0x00,0x00,0x00,  //0xab30~0xab3f      ................
0x00,0x00,0x00,0x00,0x00,0x00,0x00,0x00,0x00,0x00,0x00,0x00,0x00,0x00,0x00,0x00,  //0xab40~0xab4f      ................
0x00,0x00,0x00,0x00,0x00,0x00,0x00,0x00,0x00,0x00,0x00,0x00,0x00,0x00,0x00,0x00,  //0xab50~0xab5f      ................
0x00,0x00,0x00,0x00,0x00,0x00,0x00,0x00,0x00,0x00,0x00,0x00,0x00,0x00,0x00,0x00,  //0xab60~0xab6f      ................
0x00,0x00,0x00,0x00,0x00,0x00,0x00,0x00,0x00,0x00,0x00,0x00,0x00,0x00,0x00,0x00,  //0xab70~0xab7f      ................
0x00,0x00,0x00,0x00,0x00,0x00,0x00,0x00,0x00,0x00,0x00,0x00,0x00,0x00,0x00,0x00,  //0xab80~0xab8f      ................
0x00,0x00,0x00,0x00,0x00,0x00,0x00,0x00,0x00,0x00,0x00,0x00,0x00,0x00,0x00,0x00,  //0xab90~0xab9f      ................
0x00,0x00,0x00,0x00,0x00,0x00,0x00,0x00,0x00,0x00,0x00,0x00,0x00,0x00,0x00,0x00,  //0xaba0~0xabaf      ................
0x00,0x00,0x00,0x00,0x00,0x00,0x00,0x00,0x00,0x00,0x00,0x00,0x00,0x00,0x00,0x00,  //0xabb0~0xabbf      ................
0x00,0x00,0x00,0x00,0x00,0x00,0x00,0x00,0x00,0x00,0x00,0x00,0x00,0x00,0x00,0x00,  //0xabc0~0xabcf      ................
0x00,0x00,0x00,0x00,0x00,0x00,0x00,0x00,0x00,0x00,0x00,0x00,0x00,0x00,0x00,0x00,  //0xabd0~0xabdf      ................
0x00,0x00,0x00,0x00,0x00,0x00,0x00,0x00,0x00,0x00,0x00,0x00,0x00,0x00,0x00,0x00,  //0xabe0~0xabef      ................
0x00,0x00,0x00,0x00,0x00,0x00,0x00,0x00,0x00,0x00,0x00,0x00,0x00,0x00,0x00,0x00,  //0xabf0~0xabff      ................
0x00,0x00,0x00,0x00,0x00,0x00,0x00,0x00,0x00,0x00,0x00,0x00,0x00,0x00,0x00,0x00,  //0xac00~0xac0f      ................
0x00,0x00,0x00,0x00,0x00,0x00,0x00,0x00,0x00,0x00,0x00,0x00,0x00,0x00,0x00,0x00,  //0xac10~0xac1f      ................
0x00,0x00,0x00,0x00,0x00,0x00,0x00,0x00,0x00,0x00,0x00,0x00,0x00,0x00,0x00,0x00,  //0xac20~0xac2f      ................
0x00,0x00,0x00,0x00,0x00,0x00,0x00,0x00,0x00,0x00,0x00,0x00,0x00,0x00,0x00,0x00,  //0xac30~0xac3f      ................
0x00,0x00,0x00,0x00,0x00,0x00,0x00,0x00,0x00,0x00,0x00,0x00,0x00,0x00,0x00,0x00,  //0xac40~0xac4f      ................
0x00,0x00,0x00,0x00,0x00,0x00,0x00,0x00,0x00,0x00,0x00,0x00,0x00,0x00,0x00,0x00,  //0xac50~0xac5f      ................
0x00,0x00,0x00,0x00,0x00,0x00,0x00,0x00,0x00,0x00,0x00,0x00,0x00,0x00,0x00,0x00,  //0xac60~0xac6f      ................
0x00,0x00,0x00,0x00,0x00,0x00,0x00,0x00,0x00,0x00,0x00,0x00,0x00,0x00,0x00,0x00,  //0xac70~0xac7f      ................
0x00,0x00,0x00,0x00,0x00,0x00,0x00,0x00,0x00,0x00,0x00,0x00,0x00,0x00,0x00,0x00,  //0xac80~0xac8f      ................
0x00,0x00,0x00,0x00,0x00,0x00,0x00,0x00,0x00,0x00,0x00,0x00,0x00,0x00,0x00,0x00,  //0xac90~0xac9f      ................
0x00,0x00,0x00,0x00,0x00,0x00,0x00,0x00,0x00,0x00,0x00,0x00,0x00,0x00,0x00,0x00,  //0xaca0~0xacaf      ................
0x00,0x00,0x00,0x00,0x00,0x00,0x00,0x00,0x00,0x00,0x00,0x00,0x00,0x00,0x00,0x00,  //0xacb0~0xacbf      ................
0x00,0x00,0x00,0x00,0x00,0x00,0x00,0x00,0x00,0x00,0x00,0x00,0x00,0x00,0x00,0x00,  //0xacc0~0xaccf      ................
0x00,0x00,0x00,0x00,0x00,0x00,0x00,0x00,0x00,0x00,0x00,0x00,0x00,0x00,0x00,0x00,  //0xacd0~0xacdf      ................
0x00,0x00,0x00,0x00,0x00,0x00,0x00,0x00,0x00,0x00,0x00,0x00,0x00,0x00,0x00,0x00,  //0xace0~0xacef      ................
0x00,0x00,0x00,0x00,0x00,0x00,0x00,0x00,0x00,0x00,0x00,0x00,0x00,0x00,0x00,0x00,  //0xacf0~0xacff      ................
0x00,0x00,0x00,0x00,0x00,0x00,0x00,0x00,0x00,0x00,0x00,0x00,0x00,0x00,0x00,0x00,  //0xad00~0xad0f      ................
0x00,0x00,0x00,0x00,0x00,0x00,0x00,0x00,0x00,0x00,0x00,0x00,0x00,0x00,0x00,0x00,  //0xad10~0xad1f      ................
0x00,0x00,0x00,0x00,0x00,0x00,0x00,0x00,0x00,0x00,0x00,0x00,0x00,0x00,0x00,0x00,  //0xad20~0xad2f      ................
0x00,0x00,0x00,0x00,0x00,0x00,0x00,0x00,0x00,0x00,0x00,0x00,0x00,0x00,0x00,0x00,  //0xad30~0xad3f      ................
0x00,0x00,0x00,0x00,0x00,0x00,0x00,0x00,0x00,0x00,0x00,0x00,0x00,0x00,0x00,0x00,  //0xad40~0xad4f      ................
0x00,0x00,0x00,0x00,0x00,0x00,0x00,0x00,0x00,0x00,0x00,0x00,0x00,0x00,0x00,0x00,  //0xad50~0xad5f      ................
0x00,0x00,0x00,0x00,0x00,0x00,0x00,0x00,0x00,0x00,0x00,0x00,0x00,0x00,0x00,0x00,  //0xad60~0xad6f      ................
0x00,0x00,0x00,0x00,0x00,0x00,0x00,0x00,0x00,0x00,0x00,0x00,0x00,0x00,0x00,0x00,  //0xad70~0xad7f      ................
0x00,0x00,0x00,0x00,0x00,0x00,0x00,0x00,0x00,0x00,0x00,0x00,0x00,0x00,0x00,0x00,  //0xad80~0xad8f      ................
0x00,0x00,0x00,0x00,0x00,0x00,0x00,0x00,0x00,0x00,0x00,0x00,0x00,0x00,0x00,0x00,  //0xad90~0xad9f      ................
0x00,0x00,0x00,0x00,0x00,0x00,0x00,0x00,0x00,0x00,0x00,0x00,0x00,0x00,0x00,0x00,  //0xada0~0xadaf      ................
0x00,0x00,0x00,0x00,0x00,0x00,0x00,0x00,0x00,0x00,0x00,0x00,0x00,0x00,0x00,0x00,  //0xadb0~0xadbf      ................
0x00,0x00,0x00,0x00,0x00,0x00,0x00,0x00,0x00,0x00,0x00,0x00,0x00,0x00,0x00,0x00,  //0xadc0~0xadcf      ................
0x00,0x00,0x00,0x00,0x00,0x00,0x00,0x00,0x00,0x00,0x00,0x00,0x00,0x00,0x00,0x00,  //0xadd0~0xaddf      ................
0x00,0x00,0x00,0x00,0x00,0x00,0x00,0x00,0x00,0x00,0x00,0x00,0x00,0x00,0x00,0x00,  //0xade0~0xadef      ................
0x00,0x00,0x00,0x00,0x00,0x00,0x00,0x00,0x00,0x00,0x00,0x00,0x00,0x00,0x00,0x00,  //0xadf0~0xadff      ................
0x00,0x00,0x00,0x00,0x00,0x00,0x00,0x00,0x00,0x00,0x00,0x00,0x00,0x00,0x00,0x00,  //0xae00~0xae0f      ................
0x00,0x00,0x00,0x00,0x00,0x00,0x00,0x00,0x00,0x00,0x00,0x00,0x00,0x00,0x00,0x00,  //0xae10~0xae1f      ................
0x00,0x00,0x00,0x00,0x00,0x00,0x00,0x00,0x00,0x00,0x00,0x00,0x00,0x00,0x00,0x00,  //0xae20~0xae2f      ................
0x00,0x00,0x00,0x00,0x00,0x00,0x00,0x00,0x00,0x00,0x00,0x00,0x00,0x00,0x00,0x00,  //0xae30~0xae3f      ................
0x00,0x00,0x00,0x00,0x00,0x00,0x00,0x00,0x00,0x00,0x00,0x00,0x00,0x00,0x00,0x00,  //0xae40~0xae4f      ................
0x00,0x00,0x00,0x00,0x00,0x00,0x00,0x00,0x00,0x00,0x00,0x00,0x00,0x00,0x00,0x00,  //0xae50~0xae5f      ................
0x00,0x00,0x00,0x00,0x00,0x00,0x00,0x00,0x00,0x00,0x00,0x00,0x00,0x00,0x00,0x00,  //0xae60~0xae6f      ................
0x00,0x00,0x00,0x00,0x00,0x00,0x00,0x00,0x00,0x00,0x00,0x00,0x00,0x00,0x00,0x00,  //0xae70~0xae7f      ................
0x00,0x00,0x00,0x00,0x00,0x00,0x00,0x00,0x00,0x00,0x00,0x00,0x00,0x00,0x00,0x00,  //0xae80~0xae8f      ................
0x00,0x00,0x00,0x00,0x00,0x00,0x00,0x00,0x00,0x00,0x00,0x00,0x00,0x00,0x00,0x00,  //0xae90~0xae9f      ................
0x00,0x00,0x00,0x00,0x00,0x00,0x00,0x00,0x00,0x00,0x00,0x00,0x00,0x00,0x00,0x00,  //0xaea0~0xaeaf      ................
0x00,0x00,0x00,0x00,0x00,0x00,0x00,0x00,0x00,0x00,0x00,0x00,0x00,0x00,0x00,0x00,  //0xaeb0~0xaebf      ................
0x00,0x00,0x00,0x00,0x00,0x00,0x00,0x00,0x00,0x00,0x00,0x00,0x00,0x00,0x00,0x00,  //0xaec0~0xaecf      ................
0x00,0x00,0x00,0x00,0x00,0x00,0x00,0x00,0x00,0x00,0x00,0x00,0x00,0x00,0x00,0x00,  //0xaed0~0xaedf      ................
0x00,0x00,0x00,0x00,0x00,0x00,0x00,0x00,0x00,0x00,0x00,0x00,0x00,0x00,0x00,0x00,  //0xaee0~0xaeef      ................
0x00,0x00,0x00,0x00,0x00,0x00,0x00,0x00,0x00,0x00,0x00,0x00,0x00,0x00,0x00,0x00,  //0xaef0~0xaeff      ................
0x00,0x00,0x00,0x00,0x00,0x00,0x00,0x00,0x00,0x00,0x00,0x00,0x00,0x00,0x00,0x00,  //0xaf00~0xaf0f      ................
0x00,0x00,0x00,0x00,0x00,0x00,0x00,0x00,0x00,0x00,0x00,0x00,0x00,0x00,0x00,0x00,  //0xaf10~0xaf1f      ................
0x00,0x00,0x00,0x00,0x00,0x00,0x00,0x00,0x00,0x00,0x00,0x00,0x00,0x00,0x00,0x00,  //0xaf20~0xaf2f      ................
0x00,0x00,0x00,0x00,0x00,0x00,0x00,0x00,0x00,0x00,0x00,0x00,0x00,0x00,0x00,0x00,  //0xaf30~0xaf3f      ................
0x00,0x00,0x00,0x00,0x00,0x00,0x00,0x00,0x00,0x00,0x00,0x00,0x00,0x00,0x00,0x00,  //0xaf40~0xaf4f      ................
0x00,0x00,0x00,0x00,0x00,0x00,0x00,0x00,0x00,0x00,0x00,0x00,0x00,0x00,0x00,0x00,  //0xaf50~0xaf5f      ................
0x00,0x00,0x00,0x00,0x00,0x00,0x00,0x00,0x00,0x00,0x00,0x00,0x00,0x00,0x00,0x00,  //0xaf60~0xaf6f      ................
0x00,0x00,0x00,0x00,0x00,0x00,0x00,0x00,0x00,0x00,0x00,0x00,0x00,0x00,0x00,0x00,  //0xaf70~0xaf7f      ................
0x00,0x00,0x00,0x00,0x00,0x00,0x00,0x00,0x00,0x00,0x00,0x00,0x00,0x00,0x00,0x00,  //0xaf80~0xaf8f      ................
0x00,0x00,0x00,0x00,0x00,0x00,0x00,0x00,0x00,0x00,0x00,0x00,0x00,0x00,0x00,0x00,  //0xaf90~0xaf9f      ................
0x00,0x00,0x00,0x00,0x00,0x00,0x00,0x00,0x00,0x00,0x00,0x00,0x00,0x00,0x00,0x00,  //0xafa0~0xafaf      ................
0x00,0x00,0x00,0x00,0x00,0x00,0x00,0x00,0x00,0x00,0x00,0x00,0x00,0x00,0x00,0x00,  //0xafb0~0xafbf      ................
0x00,0x00,0x00,0x00,0x00,0x00,0x00,0x00,0x00,0x00,0x00,0x00,0x00,0x00,0x00,0x00,  //0xafc0~0xafcf      ................
0x00,0x00,0x00,0x00,0x00,0x00,0x00,0x00,0x00,0x00,0x00,0x00,0x00,0x00,0x00,0x00,  //0xafd0~0xafdf      ................
0x00,0x00,0x00,0x00,0x00,0x00,0x00,0x00,0x00,0x00,0x00,0x00,0x00,0x00,0x00,0x00,  //0xafe0~0xafef      ................
0x00,0x00,0x00,0x00,0x00,0x00,0x00,0x00,0x00,0x00,0x00,0x00,0x00,0x00,0x00,0x00,  //0xaff0~0xafff      ................
0x00,0x00,0x00,0x00,0x00,0x00,0x00,0x00,0x00,0x00,0x00,0x00,0x00,0x00,0x00,0x00,  //0xb000~0xb00f      ................
0x00,0x00,0x00,0x00,0x00,0x00,0x00,0x00,0x00,0x00,0x00,0x00,0x00,0x00,0x00,0x00,  //0xb010~0xb01f      ................
0x00,0x00,0x00,0x00,0x00,0x00,0x00,0x00,0x00,0x00,0x00,0x00,0x00,0x00,0x00,0x00,  //0xb020~0xb02f      ................
0x00,0x00,0x00,0x00,0x00,0x00,0x00,0x00,0x00,0x00,0x00,0x00,0x00,0x00,0x00,0x00,  //0xb030~0xb03f      ................
0x00,0x00,0x00,0x00,0x00,0x00,0x00,0x00,0x00,0x00,0x00,0x00,0x00,0x00,0x00,0x00,  //0xb040~0xb04f      ................
0x00,0x00,0x00,0x00,0x00,0x00,0x00,0x00,0x00,0x00,0x00,0x00,0x00,0x00,0x00,0x00,  //0xb050~0xb05f      ................
0x00,0x00,0x00,0x00,0x00,0x00,0x00,0x00,0x00,0x00,0x00,0x00,0x00,0x00,0x00,0x00,  //0xb060~0xb06f      ................
0x00,0x00,0x00,0x00,0x00,0x00,0x00,0x00,0x00,0x00,0x00,0x00,0x00,0x00,0x00,0x00,  //0xb070~0xb07f      ................
0x00,0x00,0x00,0x00,0x00,0x00,0x00,0x00,0x00,0x00,0x00,0x00,0x00,0x00,0x00,0x00,  //0xb080~0xb08f      ................
0x00,0x00,0x00,0x00,0x00,0x00,0x00,0x00,0x00,0x00,0x00,0x00,0x00,0x00,0x00,0x00,  //0xb090~0xb09f      ................
0x00,0x00,0x00,0x00,0x00,0x00,0x00,0x00,0x00,0x00,0x00,0x00,0x00,0x00,0x00,0x00,  //0xb0a0~0xb0af      ................
0x00,0x00,0x00,0x00,0x00,0x00,0x00,0x00,0x00,0x00,0x00,0x00,0x00,0x00,0x00,0x00,  //0xb0b0~0xb0bf      ................
0x00,0x00,0x00,0x00,0x00,0x00,0x00,0x00,0x00,0x00,0x00,0x00,0x00,0x00,0x00,0x00,  //0xb0c0~0xb0cf      ................
0x00,0x00,0x00,0x00,0x00,0x00,0x00,0x00,0x00,0x00,0x00,0x00,0x00,0x00,0x00,0x00,  //0xb0d0~0xb0df      ................
0x00,0x00,0x00,0x00,0x00,0x00,0x00,0x00,0x00,0x00,0x00,0x00,0x00,0x00,0x00,0x00,  //0xb0e0~0xb0ef      ................
0x00,0x00,0x00,0x00,0x00,0x00,0x00,0x00,0x00,0x00,0x00,0x00,0x00,0x00,0x00,0x00,  //0xb0f0~0xb0ff      ................
0x00,0x00,0x00,0x00,0x00,0x00,0x00,0x00,0x00,0x00,0x00,0x00,0x00,0x00,0x00,0x00,  //0xb100~0xb10f      ................
0x00,0x00,0x00,0x00,0x00,0x00,0x00,0x00,0x00,0x00,0x00,0x00,0x00,0x00,0x00,0x00,  //0xb110~0xb11f      ................
0x00,0x00,0x00,0x00,0x00,0x00,0x00,0x00,0x00,0x00,0x00,0x00,0x00,0x00,0x00,0x00,  //0xb120~0xb12f      ................
0x00,0x00,0x00,0x00,0x00,0x00,0x00,0x00,0x00,0x00,0x00,0x00,0x00,0x00,0x00,0x00,  //0xb130~0xb13f      ................
0x00,0x00,0x00,0x00,0x00,0x00,0x00,0x00,0x00,0x00,0x00,0x00,0x00,0x00,0x00,0x00,  //0xb140~0xb14f      ................
0x00,0x00,0x00,0x00,0x00,0x00,0x00,0x00,0x00,0x00,0x00,0x00,0x00,0x00,0x00,0x00,  //0xb150~0xb15f      ................
0x00,0x00,0x00,0x00,0x00,0x00,0x00,0x00,0x00,0x00,0x00,0x00,0x00,0x00,0x00,0x00,  //0xb160~0xb16f      ................
0x00,0x00,0x00,0x00,0x00,0x00,0x00,0x00,0x00,0x00,0x00,0x00,0x00,0x00,0x00,0x00,  //0xb170~0xb17f      ................
0x00,0x00,0x00,0x00,0x00,0x00,0x00,0x00,0x00,0x00,0x00,0x00,0x00,0x00,0x00,0x00,  //0xb180~0xb18f      ................
0x00,0x00,0x00,0x00,0x00,0x00,0x00,0x00,0x00,0x00,0x00,0x00,0x00,0x00,0x00,0x00,  //0xb190~0xb19f      ................
0x00,0x00,0x00,0x00,0x00,0x00,0x00,0x00,0x00,0x00,0x00,0x00,0x00,0x00,0x00,0x00,  //0xb1a0~0xb1af      ................
0x00,0x00,0x00,0x00,0x00,0x00,0x00,0x00,0x00,0x00,0x00,0x00,0x00,0x00,0x00,0x00,  //0xb1b0~0xb1bf      ................
0x00,0x00,0x00,0x00,0x00,0x00,0x00,0x00,0x00,0x00,0x00,0x00,0x00,0x00,0x00,0x00,  //0xb1c0~0xb1cf      ................
0x00,0x00,0x00,0x00,0x00,0x00,0x00,0x00,0x00,0x00,0x00,0x00,0x00,0x00,0x00,0x00,  //0xb1d0~0xb1df      ................
0x00,0x00,0x00,0x00,0x00,0x00,0x00,0x00,0x00,0x00,0x00,0x00,0x00,0x00,0x00,0x00,  //0xb1e0~0xb1ef      ................
0x00,0x00,0x00,0x00,0x00,0x00,0x00,0x00,0x00,0x00,0x00,0x00,0x00,0x00,0x00,0x00,  //0xb1f0~0xb1ff      ................
0x00,0x00,0x00,0x00,0x00,0x00,0x00,0x00,0x00,0x00,0x00,0x00,0x00,0x00,0x00,0x00,  //0xb200~0xb20f      ................
0x00,0x00,0x00,0x00,0x00,0x00,0x00,0x00,0x00,0x00,0x00,0x00,0x00,0x00,0x00,0x00,  //0xb210~0xb21f      ................
0x00,0x00,0x00,0x00,0x00,0x00,0x00,0x00,0x00,0x00,0x00,0x00,0x00,0x00,0x00,0x00,  //0xb220~0xb22f      ................
0x00,0x00,0x00,0x00,0x00,0x00,0x00,0x00,0x00,0x00,0x00,0x00,0x00,0x00,0x00,0x00,  //0xb230~0xb23f      ................
0x00,0x00,0x00,0x00,0x00,0x00,0x00,0x00,0x00,0x00,0x00,0x00,0x00,0x00,0x00,0x00,  //0xb240~0xb24f      ................
0x00,0x00,0x00,0x00,0x00,0x00,0x00,0x00,0x00,0x00,0x00,0x00,0x00,0x00,0x00,0x00,  //0xb250~0xb25f      ................
0x00,0x00,0x00,0x00,0x00,0x00,0x00,0x00,0x00,0x00,0x00,0x00,0x00,0x00,0x00,0x00,  //0xb260~0xb26f      ................
0x00,0x00,0x00,0x00,0x00,0x00,0x00,0x00,0x00,0x00,0x00,0x00,0x00,0x00,0x00,0x00,  //0xb270~0xb27f      ................
0x00,0x00,0x00,0x00,0x00,0x00,0x00,0x00,0x00,0x00,0x00,0x00,0x00,0x00,0x00,0x00,  //0xb280~0xb28f      ................
0x00,0x00,0x00,0x00,0x00,0x00,0x00,0x00,0x00,0x00,0x00,0x00,0x00,0x00,0x00,0x00,  //0xb290~0xb29f      ................
0x00,0x00,0x00,0x00,0x00,0x00,0x00,0x00,0x00,0x00,0x00,0x00,0x00,0x00,0x00,0x00,  //0xb2a0~0xb2af      ................
0x00,0x00,0x00,0x00,0x00,0x00,0x00,0x00,0x00,0x00,0x00,0x00,0x00,0x00,0x00,0x00,  //0xb2b0~0xb2bf      ................
0x00,0x00,0x00,0x00,0x00,0x00,0x00,0x00,0x00,0x00,0x00,0x00,0x00,0x00,0x00,0x00,  //0xb2c0~0xb2cf      ................
0x00,0x00,0x00,0x00,0x00,0x00,0x00,0x00,0x00,0x00,0x00,0x00,0x00,0x00,0x00,0x00,  //0xb2d0~0xb2df      ................
0x00,0x00,0x00,0x00,0x00,0x00,0x00,0x00,0x00,0x00,0x00,0x00,0x00,0x00,0x00,0x00,  //0xb2e0~0xb2ef      ................
0x00,0x00,0x00,0x00,0x00,0x00,0x00,0x00,0x00,0x00,0x00,0x00,0x00,0x00,0x00,0x00,  //0xb2f0~0xb2ff      ................
0x00,0x00,0x00,0x00,0x00,0x00,0x00,0x00,0x00,0x00,0x00,0x00,0x00,0x00,0x00,0x00,  //0xb300~0xb30f      ................
0x00,0x00,0x00,0x00,0x00,0x00,0x00,0x00,0x00,0x00,0x00,0x00,0x00,0x00,0x00,0x00,  //0xb310~0xb31f      ................
0x00,0x00,0x00,0x00,0x00,0x00,0x00,0x00,0x00,0x00,0x00,0x00,0x00,0x00,0x00,0x00,  //0xb320~0xb32f      ................
0x00,0x00,0x00,0x00,0x00,0x00,0x00,0x00,0x00,0x00,0x00,0x00,0x00,0x00,0x00,0x00,  //0xb330~0xb33f      ................
0x00,0x00,0x00,0x00,0x00,0x00,0x00,0x00,0x00,0x00,0x00,0x00,0x00,0x00,0x00,0x00,  //0xb340~0xb34f      ................
0x00,0x00,0x00,0x00,0x00,0x00,0x00,0x00,0x00,0x00,0x00,0x00,0x00,0x00,0x00,0x00,  //0xb350~0xb35f      ................
0x00,0x00,0x00,0x00,0x00,0x00,0x00,0x00,0x00,0x00,0x00,0x00,0x00,0x00,0x00,0x00,  //0xb360~0xb36f      ................
0x00,0x00,0x00,0x00,0x00,0x00,0x00,0x00,0x00,0x00,0x00,0x00,0x00,0x00,0x00,0x00,  //0xb370~0xb37f      ................
0x00,0x00,0x00,0x00,0x00,0x00,0x00,0x00,0x00,0x00,0x00,0x00,0x00,0x00,0x00,0x00,  //0xb380~0xb38f      ................
0x00,0x00,0x00,0x00,0x00,0x00,0x00,0x00,0x00,0x00,0x00,0x00,0x00,0x00,0x00,0x00,  //0xb390~0xb39f      ................
0x00,0x00,0x00,0x00,0x00,0x00,0x00,0x00,0x00,0x00,0x00,0x00,0x00,0x00,0x00,0x00,  //0xb3a0~0xb3af      ................
0x00,0x00,0x00,0x00,0x00,0x00,0x00,0x00,0x00,0x00,0x00,0x00,0x00,0x00,0x00,0x00,  //0xb3b0~0xb3bf      ................
0x00,0x00,0x00,0x00,0x00,0x00,0x00,0x00,0x00,0x00,0x00,0x00,0x00,0x00,0x00,0x00,  //0xb3c0~0xb3cf      ................
0x00,0x00,0x00,0x00,0x00,0x00,0x00,0x00,0x00,0x00,0x00,0x00,0x00,0x00,0x00,0x00,  //0xb3d0~0xb3df      ................
0x00,0x00,0x00,0x00,0x00,0x00,0x00,0x00,0x00,0x00,0x00,0x00,0x00,0x00,0x00,0x00,  //0xb3e0~0xb3ef      ................
0x00,0x00,0x00,0x00,0x00,0x00,0x00,0x00,0x00,0x00,0x00,0x00,0x00,0x00,0x00,0x00,  //0xb3f0~0xb3ff      ................
0x00,0x00,0x00,0x00,0x00,0x00,0x00,0x00,0x00,0x00,0x00,0x00,0x00,0x00,0x00,0x00,  //0xb400~0xb40f      ................
0x00,0x00,0x00,0x00,0x00,0x00,0x00,0x00,0x00,0x00,0x00,0x00,0x00,0x00,0x00,0x00,  //0xb410~0xb41f      ................
0x00,0x00,0x00,0x00,0x00,0x00,0x00,0x00,0x00,0x00,0x00,0x00,0x00,0x00,0x00,0x00,  //0xb420~0xb42f      ................
0x00,0x00,0x00,0x00,0x00,0x00,0x00,0x00,0x00,0x00,0x00,0x00,0x00,0x00,0x00,0x00,  //0xb430~0xb43f      ................
0x00,0x00,0x00,0x00,0x00,0x00,0x00,0x00,0x00,0x00,0x00,0x00,0x00,0x00,0x00,0x00,  //0xb440~0xb44f      ................
0x00,0x00,0x00,0x00,0x00,0x00,0x00,0x00,0x00,0x00,0x00,0x00,0x00,0x00,0x00,0x00,  //0xb450~0xb45f      ................
0x00,0x00,0x00,0x00,0x00,0x00,0x00,0x00,0x00,0x00,0x00,0x00,0x00,0x00,0x00,0x00,  //0xb460~0xb46f      ................
0x00,0x00,0x00,0x00,0x00,0x00,0x00,0x00,0x00,0x00,0x00,0x00,0x00,0x00,0x00,0x00,  //0xb470~0xb47f      ................
0x00,0x00,0x00,0x00,0x00,0x00,0x00,0x00,0x00,0x00,0x00,0x00,0x00,0x00,0x00,0x00,  //0xb480~0xb48f      ................
0x00,0x00,0x00,0x00,0x00,0x00,0x00,0x00,0x00,0x00,0x00,0x00,0x00,0x00,0x00,0x00,  //0xb490~0xb49f      ................
0x00,0x00,0x00,0x00,0x00,0x00,0x00,0x00,0x00,0x00,0x00,0x00,0x00,0x00,0x00,0x00,  //0xb4a0~0xb4af      ................
0x00,0x00,0x00,0x00,0x00,0x00,0x00,0x00,0x00,0x00,0x00,0x00,0x00,0x00,0x00,0x00,  //0xb4b0~0xb4bf      ................
0x00,0x00,0x00,0x00,0x00,0x00,0x00,0x00,0x00,0x00,0x00,0x00,0x00,0x00,0x00,0x00,  //0xb4c0~0xb4cf      ................
0x00,0x00,0x00,0x00,0x00,0x00,0x00,0x00,0x00,0x00,0x00,0x00,0x00,0x00,0x00,0x00,  //0xb4d0~0xb4df      ................
0x00,0x00,0x00,0x00,0x00,0x00,0x00,0x00,0x00,0x00,0x00,0x00,0x00,0x00,0x00,0x00,  //0xb4e0~0xb4ef      ................
0x00,0x00,0x00,0x00,0x00,0x00,0x00,0x00,0x00,0x00,0x00,0x00,0x00,0x00,0x00,0x00,  //0xb4f0~0xb4ff      ................
0x00,0x00,0x00,0x00,0x00,0x00,0x00,0x00,0x00,0x00,0x00,0x00,0x00,0x00,0x00,0x00,  //0xb500~0xb50f      ................
0x00,0x00,0x00,0x00,0x00,0x00,0x00,0x00,0x00,0x00,0x00,0x00,0x00,0x00,0x00,0x00,  //0xb510~0xb51f      ................
0x00,0x00,0x00,0x00,0x00,0x00,0x00,0x00,0x00,0x00,0x00,0x00,0x00,0x00,0x00,0x00,  //0xb520~0xb52f      ................
0x00,0x00,0x00,0x00,0x00,0x00,0x00,0x00,0x00,0x00,0x00,0x00,0x00,0x00,0x00,0x00,  //0xb530~0xb53f      ................
0x00,0x00,0x00,0x00,0x00,0x00,0x00,0x00,0x00,0x00,0x00,0x00,0x00,0x00,0x00,0x00,  //0xb540~0xb54f      ................
0x00,0x00,0x00,0x00,0x00,0x00,0x00,0x00,0x00,0x00,0x00,0x00,0x00,0x00,0x00,0x00,  //0xb550~0xb55f      ................
0x00,0x00,0x00,0x00,0x00,0x00,0x00,0x00,0x00,0x00,0x00,0x00,0x00,0x00,0x00,0x00,  //0xb560~0xb56f      ................
0x00,0x00,0x00,0x00,0x00,0x00,0x00,0x00,0x00,0x00,0x00,0x00,0x00,0x00,0x00,0x00,  //0xb570~0xb57f      ................
0x00,0x00,0x00,0x00,0x00,0x00,0x00,0x00,0x00,0x00,0x00,0x00,0x00,0x00,0x00,0x00,  //0xb580~0xb58f      ................
0x00,0x00,0x00,0x00,0x00,0x00,0x00,0x00,0x00,0x00,0x00,0x00,0x00,0x00,0x00,0x00,  //0xb590~0xb59f      ................
0x00,0x00,0x00,0x00,0x00,0x00,0x00,0x00,0x00,0x00,0x00,0x00,0x00,0x00,0x00,0x00,  //0xb5a0~0xb5af      ................
0x00,0x00,0x00,0x00,0x00,0x00,0x00,0x00,0x00,0x00,0x00,0x00,0x00,0x00,0x00,0x00,  //0xb5b0~0xb5bf      ................
0x00,0x00,0x00,0x00,0x00,0x00,0x00,0x00,0x00,0x00,0x00,0x00,0x00,0x00,0x00,0x00,  //0xb5c0~0xb5cf      ................
0x00,0x00,0x00,0x00,0x00,0x00,0x00,0x00,0x00,0x00,0x00,0x00,0x00,0x00,0x00,0x00,  //0xb5d0~0xb5df      ................
0x00,0x00,0x00,0x00,0x00,0x00,0x00,0x00,0x00,0x00,0x00,0x00,0x00,0x00,0x00,0x00,  //0xb5e0~0xb5ef      ................
0x00,0x00,0x00,0x00,0x00,0x00,0x00,0x00,0x00,0x00,0x00,0x00,0x00,0x00,0x00,0x00,  //0xb5f0~0xb5ff      ................
0x00,0x00,0x00,0x00,0x00,0x00,0x00,0x00,0x00,0x00,0x00,0x00,0x00,0x00,0x00,0x00,  //0xb600~0xb60f      ................
0x00,0x00,0x00,0x00,0x00,0x00,0x00,0x00,0x00,0x00,0x00,0x00,0x00,0x00,0x00,0x00,  //0xb610~0xb61f      ................
0x00,0x00,0x00,0x00,0x00,0x00,0x00,0x00,0x00,0x00,0x00,0x00,0x00,0x00,0x00,0x00,  //0xb620~0xb62f      ................
0x00,0x00,0x00,0x00,0x00,0x00,0x00,0x00,0x00,0x00,0x00,0x00,0x00,0x00,0x00,0x00,  //0xb630~0xb63f      ................
0x00,0x00,0x00,0x00,0x00,0x00,0x00,0x00,0x00,0x00,0x00,0x00,0x00,0x00,0x00,0x00,  //0xb640~0xb64f      ................
0x00,0x00,0x00,0x00,0x00,0x00,0x00,0x00,0x00,0x00,0x00,0x00,0x00,0x00,0x00,0x00,  //0xb650~0xb65f      ................
0x00,0x00,0x00,0x00,0x00,0x00,0x00,0x00,0x00,0x00,0x00,0x00,0x00,0x00,0x00,0x00,  //0xb660~0xb66f      ................
0x00,0x00,0x00,0x00,0x00,0x00,0x00,0x00,0x00,0x00,0x00,0x00,0x00,0x00,0x00,0x00,  //0xb670~0xb67f      ................
0x00,0x00,0x00,0x00,0x00,0x00,0x00,0x00,0x00,0x00,0x00,0x00,0x00,0x00,0x00,0x00,  //0xb680~0xb68f      ................
0x00,0x00,0x00,0x00,0x00,0x00,0x00,0x00,0x00,0x00,0x00,0x00,0x00,0x00,0x00,0x00,  //0xb690~0xb69f      ................
0x00,0x00,0x00,0x00,0x00,0x00,0x00,0x00,0x00,0x00,0x00,0x00,0x00,0x00,0x00,0x00,  //0xb6a0~0xb6af      ................
0x00,0x00,0x00,0x00,0x00,0x00,0x00,0x00,0x00,0x00,0x00,0x00,0x00,0x00,0x00,0x00,  //0xb6b0~0xb6bf      ................
0x00,0x00,0x00,0x00,0x00,0x00,0x00,0x00,0x00,0x00,0x00,0x00,0x00,0x00,0x00,0x00,  //0xb6c0~0xb6cf      ................
0x00,0x00,0x00,0x00,0x00,0x00,0x00,0x00,0x00,0x00,0x00,0x00,0x00,0x00,0x00,0x00,  //0xb6d0~0xb6df      ................
0x00,0x00,0x00,0x00,0x00,0x00,0x00,0x00,0x00,0x00,0x00,0x00,0x00,0x00,0x00,0x00,  //0xb6e0~0xb6ef      ................
0x00,0x00,0x00,0x00,0x00,0x00,0x00,0x00,0x00,0x00,0x00,0x00,0x00,0x00,0x00,0x00,  //0xb6f0~0xb6ff      ................
0x00,0x00,0x00,0x00,0x00,0x00,0x00,0x00,0x00,0x00,0x00,0x00,0x00,0x00,0x00,0x00,  //0xb700~0xb70f      ................
0x00,0x00,0x00,0x00,0x00,0x00,0x00,0x00,0x00,0x00,0x00,0x00,0x00,0x00,0x00,0x00,  //0xb710~0xb71f      ................
0x00,0x00,0x00,0x00,0x00,0x00,0x00,0x00,0x00,0x00,0x00,0x00,0x00,0x00,0x00,0x00,  //0xb720~0xb72f      ................
0x00,0x00,0x00,0x00,0x00,0x00,0x00,0x00,0x00,0x00,0x00,0x00,0x00,0x00,0x00,0x00,  //0xb730~0xb73f      ................
0x00,0x00,0x00,0x00,0x00,0x00,0x00,0x00,0x00,0x00,0x00,0x00,0x00,0x00,0x00,0x00,  //0xb740~0xb74f      ................
0x00,0x00,0x00,0x00,0x00,0x00,0x00,0x00,0x00,0x00,0x00,0x00,0x00,0x00,0x00,0x00,  //0xb750~0xb75f      ................
0x00,0x00,0x00,0x00,0x00,0x00,0x00,0x00,0x00,0x00,0x00,0x00,0x00,0x00,0x00,0x00,  //0xb760~0xb76f      ................
0x00,0x00,0x00,0x00,0x00,0x00,0x00,0x00,0x00,0x00,0x00,0x00,0x00,0x00,0x00,0x00,  //0xb770~0xb77f      ................
0x00,0x00,0x00,0x00,0x00,0x00,0x00,0x00,0x00,0x00,0x00,0x00,0x00,0x00,0x00,0x00,  //0xb780~0xb78f      ................
0x00,0x00,0x00,0x00,0x00,0x00,0x00,0x00,0x00,0x00,0x00,0x00,0x00,0x00,0x00,0x00,  //0xb790~0xb79f      ................
0x00,0x00,0x00,0x00,0x00,0x00,0x00,0x00,0x00,0x00,0x00,0x00,0x00,0x00,0x00,0x00,  //0xb7a0~0xb7af      ................
0x00,0x00,0x00,0x00,0x00,0x00,0x00,0x00,0x00,0x00,0x00,0x00,0x00,0x00,0x00,0x00,  //0xb7b0~0xb7bf      ................
0x00,0x00,0x00,0x00,0x00,0x00,0x00,0x00,0x00,0x00,0x00,0x00,0x00,0x00,0x00,0x00,  //0xb7c0~0xb7cf      ................
0x00,0x00,0x00,0x00,0x00,0x00,0x00,0x00,0x00,0x00,0x00,0x00,0x00,0x00,0x00,0x00,  //0xb7d0~0xb7df      ................
0x00,0x00,0x00,0x00,0x00,0x00,0x00,0x00,0x00,0x00,0x00,0x00,0x00,0x00,0x00,0x00,  //0xb7e0~0xb7ef      ................
0x00,0x00,0x00,0x00,0x00,0x00,0x00,0x00,0x00,0x00,0x00,0x00,0x00,0x00,0x00,0x00,  //0xb7f0~0xb7ff      ................
0x00,0x00,0x00,0x00,0x00,0x00,0x00,0x00,0x00,0x00,0x00,0x00,0x00,0x00,0x00,0x00,  //0xb800~0xb80f      ................
0x00,0x00,0x00,0x00,0x00,0x00,0x00,0x00,0x00,0x00,0x00,0x00,0x00,0x00,0x00,0x00,  //0xb810~0xb81f      ................
0x00,0x00,0x00,0x00,0x00,0x00,0x00,0x00,0x00,0x00,0x00,0x00,0x00,0x00,0x00,0x00,  //0xb820~0xb82f      ................
0x00,0x00,0x00,0x00,0x00,0x00,0x00,0x00,0x00,0x00,0x00,0x00,0x00,0x00,0x00,0x00,  //0xb830~0xb83f      ................
0x00,0x00,0x00,0x00,0x00,0x00,0x00,0x00,0x00,0x00,0x00,0x00,0x00,0x00,0x00,0x00,  //0xb840~0xb84f      ................
0x00,0x00,0x00,0x00,0x00,0x00,0x00,0x00,0x00,0x00,0x00,0x00,0x00,0x00,0x00,0x00,  //0xb850~0xb85f      ................
0x00,0x00,0x00,0x00,0x00,0x00,0x00,0x00,0x00,0x00,0x00,0x00,0x00,0x00,0x00,0x00,  //0xb860~0xb86f      ................
0x00,0x00,0x00,0x00,0x00,0x00,0x00,0x00,0x00,0x00,0x00,0x00,0x00,0x00,0x00,0x00,  //0xb870~0xb87f      ................
0x00,0x00,0x00,0x00,0x00,0x00,0x00,0x00,0x00,0x00,0x00,0x00,0x00,0x00,0x00,0x00,  //0xb880~0xb88f      ................
0x00,0x00,0x00,0x00,0x00,0x00,0x00,0x00,0x00,0x00,0x00,0x00,0x00,0x00,0x00,0x00,  //0xb890~0xb89f      ................
0x00,0x00,0x00,0x00,0x00,0x00,0x00,0x00,0x00,0x00,0x00,0x00,0x00,0x00,0x00,0x00,  //0xb8a0~0xb8af      ................
0x00,0x00,0x00,0x00,0x00,0x00,0x00,0x00,0x00,0x00,0x00,0x00,0x00,0x00,0x00,0x00,  //0xb8b0~0xb8bf      ................
0x00,0x00,0x00,0x00,0x00,0x00,0x00,0x00,0x00,0x00,0x00,0x00,0x00,0x00,0x00,0x00,  //0xb8c0~0xb8cf      ................
0x00,0x00,0x00,0x00,0x00,0x00,0x00,0x00,0x00,0x00,0x00,0x00,0x00,0x00,0x00,0x00,  //0xb8d0~0xb8df      ................
0x00,0x00,0x00,0x00,0x00,0x00,0x00,0x00,0x00,0x00,0x00,0x00,0x00,0x00,0x00,0x00,  //0xb8e0~0xb8ef      ................
0x00,0x00,0x00,0x00,0x00,0x00,0x00,0x00,0x00,0x00,0x00,0x00,0x00,0x00,0x00,0x00,  //0xb8f0~0xb8ff      ................
0x00,0x00,0x00,0x00,0x00,0x00,0x00,0x00,0x00,0x00,0x00,0x00,0x00,0x00,0x00,0x00,  //0xb900~0xb90f      ................
0x00,0x00,0x00,0x00,0x00,0x00,0x00,0x00,0x00,0x00,0x00,0x00,0x00,0x00,0x00,0x00,  //0xb910~0xb91f      ................
0x00,0x00,0x00,0x00,0x00,0x00,0x00,0x00,0x00,0x00,0x00,0x00,0x00,0x00,0x00,0x00,  //0xb920~0xb92f      ................
0x00,0x00,0x00,0x00,0x00,0x00,0x00,0x00,0x00,0x00,0x00,0x00,0x00,0x00,0x00,0x00,  //0xb930~0xb93f      ................
0x00,0x00,0x00,0x00,0x00,0x00,0x00,0x00,0x00,0x00,0x00,0x00,0x00,0x00,0x00,0x00,  //0xb940~0xb94f      ................
0x00,0x00,0x00,0x00,0x00,0x00,0x00,0x00,0x00,0x00,0x00,0x00,0x00,0x00,0x00,0x00,  //0xb950~0xb95f      ................
0x00,0x00,0x00,0x00,0x00,0x00,0x00,0x00,0x00,0x00,0x00,0x00,0x00,0x00,0x00,0x00,  //0xb960~0xb96f      ................
0x00,0x00,0x00,0x00,0x00,0x00,0x00,0x00,0x00,0x00,0x00,0x00,0x00,0x00,0x00,0x00,  //0xb970~0xb97f      ................
0x00,0x00,0x00,0x00,0x00,0x00,0x00,0x00,0x00,0x00,0x00,0x00,0x00,0x00,0x00,0x00,  //0xb980~0xb98f      ................
0x00,0x00,0x00,0x00,0x00,0x00,0x00,0x00,0x00,0x00,0x00,0x00,0x00,0x00,0x00,0x00,  //0xb990~0xb99f      ................
0x00,0x00,0x00,0x00,0x00,0x00,0x00,0x00,0x00,0x00,0x00,0x00,0x00,0x00,0x00,0x00,  //0xb9a0~0xb9af      ................
0x00,0x00,0x00,0x00,0x00,0x00,0x00,0x00,0x00,0x00,0x00,0x00,0x00,0x00,0x00,0x00,  //0xb9b0~0xb9bf      ................
0x00,0x00,0x00,0x00,0x00,0x00,0x00,0x00,0x00,0x00,0x00,0x00,0x00,0x00,0x00,0x00,  //0xb9c0~0xb9cf      ................
0x00,0x00,0x00,0x00,0x00,0x00,0x00,0x00,0x00,0x00,0x00,0x00,0x00,0x00,0x00,0x00,  //0xb9d0~0xb9df      ................
0x00,0x00,0x00,0x00,0x00,0x00,0x00,0x00,0x00,0x00,0x00,0x00,0x00,0x00,0x00,0x00,  //0xb9e0~0xb9ef      ................
0x00,0x00,0x00,0x00,0x00,0x00,0x00,0x00,0x00,0x00,0x00,0x00,0x00,0x00,0x00,0x00,  //0xb9f0~0xb9ff      ................
0x00,0x00,0x00,0x00,0x00,0x00,0x00,0x00,0x00,0x00,0x00,0x00,0x00,0x00,0x00,0x00,  //0xba00~0xba0f      ................
0x00,0x00,0x00,0x00,0x00,0x00,0x00,0x00,0x00,0x00,0x00,0x00,0x00,0x00,0x00,0x00,  //0xba10~0xba1f      ................
0x00,0x00,0x00,0x00,0x00,0x00,0x00,0x00,0x00,0x00,0x00,0x00,0x00,0x00,0x00,0x00,  //0xba20~0xba2f      ................
0x00,0x00,0x00,0x00,0x00,0x00,0x00,0x00,0x00,0x00,0x00,0x00,0x00,0x00,0x00,0x00,  //0xba30~0xba3f      ................
0x00,0x00,0x00,0x00,0x00,0x00,0x00,0x00,0x00,0x00,0x00,0x00,0x00,0x00,0x00,0x00,  //0xba40~0xba4f      ................
0x00,0x00,0x00,0x00,0x00,0x00,0x00,0x00,0x00,0x00,0x00,0x00,0x00,0x00,0x00,0x00,  //0xba50~0xba5f      ................
0x00,0x00,0x00,0x00,0x00,0x00,0x00,0x00,0x00,0x00,0x00,0x00,0x00,0x00,0x00,0x00,  //0xba60~0xba6f      ................
0x00,0x00,0x00,0x00,0x00,0x00,0x00,0x00,0x00,0x00,0x00,0x00,0x00,0x00,0x00,0x00,  //0xba70~0xba7f      ................
0x00,0x00,0x00,0x00,0x00,0x00,0x00,0x00,0x00,0x00,0x00,0x00,0x00,0x00,0x00,0x00,  //0xba80~0xba8f      ................
0x00,0x00,0x00,0x00,0x00,0x00,0x00,0x00,0x00,0x00,0x00,0x00,0x00,0x00,0x00,0x00,  //0xba90~0xba9f      ................
0x00,0x00,0x00,0x00,0x00,0x00,0x00,0x00,0x00,0x00,0x00,0x00,0x00,0x00,0x00,0x00,  //0xbaa0~0xbaaf      ................
0x00,0x00,0x00,0x00,0x00,0x00,0x00,0x00,0x00,0x00,0x00,0x00,0x00,0x00,0x00,0x00,  //0xbab0~0xbabf      ................
0x00,0x00,0x00,0x00,0x00,0x00,0x00,0x00,0x00,0x00,0x00,0x00,0x00,0x00,0x00,0x00,  //0xbac0~0xbacf      ................
0x00,0x00,0x00,0x00,0x00,0x00,0x00,0x00,0x00,0x00,0x00,0x00,0x00,0x00,0x00,0x00,  //0xbad0~0xbadf      ................
0x00,0x00,0x00,0x00,0x00,0x00,0x00,0x00,0x00,0x00,0x00,0x00,0x00,0x00,0x00,0x00,  //0xbae0~0xbaef      ................
0x00,0x00,0x00,0x00,0x00,0x00,0x00,0x00,0x00,0x00,0x00,0x00,0x00,0x00,0x00,0x00,  //0xbaf0~0xbaff      ................
0x00,0x00,0x00,0x00,0x00,0x00,0x00,0x00,0x00,0x00,0x00,0x00,0x00,0x00,0x00,0x00,  //0xbb00~0xbb0f      ................
0x00,0x00,0x00,0x00,0x00,0x00,0x00,0x00,0x00,0x00,0x00,0x00,0x00,0x00,0x00,0x00,  //0xbb10~0xbb1f      ................
0x00,0x00,0x00,0x00,0x00,0x00,0x00,0x00,0x00,0x00,0x00,0x00,0x00,0x00,0x00,0x00,  //0xbb20~0xbb2f      ................
0x00,0x00,0x00,0x00,0x00,0x00,0x00,0x00,0x00,0x00,0x00,0x00,0x00,0x00,0x00,0x00,  //0xbb30~0xbb3f      ................
0x00,0x00,0x00,0x00,0x00,0x00,0x00,0x00,0x00,0x00,0x00,0x00,0x00,0x00,0x00,0x00,  //0xbb40~0xbb4f      ................
0x00,0x00,0x00,0x00,0x00,0x00,0x00,0x00,0x00,0x00,0x00,0x00,0x00,0x00,0x00,0x00,  //0xbb50~0xbb5f      ................
0x00,0x00,0x00,0x00,0x00,0x00,0x00,0x00,0x00,0x00,0x00,0x00,0x00,0x00,0x00,0x00,  //0xbb60~0xbb6f      ................
0x00,0x00,0x00,0x00,0x00,0x00,0x00,0x00,0x00,0x00,0x00,0x00,0x00,0x00,0x00,0x00,  //0xbb70~0xbb7f      ................
0x00,0x00,0x00,0x00,0x00,0x00,0x00,0x00,0x00,0x00,0x00,0x00,0x00,0x00,0x00,0x00,  //0xbb80~0xbb8f      ................
0x00,0x00,0x00,0x00,0x00,0x00,0x00,0x00,0x00,0x00,0x00,0x00,0x00,0x00,0x00,0x00,  //0xbb90~0xbb9f      ................
0x00,0x00,0x00,0x00,0x00,0x00,0x00,0x00,0x00,0x00,0x00,0x00,0x00,0x00,0x00,0x00,  //0xbba0~0xbbaf      ................
0x00,0x00,0x00,0x00,0x00,0x00,0x00,0x00,0x00,0x00,0x00,0x00,0x00,0x00,0x00,0x00,  //0xbbb0~0xbbbf      ................
0x00,0x00,0x00,0x00,0x00,0x00,0x00,0x00,0x00,0x00,0x00,0x00,0x00,0x00,0x00,0x00,  //0xbbc0~0xbbcf      ................
0x00,0x00,0x00,0x00,0x00,0x00,0x00,0x00,0x00,0x00,0x00,0x00,0x00,0x00,0x00,0x00,  //0xbbd0~0xbbdf      ................
0x00,0x00,0x00,0x00,0x00,0x00,0x00,0x00,0x00,0x00,0x00,0x00,0x00,0x00,0x00,0x00,  //0xbbe0~0xbbef      ................
0x00,0x00,0x00,0x00,0x00,0x00,0x00,0x00,0x00,0x00,0x00,0x00,0x00,0x00,0x00,0x00,  //0xbbf0~0xbbff      ................
0x00,0x00,0x00,0x00,0x00,0x00,0x00,0x00,0x00,0x00,0x00,0x00,0x00,0x00,0x00,0x00,  //0xbc00~0xbc0f      ................
0x00,0x00,0x00,0x00,0x00,0x00,0x00,0x00,0x00,0x00,0x00,0x00,0x00,0x00,0x00,0x00,  //0xbc10~0xbc1f      ................
0x00,0x00,0x00,0x00,0x00,0x00,0x00,0x00,0x00,0x00,0x00,0x00,0x00,0x00,0x00,0x00,  //0xbc20~0xbc2f      ................
0x00,0x00,0x00,0x00,0x00,0x00,0x00,0x00,0x00,0x00,0x00,0x00,0x00,0x00,0x00,0x00,  //0xbc30~0xbc3f      ................
0x00,0x00,0x00,0x00,0x00,0x00,0x00,0x00,0x00,0x00,0x00,0x00,0x00,0x00,0x00,0x00,  //0xbc40~0xbc4f      ................
0x00,0x00,0x00,0x00,0x00,0x00,0x00,0x00,0x00,0x00,0x00,0x00,0x00,0x00,0x00,0x00,  //0xbc50~0xbc5f      ................
0x00,0x00,0x00,0x00,0x00,0x00,0x00,0x00,0x00,0x00,0x00,0x00,0x00,0x00,0x00,0x00,  //0xbc60~0xbc6f      ................
0x00,0x00,0x00,0x00,0x00,0x00,0x00,0x00,0x00,0x00,0x00,0x00,0x00,0x00,0x00,0x00,  //0xbc70~0xbc7f      ................
0x00,0x00,0x00,0x00,0x00,0x00,0x00,0x00,0x00,0x00,0x00,0x00,0x00,0x00,0x00,0x00,  //0xbc80~0xbc8f      ................
0x00,0x00,0x00,0x00,0x00,0x00,0x00,0x00,0x00,0x00,0x00,0x00,0x00,0x00,0x00,0x00,  //0xbc90~0xbc9f      ................
0x00,0x00,0x00,0x00,0x00,0x00,0x00,0x00,0x00,0x00,0x00,0x00,0x00,0x00,0x00,0x00,  //0xbca0~0xbcaf      ................
0x00,0x00,0x00,0x00,0x00,0x00,0x00,0x00,0x00,0x00,0x00,0x00,0x00,0x00,0x00,0x00,  //0xbcb0~0xbcbf      ................
0x00,0x00,0x00,0x00,0x00,0x00,0x00,0x00,0x00,0x00,0x00,0x00,0x00,0x00,0x00,0x00,  //0xbcc0~0xbccf      ................
0x00,0x00,0x00,0x00,0x00,0x00,0x00,0x00,0x00,0x00,0x00,0x00,0x00,0x00,0x00,0x00,  //0xbcd0~0xbcdf      ................
0x00,0x00,0x00,0x00,0x00,0x00,0x00,0x00,0x00,0x00,0x00,0x00,0x00,0x00,0x00,0x00,  //0xbce0~0xbcef      ................
0x00,0x00,0x00,0x00,0x00,0x00,0x00,0x00,0x00,0x00,0x00,0x00,0x00,0x00,0x00,0x00,  //0xbcf0~0xbcff      ................
0x00,0x00,0x00,0x00,0x00,0x00,0x00,0x00,0x00,0x00,0x00,0x00,0x00,0x00,0x00,0x00,  //0xbd00~0xbd0f      ................
0x00,0x00,0x00,0x00,0x00,0x00,0x00,0x00,0x00,0x00,0x00,0x00,0x00,0x00,0x00,0x00,  //0xbd10~0xbd1f      ................
0x00,0x00,0x00,0x00,0x00,0x00,0x00,0x00,0x00,0x00,0x00,0x00,0x00,0x00,0x00,0x00,  //0xbd20~0xbd2f      ................
0x00,0x00,0x00,0x00,0x00,0x00,0x00,0x00,0x00,0x00,0x00,0x00,0x00,0x00,0x00,0x00,  //0xbd30~0xbd3f      ................
0x00,0x00,0x00,0x00,0x00,0x00,0x00,0x00,0x00,0x00,0x00,0x00,0x00,0x00,0x00,0x00,  //0xbd40~0xbd4f      ................
0x00,0x00,0x00,0x00,0x00,0x00,0x00,0x00,0x00,0x00,0x00,0x00,0x00,0x00,0x00,0x00,  //0xbd50~0xbd5f      ................
0x00,0x00,0x00,0x00,0x00,0x00,0x00,0x00,0x00,0x00,0x00,0x00,0x00,0x00,0x00,0x00,  //0xbd60~0xbd6f      ................
0x00,0x00,0x00,0x00,0x00,0x00,0x00,0x00,0x00,0x00,0x00,0x00,0x00,0x00,0x00,0x00,  //0xbd70~0xbd7f      ................
0x00,0x00,0x00,0x00,0x00,0x00,0x00,0x00,0x00,0x00,0x00,0x00,0x00,0x00,0x00,0x00,  //0xbd80~0xbd8f      ................
0x00,0x00,0x00,0x00,0x00,0x00,0x00,0x00,0x00,0x00,0x00,0x00,0x00,0x00,0x00,0x00,  //0xbd90~0xbd9f      ................
0x00,0x00,0x00,0x00,0x00,0x00,0x00,0x00,0x00,0x00,0x00,0x00,0x00,0x00,0x00,0x00,  //0xbda0~0xbdaf      ................
0x00,0x00,0x00,0x00,0x00,0x00,0x00,0x00,0x00,0x00,0x00,0x00,0x00,0x00,0x00,0x00,  //0xbdb0~0xbdbf      ................
0x00,0x00,0x00,0x00,0x00,0x00,0x00,0x00,0x00,0x00,0x00,0x00,0x00,0x00,0x00,0x00,  //0xbdc0~0xbdcf      ................
0x00,0x00,0x00,0x00,0x00,0x00,0x00,0x00,0x00,0x00,0x00,0x00,0x00,0x00,0x00,0x00,  //0xbdd0~0xbddf      ................
0x00,0x00,0x00,0x00,0x00,0x00,0x00,0x00,0x00,0x00,0x00,0x00,0x00,0x00,0x00,0x00,  //0xbde0~0xbdef      ................
0x00,0x00,0x00,0x00,0x00,0x00,0x00,0x00,0x00,0x00,0x00,0x00,0x00,0x00,0x00,0x00,  //0xbdf0~0xbdff      ................
0x00,0x00,0x00,0x00,0x00,0x00,0x00,0x00,0x00,0x00,0x00,0x00,0x00,0x00,0x00,0x00,  //0xbe00~0xbe0f      ................
0x00,0x00,0x00,0x00,0x00,0x00,0x00,0x00,0x00,0x00,0x00,0x00,0x00,0x00,0x00,0x00,  //0xbe10~0xbe1f      ................
0x00,0x00,0x00,0x00,0x00,0x00,0x00,0x00,0x00,0x00,0x00,0x00,0x00,0x00,0x00,0x00,  //0xbe20~0xbe2f      ................
0x00,0x00,0x00,0x00,0x00,0x00,0x00,0x00,0x00,0x00,0x00,0x00,0x00,0x00,0x00,0x00,  //0xbe30~0xbe3f      ................
0x00,0x00,0x00,0x00,0x00,0x00,0x00,0x00,0x00,0x00,0x00,0x00,0x00,0x00,0x00,0x00,  //0xbe40~0xbe4f      ................
0x00,0x00,0x00,0x00,0x00,0x00,0x00,0x00,0x00,0x00,0x00,0x00,0x00,0x00,0x00,0x00,  //0xbe50~0xbe5f      ................
0x00,0x00,0x00,0x00,0x00,0x00,0x00,0x00,0x00,0x00,0x00,0x00,0x00,0x00,0x00,0x00,  //0xbe60~0xbe6f      ................
0x00,0x00,0x00,0x00,0x00,0x00,0x00,0x00,0x00,0x00,0x00,0x00,0x00,0x00,0x00,0x00,  //0xbe70~0xbe7f      ................
0x00,0x00,0x00,0x00,0x00,0x00,0x00,0x00,0x00,0x00,0x00,0x00,0x00,0x00,0x00,0x00,  //0xbe80~0xbe8f      ................
0x00,0x00,0x00,0x00,0x00,0x00,0x00,0x00,0x00,0x00,0x00,0x00,0x00,0x00,0x00,0x00,  //0xbe90~0xbe9f      ................
0x00,0x00,0x00,0x00,0x00,0x00,0x00,0x00,0x00,0x00,0x00,0x00,0x00,0x00,0x00,0x00,  //0xbea0~0xbeaf      ................
0x00,0x00,0x00,0x00,0x00,0x00,0x00,0x00,0x00,0x00,0x00,0x00,0x00,0x00,0x00,0x00,  //0xbeb0~0xbebf      ................
0x00,0x00,0x00,0x00,0x00,0x00,0x00,0x00,0x00,0x00,0x00,0x00,0x00,0x00,0x00,0x00,  //0xbec0~0xbecf      ................
0x00,0x00,0x00,0x00,0x00,0x00,0x00,0x00,0x00,0x00,0x00,0x00,0x00,0x00,0x00,0x00,  //0xbed0~0xbedf      ................
0x00,0x00,0x00,0x00,0x00,0x00,0x00,0x00,0x00,0x00,0x00,0x00,0x00,0x00,0x00,0x00,  //0xbee0~0xbeef      ................
0x00,0x00,0x00,0x00,0x00,0x00,0x00,0x00,0x00,0x00,0x00,0x00,0x00,0x00,0x00,0x00,  //0xbef0~0xbeff      ................
0x00,0x00,0x00,0x00,0x00,0x00,0x00,0x00,0x00,0x00,0x00,0x00,0x00,0x00,0x00,0x00,  //0xbf00~0xbf0f      ................
0x00,0x00,0x00,0x00,0x00,0x00,0x00,0x00,0x00,0x00,0x00,0x00,0x00,0x00,0x00,0x00,  //0xbf10~0xbf1f      ................
0x00,0x00,0x00,0x00,0x00,0x00,0x00,0x00,0x00,0x00,0x00,0x00,0x00,0x00,0x00,0x00,  //0xbf20~0xbf2f      ................
0x00,0x00,0x00,0x00,0x00,0x00,0x00,0x00,0x00,0x00,0x00,0x00,0x00,0x00,0x00,0x00,  //0xbf30~0xbf3f      ................
0x00,0x00,0x00,0x00,0x00,0x00,0x00,0x00,0x00,0x00,0x00,0x00,0x00,0x00,0x00,0x00,  //0xbf40~0xbf4f      ................
0x00,0x00,0x00,0x00,0x00,0x00,0x00,0x00,0x00,0x00,0x00,0x00,0x00,0x00,0x00,0x00,  //0xbf50~0xbf5f      ................
0x00,0x00,0x00,0x00,0x00,0x00,0x00,0x00,0x00,0x00,0x00,0x00,0x00,0x00,0x00,0x00,  //0xbf60~0xbf6f      ................
0x00,0x00,0x00,0x00,0x00,0x00,0x00,0x00,0x00,0x00,0x00,0x00,0x00,0x00,0x00,0x00,  //0xbf70~0xbf7f      ................
0x00,0x00,0x00,0x00,0x00,0x00,0x00,0x00,0x00,0x00,0x00,0x00,0x00,0x00,0x00,0x00,  //0xbf80~0xbf8f      ................
0x00,0x00,0x00,0x00,0x00,0x00,0x00,0x00,0x00,0x00,0x00,0x00,0x00,0x00,0x00,0x00,  //0xbf90~0xbf9f      ................
0x00,0x00,0x00,0x00,0x00,0x00,0x00,0x00,0x00,0x00,0x00,0x00,0x00,0x00,0x00,0x00,  //0xbfa0~0xbfaf      ................
0x00,0x00,0x00,0x00,0x00,0x00,0x00,0x00,0x00,0x00,0x00,0x00,0x00,0x00,0x00,0x00,  //0xbfb0~0xbfbf      ................
0x00,0x00,0x00,0x00,0x00,0x00,0x00,0x00,0x00,0x00,0x00,0x00,0x00,0x00,0x00,0x00,  //0xbfc0~0xbfcf      ................
0x00,0x00,0x00,0x00,0x00,0x00,0x00,0x00,0x00,0x00,0x00,0x00,0x00,0x00,0x00,0x00,  //0xbfd0~0xbfdf      ................
0x00,0x00,0x00,0x00,0x00,0x00,0x00,0x00,0x00,0x00,0x00,0x00,0x00,0x00,0x00,0x00,  //0xbfe0~0xbfef      ................
0x00,0x00,0x00,0x00,0x00,0x00,0x00,0x00,0x00,0x00,0x00,0x00,0x00,0x00,0x00,0x00,  //0xbff0~0xbfff      ................
0x00,0x00,0x00,0x00,0x00,0x00,0x00,0x00,0x00,0x00,0x00,0x00,0x00,0x00,0x00,0x00,  //0xc000~0xc00f      ................
0x00,0x00,0x00,0x00,0x00,0x00,0x00,0x00,0x00,0x00,0x00,0x00,0x00,0x00,0x00,0x00,  //0xc010~0xc01f      ................
0x00,0x00,0x00,0x00,0x00,0x00,0x00,0x00,0x00,0x00,0x00,0x00,0x00,0x00,0x00,0x00,  //0xc020~0xc02f      ................
0x00,0x00,0x00,0x00,0x00,0x00,0x00,0x00,0x00,0x00,0x00,0x00,0x00,0x00,0x00,0x00,  //0xc030~0xc03f      ................
0x00,0x00,0x00,0x00,0x00,0x00,0x00,0x00,0x00,0x00,0x00,0x00,0x00,0x00,0x00,0x00,  //0xc040~0xc04f      ................
0x00,0x00,0x00,0x00,0x00,0x00,0x00,0x00,0x00,0x00,0x00,0x00,0x00,0x00,0x00,0x00,  //0xc050~0xc05f      ................
0x00,0x00,0x00,0x00,0x00,0x00,0x00,0x00,0x00,0x00,0x00,0x00,0x00,0x00,0x00,0x00,  //0xc060~0xc06f      ................
0x00,0x00,0x00,0x00,0x00,0x00,0x00,0x00,0x00,0x00,0x00,0x00,0x00,0x00,0x00,0x00,  //0xc070~0xc07f      ................
0x00,0x00,0x00,0x00,0x00,0x00,0x00,0x00,0x00,0x00,0x00,0x00,0x00,0x00,0x00,0x00,  //0xc080~0xc08f      ................
0x00,0x00,0x00,0x00,0x00,0x00,0x00,0x00,0x00,0x00,0x00,0x00,0x00,0x00,0x00,0x00,  //0xc090~0xc09f      ................
0x00,0x00,0x00,0x00,0x00,0x00,0x00,0x00,0x00,0x00,0x00,0x00,0x00,0x00,0x00,0x00,  //0xc0a0~0xc0af      ................
0x00,0x00,0x00,0x00,0x00,0x00,0x00,0x00,0x00,0x00,0x00,0x00,0x00,0x00,0x00,0x00,  //0xc0b0~0xc0bf      ................
0x00,0x00,0x00,0x00,0x00,0x00,0x00,0x00,0x00,0x00,0x00,0x00,0x00,0x00,0x00,0x00,  //0xc0c0~0xc0cf      ................
0x00,0x00,0x00,0x00,0x00,0x00,0x00,0x00,0x00,0x00,0x00,0x00,0x00,0x00,0x00,0x00,  //0xc0d0~0xc0df      ................
0x00,0x00,0x00,0x00,0x00,0x00,0x00,0x00,0x00,0x00,0x00,0x00,0x00,0x00,0x00,0x00,  //0xc0e0~0xc0ef      ................
0x00,0x00,0x00,0x00,0x00,0x00,0x00,0x00,0x00,0x00,0x00,0x00,0x00,0x00,0x00,0x00,  //0xc0f0~0xc0ff      ................
0x00,0x00,0x00,0x00,0x00,0x00,0x00,0x00,0x00,0x00,0x00,0x00,0x00,0x00,0x00,0x00,  //0xc100~0xc10f      ................
0x00,0x00,0x00,0x00,0x00,0x00,0x00,0x00,0x00,0x00,0x00,0x00,0x00,0x00,0x00,0x00,  //0xc110~0xc11f      ................
0x00,0x00,0x00,0x00,0x00,0x00,0x00,0x00,0x00,0x00,0x00,0x00,0x00,0x00,0x00,0x00,  //0xc120~0xc12f      ................
0x00,0x00,0x00,0x00,0x00,0x00,0x00,0x00,0x00,0x00,0x00,0x00,0x00,0x00,0x00,0x00,  //0xc130~0xc13f      ................
0x00,0x00,0x00,0x00,0x00,0x00,0x00,0x00,0x00,0x00,0x00,0x00,0x00,0x00,0x00,0x00,  //0xc140~0xc14f      ................
0x00,0x00,0x00,0x00,0x00,0x00,0x00,0x00,0x00,0x00,0x00,0x00,0x00,0x00,0x00,0x00,  //0xc150~0xc15f      ................
0x00,0x00,0x00,0x00,0x00,0x00,0x00,0x00,0x00,0x00,0x00,0x00,0x00,0x00,0x00,0x00,  //0xc160~0xc16f      ................
0x00,0x00,0x00,0x00,0x00,0x00,0x00,0x00,0x00,0x00,0x00,0x00,0x00,0x00,0x00,0x00,  //0xc170~0xc17f      ................
0x00,0x00,0x00,0x00,0x00,0x00,0x00,0x00,0x00,0x00,0x00,0x00,0x00,0x00,0x00,0x00,  //0xc180~0xc18f      ................
0x00,0x00,0x00,0x00,0x00,0x00,0x00,0x00,0x00,0x00,0x00,0x00,0x00,0x00,0x00,0x00,  //0xc190~0xc19f      ................
0x00,0x00,0x00,0x00,0x00,0x00,0x00,0x00,0x00,0x00,0x00,0x00,0x00,0x00,0x00,0x00,  //0xc1a0~0xc1af      ................
0x00,0x00,0x00,0x00,0x00,0x00,0x00,0x00,0x00,0x00,0x00,0x00,0x00,0x00,0x00,0x00,  //0xc1b0~0xc1bf      ................
0x00,0x00,0x00,0x00,0x00,0x00,0x00,0x00,0x00,0x00,0x00,0x00,0x00,0x00,0x00,0x00,  //0xc1c0~0xc1cf      ................
0x00,0x00,0x00,0x00,0x00,0x00,0x00,0x00,0x00,0x00,0x00,0x00,0x00,0x00,0x00,0x00,  //0xc1d0~0xc1df      ................
0x00,0x00,0x00,0x00,0x00,0x00,0x00,0x00,0x00,0x00,0x00,0x00,0x00,0x00,0x00,0x00,  //0xc1e0~0xc1ef      ................
0x00,0x00,0x00,0x00,0x00,0x00,0x00,0x00,0x00,0x00,0x00,0x00,0x00,0x00,0x00,0x00,  //0xc1f0~0xc1ff      ................
0x00,0x00,0x00,0x00,0x00,0x00,0x00,0x00,0x00,0x00,0x00,0x00,0x00,0x00,0x00,0x00,  //0xc200~0xc20f      ................
0x00,0x00,0x00,0x00,0x00,0x00,0x00,0x00,0x00,0x00,0x00,0x00,0x00,0x00,0x00,0x00,  //0xc210~0xc21f      ................
0x00,0x00,0x00,0x00,0x00,0x00,0x00,0x00,0x00,0x00,0x00,0x00,0x00,0x00,0x00,0x00,  //0xc220~0xc22f      ................
0x00,0x00,0x00,0x00,0x00,0x00,0x00,0x00,0x00,0x00,0x00,0x00,0x00,0x00,0x00,0x00,  //0xc230~0xc23f      ................
0x00,0x00,0x00,0x00,0x00,0x00,0x00,0x00,0x00,0x00,0x00,0x00,0x00,0x00,0x00,0x00,  //0xc240~0xc24f      ................
0x00,0x00,0x00,0x00,0x00,0x00,0x00,0x00,0x00,0x00,0x00,0x00,0x00,0x00,0x00,0x00,  //0xc250~0xc25f      ................
0x00,0x00,0x00,0x00,0x00,0x00,0x00,0x00,0x00,0x00,0x00,0x00,0x00,0x00,0x00,0x00,  //0xc260~0xc26f      ................
0x00,0x00,0x00,0x00,0x00,0x00,0x00,0x00,0x00,0x00,0x00,0x00,0x00,0x00,0x00,0x00,  //0xc270~0xc27f      ................
0x00,0x00,0x00,0x00,0x00,0x00,0x00,0x00,0x00,0x00,0x00,0x00,0x00,0x00,0x00,0x00,  //0xc280~0xc28f      ................
0x00,0x00,0x00,0x00,0x00,0x00,0x00,0x00,0x00,0x00,0x00,0x00,0x00,0x00,0x00,0x00,  //0xc290~0xc29f      ................
0x00,0x00,0x00,0x00,0x00,0x00,0x00,0x00,0x00,0x00,0x00,0x00,0x00,0x00,0x00,0x00,  //0xc2a0~0xc2af      ................
0x00,0x00,0x00,0x00,0x00,0x00,0x00,0x00,0x00,0x00,0x00,0x00,0x00,0x00,0x00,0x00,  //0xc2b0~0xc2bf      ................
0x00,0x00,0x00,0x00,0x00,0x00,0x00,0x00,0x00,0x00,0x00,0x00,0x00,0x00,0x00,0x00,  //0xc2c0~0xc2cf      ................
0x00,0x00,0x00,0x00,0x00,0x00,0x00,0x00,0x00,0x00,0x00,0x00,0x00,0x00,0x00,0x00,  //0xc2d0~0xc2df      ................
0x00,0x00,0x00,0x00,0x00,0x00,0x00,0x00,0x00,0x00,0x00,0x00,0x00,0x00,0x00,0x00,  //0xc2e0~0xc2ef      ................
0x00,0x00,0x00,0x00,0x00,0x00,0x00,0x00,0x00,0x00,0x00,0x00,0x00,0x00,0x00,0x00,  //0xc2f0~0xc2ff      ................
0x00,0x00,0x00,0x00,0x00,0x00,0x00,0x00,0x00,0x00,0x00,0x00,0x00,0x00,0x00,0x00,  //0xc300~0xc30f      ................
0x00,0x00,0x00,0x00,0x00,0x00,0x00,0x00,0x00,0x00,0x00,0x00,0x00,0x00,0x00,0x00,  //0xc310~0xc31f      ................
0x00,0x00,0x00,0x00,0x00,0x00,0x00,0x00,0x00,0x00,0x00,0x00,0x00,0x00,0x00,0x00,  //0xc320~0xc32f      ................
0x00,0x00,0x00,0x00,0x00,0x00,0x00,0x00,0x00,0x00,0x00,0x00,0x00,0x00,0x00,0x00,  //0xc330~0xc33f      ................
0x00,0x00,0x00,0x00,0x00,0x00,0x00,0x00,0x00,0x00,0x00,0x00,0x00,0x00,0x00,0x00,  //0xc340~0xc34f      ................
0x00,0x00,0x00,0x00,0x00,0x00,0x00,0x00,0x00,0x00,0x00,0x00,0x00,0x00,0x00,0x00,  //0xc350~0xc35f      ................
0x00,0x00,0x00,0x00,0x00,0x00,0x00,0x00,0x00,0x00,0x00,0x00,0x00,0x00,0x00,0x00,  //0xc360~0xc36f      ................
0x00,0x00,0x00,0x00,0x00,0x00,0x00,0x00,0x00,0x00,0x00,0x00,0x00,0x00,0x00,0x00,  //0xc370~0xc37f      ................
0x00,0x00,0x00,0x00,0x00,0x00,0x00,0x00,0x00,0x00,0x00,0x00,0x00,0x00,0x00,0x00,  //0xc380~0xc38f      ................
0x00,0x00,0x00,0x00,0x00,0x00,0x00,0x00,0x00,0x00,0x00,0x00,0x00,0x00,0x00,0x00,  //0xc390~0xc39f      ................
0x00,0x00,0x00,0x00,0x00,0x00,0x00,0x00,0x00,0x00,0x00,0x00,0x00,0x00,0x00,0x00,  //0xc3a0~0xc3af      ................
0x00,0x00,0x00,0x00,0x00,0x00,0x00,0x00,0x00,0x00,0x00,0x00,0x00,0x00,0x00,0x00,  //0xc3b0~0xc3bf      ................
0x00,0x00,0x00,0x00,0x00,0x00,0x00,0x00,0x00,0x00,0x00,0x00,0x00,0x00,0x00,0x00,  //0xc3c0~0xc3cf      ................
0x00,0x00,0x00,0x00,0x00,0x00,0x00,0x00,0x00,0x00,0x00,0x00,0x00,0x00,0x00,0x00,  //0xc3d0~0xc3df      ................
0x00,0x00,0x00,0x00,0x00,0x00,0x00,0x00,0x00,0x00,0x00,0x00,0x00,0x00,0x00,0x00,  //0xc3e0~0xc3ef      ................
0x00,0x00,0x00,0x00,0x00,0x00,0x00,0x00,0x00,0x00,0x00,0x00,0x00,0x00,0x00,0x00,  //0xc3f0~0xc3ff      ................
0x00,0x00,0x00,0x00,0x00,0x00,0x00,0x00,0x00,0x00,0x00,0x00,0x00,0x00,0x00,0x00,  //0xc400~0xc40f      ................
0x00,0x00,0x00,0x00,0x00,0x00,0x00,0x00,0x00,0x00,0x00,0x00,0x00,0x00,0x00,0x00,  //0xc410~0xc41f      ................
0x00,0x00,0x00,0x00,0x00,0x00,0x00,0x00,0x00,0x00,0x00,0x00,0x00,0x00,0x00,0x00,  //0xc420~0xc42f      ................
0x00,0x00,0x00,0x00,0x00,0x00,0x00,0x00,0x00,0x00,0x00,0x00,0x00,0x00,0x00,0x00,  //0xc430~0xc43f      ................
0x00,0x00,0x00,0x00,0x00,0x00,0x00,0x00,0x00,0x00,0x00,0x00,0x00,0x00,0x00,0x00,  //0xc440~0xc44f      ................
0x00,0x00,0x00,0x00,0x00,0x00,0x00,0x00,0x00,0x00,0x00,0x00,0x00,0x00,0x00,0x00,  //0xc450~0xc45f      ................
0x00,0x00,0x00,0x00,0x00,0x00,0x00,0x00,0x00,0x00,0x00,0x00,0x00,0x00,0x00,0x00,  //0xc460~0xc46f      ................
0x00,0x00,0x00,0x00,0x00,0x00,0x00,0x00,0x00,0x00,0x00,0x00,0x00,0x00,0x00,0x00,  //0xc470~0xc47f      ................
0x00,0x00,0x00,0x00,0x00,0x00,0x00,0x00,0x00,0x00,0x00,0x00,0x00,0x00,0x00,0x00,  //0xc480~0xc48f      ................
0x00,0x00,0x00,0x00,0x00,0x00,0x00,0x00,0x00,0x00,0x00,0x00,0x00,0x00,0x00,0x00,  //0xc490~0xc49f      ................
0x00,0x00,0x00,0x00,0x00,0x00,0x00,0x00,0x00,0x00,0x00,0x00,0x00,0x00,0x00,0x00,  //0xc4a0~0xc4af      ................
0x00,0x00,0x00,0x00,0x00,0x00,0x00,0x00,0x00,0x00,0x00,0x00,0x00,0x00,0x00,0x00,  //0xc4b0~0xc4bf      ................
0x00,0x00,0x00,0x00,0x00,0x00,0x00,0x00,0x00,0x00,0x00,0x00,0x00,0x00,0x00,0x00,  //0xc4c0~0xc4cf      ................
0x00,0x00,0x00,0x00,0x00,0x00,0x00,0x00,0x00,0x00,0x00,0x00,0x00,0x00,0x00,0x00,  //0xc4d0~0xc4df      ................
0x00,0x00,0x00,0x00,0x00,0x00,0x00,0x00,0x00,0x00,0x00,0x00,0x00,0x00,0x00,0x00,  //0xc4e0~0xc4ef      ................
0x00,0x00,0x00,0x00,0x00,0x00,0x00,0x00,0x00,0x00,0x00,0x00,0x00,0x00,0x00,0x00,  //0xc4f0~0xc4ff      ................
0x00,0x00,0x00,0x00,0x00,0x00,0x00,0x00,0x00,0x00,0x00,0x00,0x00,0x00,0x00,0x00,  //0xc500~0xc50f      ................
0x00,0x00,0x00,0x00,0x00,0x00,0x00,0x00,0x00,0x00,0x00,0x00,0x00,0x00,0x00,0x00,  //0xc510~0xc51f      ................
0x00,0x00,0x00,0x00,0x00,0x00,0x00,0x00,0x00,0x00,0x00,0x00,0x00,0x00,0x00,0x00,  //0xc520~0xc52f      ................
0x00,0x00,0x00,0x00,0x00,0x00,0x00,0x00,0x00,0x00,0x00,0x00,0x00,0x00,0x00,0x00,  //0xc530~0xc53f      ................
0x00,0x00,0x00,0x00,0x00,0x00,0x00,0x00,0x00,0x00,0x00,0x00,0x00,0x00,0x00,0x00,  //0xc540~0xc54f      ................
0x00,0x00,0x00,0x00,0x00,0x00,0x00,0x00,0x00,0x00,0x00,0x00,0x00,0x00,0x00,0x00,  //0xc550~0xc55f      ................
0x00,0x00,0x00,0x00,0x00,0x00,0x00,0x00,0x00,0x00,0x00,0x00,0x00,0x00,0x00,0x00,  //0xc560~0xc56f      ................
0x00,0x00,0x00,0x00,0x00,0x00,0x00,0x00,0x00,0x00,0x00,0x00,0x00,0x00,0x00,0x00,  //0xc570~0xc57f      ................
0x00,0x00,0x00,0x00,0x00,0x00,0x00,0x00,0x00,0x00,0x00,0x00,0x00,0x00,0x00,0x00,  //0xc580~0xc58f      ................
0x00,0x00,0x00,0x00,0x00,0x00,0x00,0x00,0x00,0x00,0x00,0x00,0x00,0x00,0x00,0x00,  //0xc590~0xc59f      ................
0x00,0x00,0x00,0x00,0x00,0x00,0x00,0x00,0x00,0x00,0x00,0x00,0x00,0x00,0x00,0x00,  //0xc5a0~0xc5af      ................
0x00,0x00,0x00,0x00,0x00,0x00,0x00,0x00,0x00,0x00,0x00,0x00,0x00,0x00,0x00,0x00,  //0xc5b0~0xc5bf      ................
0x00,0x00,0x00,0x00,0x00,0x00,0x00,0x00,0x00,0x00,0x00,0x00,0x00,0x00,0x00,0x00,  //0xc5c0~0xc5cf      ................
0x00,0x00,0x00,0x00,0x00,0x00,0x00,0x00,0x00,0x00,0x00,0x00,0x00,0x00,0x00,0x00,  //0xc5d0~0xc5df      ................
0x00,0x00,0x00,0x00,0x00,0x00,0x00,0x00,0x00,0x00,0x00,0x00,0x00,0x00,0x00,0x00,  //0xc5e0~0xc5ef      ................
0x00,0x00,0x00,0x00,0x00,0x00,0x00,0x00,0x00,0x00,0x00,0x00,0x00,0x00,0x00,0x00,  //0xc5f0~0xc5ff      ................
0x00,0x00,0x00,0x00,0x00,0x00,0x00,0x00,0x00,0x00,0x00,0x00,0x00,0x00,0x00,0x00,  //0xc600~0xc60f      ................
0x00,0x00,0x00,0x00,0x00,0x00,0x00,0x00,0x00,0x00,0x00,0x00,0x00,0x00,0x00,0x00,  //0xc610~0xc61f      ................
0x00,0x00,0x00,0x00,0x00,0x00,0x00,0x00,0x00,0x00,0x00,0x00,0x00,0x00,0x00,0x00,  //0xc620~0xc62f      ................
0x00,0x00,0x00,0x00,0x00,0x00,0x00,0x00,0x00,0x00,0x00,0x00,0x00,0x00,0x00,0x00,  //0xc630~0xc63f      ................
0x00,0x00,0x00,0x00,0x00,0x00,0x00,0x00,0x00,0x00,0x00,0x00,0x00,0x00,0x00,0x00,  //0xc640~0xc64f      ................
0x00,0x00,0x00,0x00,0x00,0x00,0x00,0x00,0x00,0x00,0x00,0x00,0x00,0x00,0x00,0x00,  //0xc650~0xc65f      ................
0x00,0x00,0x00,0x00,0x00,0x00,0x00,0x00,0x00,0x00,0x00,0x00,0x00,0x00,0x00,0x00,  //0xc660~0xc66f      ................
0x00,0x00,0x00,0x00,0x00,0x00,0x00,0x00,0x00,0x00,0x00,0x00,0x00,0x00,0x00,0x00,  //0xc670~0xc67f      ................
0x00,0x00,0x00,0x00,0x00,0x00,0x00,0x00,0x00,0x00,0x00,0x00,0x00,0x00,0x00,0x00,  //0xc680~0xc68f      ................
0x00,0x00,0x00,0x00,0x00,0x00,0x00,0x00,0x00,0x00,0x00,0x00,0x00,0x00,0x00,0x00,  //0xc690~0xc69f      ................
0x00,0x00,0x00,0x00,0x00,0x00,0x00,0x00,0x00,0x00,0x00,0x00,0x00,0x00,0x00,0x00,  //0xc6a0~0xc6af      ................
0x00,0x00,0x00,0x00,0x00,0x00,0x00,0x00,0x00,0x00,0x00,0x00,0x00,0x00,0x00,0x00,  //0xc6b0~0xc6bf      ................
0x00,0x00,0x00,0x00,0x00,0x00,0x00,0x00,0x00,0x00,0x00,0x00,0x00,0x00,0x00,0x00,  //0xc6c0~0xc6cf      ................
0x00,0x00,0x00,0x00,0x00,0x00,0x00,0x00,0x00,0x00,0x00,0x00,0x00,0x00,0x00,0x00,  //0xc6d0~0xc6df      ................
0x00,0x00,0x00,0x00,0x00,0x00,0x00,0x00,0x00,0x00,0x00,0x00,0x00,0x00,0x00,0x00,  //0xc6e0~0xc6ef      ................
0x00,0x00,0x00,0x00,0x00,0x00,0x00,0x00,0x00,0x00,0x00,0x00,0x00,0x00,0x00,0x00,  //0xc6f0~0xc6ff      ................
0x00,0x00,0x00,0x00,0x00,0x00,0x00,0x00,0x00,0x00,0x00,0x00,0x00,0x00,0x00,0x00,  //0xc700~0xc70f      ................
0x00,0x00,0x00,0x00,0x00,0x00,0x00,0x00,0x00,0x00,0x00,0x00,0x00,0x00,0x00,0x00,  //0xc710~0xc71f      ................
0x00,0x00,0x00,0x00,0x00,0x00,0x00,0x00,0x00,0x00,0x00,0x00,0x00,0x00,0x00,0x00,  //0xc720~0xc72f      ................
0x00,0x00,0x00,0x00,0x00,0x00,0x00,0x00,0x00,0x00,0x00,0x00,0x00,0x00,0x00,0x00,  //0xc730~0xc73f      ................
0x00,0x00,0x00,0x00,0x00,0x00,0x00,0x00,0x00,0x00,0x00,0x00,0x00,0x00,0x00,0x00,  //0xc740~0xc74f      ................
0x00,0x00,0x00,0x00,0x00,0x00,0x00,0x00,0x00,0x00,0x00,0x00,0x00,0x00,0x00,0x00,  //0xc750~0xc75f      ................
0x00,0x00,0x00,0x00,0x00,0x00,0x00,0x00,0x00,0x00,0x00,0x00,0x00,0x00,0x00,0x00,  //0xc760~0xc76f      ................
0x00,0x00,0x00,0x00,0x00,0x00,0x00,0x00,0x00,0x00,0x00,0x00,0x00,0x00,0x00,0x00,  //0xc770~0xc77f      ................
0x00,0x00,0x00,0x00,0x00,0x00,0x00,0x00,0x00,0x00,0x00,0x00,0x00,0x00,0x00,0x00,  //0xc780~0xc78f      ................
0x00,0x00,0x00,0x00,0x00,0x00,0x00,0x00,0x00,0x00,0x00,0x00,0x00,0x00,0x00,0x00,  //0xc790~0xc79f      ................
0x00,0x00,0x00,0x00,0x00,0x00,0x00,0x00,0x00,0x00,0x00,0x00,0x00,0x00,0x00,0x00,  //0xc7a0~0xc7af      ................
0x00,0x00,0x00,0x00,0x00,0x00,0x00,0x00,0x00,0x00,0x00,0x00,0x00,0x00,0x00,0x00,  //0xc7b0~0xc7bf      ................
0x00,0x00,0x00,0x00,0x00,0x00,0x00,0x00,0x00,0x00,0x00,0x00,0x00,0x00,0x00,0x00,  //0xc7c0~0xc7cf      ................
0x00,0x00,0x00,0x00,0x00,0x00,0x00,0x00,0x00,0x00,0x00,0x00,0x00,0x00,0x00,0x00,  //0xc7d0~0xc7df      ................
0x00,0x00,0x00,0x00,0x00,0x00,0x00,0x00,0x00,0x00,0x00,0x00,0x00,0x00,0x00,0x00,  //0xc7e0~0xc7ef      ................
0x00,0x00,0x00,0x00,0x00,0x00,0x00,0x00,0x00,0x00,0x00,0x00,0x00,0x00,0x00,0x00,  //0xc7f0~0xc7ff      ................
0x00,0x00,0x00,0x00,0x00,0x00,0x00,0x00,0x00,0x00,0x00,0x00,0x00,0x00,0x00,0x00,  //0xc800~0xc80f      ................
0x00,0x00,0x00,0x00,0x00,0x00,0x00,0x00,0x00,0x00,0x00,0x00,0x00,0x00,0x00,0x00,  //0xc810~0xc81f      ................
0x00,0x00,0x00,0x00,0x00,0x00,0x00,0x00,0x00,0x00,0x00,0x00,0x00,0x00,0x00,0x00,  //0xc820~0xc82f      ................
0x00,0x00,0x00,0x00,0x00,0x00,0x00,0x00,0x00,0x00,0x00,0x00,0x00,0x00,0x00,0x00,  //0xc830~0xc83f      ................
0x00,0x00,0x00,0x00,0x00,0x00,0x00,0x00,0x00,0x00,0x00,0x00,0x00,0x00,0x00,0x00,  //0xc840~0xc84f      ................
0x00,0x00,0x00,0x00,0x00,0x00,0x00,0x00,0x00,0x00,0x00,0x00,0x00,0x00,0x00,0x00,  //0xc850~0xc85f      ................
0x00,0x00,0x00,0x00,0x00,0x00,0x00,0x00,0x00,0x00,0x00,0x00,0x00,0x00,0x00,0x00,  //0xc860~0xc86f      ................
0x00,0x00,0x00,0x00,0x00,0x00,0x00,0x00,0x00,0x00,0x00,0x00,0x00,0x00,0x00,0x00,  //0xc870~0xc87f      ................
0x00,0x00,0x00,0x00,0x00,0x00,0x00,0x00,0x00,0x00,0x00,0x00,0x00,0x00,0x00,0x00,  //0xc880~0xc88f      ................
0x00,0x00,0x00,0x00,0x00,0x00,0x00,0x00,0x00,0x00,0x00,0x00,0x00,0x00,0x00,0x00,  //0xc890~0xc89f      ................
0x00,0x00,0x00,0x00,0x00,0x00,0x00,0x00,0x00,0x00,0x00,0x00,0x00,0x00,0x00,0x00,  //0xc8a0~0xc8af      ................
0x00,0x00,0x00,0x00,0x00,0x00,0x00,0x00,0x00,0x00,0x00,0x00,0x00,0x00,0x00,0x00,  //0xc8b0~0xc8bf      ................
0x00,0x00,0x00,0x00,0x00,0x00,0x00,0x00,0x00,0x00,0x00,0x00,0x00,0x00,0x00,0x00,  //0xc8c0~0xc8cf      ................
0x00,0x00,0x00,0x00,0x00,0x00,0x00,0x00,0x00,0x00,0x00,0x00,0x00,0x00,0x00,0x00,  //0xc8d0~0xc8df      ................
0x00,0x00,0x00,0x00,0x00,0x00,0x00,0x00,0x00,0x00,0x00,0x00,0x00,0x00,0x00,0x00,  //0xc8e0~0xc8ef      ................
0x00,0x00,0x00,0x00,0x00,0x00,0x00,0x00,0x00,0x00,0x00,0x00,0x00,0x00,0x00,0x00,  //0xc8f0~0xc8ff      ................
0x00,0x00,0x00,0x00,0x00,0x00,0x00,0x00,0x00,0x00,0x00,0x00,0x00,0x00,0x00,0x00,  //0xc900~0xc90f      ................
0x00,0x00,0x00,0x00,0x00,0x00,0x00,0x00,0x00,0x00,0x00,0x00,0x00,0x00,0x00,0x00,  //0xc910~0xc91f      ................
0x00,0x00,0x00,0x00,0x00,0x00,0x00,0x00,0x00,0x00,0x00,0x00,0x00,0x00,0x00,0x00,  //0xc920~0xc92f      ................
0x00,0x00,0x00,0x00,0x00,0x00,0x00,0x00,0x00,0x00,0x00,0x00,0x00,0x00,0x00,0x00,  //0xc930~0xc93f      ................
0x00,0x00,0x00,0x00,0x00,0x00,0x00,0x00,0x00,0x00,0x00,0x00,0x00,0x00,0x00,0x00,  //0xc940~0xc94f      ................
0x00,0x00,0x00,0x00,0x00,0x00,0x00,0x00,0x00,0x00,0x00,0x00,0x00,0x00,0x00,0x00,  //0xc950~0xc95f      ................
0x00,0x00,0x00,0x00,0x00,0x00,0x00,0x00,0x00,0x00,0x00,0x00,0x00,0x00,0x00,0x00,  //0xc960~0xc96f      ................
0x00,0x00,0x00,0x00,0x00,0x00,0x00,0x00,0x00,0x00,0x00,0x00,0x00,0x00,0x00,0x00,  //0xc970~0xc97f      ................
0x00,0x00,0x00,0x00,0x00,0x00,0x00,0x00,0x00,0x00,0x00,0x00,0x00,0x00,0x00,0x00,  //0xc980~0xc98f      ................
0x00,0x00,0x00,0x00,0x00,0x00,0x00,0x00,0x00,0x00,0x00,0x00,0x00,0x00,0x00,0x00,  //0xc990~0xc99f      ................
0x00,0x00,0x00,0x00,0x00,0x00,0x00,0x00,0x00,0x00,0x00,0x00,0x00,0x00,0x00,0x00,  //0xc9a0~0xc9af      ................
0x00,0x00,0x00,0x00,0x00,0x00,0x00,0x00,0x00,0x00,0x00,0x00,0x00,0x00,0x00,0x00,  //0xc9b0~0xc9bf      ................
0x00,0x00,0x00,0x00,0x00,0x00,0x00,0x00,0x00,0x00,0x00,0x00,0x00,0x00,0x00,0x00,  //0xc9c0~0xc9cf      ................
0x00,0x00,0x00,0x00,0x00,0x00,0x00,0x00,0x00,0x00,0x00,0x00,0x00,0x00,0x00,0x00,  //0xc9d0~0xc9df      ................
0x00,0x00,0x00,0x00,0x00,0x00,0x00,0x00,0x00,0x00,0x00,0x00,0x00,0x00,0x00,0x00,  //0xc9e0~0xc9ef      ................
0x00,0x00,0x00,0x00,0x00,0x00,0x00,0x00,0x00,0x00,0x00,0x00,0x00,0x00,0x00,0x00,  //0xc9f0~0xc9ff      ................
0x00,0x00,0x00,0x00,0x00,0x00,0x00,0x00,0x00,0x00,0x00,0x00,0x00,0x00,0x00,0x00,  //0xca00~0xca0f      ................
0x00,0x00,0x00,0x00,0x00,0x00,0x00,0x00,0x00,0x00,0x00,0x00,0x00,0x00,0x00,0x00,  //0xca10~0xca1f      ................
0x00,0x00,0x00,0x00,0x00,0x00,0x00,0x00,0x00,0x00,0x00,0x00,0x00,0x00,0x00,0x00,  //0xca20~0xca2f      ................
0x00,0x00,0x00,0x00,0x00,0x00,0x00,0x00,0x00,0x00,0x00,0x00,0x00,0x00,0x00,0x00,  //0xca30~0xca3f      ................
0x00,0x00,0x00,0x00,0x00,0x00,0x00,0x00,0x00,0x00,0x00,0x00,0x00,0x00,0x00,0x00,  //0xca40~0xca4f      ................
0x00,0x00,0x00,0x00,0x00,0x00,0x00,0x00,0x00,0x00,0x00,0x00,0x00,0x00,0x00,0x00,  //0xca50~0xca5f      ................
0x00,0x00,0x00,0x00,0x00,0x00,0x00,0x00,0x00,0x00,0x00,0x00,0x00,0x00,0x00,0x00,  //0xca60~0xca6f      ................
0x00,0x00,0x00,0x00,0x00,0x00,0x00,0x00,0x00,0x00,0x00,0x00,0x00,0x00,0x00,0x00,  //0xca70~0xca7f      ................
0x00,0x00,0x00,0x00,0x00,0x00,0x00,0x00,0x00,0x00,0x00,0x00,0x00,0x00,0x00,0x00,  //0xca80~0xca8f      ................
0x00,0x00,0x00,0x00,0x00,0x00,0x00,0x00,0x00,0x00,0x00,0x00,0x00,0x00,0x00,0x00,  //0xca90~0xca9f      ................
0x00,0x00,0x00,0x00,0x00,0x00,0x00,0x00,0x00,0x00,0x00,0x00,0x00,0x00,0x00,0x00,  //0xcaa0~0xcaaf      ................
0x00,0x00,0x00,0x00,0x00,0x00,0x00,0x00,0x00,0x00,0x00,0x00,0x00,0x00,0x00,0x00,  //0xcab0~0xcabf      ................
0x00,0x00,0x00,0x00,0x00,0x00,0x00,0x00,0x00,0x00,0x00,0x00,0x00,0x00,0x00,0x00,  //0xcac0~0xcacf      ................
0x00,0x00,0x00,0x00,0x00,0x00,0x00,0x00,0x00,0x00,0x00,0x00,0x00,0x00,0x00,0x00,  //0xcad0~0xcadf      ................
0x00,0x00,0x00,0x00,0x00,0x00,0x00,0x00,0x00,0x00,0x00,0x00,0x00,0x00,0x00,0x00,  //0xcae0~0xcaef      ................
0x00,0x00,0x00,0x00,0x00,0x00,0x00,0x00,0x00,0x00,0x00,0x00,0x00,0x00,0x00,0x00,  //0xcaf0~0xcaff      ................
0x00,0x00,0x00,0x00,0x00,0x00,0x00,0x00,0x00,0x00,0x00,0x00,0x00,0x00,0x00,0x00,  //0xcb00~0xcb0f      ................
0x00,0x00,0x00,0x00,0x00,0x00,0x00,0x00,0x00,0x00,0x00,0x00,0x00,0x00,0x00,0x00,  //0xcb10~0xcb1f      ................
0x00,0x00,0x00,0x00,0x00,0x00,0x00,0x00,0x00,0x00,0x00,0x00,0x00,0x00,0x00,0x00,  //0xcb20~0xcb2f      ................
0x00,0x00,0x00,0x00,0x00,0x00,0x00,0x00,0x00,0x00,0x00,0x00,0x00,0x00,0x00,0x00,  //0xcb30~0xcb3f      ................
0x00,0x00,0x00,0x00,0x00,0x00,0x00,0x00,0x00,0x00,0x00,0x00,0x00,0x00,0x00,0x00,  //0xcb40~0xcb4f      ................
0x00,0x00,0x00,0x00,0x00,0x00,0x00,0x00,0x00,0x00,0x00,0x00,0x00,0x00,0x00,0x00,  //0xcb50~0xcb5f      ................
0x00,0x00,0x00,0x00,0x00,0x00,0x00,0x00,0x00,0x00,0x00,0x00,0x00,0x00,0x00,0x00,  //0xcb60~0xcb6f      ................
0x00,0x00,0x00,0x00,0x00,0x00,0x00,0x00,0x00,0x00,0x00,0x00,0x00,0x00,0x00,0x00,  //0xcb70~0xcb7f      ................
0x00,0x00,0x00,0x00,0x00,0x00,0x00,0x00,0x00,0x00,0x00,0x00,0x00,0x00,0x00,0x00,  //0xcb80~0xcb8f      ................
0x00,0x00,0x00,0x00,0x00,0x00,0x00,0x00,0x00,0x00,0x00,0x00,0x00,0x00,0x00,0x00,  //0xcb90~0xcb9f      ................
0x00,0x00,0x00,0x00,0x00,0x00,0x00,0x00,0x00,0x00,0x00,0x00,0x00,0x00,0x00,0x00,  //0xcba0~0xcbaf      ................
0x00,0x00,0x00,0x00,0x00,0x00,0x00,0x00,0x00,0x00,0x00,0x00,0x00,0x00,0x00,0x00,  //0xcbb0~0xcbbf      ................
0x00,0x00,0x00,0x00,0x00,0x00,0x00,0x00,0x00,0x00,0x00,0x00,0x00,0x00,0x00,0x00,  //0xcbc0~0xcbcf      ................
0x00,0x00,0x00,0x00,0x00,0x00,0x00,0x00,0x00,0x00,0x00,0x00,0x00,0x00,0x00,0x00,  //0xcbd0~0xcbdf      ................
0x00,0x00,0x00,0x00,0x00,0x00,0x00,0x00,0x00,0x00,0x00,0x00,0x00,0x00,0x00,0x00,  //0xcbe0~0xcbef      ................
0x00,0x00,0x00,0x00,0x00,0x00,0x00,0x00,0x00,0x00,0x00,0x00,0x00,0x00,0x00,0x00,  //0xcbf0~0xcbff      ................
0x00,0x00,0x00,0x00,0x00,0x00,0x00,0x00,0x00,0x00,0x00,0x00,0x00,0x00,0x00,0x00,  //0xcc00~0xcc0f      ................
0x00,0x00,0x00,0x00,0x00,0x00,0x00,0x00,0x00,0x00,0x00,0x00,0x00,0x00,0x00,0x00,  //0xcc10~0xcc1f      ................
0x00,0x00,0x00,0x00,0x00,0x00,0x00,0x00,0x00,0x00,0x00,0x00,0x00,0x00,0x00,0x00,  //0xcc20~0xcc2f      ................
0x00,0x00,0x00,0x00,0x00,0x00,0x00,0x00,0x00,0x00,0x00,0x00,0x00,0x00,0x00,0x00,  //0xcc30~0xcc3f      ................
0x00,0x00,0x00,0x00,0x00,0x00,0x00,0x00,0x00,0x00,0x00,0x00,0x00,0x00,0x00,0x00,  //0xcc40~0xcc4f      ................
0x00,0x00,0x00,0x00,0x00,0x00,0x00,0x00,0x00,0x00,0x00,0x00,0x00,0x00,0x00,0x00,  //0xcc50~0xcc5f      ................
0x00,0x00,0x00,0x00,0x00,0x00,0x00,0x00,0x00,0x00,0x00,0x00,0x00,0x00,0x00,0x00,  //0xcc60~0xcc6f      ................
0x00,0x00,0x00,0x00,0x00,0x00,0x00,0x00,0x00,0x00,0x00,0x00,0x00,0x00,0x00,0x00,  //0xcc70~0xcc7f      ................
0x00,0x00,0x00,0x00,0x00,0x00,0x00,0x00,0x00,0x00,0x00,0x00,0x00,0x00,0x00,0x00,  //0xcc80~0xcc8f      ................
0x00,0x00,0x00,0x00,0x00,0x00,0x00,0x00,0x00,0x00,0x00,0x00,0x00,0x00,0x00,0x00,  //0xcc90~0xcc9f      ................
0x00,0x00,0x00,0x00,0x00,0x00,0x00,0x00,0x00,0x00,0x00,0x00,0x00,0x00,0x00,0x00,  //0xcca0~0xccaf      ................
0x00,0x00,0x00,0x00,0x00,0x00,0x00,0x00,0x00,0x00,0x00,0x00,0x00,0x00,0x00,0x00,  //0xccb0~0xccbf      ................
0x00,0x00,0x00,0x00,0x00,0x00,0x00,0x00,0x00,0x00,0x00,0x00,0x00,0x00,0x00,0x00,  //0xccc0~0xcccf      ................
0x00,0x00,0x00,0x00,0x00,0x00,0x00,0x00,0x00,0x00,0x00,0x00,0x00,0x00,0x00,0x00,  //0xccd0~0xccdf      ................
0x00,0x00,0x00,0x00,0x00,0x00,0x00,0x00,0x00,0x00,0x00,0x00,0x00,0x00,0x00,0x00,  //0xcce0~0xccef      ................
0x00,0x00,0x00,0x00,0x00,0x00,0x00,0x00,0x00,0x00,0x00,0x00,0x00,0x00,0x00,0x00,  //0xccf0~0xccff      ................
0x00,0x00,0x00,0x00,0x00,0x00,0x00,0x00,0x00,0x00,0x00,0x00,0x00,0x00,0x00,0x00,  //0xcd00~0xcd0f      ................
0x00,0x00,0x00,0x00,0x00,0x00,0x00,0x00,0x00,0x00,0x00,0x00,0x00,0x00,0x00,0x00,  //0xcd10~0xcd1f      ................
0x00,0x00,0x00,0x00,0x00,0x00,0x00,0x00,0x00,0x00,0x00,0x00,0x00,0x00,0x00,0x00,  //0xcd20~0xcd2f      ................
0x00,0x00,0x00,0x00,0x00,0x00,0x00,0x00,0x00,0x00,0x00,0x00,0x00,0x00,0x00,0x00,  //0xcd30~0xcd3f      ................
0x00,0x00,0x00,0x00,0x00,0x00,0x00,0x00,0x00,0x00,0x00,0x00,0x00,0x00,0x00,0x00,  //0xcd40~0xcd4f      ................
0x00,0x00,0x00,0x00,0x00,0x00,0x00,0x00,0x00,0x00,0x00,0x00,0x00,0x00,0x00,0x00,  //0xcd50~0xcd5f      ................
0x00,0x00,0x00,0x00,0x00,0x00,0x00,0x00,0x00,0x00,0x00,0x00,0x00,0x00,0x00,0x00,  //0xcd60~0xcd6f      ................
0x00,0x00,0x00,0x00,0x00,0x00,0x00,0x00,0x00,0x00,0x00,0x00,0x00,0x00,0x00,0x00,  //0xcd70~0xcd7f      ................
0x00,0x00,0x00,0x00,0x00,0x00,0x00,0x00,0x00,0x00,0x00,0x00,0x00,0x00,0x00,0x00,  //0xcd80~0xcd8f      ................
0x00,0x00,0x00,0x00,0x00,0x00,0x00,0x00,0x00,0x00,0x00,0x00,0x00,0x00,0x00,0x00,  //0xcd90~0xcd9f      ................
0x00,0x00,0x00,0x00,0x00,0x00,0x00,0x00,0x00,0x00,0x00,0x00,0x00,0x00,0x00,0x00,  //0xcda0~0xcdaf      ................
0x00,0x00,0x00,0x00,0x00,0x00,0x00,0x00,0x00,0x00,0x00,0x00,0x00,0x00,0x00,0x00,  //0xcdb0~0xcdbf      ................
0x00,0x00,0x00,0x00,0x00,0x00,0x00,0x00,0x00,0x00,0x00,0x00,0x00,0x00,0x00,0x00,  //0xcdc0~0xcdcf      ................
0x00,0x00,0x00,0x00,0x00,0x00,0x00,0x00,0x00,0x00,0x00,0x00,0x00,0x00,0x00,0x00,  //0xcdd0~0xcddf      ................
0x00,0x00,0x00,0x00,0x00,0x00,0x00,0x00,0x00,0x00,0x00,0x00,0x00,0x00,0x00,0x00,  //0xcde0~0xcdef      ................
0x00,0x00,0x00,0x00,0x00,0x00,0x00,0x00,0x00,0x00,0x00,0x00,0x00,0x00,0x00,0x00,  //0xcdf0~0xcdff      ................
0x00,0x00,0x00,0x00,0x00,0x00,0x00,0x00,0x00,0x00,0x00,0x00,0x00,0x00,0x00,0x00,  //0xce00~0xce0f      ................
0x00,0x00,0x00,0x00,0x00,0x00,0x00,0x00,0x00,0x00,0x00,0x00,0x00,0x00,0x00,0x00,  //0xce10~0xce1f      ................
0x00,0x00,0x00,0x00,0x00,0x00,0x00,0x00,0x00,0x00,0x00,0x00,0x00,0x00,0x00,0x00,  //0xce20~0xce2f      ................
0x00,0x00,0x00,0x00,0x00,0x00,0x00,0x00,0x00,0x00,0x00,0x00,0x00,0x00,0x00,0x00,  //0xce30~0xce3f      ................
0x00,0x00,0x00,0x00,0x00,0x00,0x00,0x00,0x00,0x00,0x00,0x00,0x00,0x00,0x00,0x00,  //0xce40~0xce4f      ................
0x00,0x00,0x00,0x00,0x00,0x00,0x00,0x00,0x00,0x00,0x00,0x00,0x00,0x00,0x00,0x00,  //0xce50~0xce5f      ................
0x00,0x00,0x00,0x00,0x00,0x00,0x00,0x00,0x00,0x00,0x00,0x00,0x00,0x00,0x00,0x00,  //0xce60~0xce6f      ................
0x00,0x00,0x00,0x00,0x00,0x00,0x00,0x00,0x00,0x00,0x00,0x00,0x00,0x00,0x00,0x00,  //0xce70~0xce7f      ................
0x00,0x00,0x00,0x00,0x00,0x00,0x00,0x00,0x00,0x00,0x00,0x00,0x00,0x00,0x00,0x00,  //0xce80~0xce8f      ................
0x00,0x00,0x00,0x00,0x00,0x00,0x00,0x00,0x00,0x00,0x00,0x00,0x00,0x00,0x00,0x00,  //0xce90~0xce9f      ................
0x00,0x00,0x00,0x00,0x00,0x00,0x00,0x00,0x00,0x00,0x00,0x00,0x00,0x00,0x00,0x00,  //0xcea0~0xceaf      ................
0x00,0x00,0x00,0x00,0x00,0x00,0x00,0x00,0x00,0x00,0x00,0x00,0x00,0x00,0x00,0x00,  //0xceb0~0xcebf      ................
0x00,0x00,0x00,0x00,0x00,0x00,0x00,0x00,0x00,0x00,0x00,0x00,0x00,0x00,0x00,0x00,  //0xcec0~0xcecf      ................
0x00,0x00,0x00,0x00,0x00,0x00,0x00,0x00,0x00,0x00,0x00,0x00,0x00,0x00,0x00,0x00,  //0xced0~0xcedf      ................
0x00,0x00,0x00,0x00,0x00,0x00,0x00,0x00,0x00,0x00,0x00,0x00,0x00,0x00,0x00,0x00,  //0xcee0~0xceef      ................
0x00,0x00,0x00,0x00,0x00,0x00,0x00,0x00,0x00,0x00,0x00,0x00,0x00,0x00,0x00,0x00,  //0xcef0~0xceff      ................
0x00,0x00,0x00,0x00,0x00,0x00,0x00,0x00,0x00,0x00,0x00,0x00,0x00,0x00,0x00,0x00,  //0xcf00~0xcf0f      ................
0x00,0x00,0x00,0x00,0x00,0x00,0x00,0x00,0x00,0x00,0x00,0x00,0x00,0x00,0x00,0x00,  //0xcf10~0xcf1f      ................
0x00,0x00,0x00,0x00,0x00,0x00,0x00,0x00,0x00,0x00,0x00,0x00,0x00,0x00,0x00,0x00,  //0xcf20~0xcf2f      ................
0x00,0x00,0x00,0x00,0x00,0x00,0x00,0x00,0x00,0x00,0x00,0x00,0x00,0x00,0x00,0x00,  //0xcf30~0xcf3f      ................
0x00,0x00,0x00,0x00,0x00,0x00,0x00,0x00,0x00,0x00,0x00,0x00,0x00,0x00,0x00,0x00,  //0xcf40~0xcf4f      ................
0x00,0x00,0x00,0x00,0x00,0x00,0x00,0x00,0x00,0x00,0x00,0x00,0x00,0x00,0x00,0x00,  //0xcf50~0xcf5f      ................
0x00,0x00,0x00,0x00,0x00,0x00,0x00,0x00,0x00,0x00,0x00,0x00,0x00,0x00,0x00,0x00,  //0xcf60~0xcf6f      ................
0x00,0x00,0x00,0x00,0x00,0x00,0x00,0x00,0x00,0x00,0x00,0x00,0x00,0x00,0x00,0x00,  //0xcf70~0xcf7f      ................
0x00,0x00,0x00,0x00,0x00,0x00,0x00,0x00,0x00,0x00,0x00,0x00,0x00,0x00,0x00,0x00,  //0xcf80~0xcf8f      ................
0x00,0x00,0x00,0x00,0x00,0x00,0x00,0x00,0x00,0x00,0x00,0x00,0x00,0x00,0x00,0x00,  //0xcf90~0xcf9f      ................
0x00,0x00,0x00,0x00,0x00,0x00,0x00,0x00,0x00,0x00,0x00,0x00,0x00,0x00,0x00,0x00,  //0xcfa0~0xcfaf      ................
0x00,0x00,0x00,0x00,0x00,0x00,0x00,0x00,0x00,0x00,0x00,0x00,0x00,0x00,0x00,0x00,  //0xcfb0~0xcfbf      ................
0x00,0x00,0x00,0x00,0x00,0x00,0x00,0x00,0x00,0x00,0x00,0x00,0x00,0x00,0x00,0x00,  //0xcfc0~0xcfcf      ................
0x00,0x00,0x00,0x00,0x00,0x00,0x00,0x00,0x00,0x00,0x00,0x00,0x00,0x00,0x00,0x00,  //0xcfd0~0xcfdf      ................
0x00,0x00,0x00,0x00,0x00,0x00,0x00,0x00,0x00,0x00,0x00,0x00,0x00,0x00,0x00,0x00,  //0xcfe0~0xcfef      ................
0x00,0x00,0x00,0x00,0x00,0x00,0x00,0x00,0x00,0x00,0x00,0x00,0x00,0x00,0x00,0x00,  //0xcff0~0xcfff      ................
0x00,0x00,0x00,0x00,0x00,0x00,0x00,0x00,0x00,0x00,0x00,0x00,0x00,0x00,0x00,0x00,  //0xd000~0xd00f      ................
0x00,0x00,0x00,0x00,0x00,0x00,0x00,0x00,0x00,0x00,0x00,0x00,0x00,0x00,0x00,0x00,  //0xd010~0xd01f      ................
0x00,0x00,0x00,0x00,0x00,0x00,0x00,0x00,0x00,0x00,0x00,0x00,0x00,0x00,0x00,0x00,  //0xd020~0xd02f      ................
0x00,0x00,0x00,0x00,0x00,0x00,0x00,0x00,0x00,0x00,0x00,0x00,0x00,0x00,0x00,0x00,  //0xd030~0xd03f      ................
0x00,0x00,0x00,0x00,0x00,0x00,0x00,0x00,0x00,0x00,0x00,0x00,0x00,0x00,0x00,0x00,  //0xd040~0xd04f      ................
0x00,0x00,0x00,0x00,0x00,0x00,0x00,0x00,0x00,0x00,0x00,0x00,0x00,0x00,0x00,0x00,  //0xd050~0xd05f      ................
0x00,0x00,0x00,0x00,0x00,0x00,0x00,0x00,0x00,0x00,0x00,0x00,0x00,0x00,0x00,0x00,  //0xd060~0xd06f      ................
0x00,0x00,0x00,0x00,0x00,0x00,0x00,0x00,0x00,0x00,0x00,0x00,0x00,0x00,0x00,0x00,  //0xd070~0xd07f      ................
0x00,0x00,0x00,0x00,0x00,0x00,0x00,0x00,0x00,0x00,0x00,0x00,0x00,0x00,0x00,0x00,  //0xd080~0xd08f      ................
0x00,0x00,0x00,0x00,0x00,0x00,0x00,0x00,0x00,0x00,0x00,0x00,0x00,0x00,0x00,0x00,  //0xd090~0xd09f      ................
0x00,0x00,0x00,0x00,0x00,0x00,0x00,0x00,0x00,0x00,0x00,0x00,0x00,0x00,0x00,0x00,  //0xd0a0~0xd0af      ................
0x00,0x00,0x00,0x00,0x00,0x00,0x00,0x00,0x00,0x00,0x00,0x00,0x00,0x00,0x00,0x00,  //0xd0b0~0xd0bf      ................
0x00,0x00,0x00,0x00,0x00,0x00,0x00,0x00,0x00,0x00,0x00,0x00,0x00,0x00,0x00,0x00,  //0xd0c0~0xd0cf      ................
0x00,0x00,0x00,0x00,0x00,0x00,0x00,0x00,0x00,0x00,0x00,0x00,0x00,0x00,0x00,0x00,  //0xd0d0~0xd0df      ................
0x00,0x00,0x00,0x00,0x00,0x00,0x00,0x00,0x00,0x00,0x00,0x00,0x00,0x00,0x00,0x00,  //0xd0e0~0xd0ef      ................
0x00,0x00,0x00,0x00,0x00,0x00,0x00,0x00,0x00,0x00,0x00,0x00,0x00,0x00,0x00,0x00,  //0xd0f0~0xd0ff      ................
0x00,0x00,0x00,0x00,0x00,0x00,0x00,0x00,0x00,0x00,0x00,0x00,0x00,0x00,0x00,0x00,  //0xd100~0xd10f      ................
0x00,0x00,0x00,0x00,0x00,0x00,0x00,0x00,0x00,0x00,0x00,0x00,0x00,0x00,0x00,0x00,  //0xd110~0xd11f      ................
0x00,0x00,0x00,0x00,0x00,0x00,0x00,0x00,0x00,0x00,0x00,0x00,0x00,0x00,0x00,0x00,  //0xd120~0xd12f      ................
0x00,0x00,0x00,0x00,0x00,0x00,0x00,0x00,0x00,0x00,0x00,0x00,0x00,0x00,0x00,0x00,  //0xd130~0xd13f      ................
0x00,0x00,0x00,0x00,0x00,0x00,0x00,0x00,0x00,0x00,0x00,0x00,0x00,0x00,0x00,0x00,  //0xd140~0xd14f      ................
0x00,0x00,0x00,0x00,0x00,0x00,0x00,0x00,0x00,0x00,0x00,0x00,0x00,0x00,0x00,0x00,  //0xd150~0xd15f      ................
0x00,0x00,0x00,0x00,0x00,0x00,0x00,0x00,0x00,0x00,0x00,0x00,0x00,0x00,0x00,0x00,  //0xd160~0xd16f      ................
0x00,0x00,0x00,0x00,0x00,0x00,0x00,0x00,0x00,0x00,0x00,0x00,0x00,0x00,0x00,0x00,  //0xd170~0xd17f      ................
0x00,0x00,0x00,0x00,0x00,0x00,0x00,0x00,0x00,0x00,0x00,0x00,0x00,0x00,0x00,0x00,  //0xd180~0xd18f      ................
0x00,0x00,0x00,0x00,0x00,0x00,0x00,0x00,0x00,0x00,0x00,0x00,0x00,0x00,0x00,0x00,  //0xd190~0xd19f      ................
0x00,0x00,0x00,0x00,0x00,0x00,0x00,0x00,0x00,0x00,0x00,0x00,0x00,0x00,0x00,0x00,  //0xd1a0~0xd1af      ................
0x00,0x00,0x00,0x00,0x00,0x00,0x00,0x00,0x00,0x00,0x00,0x00,0x00,0x00,0x00,0x00,  //0xd1b0~0xd1bf      ................
0x00,0x00,0x00,0x00,0x00,0x00,0x00,0x00,0x00,0x00,0x00,0x00,0x00,0x00,0x00,0x00,  //0xd1c0~0xd1cf      ................
0x00,0x00,0x00,0x00,0x00,0x00,0x00,0x00,0x00,0x00,0x00,0x00,0x00,0x00,0x00,0x00,  //0xd1d0~0xd1df      ................
0x00,0x00,0x00,0x00,0x00,0x00,0x00,0x00,0x00,0x00,0x00,0x00,0x00,0x00,0x00,0x00,  //0xd1e0~0xd1ef      ................
0x00,0x00,0x00,0x00,0x00,0x00,0x00,0x00,0x00,0x00,0x00,0x00,0x00,0x00,0x00,0x00,  //0xd1f0~0xd1ff      ................
0x00,0x00,0x00,0x00,0x00,0x00,0x00,0x00,0x00,0x00,0x00,0x00,0x00,0x00,0x00,0x00,  //0xd200~0xd20f      ................
0x00,0x00,0x00,0x00,0x00,0x00,0x00,0x00,0x00,0x00,0x00,0x00,0x00,0x00,0x00,0x00,  //0xd210~0xd21f      ................
0x00,0x00,0x00,0x00,0x00,0x00,0x00,0x00,0x00,0x00,0x00,0x00,0x00,0x00,0x00,0x00,  //0xd220~0xd22f      ................
0x00,0x00,0x00,0x00,0x00,0x00,0x00,0x00,0x00,0x00,0x00,0x00,0x00,0x00,0x00,0x00,  //0xd230~0xd23f      ................
0x00,0x00,0x00,0x00,0x00,0x00,0x00,0x00,0x00,0x00,0x00,0x00,0x00,0x00,0x00,0x00,  //0xd240~0xd24f      ................
0x00,0x00,0x00,0x00,0x00,0x00,0x00,0x00,0x00,0x00,0x00,0x00,0x00,0x00,0x00,0x00,  //0xd250~0xd25f      ................
0x00,0x00,0x00,0x00,0x00,0x00,0x00,0x00,0x00,0x00,0x00,0x00,0x00,0x00,0x00,0x00,  //0xd260~0xd26f      ................
0x00,0x00,0x00,0x00,0x00,0x00,0x00,0x00,0x00,0x00,0x00,0x00,0x00,0x00,0x00,0x00,  //0xd270~0xd27f      ................
0x00,0x00,0x00,0x00,0x00,0x00,0x00,0x00,0x00,0x00,0x00,0x00,0x00,0x00,0x00,0x00,  //0xd280~0xd28f      ................
0x00,0x00,0x00,0x00,0x00,0x00,0x00,0x00,0x00,0x00,0x00,0x00,0x00,0x00,0x00,0x00,  //0xd290~0xd29f      ................
0x00,0x00,0x00,0x00,0x00,0x00,0x00,0x00,0x00,0x00,0x00,0x00,0x00,0x00,0x00,0x00,  //0xd2a0~0xd2af      ................
0x00,0x00,0x00,0x00,0x00,0x00,0x00,0x00,0x00,0x00,0x00,0x00,0x00,0x00,0x00,0x00,  //0xd2b0~0xd2bf      ................
0x00,0x00,0x00,0x00,0x00,0x00,0x00,0x00,0x00,0x00,0x00,0x00,0x00,0x00,0x00,0x00,  //0xd2c0~0xd2cf      ................
0x00,0x00,0x00,0x00,0x00,0x00,0x00,0x00,0x00,0x00,0x00,0x00,0x00,0x00,0x00,0x00,  //0xd2d0~0xd2df      ................
0x00,0x00,0x00,0x00,0x00,0x00,0x00,0x00,0x00,0x00,0x00,0x00,0x00,0x00,0x00,0x00,  //0xd2e0~0xd2ef      ................
0x00,0x00,0x00,0x00,0x00,0x00,0x00,0x00,0x00,0x00,0x00,0x00,0x00,0x00,0x00,0x00,  //0xd2f0~0xd2ff      ................
0x00,0x00,0x00,0x00,0x00,0x00,0x00,0x00,0x00,0x00,0x00,0x00,0x00,0x00,0x00,0x00,  //0xd300~0xd30f      ................
0x00,0x00,0x00,0x00,0x00,0x00,0x00,0x00,0x00,0x00,0x00,0x00,0x00,0x00,0x00,0x00,  //0xd310~0xd31f      ................
0x00,0x00,0x00,0x00,0x00,0x00,0x00,0x00,0x00,0x00,0x00,0x00,0x00,0x00,0x00,0x00,  //0xd320~0xd32f      ................
0x00,0x00,0x00,0x00,0x00,0x00,0x00,0x00,0x00,0x00,0x00,0x00,0x00,0x00,0x00,0x00,  //0xd330~0xd33f      ................
0x00,0x00,0x00,0x00,0x00,0x00,0x00,0x00,0x00,0x00,0x00,0x00,0x00,0x00,0x00,0x00,  //0xd340~0xd34f      ................
0x00,0x00,0x00,0x00,0x00,0x00,0x00,0x00,0x00,0x00,0x00,0x00,0x00,0x00,0x00,0x00,  //0xd350~0xd35f      ................
0x00,0x00,0x00,0x00,0x00,0x00,0x00,0x00,0x00,0x00,0x00,0x00,0x00,0x00,0x00,0x00,  //0xd360~0xd36f      ................
0x00,0x00,0x00,0x00,0x00,0x00,0x00,0x00,0x00,0x00,0x00,0x00,0x00,0x00,0x00,0x00,  //0xd370~0xd37f      ................
0x00,0x00,0x00,0x00,0x00,0x00,0x00,0x00,0x00,0x00,0x00,0x00,0x00,0x00,0x00,0x00,  //0xd380~0xd38f      ................
0x00,0x00,0x00,0x00,0x00,0x00,0x00,0x00,0x00,0x00,0x00,0x00,0x00,0x00,0x00,0x00,  //0xd390~0xd39f      ................
0x00,0x00,0x00,0x00,0x00,0x00,0x00,0x00,0x00,0x00,0x00,0x00,0x00,0x00,0x00,0x00,  //0xd3a0~0xd3af      ................
0x00,0x00,0x00,0x00,0x00,0x00,0x00,0x00,0x00,0x00,0x00,0x00,0x00,0x00,0x00,0x00,  //0xd3b0~0xd3bf      ................
0x00,0x00,0x00,0x00,0x00,0x00,0x00,0x00,0x00,0x00,0x00,0x00,0x00,0x00,0x00,0x00,  //0xd3c0~0xd3cf      ................
0x00,0x00,0x00,0x00,0x00,0x00,0x00,0x00,0x00,0x00,0x00,0x00,0x00,0x00,0x00,0x00,  //0xd3d0~0xd3df      ................
0x00,0x00,0x00,0x00,0x00,0x00,0x00,0x00,0x00,0x00,0x00,0x00,0x00,0x00,0x00,0x00,  //0xd3e0~0xd3ef      ................
0x00,0x00,0x00,0x00,0x00,0x00,0x00,0x00,0x00,0x00,0x00,0x00,0x00,0x00,0x00,0x00,  //0xd3f0~0xd3ff      ................
0x00,0x00,0x00,0x00,0x00,0x00,0x00,0x00,0x00,0x00,0x00,0x00,0x00,0x00,0x00,0x00,  //0xd400~0xd40f      ................
0x00,0x00,0x00,0x00,0x00,0x00,0x00,0x00,0x00,0x00,0x00,0x00,0x00,0x00,0x00,0x00,  //0xd410~0xd41f      ................
0x00,0x00,0x00,0x00,0x00,0x00,0x00,0x00,0x00,0x00,0x00,0x00,0x00,0x00,0x00,0x00,  //0xd420~0xd42f      ................
0x00,0x00,0x00,0x00,0x00,0x00,0x00,0x00,0x00,0x00,0x00,0x00,0x00,0x00,0x00,0x00,  //0xd430~0xd43f      ................
0x00,0x00,0x00,0x00,0x00,0x00,0x00,0x00,0x00,0x00,0x00,0x00,0x00,0x00,0x00,0x00,  //0xd440~0xd44f      ................
0x00,0x00,0x00,0x00,0x00,0x00,0x00,0x00,0x00,0x00,0x00,0x00,0x00,0x00,0x00,0x00,  //0xd450~0xd45f      ................
0x00,0x00,0x00,0x00,0x00,0x00,0x00,0x00,0x00,0x00,0x00,0x00,0x00,0x00,0x00,0x00,  //0xd460~0xd46f      ................
0x00,0x00,0x00,0x00,0x00,0x00,0x00,0x00,0x00,0x00,0x00,0x00,0x00,0x00,0x00,0x00,  //0xd470~0xd47f      ................
0x00,0x00,0x00,0x00,0x00,0x00,0x00,0x00,0x00,0x00,0x00,0x00,0x00,0x00,0x00,0x00,  //0xd480~0xd48f      ................
0x00,0x00,0x00,0x00,0x00,0x00,0x00,0x00,0x00,0x00,0x00,0x00,0x00,0x00,0x00,0x00,  //0xd490~0xd49f      ................
0x00,0x00,0x00,0x00,0x00,0x00,0x00,0x00,0x00,0x00,0x00,0x00,0x00,0x00,0x00,0x00,  //0xd4a0~0xd4af      ................
0x00,0x00,0x00,0x00,0x00,0x00,0x00,0x00,0x00,0x00,0x00,0x00,0x00,0x00,0x00,0x00,  //0xd4b0~0xd4bf      ................
0x00,0x00,0x00,0x00,0x00,0x00,0x00,0x00,0x00,0x00,0x00,0x00,0x00,0x00,0x00,0x00,  //0xd4c0~0xd4cf      ................
0x00,0x00,0x00,0x00,0x00,0x00,0x00,0x00,0x00,0x00,0x00,0x00,0x00,0x00,0x00,0x00,  //0xd4d0~0xd4df      ................
0x00,0x00,0x00,0x00,0x00,0x00,0x00,0x00,0x00,0x00,0x00,0x00,0x00,0x00,0x00,0x00,  //0xd4e0~0xd4ef      ................
0x00,0x00,0x00,0x00,0x00,0x00,0x00,0x00,0x00,0x00,0x00,0x00,0x00,0x00,0x00,0x00,  //0xd4f0~0xd4ff      ................
0x00,0x00,0x00,0x00,0x00,0x00,0x00,0x00,0x00,0x00,0x00,0x00,0x00,0x00,0x00,0x00,  //0xd500~0xd50f      ................
0x00,0x00,0x00,0x00,0x00,0x00,0x00,0x00,0x00,0x00,0x00,0x00,0x00,0x00,0x00,0x00,  //0xd510~0xd51f      ................
0x00,0x00,0x00,0x00,0x00,0x00,0x00,0x00,0x00,0x00,0x00,0x00,0x00,0x00,0x00,0x00,  //0xd520~0xd52f      ................
0x00,0x00,0x00,0x00,0x00,0x00,0x00,0x00,0x00,0x00,0x00,0x00,0x00,0x00,0x00,0x00,  //0xd530~0xd53f      ................
0x00,0x00,0x00,0x00,0x00,0x00,0x00,0x00,0x00,0x00,0x00,0x00,0x00,0x00,0x00,0x00,  //0xd540~0xd54f      ................
0x00,0x00,0x00,0x00,0x00,0x00,0x00,0x00,0x00,0x00,0x00,0x00,0x00,0x00,0x00,0x00,  //0xd550~0xd55f      ................
0x00,0x00,0x00,0x00,0x00,0x00,0x00,0x00,0x00,0x00,0x00,0x00,0x00,0x00,0x00,0x00,  //0xd560~0xd56f      ................
0x00,0x00,0x00,0x00,0x00,0x00,0x00,0x00,0x00,0x00,0x00,0x00,0x00,0x00,0x00,0x00,  //0xd570~0xd57f      ................
0x00,0x00,0x00,0x00,0x00,0x00,0x00,0x00,0x00,0x00,0x00,0x00,0x00,0x00,0x00,0x00,  //0xd580~0xd58f      ................
0x00,0x00,0x00,0x00,0x00,0x00,0x00,0x00,0x00,0x00,0x00,0x00,0x00,0x00,0x00,0x00,  //0xd590~0xd59f      ................
0x00,0x00,0x00,0x00,0x00,0x00,0x00,0x00,0x00,0x00,0x00,0x00,0x00,0x00,0x00,0x00,  //0xd5a0~0xd5af      ................
0x00,0x00,0x00,0x00,0x00,0x00,0x00,0x00,0x00,0x00,0x00,0x00,0x00,0x00,0x00,0x00,  //0xd5b0~0xd5bf      ................
0x00,0x00,0x00,0x00,0x00,0x00,0x00,0x00,0x00,0x00,0x00,0x00,0x00,0x00,0x00,0x00,  //0xd5c0~0xd5cf      ................
0x00,0x00,0x00,0x00,0x00,0x00,0x00,0x00,0x00,0x00,0x00,0x00,0x00,0x00,0x00,0x00,  //0xd5d0~0xd5df      ................
0x00,0x00,0x00,0x00,0x00,0x00,0x00,0x00,0x00,0x00,0x00,0x00,0x00,0x00,0x00,0x00,  //0xd5e0~0xd5ef      ................
0x00,0x00,0x00,0x00,0x00,0x00,0x00,0x00,0x00,0x00,0x00,0x00,0x00,0x00,0x00,0x00,  //0xd5f0~0xd5ff      ................
0x00,0x00,0x00,0x00,0x00,0x00,0x00,0x00,0x00,0x00,0x00,0x00,0x00,0x00,0x00,0x00,  //0xd600~0xd60f      ................
0x00,0x00,0x00,0x00,0x00,0x00,0x00,0x00,0x00,0x00,0x00,0x00,0x00,0x00,0x00,0x00,  //0xd610~0xd61f      ................
0x00,0x00,0x00,0x00,0x00,0x00,0x00,0x00,0x00,0x00,0x00,0x00,0x00,0x00,0x00,0x00,  //0xd620~0xd62f      ................
0x00,0x00,0x00,0x00,0x00,0x00,0x00,0x00,0x00,0x00,0x00,0x00,0x00,0x00,0x00,0x00,  //0xd630~0xd63f      ................
0x00,0x00,0x00,0x00,0x00,0x00,0x00,0x00,0x00,0x00,0x00,0x00,0x00,0x00,0x00,0x00,  //0xd640~0xd64f      ................
0x00,0x00,0x00,0x00,0x00,0x00,0x00,0x00,0x00,0x00,0x00,0x00,0x00,0x00,0x00,0x00,  //0xd650~0xd65f      ................
0x00,0x00,0x00,0x00,0x00,0x00,0x00,0x00,0x00,0x00,0x00,0x00,0x00,0x00,0x00,0x00,  //0xd660~0xd66f      ................
0x00,0x00,0x00,0x00,0x00,0x00,0x00,0x00,0x00,0x00,0x00,0x00,0x00,0x00,0x00,0x00,  //0xd670~0xd67f      ................
0x00,0x00,0x00,0x00,0x00,0x00,0x00,0x00,0x00,0x00,0x00,0x00,0x00,0x00,0x00,0x00,  //0xd680~0xd68f      ................
0x00,0x00,0x00,0x00,0x00,0x00,0x00,0x00,0x00,0x00,0x00,0x00,0x00,0x00,0x00,0x00,  //0xd690~0xd69f      ................
0x00,0x00,0x00,0x00,0x00,0x00,0x00,0x00,0x00,0x00,0x00,0x00,0x00,0x00,0x00,0x00,  //0xd6a0~0xd6af      ................
0x00,0x00,0x00,0x00,0x00,0x00,0x00,0x00,0x00,0x00,0x00,0x00,0x00,0x00,0x00,0x00,  //0xd6b0~0xd6bf      ................
0x00,0x00,0x00,0x00,0x00,0x00,0x00,0x00,0x00,0x00,0x00,0x00,0x00,0x00,0x00,0x00,  //0xd6c0~0xd6cf      ................
0x00,0x00,0x00,0x00,0x00,0x00,0x00,0x00,0x00,0x00,0x00,0x00,0x00,0x00,0x00,0x00,  //0xd6d0~0xd6df      ................
0x00,0x00,0x00,0x00,0x00,0x00,0x00,0x00,0x00,0x00,0x00,0x00,0x00,0x00,0x00,0x00,  //0xd6e0~0xd6ef      ................
0x00,0x00,0x00,0x00,0x00,0x00,0x00,0x00,0x00,0x00,0x00,0x00,0x00,0x00,0x00,0x00,  //0xd6f0~0xd6ff      ................
0x00,0x00,0x00,0x00,0x00,0x00,0x00,0x00,0x00,0x00,0x00,0x00,0x00,0x00,0x00,0x00,  //0xd700~0xd70f      ................
0x00,0x00,0x00,0x00,0x00,0x00,0x00,0x00,0x00,0x00,0x00,0x00,0x00,0x00,0x00,0x00,  //0xd710~0xd71f      ................
0x00,0x00,0x00,0x00,0x00,0x00,0x00,0x00,0x00,0x00,0x00,0x00,0x00,0x00,0x00,0x00,  //0xd720~0xd72f      ................
0x00,0x00,0x00,0x00,0x00,0x00,0x00,0x00,0x00,0x00,0x00,0x00,0x00,0x00,0x00,0x00,  //0xd730~0xd73f      ................
0x00,0x00,0x00,0x00,0x00,0x00,0x00,0x00,0x00,0x00,0x00,0x00,0x00,0x00,0x00,0x00,  //0xd740~0xd74f      ................
0x00,0x00,0x00,0x00,0x00,0x00,0x00,0x00,0x00,0x00,0x00,0x00,0x00,0x00,0x00,0x00,  //0xd750~0xd75f      ................
0x00,0x00,0x00,0x00,0x00,0x00,0x00,0x00,0x00,0x00,0x00,0x00,0x00,0x00,0x00,0x00,  //0xd760~0xd76f      ................
0x00,0x00,0x00,0x00,0x00,0x00,0x00,0x00,0x00,0x00,0x00,0x00,0x00,0x00,0x00,0x00,  //0xd770~0xd77f      ................
0x00,0x00,0x00,0x00,0x00,0x00,0x00,0x00,0x00,0x00,0x00,0x00,0x00,0x00,0x00,0x00,  //0xd780~0xd78f      ................
0x00,0x00,0x00,0x00,0x00,0x00,0x00,0x00,0x00,0x00,0x00,0x00,0x00,0x00,0x00,0x00,  //0xd790~0xd79f      ................
0x00,0x00,0x00,0x00,0x00,0x00,0x00,0x00,0x00,0x00,0x00,0x00,0x00,0x00,0x00,0x00,  //0xd7a0~0xd7af      ................
0x00,0x00,0x00,0x00,0x00,0x00,0x00,0x00,0x00,0x00,0x00,0x00,0x00,0x00,0x00,0x00,  //0xd7b0~0xd7bf      ................
0x00,0x00,0x00,0x00,0x00,0x00,0x00,0x00,0x00,0x00,0x00,0x00,0x00,0x00,0x00,0x00,  //0xd7c0~0xd7cf      ................
0x00,0x00,0x00,0x00,0x00,0x00,0x00,0x00,0x00,0x00,0x00,0x00,0x00,0x00,0x00,0x00,  //0xd7d0~0xd7df      ................
0x00,0x00,0x00,0x00,0x00,0x00,0x00,0x00,0x00,0x00,0x00,0x00,0x00,0x00,0x00,0x00,  //0xd7e0~0xd7ef      ................
0x00,0x00,0x00,0x00,0x00,0x00,0x00,0x00,0x00,0x00,0x00,0x00,0x00,0x00,0x00,0x00,  //0xd7f0~0xd7ff      ................
0x00,0x00,0x00,0x00,0x00,0x00,0x00,0x00,0x00,0x00,0x00,0x00,0x00,0x00,0x00,0x00,  //0xd800~0xd80f      ................
0x00,0x00,0x00,0x00,0x00,0x00,0x00,0x00,0x00,0x00,0x00,0x00,0x00,0x00,0x00,0x00,  //0xd810~0xd81f      ................
0x00,0x00,0x00,0x00,0x00,0x00,0x00,0x00,0x00,0x00,0x00,0x00,0x00,0x00,0x00,0x00,  //0xd820~0xd82f      ................
0x00,0x00,0x00,0x00,0x00,0x00,0x00,0x00,0x00,0x00,0x00,0x00,0x00,0x00,0x00,0x00,  //0xd830~0xd83f      ................
0x00,0x00,0x00,0x00,0x00,0x00,0x00,0x00,0x00,0x00,0x00,0x00,0x00,0x00,0x00,0x00,  //0xd840~0xd84f      ................
0x00,0x00,0x00,0x00,0x00,0x00,0x00,0x00,0x00,0x00,0x00,0x00,0x00,0x00,0x00,0x00,  //0xd850~0xd85f      ................
0x00,0x00,0x00,0x00,0x00,0x00,0x00,0x00,0x00,0x00,0x00,0x00,0x00,0x00,0x00,0x00,  //0xd860~0xd86f      ................
0x00,0x00,0x00,0x00,0x00,0x00,0x00,0x00,0x00,0x00,0x00,0x00,0x00,0x00,0x00,0x00,  //0xd870~0xd87f      ................
0x00,0x00,0x00,0x00,0x00,0x00,0x00,0x00,0x00,0x00,0x00,0x00,0x00,0x00,0x00,0x00,  //0xd880~0xd88f      ................
0x00,0x00,0x00,0x00,0x00,0x00,0x00,0x00,0x00,0x00,0x00,0x00,0x00,0x00,0x00,0x00,  //0xd890~0xd89f      ................
0x00,0x00,0x00,0x00,0x00,0x00,0x00,0x00,0x00,0x00,0x00,0x00,0x00,0x00,0x00,0x00,  //0xd8a0~0xd8af      ................
0x00,0x00,0x00,0x00,0x00,0x00,0x00,0x00,0x00,0x00,0x00,0x00,0x00,0x00,0x00,0x00,  //0xd8b0~0xd8bf      ................
0x00,0x00,0x00,0x00,0x00,0x00,0x00,0x00,0x00,0x00,0x00,0x00,0x00,0x00,0x00,0x00,  //0xd8c0~0xd8cf      ................
0x00,0x00,0x00,0x00,0x00,0x00,0x00,0x00,0x00,0x00,0x00,0x00,0x00,0x00,0x00,0x00,  //0xd8d0~0xd8df      ................
0x00,0x00,0x00,0x00,0x00,0x00,0x00,0x00,0x00,0x00,0x00,0x00,0x00,0x00,0x00,0x00,  //0xd8e0~0xd8ef      ................
0x00,0x00,0x00,0x00,0x00,0x00,0x00,0x00,0x00,0x00,0x00,0x00,0x00,0x00,0x00,0x00,  //0xd8f0~0xd8ff      ................
0x00,0x00,0x00,0x00,0x00,0x00,0x00,0x00,0x00,0x00,0x00,0x00,0x00,0x00,0x00,0x00,  //0xd900~0xd90f      ................
0x00,0x00,0x00,0x00,0x00,0x00,0x00,0x00,0x00,0x00,0x00,0x00,0x00,0x00,0x00,0x00,  //0xd910~0xd91f      ................
0x00,0x00,0x00,0x00,0x00,0x00,0x00,0x00,0x00,0x00,0x00,0x00,0x00,0x00,0x00,0x00,  //0xd920~0xd92f      ................
0x00,0x00,0x00,0x00,0x00,0x00,0x00,0x00,0x00,0x00,0x00,0x00,0x00,0x00,0x00,0x00,  //0xd930~0xd93f      ................
0x00,0x00,0x00,0x00,0x00,0x00,0x00,0x00,0x00,0x00,0x00,0x00,0x00,0x00,0x00,0x00,  //0xd940~0xd94f      ................
0x00,0x00,0x00,0x00,0x00,0x00,0x00,0x00,0x00,0x00,0x00,0x00,0x00,0x00,0x00,0x00,  //0xd950~0xd95f      ................
0x00,0x00,0x00,0x00,0x00,0x00,0x00,0x00,0x00,0x00,0x00,0x00,0x00,0x00,0x00,0x00,  //0xd960~0xd96f      ................
0x00,0x00,0x00,0x00,0x00,0x00,0x00,0x00,0x00,0x00,0x00,0x00,0x00,0x00,0x00,0x00,  //0xd970~0xd97f      ................
0x00,0x00,0x00,0x00,0x00,0x00,0x00,0x00,0x00,0x00,0x00,0x00,0x00,0x00,0x00,0x00,  //0xd980~0xd98f      ................
0x00,0x00,0x00,0x00,0x00,0x00,0x00,0x00,0x00,0x00,0x00,0x00,0x00,0x00,0x00,0x00,  //0xd990~0xd99f      ................
0x00,0x00,0x00,0x00,0x00,0x00,0x00,0x00,0x00,0x00,0x00,0x00,0x00,0x00,0x00,0x00,  //0xd9a0~0xd9af      ................
0x00,0x00,0x00,0x00,0x00,0x00,0x00,0x00,0x00,0x00,0x00,0x00,0x00,0x00,0x00,0x00,  //0xd9b0~0xd9bf      ................
0x00,0x00,0x00,0x00,0x00,0x00,0x00,0x00,0x00,0x00,0x00,0x00,0x00,0x00,0x00,0x00,  //0xd9c0~0xd9cf      ................
0x00,0x00,0x00,0x00,0x00,0x00,0x00,0x00,0x00,0x00,0x00,0x00,0x00,0x00,0x00,0x00,  //0xd9d0~0xd9df      ................
0x00,0x00,0x00,0x00,0x00,0x00,0x00,0x00,0x00,0x00,0x00,0x00,0x00,0x00,0x00,0x00,  //0xd9e0~0xd9ef      ................
0x00,0x00,0x00,0x00,0x00,0x00,0x00,0x00,0x00,0x00,0x00,0x00,0x00,0x00,0x00,0x00,  //0xd9f0~0xd9ff      ................
0x00,0x00,0x00,0x00,0x00,0x00,0x00,0x00,0x00,0x00,0x00,0x00,0x00,0x00,0x00,0x00,  //0xda00~0xda0f      ................
0x00,0x00,0x00,0x00,0x00,0x00,0x00,0x00,0x00,0x00,0x00,0x00,0x00,0x00,0x00,0x00,  //0xda10~0xda1f      ................
0x00,0x00,0x00,0x00,0x00,0x00,0x00,0x00,0x00,0x00,0x00,0x00,0x00,0x00,0x00,0x00,  //0xda20~0xda2f      ................
0x00,0x00,0x00,0x00,0x00,0x00,0x00,0x00,0x00,0x00,0x00,0x00,0x00,0x00,0x00,0x00,  //0xda30~0xda3f      ................
0x00,0x00,0x00,0x00,0x00,0x00,0x00,0x00,0x00,0x00,0x00,0x00,0x00,0x00,0x00,0x00,  //0xda40~0xda4f      ................
0x00,0x00,0x00,0x00,0x00,0x00,0x00,0x00,0x00,0x00,0x00,0x00,0x00,0x00,0x00,0x00,  //0xda50~0xda5f      ................
0x00,0x00,0x00,0x00,0x00,0x00,0x00,0x00,0x00,0x00,0x00,0x00,0x00,0x00,0x00,0x00,  //0xda60~0xda6f      ................
0x00,0x00,0x00,0x00,0x00,0x00,0x00,0x00,0x00,0x00,0x00,0x00,0x00,0x00,0x00,0x00,  //0xda70~0xda7f      ................
0x00,0x00,0x00,0x00,0x00,0x00,0x00,0x00,0x00,0x00,0x00,0x00,0x00,0x00,0x00,0x00,  //0xda80~0xda8f      ................
0x00,0x00,0x00,0x00,0x00,0x00,0x00,0x00,0x00,0x00,0x00,0x00,0x00,0x00,0x00,0x00,  //0xda90~0xda9f      ................
0x00,0x00,0x00,0x00,0x00,0x00,0x00,0x00,0x00,0x00,0x00,0x00,0x00,0x00,0x00,0x00,  //0xdaa0~0xdaaf      ................
0x00,0x00,0x00,0x00,0x00,0x00,0x00,0x00,0x00,0x00,0x00,0x00,0x00,0x00,0x00,0x00,  //0xdab0~0xdabf      ................
0x00,0x00,0x00,0x00,0x00,0x00,0x00,0x00,0x00,0x00,0x00,0x00,0x00,0x00,0x00,0x00,  //0xdac0~0xdacf      ................
0x00,0x00,0x00,0x00,0x00,0x00,0x00,0x00,0x00,0x00,0x00,0x00,0x00,0x00,0x00,0x00,  //0xdad0~0xdadf      ................
0x00,0x00,0x00,0x00,0x00,0x00,0x00,0x00,0x00,0x00,0x00,0x00,0x00,0x00,0x00,0x00,  //0xdae0~0xdaef      ................
0x00,0x00,0x00,0x00,0x00,0x00,0x00,0x00,0x00,0x00,0x00,0x00,0x00,0x00,0x00,0x00,  //0xdaf0~0xdaff      ................
0x00,0x00,0x00,0x00,0x00,0x00,0x00,0x00,0x00,0x00,0x00,0x00,0x00,0x00,0x00,0x00,  //0xdb00~0xdb0f      ................
0x00,0x00,0x00,0x00,0x00,0x00,0x00,0x00,0x00,0x00,0x00,0x00,0x00,0x00,0x00,0x00,  //0xdb10~0xdb1f      ................
0x00,0x00,0x00,0x00,0x00,0x00,0x00,0x00,0x00,0x00,0x00,0x00,0x00,0x00,0x00,0x00,  //0xdb20~0xdb2f      ................
0x00,0x00,0x00,0x00,0x00,0x00,0x00,0x00,0x00,0x00,0x00,0x00,0x00,0x00,0x00,0x00,  //0xdb30~0xdb3f      ................
0x00,0x00,0x00,0x00,0x00,0x00,0x00,0x00,0x00,0x00,0x00,0x00,0x00,0x00,0x00,0x00,  //0xdb40~0xdb4f      ................
0x00,0x00,0x00,0x00,0x00,0x00,0x00,0x00,0x00,0x00,0x00,0x00,0x00,0x00,0x00,0x00,  //0xdb50~0xdb5f      ................
0x00,0x00,0x00,0x00,0x00,0x00,0x00,0x00,0x00,0x00,0x00,0x00,0x00,0x00,0x00,0x00,  //0xdb60~0xdb6f      ................
0x00,0x00,0x00,0x00,0x00,0x00,0x00,0x00,0x00,0x00,0x00,0x00,0x00,0x00,0x00,0x00,  //0xdb70~0xdb7f      ................
0x00,0x00,0x00,0x00,0x00,0x00,0x00,0x00,0x00,0x00,0x00,0x00,0x00,0x00,0x00,0x00,  //0xdb80~0xdb8f      ................
0x00,0x00,0x00,0x00,0x00,0x00,0x00,0x00,0x00,0x00,0x00,0x00,0x00,0x00,0x00,0x00,  //0xdb90~0xdb9f      ................
0x00,0x00,0x00,0x00,0x00,0x00,0x00,0x00,0x00,0x00,0x00,0x00,0x00,0x00,0x00,0x00,  //0xdba0~0xdbaf      ................
0x00,0x00,0x00,0x00,0x00,0x00,0x00,0x00,0x00,0x00,0x00,0x00,0x00,0x00,0x00,0x00,  //0xdbb0~0xdbbf      ................
0x00,0x00,0x00,0x00,0x00,0x00,0x00,0x00,0x00,0x00,0x00,0x00,0x00,0x00,0x00,0x00,  //0xdbc0~0xdbcf      ................
0x00,0x00,0x00,0x00,0x00,0x00,0x00,0x00,0x00,0x00,0x00,0x00,0x00,0x00,0x00,0x00,  //0xdbd0~0xdbdf      ................
0x00,0x00,0x00,0x00,0x00,0x00,0x00,0x00,0x00,0x00,0x00,0x00,0x00,0x00,0x00,0x00,  //0xdbe0~0xdbef      ................
0x00,0x00,0x00,0x00,0x00,0x00,0x00,0x00,0x00,0x00,0x00,0x00,0x00,0x00,0x00,0x00,  //0xdbf0~0xdbff      ................
0x00,0x00,0x00,0x00,0x00,0x00,0x00,0x00,0x00,0x00,0x00,0x00,0x00,0x00,0x00,0x00,  //0xdc00~0xdc0f      ................
0x00,0x00,0x00,0x00,0x00,0x00,0x00,0x00,0x00,0x00,0x00,0x00,0x00,0x00,0x00,0x00,  //0xdc10~0xdc1f      ................
0x00,0x00,0x00,0x00,0x00,0x00,0x00,0x00,0x00,0x00,0x00,0x00,0x00,0x00,0x00,0x00,  //0xdc20~0xdc2f      ................
0x00,0x00,0x00,0x00,0x00,0x00,0x00,0x00,0x00,0x00,0x00,0x00,0x00,0x00,0x00,0x00,  //0xdc30~0xdc3f      ................
0x00,0x00,0x00,0x00,0x00,0x00,0x00,0x00,0x00,0x00,0x00,0x00,0x00,0x00,0x00,0x00,  //0xdc40~0xdc4f      ................
0x00,0x00,0x00,0x00,0x00,0x00,0x00,0x00,0x00,0x00,0x00,0x00,0x00,0x00,0x00,0x00,  //0xdc50~0xdc5f      ................
0x00,0x00,0x00,0x00,0x00,0x00,0x00,0x00,0x00,0x00,0x00,0x00,0x00,0x00,0x00,0x00,  //0xdc60~0xdc6f      ................
0x00,0x00,0x00,0x00,0x00,0x00,0x00,0x00,0x00,0x00,0x00,0x00,0x00,0x00,0x00,0x00,  //0xdc70~0xdc7f      ................
0x00,0x00,0x00,0x00,0x00,0x00,0x00,0x00,0x00,0x00,0x00,0x00,0x00,0x00,0x00,0x00,  //0xdc80~0xdc8f      ................
0x00,0x00,0x00,0x00,0x00,0x00,0x00,0x00,0x00,0x00,0x00,0x00,0x00,0x00,0x00,0x00,  //0xdc90~0xdc9f      ................
0x00,0x00,0x00,0x00,0x00,0x00,0x00,0x00,0x00,0x00,0x00,0x00,0x00,0x00,0x00,0x00,  //0xdca0~0xdcaf      ................
0x00,0x00,0x00,0x00,0x00,0x00,0x00,0x00,0x00,0x00,0x00,0x00,0x00,0x00,0x00,0x00,  //0xdcb0~0xdcbf      ................
0x00,0x00,0x00,0x00,0x00,0x00,0x00,0x00,0x00,0x00,0x00,0x00,0x00,0x00,0x00,0x00,  //0xdcc0~0xdccf      ................
0x00,0x00,0x00,0x00,0x00,0x00,0x00,0x00,0x00,0x00,0x00,0x00,0x00,0x00,0x00,0x00,  //0xdcd0~0xdcdf      ................
0x00,0x00,0x00,0x00,0x00,0x00,0x00,0x00,0x00,0x00,0x00,0x00,0x00,0x00,0x00,0x00,  //0xdce0~0xdcef      ................
0x00,0x00,0x00,0x00,0x00,0x00,0x00,0x00,0x00,0x00,0x00,0x00,0x00,0x00,0x00,0x00,  //0xdcf0~0xdcff      ................
0x00,0x00,0x00,0x00,0x00,0x00,0x00,0x00,0x00,0x00,0x00,0x00,0x00,0x00,0x00,0x00,  //0xdd00~0xdd0f      ................
0x00,0x00,0x00,0x00,0x00,0x00,0x00,0x00,0x00,0x00,0x00,0x00,0x00,0x00,0x00,0x00,  //0xdd10~0xdd1f      ................
0x00,0x00,0x00,0x00,0x00,0x00,0x00,0x00,0x00,0x00,0x00,0x00,0x00,0x00,0x00,0x00,  //0xdd20~0xdd2f      ................
0x00,0x00,0x00,0x00,0x00,0x00,0x00,0x00,0x00,0x00,0x00,0x00,0x00,0x00,0x00,0x00,  //0xdd30~0xdd3f      ................
0x00,0x00,0x00,0x00,0x00,0x00,0x00,0x00,0x00,0x00,0x00,0x00,0x00,0x00,0x00,0x00,  //0xdd40~0xdd4f      ................
0x00,0x00,0x00,0x00,0x00,0x00,0x00,0x00,0x00,0x00,0x00,0x00,0x00,0x00,0x00,0x00,  //0xdd50~0xdd5f      ................
0x00,0x00,0x00,0x00,0x00,0x00,0x00,0x00,0x00,0x00,0x00,0x00,0x00,0x00,0x00,0x00,  //0xdd60~0xdd6f      ................
0x00,0x00,0x00,0x00,0x00,0x00,0x00,0x00,0x00,0x00,0x00,0x00,0x00,0x00,0x00,0x00,  //0xdd70~0xdd7f      ................
0x00,0x00,0x00,0x00,0x00,0x00,0x00,0x00,0x00,0x00,0x00,0x00,0x00,0x00,0x00,0x00,  //0xdd80~0xdd8f      ................
0x00,0x00,0x00,0x00,0x00,0x00,0x00,0x00,0x00,0x00,0x00,0x00,0x00,0x00,0x00,0x00,  //0xdd90~0xdd9f      ................
0x00,0x00,0x00,0x00,0x00,0x00,0x00,0x00,0x00,0x00,0x00,0x00,0x00,0x00,0x00,0x00,  //0xdda0~0xddaf      ................
0x00,0x00,0x00,0x00,0x00,0x00,0x00,0x00,0x00,0x00,0x00,0x00,0x00,0x00,0x00,0x00,  //0xddb0~0xddbf      ................
0x00,0x00,0x00,0x00,0x00,0x00,0x00,0x00,0x00,0x00,0x00,0x00,0x00,0x00,0x00,0x00,  //0xddc0~0xddcf      ................
0x00,0x00,0x00,0x00,0x00,0x00,0x00,0x00,0x00,0x00,0x00,0x00,0x00,0x00,0x00,0x00,  //0xddd0~0xdddf      ................
0x00,0x00,0x00,0x00,0x00,0x00,0x00,0x00,0x00,0x00,0x00,0x00,0x00,0x00,0x00,0x00,  //0xdde0~0xddef      ................
0x00,0x00,0x00,0x00,0x00,0x00,0x00,0x00,0x00,0x00,0x00,0x00,0x00,0x00,0x00,0x00,  //0xddf0~0xddff      ................
0x00,0x00,0x00,0x00,0x00,0x00,0x00,0x00,0x00,0x00,0x00,0x00,0x00,0x00,0x00,0x00,  //0xde00~0xde0f      ................
0x00,0x00,0x00,0x00,0x00,0x00,0x00,0x00,0x00,0x00,0x00,0x00,0x00,0x00,0x00,0x00,  //0xde10~0xde1f      ................
0x00,0x00,0x00,0x00,0x00,0x00,0x00,0x00,0x00,0x00,0x00,0x00,0x00,0x00,0x00,0x00,  //0xde20~0xde2f      ................
0x00,0x00,0x00,0x00,0x00,0x00,0x00,0x00,0x00,0x00,0x00,0x00,0x00,0x00,0x00,0x00,  //0xde30~0xde3f      ................
0x00,0x00,0x00,0x00,0x00,0x00,0x00,0x00,0x00,0x00,0x00,0x00,0x00,0x00,0x00,0x00,  //0xde40~0xde4f      ................
0x00,0x00,0x00,0x00,0x00,0x00,0x00,0x00,0x00,0x00,0x00,0x00,0x00,0x00,0x00,0x00,  //0xde50~0xde5f      ................
0x00,0x00,0x00,0x00,0x00,0x00,0x00,0x00,0x00,0x00,0x00,0x00,0x00,0x00,0x00,0x00,  //0xde60~0xde6f      ................
0x00,0x00,0x00,0x00,0x00,0x00,0x00,0x00,0x00,0x00,0x00,0x00,0x00,0x00,0x00,0x00,  //0xde70~0xde7f      ................
0x00,0x00,0x00,0x00,0x00,0x00,0x00,0x00,0x00,0x00,0x00,0x00,0x00,0x00,0x00,0x00,  //0xde80~0xde8f      ................
0x00,0x00,0x00,0x00,0x00,0x00,0x00,0x00,0x00,0x00,0x00,0x00,0x00,0x00,0x00,0x00,  //0xde90~0xde9f      ................
0x00,0x00,0x00,0x00,0x00,0x00,0x00,0x00,0x00,0x00,0x00,0x00,0x00,0x00,0x00,0x00,  //0xdea0~0xdeaf      ................
0x00,0x00,0x00,0x00,0x00,0x00,0x00,0x00,0x00,0x00,0x00,0x00,0x00,0x00,0x00,0x00,  //0xdeb0~0xdebf      ................
0x00,0x00,0x00,0x00,0x00,0x00,0x00,0x00,0x00,0x00,0x00,0x00,0x00,0x00,0x00,0x00,  //0xdec0~0xdecf      ................
0x00,0x00,0x00,0x00,0x00,0x00,0x00,0x00,0x00,0x00,0x00,0x00,0x00,0x00,0x00,0x00,  //0xded0~0xdedf      ................
0x00,0x00,0x00,0x00,0x00,0x00,0x00,0x00,0x00,0x00,0x00,0x00,0x00,0x00,0x00,0x00,  //0xdee0~0xdeef      ................
0x00,0x00,0x00,0x00,0x00,0x00,0x00,0x00,0x00,0x00,0x00,0x00,0x00,0x00,0x00,0x00,  //0xdef0~0xdeff      ................
0x00,0x00,0x00,0x00,0x00,0x00,0x00,0x00,0x00,0x00,0x00,0x00,0x00,0x00,0x00,0x00,  //0xdf00~0xdf0f      ................
0x00,0x00,0x00,0x00,0x00,0x00,0x00,0x00,0x00,0x00,0x00,0x00,0x00,0x00,0x00,0x00,  //0xdf10~0xdf1f      ................
0x00,0x00,0x00,0x00,0x00,0x00,0x00,0x00,0x00,0x00,0x00,0x00,0x00,0x00,0x00,0x00,  //0xdf20~0xdf2f      ................
0x00,0x00,0x00,0x00,0x00,0x00,0x00,0x00,0x00,0x00,0x00,0x00,0x00,0x00,0x00,0x00,  //0xdf30~0xdf3f      ................
0x00,0x00,0x00,0x00,0x00,0x00,0x00,0x00,0x00,0x00,0x00,0x00,0x00,0x00,0x00,0x00,  //0xdf40~0xdf4f      ................
0x00,0x00,0x00,0x00,0x00,0x00,0x00,0x00,0x00,0x00,0x00,0x00,0x00,0x00,0x00,0x00,  //0xdf50~0xdf5f      ................
0x00,0x00,0x00,0x00,0x00,0x00,0x00,0x00,0x00,0x00,0x00,0x00,0x00,0x00,0x00,0x00,  //0xdf60~0xdf6f      ................
0x00,0x00,0x00,0x00,0x00,0x00,0x00,0x00,0x00,0x00,0x00,0x00,0x00,0x00,0x00,0x00,  //0xdf70~0xdf7f      ................
0x00,0x00,0x00,0x00,0x00,0x00,0x00,0x00,0x00,0x00,0x00,0x00,0x00,0x00,0x00,0x00,  //0xdf80~0xdf8f      ................
0x00,0x00,0x00,0x00,0x00,0x00,0x00,0x00,0x00,0x00,0x00,0x00,0x00,0x00,0x00,0x00,  //0xdf90~0xdf9f      ................
0x00,0x00,0x00,0x00,0x00,0x00,0x00,0x00,0x00,0x00,0x00,0x00,0x00,0x00,0x00,0x00,  //0xdfa0~0xdfaf      ................
0x00,0x00,0x00,0x00,0x00,0x00,0x00,0x00,0x00,0x00,0x00,0x00,0x00,0x00,0x00,0x00,  //0xdfb0~0xdfbf      ................
0x00,0x00,0x00,0x00,0x00,0x00,0x00,0x00,0x00,0x00,0x00,0x00,0x00,0x00,0x00,0x00,  //0xdfc0~0xdfcf      ................
0x00,0x00,0x00,0x00,0x00,0x00,0x00,0x00,0x00,0x00,0x00,0x00,0x00,0x00,0x00,0x00,  //0xdfd0~0xdfdf      ................
0x00,0x00,0x00,0x00,0x00,0x00,0x00,0x00,0x00,0x00,0x00,0x00,0x00,0x00,0x00,0x00,  //0xdfe0~0xdfef      ................
0x00,0x00,0x00,0x00,0x00,0x00,0x00,0x00,0x00,0x00,0x00,0x00,0x00,0x00,0x00,0x00,  //0xdff0~0xdfff      ................
0x00,0x00,0x00,0x00,0x00,0x00,0x00,0x00,0x00,0x00,0x00,0x00,0x00,0x00,0x00,0x00,  //0xe000~0xe00f      ................
0x00,0x00,0x00,0x00,0x00,0x00,0x00,0x00,0x00,0x00,0x00,0x00,0x00,0x00,0x00,0x00,  //0xe010~0xe01f      ................
0x00,0x00,0x00,0x00,0x00,0x00,0x00,0x00,0x00,0x00,0x00,0x00,0x00,0x00,0x00,0x00,  //0xe020~0xe02f      ................
0x00,0x00,0x00,0x00,0x00,0x00,0x00,0x00,0x00,0x00,0x00,0x00,0x00,0x00,0x00,0x00,  //0xe030~0xe03f      ................
0x00,0x00,0x00,0x00,0x00,0x00,0x00,0x00,0x00,0x00,0x00,0x00,0x00,0x00,0x00,0x00,  //0xe040~0xe04f      ................
0x00,0x00,0x00,0x00,0x00,0x00,0x00,0x00,0x00,0x00,0x00,0x00,0x00,0x00,0x00,0x00,  //0xe050~0xe05f      ................
0x00,0x00,0x00,0x00,0x00,0x00,0x00,0x00,0x00,0x00,0x00,0x00,0x00,0x00,0x00,0x00,  //0xe060~0xe06f      ................
0x00,0x00,0x00,0x00,0x00,0x00,0x00,0x00,0x00,0x00,0x00,0x00,0x00,0x00,0x00,0x00,  //0xe070~0xe07f      ................
0x00,0x00,0x00,0x00,0x00,0x00,0x00,0x00,0x00,0x00,0x00,0x00,0x00,0x00,0x00,0x00,  //0xe080~0xe08f      ................
0x00,0x00,0x00,0x00,0x00,0x00,0x00,0x00,0x00,0x00,0x00,0x00,0x00,0x00,0x00,0x00,  //0xe090~0xe09f      ................
0x00,0x00,0x00,0x00,0x00,0x00,0x00,0x00,0x00,0x00,0x00,0x00,0x00,0x00,0x00,0x00,  //0xe0a0~0xe0af      ................
0x00,0x00,0x00,0x00,0x00,0x00,0x00,0x00,0x00,0x00,0x00,0x00,0x00,0x00,0x00,0x00,  //0xe0b0~0xe0bf      ................
0x00,0x00,0x00,0x00,0x00,0x00,0x00,0x00,0x00,0x00,0x00,0x00,0x00,0x00,0x00,0x00,  //0xe0c0~0xe0cf      ................
0x00,0x00,0x00,0x00,0x00,0x00,0x00,0x00,0x00,0x00,0x00,0x00,0x00,0x00,0x00,0x00,  //0xe0d0~0xe0df      ................
0x00,0x00,0x00,0x00,0x00,0x00,0x00,0x00,0x00,0x00,0x00,0x00,0x00,0x00,0x00,0x00,  //0xe0e0~0xe0ef      ................
0x00,0x00,0x00,0x00,0x00,0x00,0x00,0x00,0x00,0x00,0x00,0x00,0x00,0x00,0x00,0x00,  //0xe0f0~0xe0ff      ................
0x00,0x00,0x00,0x00,0x00,0x00,0x00,0x00,0x00,0x00,0x00,0x00,0x00,0x00,0x00,0x00,  //0xe100~0xe10f      ................
0x00,0x00,0x00,0x00,0x00,0x00,0x00,0x00,0x00,0x00,0x00,0x00,0x00,0x00,0x00,0x00,  //0xe110~0xe11f      ................
0x00,0x00,0x00,0x00,0x00,0x00,0x00,0x00,0x00,0x00,0x00,0x00,0x00,0x00,0x00,0x00,  //0xe120~0xe12f      ................
0x00,0x00,0x00,0x00,0x00,0x00,0x00,0x00,0x00,0x00,0x00,0x00,0x00,0x00,0x00,0x00,  //0xe130~0xe13f      ................
0x00,0x00,0x00,0x00,0x00,0x00,0x00,0x00,0x00,0x00,0x00,0x00,0x00,0x00,0x00,0x00,  //0xe140~0xe14f      ................
0x00,0x00,0x00,0x00,0x00,0x00,0x00,0x00,0x00,0x00,0x00,0x00,0x00,0x00,0x00,0x00,  //0xe150~0xe15f      ................
0x00,0x00,0x00,0x00,0x00,0x00,0x00,0x00,0x00,0x00,0x00,0x00,0x00,0x00,0x00,0x00,  //0xe160~0xe16f      ................
0x00,0x00,0x00,0x00,0x00,0x00,0x00,0x00,0x00,0x00,0x00,0x00,0x00,0x00,0x00,0x00,  //0xe170~0xe17f      ................
0x00,0x00,0x00,0x00,0x00,0x00,0x00,0x00,0x00,0x00,0x00,0x00,0x00,0x00,0x00,0x00,  //0xe180~0xe18f      ................
0x00,0x00,0x00,0x00,0x00,0x00,0x00,0x00,0x00,0x00,0x00,0x00,0x00,0x00,0x00,0x00,  //0xe190~0xe19f      ................
0x00,0x00,0x00,0x00,0x00,0x00,0x00,0x00,0x00,0x00,0x00,0x00,0x00,0x00,0x00,0x00,  //0xe1a0~0xe1af      ................
0x00,0x00,0x00,0x00,0x00,0x00,0x00,0x00,0x00,0x00,0x00,0x00,0x00,0x00,0x00,0x00,  //0xe1b0~0xe1bf      ................
0x00,0x00,0x00,0x00,0x00,0x00,0x00,0x00,0x00,0x00,0x00,0x00,0x00,0x00,0x00,0x00,  //0xe1c0~0xe1cf      ................
0x00,0x00,0x00,0x00,0x00,0x00,0x00,0x00,0x00,0x00,0x00,0x00,0x00,0x00,0x00,0x00,  //0xe1d0~0xe1df      ................
0x00,0x00,0x00,0x00,0x00,0x00,0x00,0x00,0x00,0x00,0x00,0x00,0x00,0x00,0x00,0x00,  //0xe1e0~0xe1ef      ................
0x00,0x00,0x00,0x00,0x00,0x00,0x00,0x00,0x00,0x00,0x00,0x00,0x00,0x00,0x00,0x00,  //0xe1f0~0xe1ff      ................
0x00,0x00,0x00,0x00,0x00,0x00,0x00,0x00,0x00,0x00,0x00,0x00,0x00,0x00,0x00,0x00,  //0xe200~0xe20f      ................
0x00,0x00,0x00,0x00,0x00,0x00,0x00,0x00,0x00,0x00,0x00,0x00,0x00,0x00,0x00,0x00,  //0xe210~0xe21f      ................
0x00,0x00,0x00,0x00,0x00,0x00,0x00,0x00,0x00,0x00,0x00,0x00,0x00,0x00,0x00,0x00,  //0xe220~0xe22f      ................
0x00,0x00,0x00,0x00,0x00,0x00,0x00,0x00,0x00,0x00,0x00,0x00,0x00,0x00,0x00,0x00,  //0xe230~0xe23f      ................
0x00,0x00,0x00,0x00,0x00,0x00,0x00,0x00,0x00,0x00,0x00,0x00,0x00,0x00,0x00,0x00,  //0xe240~0xe24f      ................
0x00,0x00,0x00,0x00,0x00,0x00,0x00,0x00,0x00,0x00,0x00,0x00,0x00,0x00,0x00,0x00,  //0xe250~0xe25f      ................
0x00,0x00,0x00,0x00,0x00,0x00,0x00,0x00,0x00,0x00,0x00,0x00,0x00,0x00,0x00,0x00,  //0xe260~0xe26f      ................
0x00,0x00,0x00,0x00,0x00,0x00,0x00,0x00,0x00,0x00,0x00,0x00,0x00,0x00,0x00,0x00,  //0xe270~0xe27f      ................
0x00,0x00,0x00,0x00,0x00,0x00,0x00,0x00,0x00,0x00,0x00,0x00,0x00,0x00,0x00,0x00,  //0xe280~0xe28f      ................
0x00,0x00,0x00,0x00,0x00,0x00,0x00,0x00,0x00,0x00,0x00,0x00,0x00,0x00,0x00,0x00,  //0xe290~0xe29f      ................
0x00,0x00,0x00,0x00,0x00,0x00,0x00,0x00,0x00,0x00,0x00,0x00,0x00,0x00,0x00,0x00,  //0xe2a0~0xe2af      ................
0x00,0x00,0x00,0x00,0x00,0x00,0x00,0x00,0x00,0x00,0x00,0x00,0x00,0x00,0x00,0x00,  //0xe2b0~0xe2bf      ................
0x00,0x00,0x00,0x00,0x00,0x00,0x00,0x00,0x00,0x00,0x00,0x00,0x00,0x00,0x00,0x00,  //0xe2c0~0xe2cf      ................
0x00,0x00,0x00,0x00,0x00,0x00,0x00,0x00,0x00,0x00,0x00,0x00,0x00,0x00,0x00,0x00,  //0xe2d0~0xe2df      ................
0x00,0x00,0x00,0x00,0x00,0x00,0x00,0x00,0x00,0x00,0x00,0x00,0x00,0x00,0x00,0x00,  //0xe2e0~0xe2ef      ................
0x00,0x00,0x00,0x00,0x00,0x00,0x00,0x00,0x00,0x00,0x00,0x00,0x00,0x00,0x00,0x00,  //0xe2f0~0xe2ff      ................
0x00,0x00,0x00,0x00,0x00,0x00,0x00,0x00,0x00,0x00,0x00,0x00,0x00,0x00,0x00,0x00,  //0xe300~0xe30f      ................
0x00,0x00,0x00,0x00,0x00,0x00,0x00,0x00,0x00,0x00,0x00,0x00,0x00,0x00,0x00,0x00,  //0xe310~0xe31f      ................
0x00,0x00,0x00,0x00,0x00,0x00,0x00,0x00,0x00,0x00,0x00,0x00,0x00,0x00,0x00,0x00,  //0xe320~0xe32f      ................
0x00,0x00,0x00,0x00,0x00,0x00,0x00,0x00,0x00,0x00,0x00,0x00,0x00,0x00,0x00,0x00,  //0xe330~0xe33f      ................
0x00,0x00,0x00,0x00,0x00,0x00,0x00,0x00,0x00,0x00,0x00,0x00,0x00,0x00,0x00,0x00,  //0xe340~0xe34f      ................
0x00,0x00,0x00,0x00,0x00,0x00,0x00,0x00,0x00,0x00,0x00,0x00,0x00,0x00,0x00,0x00,  //0xe350~0xe35f      ................
0x00,0x00,0x00,0x00,0x00,0x00,0x00,0x00,0x00,0x00,0x00,0x00,0x00,0x00,0x00,0x00,  //0xe360~0xe36f      ................
0x00,0x00,0x00,0x00,0x00,0x00,0x00,0x00,0x00,0x00,0x00,0x00,0x00,0x00,0x00,0x00,  //0xe370~0xe37f      ................
0x00,0x00,0x00,0x00,0x00,0x00,0x00,0x00,0x00,0x00,0x00,0x00,0x00,0x00,0x00,0x00,  //0xe380~0xe38f      ................
0x00,0x00,0x00,0x00,0x00,0x00,0x00,0x00,0x00,0x00,0x00,0x00,0x00,0x00,0x00,0x00,  //0xe390~0xe39f      ................
0x00,0x00,0x00,0x00,0x00,0x00,0x00,0x00,0x00,0x00,0x00,0x00,0x00,0x00,0x00,0x00,  //0xe3a0~0xe3af      ................
0x00,0x00,0x00,0x00,0x00,0x00,0x00,0x00,0x00,0x00,0x00,0x00,0x00,0x00,0x00,0x00,  //0xe3b0~0xe3bf      ................
0x00,0x00,0x00,0x00,0x00,0x00,0x00,0x00,0x00,0x00,0x00,0x00,0x00,0x00,0x00,0x00,  //0xe3c0~0xe3cf      ................
0x00,0x00,0x00,0x00,0x00,0x00,0x00,0x00,0x00,0x00,0x00,0x00,0x00,0x00,0x00,0x00,  //0xe3d0~0xe3df      ................
0x00,0x00,0x00,0x00,0x00,0x00,0x00,0x00,0x00,0x00,0x00,0x00,0x00,0x00,0x00,0x00,  //0xe3e0~0xe3ef      ................
0x00,0x00,0x00,0x00,0x00,0x00,0x00,0x00,0x00,0x00,0x00,0x00,0x00,0x00,0x00,0x00,  //0xe3f0~0xe3ff      ................
0x00,0x00,0x00,0x00,0x00,0x00,0x00,0x00,0x00,0x00,0x00,0x00,0x00,0x00,0x00,0x00,  //0xe400~0xe40f      ................
0x00,0x00,0x00,0x00,0x00,0x00,0x00,0x00,0x00,0x00,0x00,0x00,0x00,0x00,0x00,0x00,  //0xe410~0xe41f      ................
0x00,0x00,0x00,0x00,0x00,0x00,0x00,0x00,0x00,0x00,0x00,0x00,0x00,0x00,0x00,0x00,  //0xe420~0xe42f      ................
0x00,0x00,0x00,0x00,0x00,0x00,0x00,0x00,0x00,0x00,0x00,0x00,0x00,0x00,0x00,0x00,  //0xe430~0xe43f      ................
0x00,0x00,0x00,0x00,0x00,0x00,0x00,0x00,0x00,0x00,0x00,0x00,0x00,0x00,0x00,0x00,  //0xe440~0xe44f      ................
0x00,0x00,0x00,0x00,0x00,0x00,0x00,0x00,0x00,0x00,0x00,0x00,0x00,0x00,0x00,0x00,  //0xe450~0xe45f      ................
0x00,0x00,0x00,0x00,0x00,0x00,0x00,0x00,0x00,0x00,0x00,0x00,0x00,0x00,0x00,0x00,  //0xe460~0xe46f      ................
0x00,0x00,0x00,0x00,0x00,0x00,0x00,0x00,0x00,0x00,0x00,0x00,0x00,0x00,0x00,0x00,  //0xe470~0xe47f      ................
0x00,0x00,0x00,0x00,0x00,0x00,0x00,0x00,0x00,0x00,0x00,0x00,0x00,0x00,0x00,0x00,  //0xe480~0xe48f      ................
0x00,0x00,0x00,0x00,0x00,0x00,0x00,0x00,0x00,0x00,0x00,0x00,0x00,0x00,0x00,0x00,  //0xe490~0xe49f      ................
0x00,0x00,0x00,0x00,0x00,0x00,0x00,0x00,0x00,0x00,0x00,0x00,0x00,0x00,0x00,0x00,  //0xe4a0~0xe4af      ................
0x00,0x00,0x00,0x00,0x00,0x00,0x00,0x00,0x00,0x00,0x00,0x00,0x00,0x00,0x00,0x00,  //0xe4b0~0xe4bf      ................
0x00,0x00,0x00,0x00,0x00,0x00,0x00,0x00,0x00,0x00,0x00,0x00,0x00,0x00,0x00,0x00,  //0xe4c0~0xe4cf      ................
0x00,0x00,0x00,0x00,0x00,0x00,0x00,0x00,0x00,0x00,0x00,0x00,0x00,0x00,0x00,0x00,  //0xe4d0~0xe4df      ................
0x00,0x00,0x00,0x00,0x00,0x00,0x00,0x00,0x00,0x00,0x00,0x00,0x00,0x00,0x00,0x00,  //0xe4e0~0xe4ef      ................
0x00,0x00,0x00,0x00,0x00,0x00,0x00,0x00,0x00,0x00,0x00,0x00,0x00,0x00,0x00,0x00,  //0xe4f0~0xe4ff      ................
0x00,0x00,0x00,0x00,0x00,0x00,0x00,0x00,0x00,0x00,0x00,0x00,0x00,0x00,0x00,0x00,  //0xe500~0xe50f      ................
0x00,0x00,0x00,0x00,0x00,0x00,0x00,0x00,0x00,0x00,0x00,0x00,0x00,0x00,0x00,0x00,  //0xe510~0xe51f      ................
0x00,0x00,0x00,0x00,0x00,0x00,0x00,0x00,0x00,0x00,0x00,0x00,0x00,0x00,0x00,0x00,  //0xe520~0xe52f      ................
0x00,0x00,0x00,0x00,0x00,0x00,0x00,0x00,0x00,0x00,0x00,0x00,0x00,0x00,0x00,0x00,  //0xe530~0xe53f      ................
0x00,0x00,0x00,0x00,0x00,0x00,0x00,0x00,0x00,0x00,0x00,0x00,0x00,0x00,0x00,0x00,  //0xe540~0xe54f      ................
0x00,0x00,0x00,0x00,0x00,0x00,0x00,0x00,0x00,0x00,0x00,0x00,0x00,0x00,0x00,0x00,  //0xe550~0xe55f      ................
0x00,0x00,0x00,0x00,0x00,0x00,0x00,0x00,0x00,0x00,0x00,0x00,0x00,0x00,0x00,0x00,  //0xe560~0xe56f      ................
0x00,0x00,0x00,0x00,0x00,0x00,0x00,0x00,0x00,0x00,0x00,0x00,0x00,0x00,0x00,0x00,  //0xe570~0xe57f      ................
0x00,0x00,0x00,0x00,0x00,0x00,0x00,0x00,0x00,0x00,0x00,0x00,0x00,0x00,0x00,0x00,  //0xe580~0xe58f      ................
0x00,0x00,0x00,0x00,0x00,0x00,0x00,0x00,0x00,0x00,0x00,0x00,0x00,0x00,0x00,0x00,  //0xe590~0xe59f      ................
0x00,0x00,0x00,0x00,0x00,0x00,0x00,0x00,0x00,0x00,0x00,0x00,0x00,0x00,0x00,0x00,  //0xe5a0~0xe5af      ................
0x00,0x00,0x00,0x00,0x00,0x00,0x00,0x00,0x00,0x00,0x00,0x00,0x00,0x00,0x00,0x00,  //0xe5b0~0xe5bf      ................
0x00,0x00,0x00,0x00,0x00,0x00,0x00,0x00,0x00,0x00,0x00,0x00,0x00,0x00,0x00,0x00,  //0xe5c0~0xe5cf      ................
0x00,0x00,0x00,0x00,0x00,0x00,0x00,0x00,0x00,0x00,0x00,0x00,0x00,0x00,0x00,0x00,  //0xe5d0~0xe5df      ................
0x00,0x00,0x00,0x00,0x00,0x00,0x00,0x00,0x00,0x00,0x00,0x00,0x00,0x00,0x00,0x00,  //0xe5e0~0xe5ef      ................
0x00,0x00,0x00,0x00,0x00,0x00,0x00,0x00,0x00,0x00,0x00,0x00,0x00,0x00,0x00,0x00,  //0xe5f0~0xe5ff      ................
0x00,0x00,0x00,0x00,0x00,0x00,0x00,0x00,0x00,0x00,0x00,0x00,0x00,0x00,0x00,0x00,  //0xe600~0xe60f      ................
0x00,0x00,0x00,0x00,0x00,0x00,0x00,0x00,0x00,0x00,0x00,0x00,0x00,0x00,0x00,0x00,  //0xe610~0xe61f      ................
0x00,0x00,0x00,0x00,0x00,0x00,0x00,0x00,0x00,0x00,0x00,0x00,0x00,0x00,0x00,0x00,  //0xe620~0xe62f      ................
0x00,0x00,0x00,0x00,0x00,0x00,0x00,0x00,0x00,0x00,0x00,0x00,0x00,0x00,0x00,0x00,  //0xe630~0xe63f      ................
0x00,0x00,0x00,0x00,0x00,0x00,0x00,0x00,0x00,0x00,0x00,0x00,0x00,0x00,0x00,0x00,  //0xe640~0xe64f      ................
0x00,0x00,0x00,0x00,0x00,0x00,0x00,0x00,0x00,0x00,0x00,0x00,0x00,0x00,0x00,0x00,  //0xe650~0xe65f      ................
0x00,0x00,0x00,0x00,0x00,0x00,0x00,0x00,0x00,0x00,0x00,0x00,0x00,0x00,0x00,0x00,  //0xe660~0xe66f      ................
0x00,0x00,0x00,0x00,0x00,0x00,0x00,0x00,0x00,0x00,0x00,0x00,0x00,0x00,0x00,0x00,  //0xe670~0xe67f      ................
0x00,0x00,0x00,0x00,0x00,0x00,0x00,0x00,0x00,0x00,0x00,0x00,0x00,0x00,0x00,0x00,  //0xe680~0xe68f      ................
0x00,0x00,0x00,0x00,0x00,0x00,0x00,0x00,0x00,0x00,0x00,0x00,0x00,0x00,0x00,0x00,  //0xe690~0xe69f      ................
0x00,0x00,0x00,0x00,0x00,0x00,0x00,0x00,0x00,0x00,0x00,0x00,0x00,0x00,0x00,0x00,  //0xe6a0~0xe6af      ................
0x00,0x00,0x00,0x00,0x00,0x00,0x00,0x00,0x00,0x00,0x00,0x00,0x00,0x00,0x00,0x00,  //0xe6b0~0xe6bf      ................
0x00,0x00,0x00,0x00,0x00,0x00,0x00,0x00,0x00,0x00,0x00,0x00,0x00,0x00,0x00,0x00,  //0xe6c0~0xe6cf      ................
0x00,0x00,0x00,0x00,0x00,0x00,0x00,0x00,0x00,0x00,0x00,0x00,0x00,0x00,0x00,0x00,  //0xe6d0~0xe6df      ................
0x00,0x00,0x00,0x00,0x00,0x00,0x00,0x00,0x00,0x00,0x00,0x00,0x00,0x00,0x00,0x00,  //0xe6e0~0xe6ef      ................
0x00,0x00,0x00,0x00,0x00,0x00,0x00,0x00,0x00,0x00,0x00,0x00,0x00,0x00,0x00,0x00,  //0xe6f0~0xe6ff      ................
0x00,0x00,0x00,0x00,0x00,0x00,0x00,0x00,0x00,0x00,0x00,0x00,0x00,0x00,0x00,0x00,  //0xe700~0xe70f      ................
0x00,0x00,0x00,0x00,0x00,0x00,0x00,0x00,0x00,0x00,0x00,0x00,0x00,0x00,0x00,0x00,  //0xe710~0xe71f      ................
0x00,0x00,0x00,0x00,0x00,0x00,0x00,0x00,0x00,0x00,0x00,0x00,0x00,0x00,0x00,0x00,  //0xe720~0xe72f      ................
0x00,0x00,0x00,0x00,0x00,0x00,0x00,0x00,0x00,0x00,0x00,0x00,0x00,0x00,0x00,0x00,  //0xe730~0xe73f      ................
0x00,0x00,0x00,0x00,0x00,0x00,0x00,0x00,0x00,0x00,0x00,0x00,0x00,0x00,0x00,0x00,  //0xe740~0xe74f      ................
0x00,0x00,0x00,0x00,0x00,0x00,0x00,0x00,0x00,0x00,0x00,0x00,0x00,0x00,0x00,0x00,  //0xe750~0xe75f      ................
0x00,0x00,0x00,0x00,0x00,0x00,0x00,0x00,0x00,0x00,0x00,0x00,0x00,0x00,0x00,0x00,  //0xe760~0xe76f      ................
0x00,0x00,0x00,0x00,0x00,0x00,0x00,0x00,0x00,0x00,0x00,0x00,0x00,0x00,0x00,0x00,  //0xe770~0xe77f      ................
0x00,0x00,0x00,0x00,0x00,0x00,0x00,0x00,0x00,0x00,0x00,0x00,0x00,0x00,0x00,0x00,  //0xe780~0xe78f      ................
0x00,0x00,0x00,0x00,0x00,0x00,0x00,0x00,0x00,0x00,0x00,0x00,0x00,0x00,0x00,0x00,  //0xe790~0xe79f      ................
0x00,0x00,0x00,0x00,0x00,0x00,0x00,0x00,0x00,0x00,0x00,0x00,0x00,0x00,0x00,0x00,  //0xe7a0~0xe7af      ................
0x00,0x00,0x00,0x00,0x00,0x00,0x00,0x00,0x00,0x00,0x00,0x00,0x00,0x00,0x00,0x00,  //0xe7b0~0xe7bf      ................
0x00,0x00,0x00,0x00,0x00,0x00,0x00,0x00,0x00,0x00,0x00,0x00,0x00,0x00,0x00,0x00,  //0xe7c0~0xe7cf      ................
0x00,0x00,0x00,0x00,0x00,0x00,0x00,0x00,0x00,0x00,0x00,0x00,0x00,0x00,0x00,0x00,  //0xe7d0~0xe7df      ................
0x00,0x00,0x00,0x00,0x00,0x00,0x00,0x00,0x00,0x00,0x00,0x00,0x00,0x00,0x00,0x00,  //0xe7e0~0xe7ef      ................
0x00,0x00,0x00,0x00,0x00,0x00,0x00,0x00,0x00,0x00,0x00,0x00,0x00,0x00,0x00,0x00,  //0xe7f0~0xe7ff      ................
0x00,0x00,0x00,0x00,0x00,0x00,0x00,0x00,0x00,0x00,0x00,0x00,0x00,0x00,0x00,0x00,  //0xe800~0xe80f      ................
0x00,0x00,0x00,0x00,0x00,0x00,0x00,0x00,0x00,0x00,0x00,0x00,0x00,0x00,0x00,0x00,  //0xe810~0xe81f      ................
0x00,0x00,0x00,0x00,0x00,0x00,0x00,0x00,0x00,0x00,0x00,0x00,0x00,0x00,0x00,0x00,  //0xe820~0xe82f      ................
0x00,0x00,0x00,0x00,0x00,0x00,0x00,0x00,0x00,0x00,0x00,0x00,0x00,0x00,0x00,0x00,  //0xe830~0xe83f      ................
0x00,0x00,0x00,0x00,0x00,0x00,0x00,0x00,0x00,0x00,0x00,0x00,0x00,0x00,0x00,0x00,  //0xe840~0xe84f      ................
0x00,0x00,0x00,0x00,0x00,0x00,0x00,0x00,0x00,0x00,0x00,0x00,0x00,0x00,0x00,0x00,  //0xe850~0xe85f      ................
0x00,0x00,0x00,0x00,0x00,0x00,0x00,0x00,0x00,0x00,0x00,0x00,0x00,0x00,0x00,0x00,  //0xe860~0xe86f      ................
0x00,0x00,0x00,0x00,0x00,0x00,0x00,0x00,0x00,0x00,0x00,0x00,0x00,0x00,0x00,0x00,  //0xe870~0xe87f      ................
0x00,0x00,0x00,0x00,0x00,0x00,0x00,0x00,0x00,0x00,0x00,0x00,0x00,0x00,0x00,0x00,  //0xe880~0xe88f      ................
0x00,0x00,0x00,0x00,0x00,0x00,0x00,0x00,0x00,0x00,0x00,0x00,0x00,0x00,0x00,0x00,  //0xe890~0xe89f      ................
0x00,0x00,0x00,0x00,0x00,0x00,0x00,0x00,0x00,0x00,0x00,0x00,0x00,0x00,0x00,0x00,  //0xe8a0~0xe8af      ................
0x00,0x00,0x00,0x00,0x00,0x00,0x00,0x00,0x00,0x00,0x00,0x00,0x00,0x00,0x00,0x00,  //0xe8b0~0xe8bf      ................
0x00,0x00,0x00,0x00,0x00,0x00,0x00,0x00,0x00,0x00,0x00,0x00,0x00,0x00,0x00,0x00,  //0xe8c0~0xe8cf      ................
0x00,0x00,0x00,0x00,0x00,0x00,0x00,0x00,0x00,0x00,0x00,0x00,0x00,0x00,0x00,0x00,  //0xe8d0~0xe8df      ................
0x00,0x00,0x00,0x00,0x00,0x00,0x00,0x00,0x00,0x00,0x00,0x00,0x00,0x00,0x00,0x00,  //0xe8e0~0xe8ef      ................
0x00,0x00,0x00,0x00,0x00,0x00,0x00,0x00,0x00,0x00,0x00,0x00,0x00,0x00,0x00,0x00,  //0xe8f0~0xe8ff      ................
0x00,0x00,0x00,0x00,0x00,0x00,0x00,0x00,0x00,0x00,0x00,0x00,0x00,0x00,0x00,0x00,  //0xe900~0xe90f      ................
0x00,0x00,0x00,0x00,0x00,0x00,0x00,0x00,0x00,0x00,0x00,0x00,0x00,0x00,0x00,0x00,  //0xe910~0xe91f      ................
0x00,0x00,0x00,0x00,0x00,0x00,0x00,0x00,0x00,0x00,0x00,0x00,0x00,0x00,0x00,0x00,  //0xe920~0xe92f      ................
0x00,0x00,0x00,0x00,0x00,0x00,0x00,0x00,0x00,0x00,0x00,0x00,0x00,0x00,0x00,0x00,  //0xe930~0xe93f      ................
0x00,0x00,0x00,0x00,0x00,0x00,0x00,0x00,0x00,0x00,0x00,0x00,0x00,0x00,0x00,0x00,  //0xe940~0xe94f      ................
0x00,0x00,0x00,0x00,0x00,0x00,0x00,0x00,0x00,0x00,0x00,0x00,0x00,0x00,0x00,0x00,  //0xe950~0xe95f      ................
0x00,0x00,0x00,0x00,0x00,0x00,0x00,0x00,0x00,0x00,0x00,0x00,0x00,0x00,0x00,0x00,  //0xe960~0xe96f      ................
0x00,0x00,0x00,0x00,0x00,0x00,0x00,0x00,0x00,0x00,0x00,0x00,0x00,0x00,0x00,0x00,  //0xe970~0xe97f      ................
0x00,0x00,0x00,0x00,0x00,0x00,0x00,0x00,0x00,0x00,0x00,0x00,0x00,0x00,0x00,0x00,  //0xe980~0xe98f      ................
0x00,0x00,0x00,0x00,0x00,0x00,0x00,0x00,0x00,0x00,0x00,0x00,0x00,0x00,0x00,0x00,  //0xe990~0xe99f      ................
0x00,0x00,0x00,0x00,0x00,0x00,0x00,0x00,0x00,0x00,0x00,0x00,0x00,0x00,0x00,0x00,  //0xe9a0~0xe9af      ................
0x00,0x00,0x00,0x00,0x00,0x00,0x00,0x00,0x00,0x00,0x00,0x00,0x00,0x00,0x00,0x00,  //0xe9b0~0xe9bf      ................
0x00,0x00,0x00,0x00,0x00,0x00,0x00,0x00,0x00,0x00,0x00,0x00,0x00,0x00,0x00,0x00,  //0xe9c0~0xe9cf      ................
0x00,0x00,0x00,0x00,0x00,0x00,0x00,0x00,0x00,0x00,0x00,0x00,0x00,0x00,0x00,0x00,  //0xe9d0~0xe9df      ................
0x00,0x00,0x00,0x00,0x00,0x00,0x00,0x00,0x00,0x00,0x00,0x00,0x00,0x00,0x00,0x00,  //0xe9e0~0xe9ef      ................
0x00,0x00,0x00,0x00,0x00,0x00,0x00,0x00,0x00,0x00,0x00,0x00,0x00,0x00,0x00,0x00,  //0xe9f0~0xe9ff      ................
0x00,0x00,0x00,0x00,0x00,0x00,0x00,0x00,0x00,0x00,0x00,0x00,0x00,0x00,0x00,0x00,  //0xea00~0xea0f      ................
0x00,0x00,0x00,0x00,0x00,0x00,0x00,0x00,0x00,0x00,0x00,0x00,0x00,0x00,0x00,0x00,  //0xea10~0xea1f      ................
0x00,0x00,0x00,0x00,0x00,0x00,0x00,0x00,0x00,0x00,0x00,0x00,0x00,0x00,0x00,0x00,  //0xea20~0xea2f      ................
0x00,0x00,0x00,0x00,0x00,0x00,0x00,0x00,0x00,0x00,0x00,0x00,0x00,0x00,0x00,0x00,  //0xea30~0xea3f      ................
0x00,0x00,0x00,0x00,0x00,0x00,0x00,0x00,0x00,0x00,0x00,0x00,0x00,0x00,0x00,0x00,  //0xea40~0xea4f      ................
0x00,0x00,0x00,0x00,0x00,0x00,0x00,0x00,0x00,0x00,0x00,0x00,0x00,0x00,0x00,0x00,  //0xea50~0xea5f      ................
0x00,0x00,0x00,0x00,0x00,0x00,0x00,0x00,0x00,0x00,0x00,0x00,0x00,0x00,0x00,0x00,  //0xea60~0xea6f      ................
0x00,0x00,0x00,0x00,0x00,0x00,0x00,0x00,0x00,0x00,0x00,0x00,0x00,0x00,0x00,0x00,  //0xea70~0xea7f      ................
0x00,0x00,0x00,0x00,0x00,0x00,0x00,0x00,0x00,0x00,0x00,0x00,0x00,0x00,0x00,0x00,  //0xea80~0xea8f      ................
0x00,0x00,0x00,0x00,0x00,0x00,0x00,0x00,0x00,0x00,0x00,0x00,0x00,0x00,0x00,0x00,  //0xea90~0xea9f      ................
0x00,0x00,0x00,0x00,0x00,0x00,0x00,0x00,0x00,0x00,0x00,0x00,0x00,0x00,0x00,0x00,  //0xeaa0~0xeaaf      ................
0x00,0x00,0x00,0x00,0x00,0x00,0x00,0x00,0x00,0x00,0x00,0x00,0x00,0x00,0x00,0x00,  //0xeab0~0xeabf      ................
0x00,0x00,0x00,0x00,0x00,0x00,0x00,0x00,0x00,0x00,0x00,0x00,0x00,0x00,0x00,0x00,  //0xeac0~0xeacf      ................
0x00,0x00,0x00,0x00,0x00,0x00,0x00,0x00,0x00,0x00,0x00,0x00,0x00,0x00,0x00,0x00,  //0xead0~0xeadf      ................
0x00,0x00,0x00,0x00,0x00,0x00,0x00,0x00,0x00,0x00,0x00,0x00,0x00,0x00,0x00,0x00,  //0xeae0~0xeaef      ................
0x00,0x00,0x00,0x00,0x00,0x00,0x00,0x00,0x00,0x00,0x00,0x00,0x00,0x00,0x00,0x00,  //0xeaf0~0xeaff      ................
0x00,0x00,0x00,0x00,0x00,0x00,0x00,0x00,0x00,0x00,0x00,0x00,0x00,0x00,0x00,0x00,  //0xeb00~0xeb0f      ................
0x00,0x00,0x00,0x00,0x00,0x00,0x00,0x00,0x00,0x00,0x00,0x00,0x00,0x00,0x00,0x00,  //0xeb10~0xeb1f      ................
0x00,0x00,0x00,0x00,0x00,0x00,0x00,0x00,0x00,0x00,0x00,0x00,0x00,0x00,0x00,0x00,  //0xeb20~0xeb2f      ................
0x00,0x00,0x00,0x00,0x00,0x00,0x00,0x00,0x00,0x00,0x00,0x00,0x00,0x00,0x00,0x00,  //0xeb30~0xeb3f      ................
0x00,0x00,0x00,0x00,0x00,0x00,0x00,0x00,0x00,0x00,0x00,0x00,0x00,0x00,0x00,0x00,  //0xeb40~0xeb4f      ................
0x00,0x00,0x00,0x00,0x00,0x00,0x00,0x00,0x00,0x00,0x00,0x00,0x00,0x00,0x00,0x00,  //0xeb50~0xeb5f      ................
0x00,0x00,0x00,0x00,0x00,0x00,0x00,0x00,0x00,0x00,0x00,0x00,0x00,0x00,0x00,0x00,  //0xeb60~0xeb6f      ................
0x00,0x00,0x00,0x00,0x00,0x00,0x00,0x00,0x00,0x00,0x00,0x00,0x00,0x00,0x00,0x00,  //0xeb70~0xeb7f      ................
0x00,0x00,0x00,0x00,0x00,0x00,0x00,0x00,0x00,0x00,0x00,0x00,0x00,0x00,0x00,0x00,  //0xeb80~0xeb8f      ................
0x00,0x00,0x00,0x00,0x00,0x00,0x00,0x00,0x00,0x00,0x00,0x00,0x00,0x00,0x00,0x00,  //0xeb90~0xeb9f      ................
0x00,0x00,0x00,0x00,0x00,0x00,0x00,0x00,0x00,0x00,0x00,0x00,0x00,0x00,0x00,0x00,  //0xeba0~0xebaf      ................
0x00,0x00,0x00,0x00,0x00,0x00,0x00,0x00,0x00,0x00,0x00,0x00,0x00,0x00,0x00,0x00,  //0xebb0~0xebbf      ................
0x00,0x00,0x00,0x00,0x00,0x00,0x00,0x00,0x00,0x00,0x00,0x00,0x00,0x00,0x00,0x00,  //0xebc0~0xebcf      ................
0x00,0x00,0x00,0x00,0x00,0x00,0x00,0x00,0x00,0x00,0x00,0x00,0x00,0x00,0x00,0x00,  //0xebd0~0xebdf      ................
0x00,0x00,0x00,0x00,0x00,0x00,0x00,0x00,0x00,0x00,0x00,0x00,0x00,0x00,0x00,0x00,  //0xebe0~0xebef      ................
0x00,0x00,0x00,0x00,0x00,0x00,0x00,0x00,0x00,0x00,0x00,0x00,0x00,0x00,0x00,0x00,  //0xebf0~0xebff      ................
0x00,0x00,0x00,0x00,0x00,0x00,0x00,0x00,0x00,0x00,0x00,0x00,0x00,0x00,0x00,0x00,  //0xec00~0xec0f      ................
0x00,0x00,0x00,0x00,0x00,0x00,0x00,0x00,0x00,0x00,0x00,0x00,0x00,0x00,0x00,0x00,  //0xec10~0xec1f      ................
0x00,0x00,0x00,0x00,0x00,0x00,0x00,0x00,0x00,0x00,0x00,0x00,0x00,0x00,0x00,0x00,  //0xec20~0xec2f      ................
0x00,0x00,0x00,0x00,0x00,0x00,0x00,0x00,0x00,0x00,0x00,0x00,0x00,0x00,0x00,0x00,  //0xec30~0xec3f      ................
0x00,0x00,0x00,0x00,0x00,0x00,0x00,0x00,0x00,0x00,0x00,0x00,0x00,0x00,0x00,0x00,  //0xec40~0xec4f      ................
0x00,0x00,0x00,0x00,0x00,0x00,0x00,0x00,0x00,0x00,0x00,0x00,0x00,0x00,0x00,0x00,  //0xec50~0xec5f      ................
0x00,0x00,0x00,0x00,0x00,0x00,0x00,0x00,0x00,0x00,0x00,0x00,0x00,0x00,0x00,0x00,  //0xec60~0xec6f      ................
0x00,0x00,0x00,0x00,0x00,0x00,0x00,0x00,0x00,0x00,0x00,0x00,0x00,0x00,0x00,0x00,  //0xec70~0xec7f      ................
0x00,0x00,0x00,0x00,0x00,0x00,0x00,0x00,0x00,0x00,0x00,0x00,0x00,0x00,0x00,0x00,  //0xec80~0xec8f      ................
0x00,0x00,0x00,0x00,0x00,0x00,0x00,0x00,0x00,0x00,0x00,0x00,0x00,0x00,0x00,0x00,  //0xec90~0xec9f      ................
0x00,0x00,0x00,0x00,0x00,0x00,0x00,0x00,0x00,0x00,0x00,0x00,0x00,0x00,0x00,0x00,  //0xeca0~0xecaf      ................
0x00,0x00,0x00,0x00,0x00,0x00,0x00,0x00,0x00,0x00,0x00,0x00,0x00,0x00,0x00,0x00,  //0xecb0~0xecbf      ................
0x00,0x00,0x00,0x00,0x00,0x00,0x00,0x00,0x00,0x00,0x00,0x00,0x00,0x00,0x00,0x00,  //0xecc0~0xeccf      ................
0x00,0x00,0x00,0x00,0x00,0x00,0x00,0x00,0x00,0x00,0x00,0x00,0x00,0x00,0x00,0x00,  //0xecd0~0xecdf      ................
0x00,0x00,0x00,0x00,0x00,0x00,0x00,0x00,0x00,0x00,0x00,0x00,0x00,0x00,0x00,0x00,  //0xece0~0xecef      ................
0x00,0x00,0x00,0x00,0x00,0x00,0x00,0x00,0x00,0x00,0x00,0x00,0x00,0x00,0x00,0x00,  //0xecf0~0xecff      ................
0x00,0x00,0x00,0x00,0x00,0x00,0x00,0x00,0x00,0x00,0x00,0x00,0x00,0x00,0x00,0x00,  //0xed00~0xed0f      ................
0x00,0x00,0x00,0x00,0x00,0x00,0x00,0x00,0x00,0x00,0x00,0x00,0x00,0x00,0x00,0x00,  //0xed10~0xed1f      ................
0x00,0x00,0x00,0x00,0x00,0x00,0x00,0x00,0x00,0x00,0x00,0x00,0x00,0x00,0x00,0x00,  //0xed20~0xed2f      ................
0x00,0x00,0x00,0x00,0x00,0x00,0x00,0x00,0x00,0x00,0x00,0x00,0x00,0x00,0x00,0x00,  //0xed30~0xed3f      ................
0x00,0x00,0x00,0x00,0x00,0x00,0x00,0x00,0x00,0x00,0x00,0x00,0x00,0x00,0x00,0x00,  //0xed40~0xed4f      ................
0x00,0x00,0x00,0x00,0x00,0x00,0x00,0x00,0x00,0x00,0x00,0x00,0x00,0x00,0x00,0x00,  //0xed50~0xed5f      ................
0x00,0x00,0x00,0x00,0x00,0x00,0x00,0x00,0x00,0x00,0x00,0x00,0x00,0x00,0x00,0x00,  //0xed60~0xed6f      ................
0x00,0x00,0x00,0x00,0x00,0x00,0x00,0x00,0x00,0x00,0x00,0x00,0x00,0x00,0x00,0x00,  //0xed70~0xed7f      ................
0x00,0x00,0x00,0x00,0x00,0x00,0x00,0x00,0x00,0x00,0x00,0x00,0x00,0x00,0x00,0x00,  //0xed80~0xed8f      ................
0x00,0x00,0x00,0x00,0x00,0x00,0x00,0x00,0x00,0x00,0x00,0x00,0x00,0x00,0x00,0x00,  //0xed90~0xed9f      ................
0x00,0x00,0x00,0x00,0x00,0x00,0x00,0x00,0x00,0x00,0x00,0x00,0x00,0x00,0x00,0x00,  //0xeda0~0xedaf      ................
0x00,0x00,0x00,0x00,0x00,0x00,0x00,0x00,0x00,0x00,0x00,0x00,0x00,0x00,0x00,0x00,  //0xedb0~0xedbf      ................
0x00,0x00,0x00,0x00,0x00,0x00,0x00,0x00,0x00,0x00,0x00,0x00,0x00,0x00,0x00,0x00,  //0xedc0~0xedcf      ................
0x00,0x00,0x00,0x00,0x00,0x00,0x00,0x00,0x00,0x00,0x00,0x00,0x00,0x00,0x00,0x00,  //0xedd0~0xeddf      ................
0x00,0x00,0x00,0x00,0x00,0x00,0x00,0x00,0x00,0x00,0x00,0x00,0x00,0x00,0x00,0x00,  //0xede0~0xedef      ................
0x00,0x00,0x00,0x00,0x00,0x00,0x00,0x00,0x00,0x00,0x00,0x00,0x00,0x00,0x00,0x00,  //0xedf0~0xedff      ................
0x00,0x00,0x00,0x00,0x00,0x00,0x00,0x00,0x00,0x00,0x00,0x00,0x00,0x00,0x00,0x00,  //0xee00~0xee0f      ................
0x00,0x00,0x00,0x00,0x00,0x00,0x00,0x00,0x00,0x00,0x00,0x00,0x00,0x00,0x00,0x00,  //0xee10~0xee1f      ................
0x00,0x00,0x00,0x00,0x00,0x00,0x00,0x00,0x00,0x00,0x00,0x00,0x00,0x00,0x00,0x00,  //0xee20~0xee2f      ................
0x00,0x00,0x00,0x00,0x00,0x00,0x00,0x00,0x00,0x00,0x00,0x00,0x00,0x00,0x00,0x00,  //0xee30~0xee3f      ................
0x00,0x00,0x00,0x00,0x00,0x00,0x00,0x00,0x00,0x00,0x00,0x00,0x00,0x00,0x00,0x00,  //0xee40~0xee4f      ................
0x00,0x00,0x00,0x00,0x00,0x00,0x00,0x00,0x00,0x00,0x00,0x00,0x00,0x00,0x00,0x00,  //0xee50~0xee5f      ................
0x00,0x00,0x00,0x00,0x00,0x00,0x00,0x00,0x00,0x00,0x00,0x00,0x00,0x00,0x00,0x00,  //0xee60~0xee6f      ................
0x00,0x00,0x00,0x00,0x00,0x00,0x00,0x00,0x00,0x00,0x00,0x00,0x00,0x00,0x00,0x00,  //0xee70~0xee7f      ................
0x00,0x00,0x00,0x00,0x00,0x00,0x00,0x00,0x00,0x00,0x00,0x00,0x00,0x00,0x00,0x00,  //0xee80~0xee8f      ................
0x00,0x00,0x00,0x00,0x00,0x00,0x00,0x00,0x00,0x00,0x00,0x00,0x00,0x00,0x00,0x00,  //0xee90~0xee9f      ................
0x00,0x00,0x00,0x00,0x00,0x00,0x00,0x00,0x00,0x00,0x00,0x00,0x00,0x00,0x00,0x00,  //0xeea0~0xeeaf      ................
0x00,0x00,0x00,0x00,0x00,0x00,0x00,0x00,0x00,0x00,0x00,0x00,0x00,0x00,0x00,0x00,  //0xeeb0~0xeebf      ................
0x00,0x00,0x00,0x00,0x00,0x00,0x00,0x00,0x00,0x00,0x00,0x00,0x00,0x00,0x00,0x00,  //0xeec0~0xeecf      ................
0x00,0x00,0x00,0x00,0x00,0x00,0x00,0x00,0x00,0x00,0x00,0x00,0x00,0x00,0x00,0x00,  //0xeed0~0xeedf      ................
0x00,0x00,0x00,0x00,0x00,0x00,0x00,0x00,0x00,0x00,0x00,0x00,0x00,0x00,0x00,0x00,  //0xeee0~0xeeef      ................
0x00,0x00,0x00,0x00,0x00,0x00,0x00,0x00,0x00,0x00,0x00,0x00,0x00,0x00,0x00,0x00,  //0xeef0~0xeeff      ................
0x00,0x00,0x00,0x00,0x00,0x00,0x00,0x00,0x00,0x00,0x00,0x00,0x00,0x00,0x00,0x00,  //0xef00~0xef0f      ................
0x00,0x00,0x00,0x00,0x00,0x00,0x00,0x00,0x00,0x00,0x00,0x00,0x00,0x00,0x00,0x00,  //0xef10~0xef1f      ................
0x00,0x00,0x00,0x00,0x00,0x00,0x00,0x00,0x00,0x00,0x00,0x00,0x00,0x00,0x00,0x00,  //0xef20~0xef2f      ................
0x00,0x00,0x00,0x00,0x00,0x00,0x00,0x00,0x00,0x00,0x00,0x00,0x00,0x00,0x00,0x00,  //0xef30~0xef3f      ................
0x00,0x00,0x00,0x00,0x00,0x00,0x00,0x00,0x00,0x00,0x00,0x00,0x00,0x00,0x00,0x00,  //0xef40~0xef4f      ................
0x00,0x00,0x00,0x00,0x00,0x00,0x00,0x00,0x00,0x00,0x00,0x00,0x00,0x00,0x00,0x00,  //0xef50~0xef5f      ................
0x00,0x00,0x00,0x00,0x00,0x00,0x00,0x00,0x00,0x00,0x00,0x00,0x00,0x00,0x00,0x00,  //0xef60~0xef6f      ................
0x00,0x00,0x00,0x00,0x00,0x00,0x00,0x00,0x00,0x00,0x00,0x00,0x00,0x00,0x00,0x00,  //0xef70~0xef7f      ................
0x00,0x00,0x00,0x00,0x00,0x00,0x00,0x00,0x00,0x00,0x00,0x00,0x00,0x00,0x00,0x00,  //0xef80~0xef8f      ................
0x00,0x00,0x00,0x00,0x00,0x00,0x00,0x00,0x00,0x00,0x00,0x00,0x00,0x00,0x00,0x00,  //0xef90~0xef9f      ................
0x00,0x00,0x00,0x00,0x00,0x00,0x00,0x00,0x00,0x00,0x00,0x00,0x00,0x00,0x00,0x00,  //0xefa0~0xefaf      ................
0x00,0x00,0x00,0x00,0x00,0x00,0x00,0x00,0x00,0x00,0x00,0x00,0x00,0x00,0x00,0x00,  //0xefb0~0xefbf      ................
0x00,0x00,0x00,0x00,0x00,0x00,0x00,0x00,0x00,0x00,0x00,0x00,0x00,0x00,0x00,0x00,  //0xefc0~0xefcf      ................
0x00,0x00,0x00,0x00,0x00,0x00,0x00,0x00,0x00,0x00,0x00,0x00,0x00,0x00,0x00,0x00,  //0xefd0~0xefdf      ................
0x00,0x00,0x00,0x00,0x00,0x00,0x00,0x00,0x00,0x00,0x00,0x00,0x00,0x00,0x00,0x00,  //0xefe0~0xefef      ................
0x00,0x00,0x00,0x00,0x00,0x00,0x00,0x00,0x00,0x00,0x00,0x00,0x00,0x00,0x00,0x00,  //0xeff0~0xefff      ................
0x00,0x00,0x00,0x00,0x00,0x00,0x00,0x00,0x00,0x00,0x00,0x00,0x00,0x00,0x00,0x00,  //0xf000~0xf00f      ................
0x00,0x00,0x00,0x00,0x00,0x00,0x00,0x00,0x00,0x00,0x00,0x00,0x00,0x00,0x00,0x00,  //0xf010~0xf01f      ................
0x00,0x00,0x00,0x00,0x00,0x00,0x00,0x00,0x00,0x00,0x00,0x00,0x00,0x00,0x00,0x00,  //0xf020~0xf02f      ................
0x00,0x00,0x00,0x00,0x00,0x00,0x00,0x00,0x00,0x00,0x00,0x00,0x00,0x00,0x00,0x00,  //0xf030~0xf03f      ................
0x00,0x00,0x00,0x00,0x00,0x00,0x00,0x00,0x00,0x00,0x00,0x00,0x00,0x00,0x00,0x00,  //0xf040~0xf04f      ................
0x00,0x00,0x00,0x00,0x00,0x00,0x00,0x00,0x00,0x00,0x00,0x00,0x00,0x00,0x00,0x00,  //0xf050~0xf05f      ................
0x00,0x00,0x00,0x00,0x00,0x00,0x00,0x00,0x00,0x00,0x00,0x00,0x00,0x00,0x00,0x00,  //0xf060~0xf06f      ................
0x00,0x00,0x00,0x00,0x00,0x00,0x00,0x00,0x00,0x00,0x00,0x00,0x00,0x00,0x00,0x00,  //0xf070~0xf07f      ................
0x00,0x00,0x00,0x00,0x00,0x00,0x00,0x00,0x00,0x00,0x00,0x00,0x00,0x00,0x00,0x00,  //0xf080~0xf08f      ................
0x00,0x00,0x00,0x00,0x00,0x00,0x00,0x00,0x00,0x00,0x00,0x00,0x00,0x00,0x00,0x00,  //0xf090~0xf09f      ................
0x00,0x00,0x00,0x00,0x00,0x00,0x00,0x00,0x00,0x00,0x00,0x00,0x00,0x00,0x00,0x00,  //0xf0a0~0xf0af      ................
0x00,0x00,0x00,0x00,0x00,0x00,0x00,0x00,0x00,0x00,0x00,0x00,0x00,0x00,0x00,0x00,  //0xf0b0~0xf0bf      ................
0x00,0x00,0x00,0x00,0x00,0x00,0x00,0x00,0x00,0x00,0x00,0x00,0x00,0x00,0x00,0x00,  //0xf0c0~0xf0cf      ................
0x00,0x00,0x00,0x00,0x00,0x00,0x00,0x00,0x00,0x00,0x00,0x00,0x00,0x00,0x00,0x00,  //0xf0d0~0xf0df      ................
0x00,0x00,0x00,0x00,0x00,0x00,0x00,0x00,0x00,0x00,0x00,0x00,0x00,0x00,0x00,0x00,  //0xf0e0~0xf0ef      ................
0x00,0x00,0x00,0x00,0x00,0x00,0x00,0x00,0x00,0x00,0x00,0x00,0x00,0x00,0x00,0x00,  //0xf0f0~0xf0ff      ................
0x00,0x00,0x00,0x00,0x00,0x00,0x00,0x00,0x00,0x00,0x00,0x00,0x00,0x00,0x00,0x00,  //0xf100~0xf10f      ................
0x00,0x00,0x00,0x00,0x00,0x00,0x00,0x00,0x00,0x00,0x00,0x00,0x00,0x00,0x00,0x00,  //0xf110~0xf11f      ................
0x00,0x00,0x00,0x00,0x00,0x00,0x00,0x00,0x00,0x00,0x00,0x00,0x00,0x00,0x00,0x00,  //0xf120~0xf12f      ................
0x00,0x00,0x00,0x00,0x00,0x00,0x00,0x00,0x00,0x00,0x00,0x00,0x00,0x00,0x00,0x00,  //0xf130~0xf13f      ................
0x00,0x00,0x00,0x00,0x00,0x00,0x00,0x00,0x00,0x00,0x00,0x00,0x00,0x00,0x00,0x00,  //0xf140~0xf14f      ................
0x00,0x00,0x00,0x00,0x00,0x00,0x00,0x00,0x00,0x00,0x00,0x00,0x00,0x00,0x00,0x00,  //0xf150~0xf15f      ................
0x00,0x00,0x00,0x00,0x00,0x00,0x00,0x00,0x00,0x00,0x00,0x00,0x00,0x00,0x00,0x00,  //0xf160~0xf16f      ................
0x00,0x00,0x00,0x00,0x00,0x00,0x00,0x00,0x00,0x00,0x00,0x00,0x00,0x00,0x00,0x00,  //0xf170~0xf17f      ................
0x00,0x00,0x00,0x00,0x00,0x00,0x00,0x00,0x00,0x00,0x00,0x00,0x00,0x00,0x00,0x00,  //0xf180~0xf18f      ................
0x00,0x00,0x00,0x00,0x00,0x00,0x00,0x00,0x00,0x00,0x00,0x00,0x00,0x00,0x00,0x00,  //0xf190~0xf19f      ................
0x00,0x00,0x00,0x00,0x00,0x00,0x00,0x00,0x00,0x00,0x00,0x00,0x00,0x00,0x00,0x00,  //0xf1a0~0xf1af      ................
0x00,0x00,0x00,0x00,0x00,0x00,0x00,0x00,0x00,0x00,0x00,0x00,0x00,0x00,0x00,0x00,  //0xf1b0~0xf1bf      ................
0x00,0x00,0x00,0x00,0x00,0x00,0x00,0x00,0x00,0x00,0x00,0x00,0x00,0x00,0x00,0x00,  //0xf1c0~0xf1cf      ................
0x00,0x00,0x00,0x00,0x00,0x00,0x00,0x00,0x00,0x00,0x00,0x00,0x00,0x00,0x00,0x00,  //0xf1d0~0xf1df      ................
0x00,0x00,0x00,0x00,0x00,0x00,0x00,0x00,0x00,0x00,0x00,0x00,0x00,0x00,0x00,0x00,  //0xf1e0~0xf1ef      ................
0x00,0x00,0x00,0x00,0x00,0x00,0x00,0x00,0x00,0x00,0x00,0x00,0x00,0x00,0x00,0x00,  //0xf1f0~0xf1ff      ................
0x00,0x00,0x00,0x00,0x00,0x00,0x00,0x00,0x00,0x00,0x00,0x00,0x00,0x00,0x00,0x00,  //0xf200~0xf20f      ................
0x00,0x00,0x00,0x00,0x00,0x00,0x00,0x00,0x00,0x00,0x00,0x00,0x00,0x00,0x00,0x00,  //0xf210~0xf21f      ................
0x00,0x00,0x00,0x00,0x00,0x00,0x00,0x00,0x00,0x00,0x00,0x00,0x00,0x00,0x00,0x00,  //0xf220~0xf22f      ................
0x00,0x00,0x00,0x00,0x00,0x00,0x00,0x00,0x00,0x00,0x00,0x00,0x00,0x00,0x00,0x00,  //0xf230~0xf23f      ................
0x00,0x00,0x00,0x00,0x00,0x00,0x00,0x00,0x00,0x00,0x00,0x00,0x00,0x00,0x00,0x00,  //0xf240~0xf24f      ................
0x00,0x00,0x00,0x00,0x00,0x00,0x00,0x00,0x00,0x00,0x00,0x00,0x00,0x00,0x00,0x00,  //0xf250~0xf25f      ................
0x00,0x00,0x00,0x00,0x00,0x00,0x00,0x00,0x00,0x00,0x00,0x00,0x00,0x00,0x00,0x00,  //0xf260~0xf26f      ................
0x00,0x00,0x00,0x00,0x00,0x00,0x00,0x00,0x00,0x00,0x00,0x00,0x00,0x00,0x00,0x00,  //0xf270~0xf27f      ................
0x00,0x00,0x00,0x00,0x00,0x00,0x00,0x00,0x00,0x00,0x00,0x00,0x00,0x00,0x00,0x00,  //0xf280~0xf28f      ................
0x00,0x00,0x00,0x00,0x00,0x00,0x00,0x00,0x00,0x00,0x00,0x00,0x00,0x00,0x00,0x00,  //0xf290~0xf29f      ................
0x00,0x00,0x00,0x00,0x00,0x00,0x00,0x00,0x00,0x00,0x00,0x00,0x00,0x00,0x00,0x00,  //0xf2a0~0xf2af      ................
0x00,0x00,0x00,0x00,0x00,0x00,0x00,0x00,0x00,0x00,0x00,0x00,0x00,0x00,0x00,0x00,  //0xf2b0~0xf2bf      ................
0x00,0x00,0x00,0x00,0x00,0x00,0x00,0x00,0x00,0x00,0x00,0x00,0x00,0x00,0x00,0x00,  //0xf2c0~0xf2cf      ................
0x00,0x00,0x00,0x00,0x00,0x00,0x00,0x00,0x00,0x00,0x00,0x00,0x00,0x00,0x00,0x00,  //0xf2d0~0xf2df      ................
0x00,0x00,0x00,0x00,0x00,0x00,0x00,0x00,0x00,0x00,0x00,0x00,0x00,0x00,0x00,0x00,  //0xf2e0~0xf2ef      ................
0x00,0x00,0x00,0x00,0x00,0x00,0x00,0x00,0x00,0x00,0x00,0x00,0x00,0x00,0x00,0x00,  //0xf2f0~0xf2ff      ................
0x00,0x00,0x00,0x00,0x00,0x00,0x00,0x00,0x00,0x00,0x00,0x00,0x00,0x00,0x00,0x00,  //0xf300~0xf30f      ................
0x00,0x00,0x00,0x00,0x00,0x00,0x00,0x00,0x00,0x00,0x00,0x00,0x00,0x00,0x00,0x00,  //0xf310~0xf31f      ................
0x00,0x00,0x00,0x00,0x00,0x00,0x00,0x00,0x00,0x00,0x00,0x00,0x00,0x00,0x00,0x00,  //0xf320~0xf32f      ................
0x00,0x00,0x00,0x00,0x00,0x00,0x00,0x00,0x00,0x00,0x00,0x00,0x00,0x00,0x00,0x00,  //0xf330~0xf33f      ................
0x00,0x00,0x00,0x00,0x00,0x00,0x00,0x00,0x00,0x00,0x00,0x00,0x00,0x00,0x00,0x00,  //0xf340~0xf34f      ................
0x00,0x00,0x00,0x00,0x00,0x00,0x00,0x00,0x00,0x00,0x00,0x00,0x00,0x00,0x00,0x00,  //0xf350~0xf35f      ................
0x00,0x00,0x00,0x00,0x00,0x00,0x00,0x00,0x00,0x00,0x00,0x00,0x00,0x00,0x00,0x00,  //0xf360~0xf36f      ................
0x00,0x00,0x00,0x00,0x00,0x00,0x00,0x00,0x00,0x00,0x00,0x00,0x00,0x00,0x00,0x00,  //0xf370~0xf37f      ................
0x00,0x00,0x00,0x00,0x00,0x00,0x00,0x00,0x00,0x00,0x00,0x00,0x00,0x00,0x00,0x00,  //0xf380~0xf38f      ................
0x00,0x00,0x00,0x00,0x00,0x00,0x00,0x00,0x00,0x00,0x00,0x00,0x00,0x00,0x00,0x00,  //0xf390~0xf39f      ................
0x00,0x00,0x00,0x00,0x00,0x00,0x00,0x00,0x00,0x00,0x00,0x00,0x00,0x00,0x00,0x00,  //0xf3a0~0xf3af      ................
0x00,0x00,0x00,0x00,0x00,0x00,0x00,0x00,0x00,0x00,0x00,0x00,0x00,0x00,0x00,0x00,  //0xf3b0~0xf3bf      ................
0x00,0x00,0x00,0x00,0x00,0x00,0x00,0x00,0x00,0x00,0x00,0x00,0x00,0x00,0x00,0x00,  //0xf3c0~0xf3cf      ................
0x00,0x00,0x00,0x00,0x00,0x00,0x00,0x00,0x00,0x00,0x00,0x00,0x00,0x00,0x00,0x00,  //0xf3d0~0xf3df      ................
0x00,0x00,0x00,0x00,0x00,0x00,0x00,0x00,0x00,0x00,0x00,0x00,0x00,0x00,0x00,0x00,  //0xf3e0~0xf3ef      ................
0x00,0x00,0x00,0x00,0x00,0x00,0x00,0x00,0x00,0x00,0x00,0x00,0x00,0x00,0x00,0x00,  //0xf3f0~0xf3ff      ................
0x00,0x00,0x00,0x00,0x00,0x00,0x00,0x00,0x00,0x00,0x00,0x00,0x00,0x00,0x00,0x00,  //0xf400~0xf40f      ................
0x00,0x00,0x00,0x00,0x00,0x00,0x00,0x00,0x00,0x00,0x00,0x00,0x00,0x00,0x00,0x00,  //0xf410~0xf41f      ................
0x00,0x00,0x00,0x00,0x00,0x00,0x00,0x00,0x00,0x00,0x00,0x00,0x00,0x00,0x00,0x00,  //0xf420~0xf42f      ................
0x00,0x00,0x00,0x00,0x00,0x00,0x00,0x00,0x00,0x00,0x00,0x00,0x00,0x00,0x00,0x00,  //0xf430~0xf43f      ................
0x00,0x00,0x00,0x00,0x00,0x00,0x00,0x00,0x00,0x00,0x00,0x00,0x00,0x00,0x00,0x00,  //0xf440~0xf44f      ................
0x00,0x00,0x00,0x00,0x00,0x00,0x00,0x00,0x00,0x00,0x00,0x00,0x00,0x00,0x00,0x00,  //0xf450~0xf45f      ................
0x00,0x00,0x00,0x00,0x00,0x00,0x00,0x00,0x00,0x00,0x00,0x00,0x00,0x00,0x00,0x00,  //0xf460~0xf46f      ................
0x00,0x00,0x00,0x00,0x00,0x00,0x00,0x00,0x00,0x00,0x00,0x00,0x00,0x00,0x00,0x00,  //0xf470~0xf47f      ................
0x00,0x00,0x00,0x00,0x00,0x00,0x00,0x00,0x00,0x00,0x00,0x00,0x00,0x00,0x00,0x00,  //0xf480~0xf48f      ................
0x00,0x00,0x00,0x00,0x00,0x00,0x00,0x00,0x00,0x00,0x00,0x00,0x00,0x00,0x00,0x00,  //0xf490~0xf49f      ................
0x00,0x00,0x00,0x00,0x00,0x00,0x00,0x00,0x00,0x00,0x00,0x00,0x00,0x00,0x00,0x00,  //0xf4a0~0xf4af      ................
0x00,0x00,0x00,0x00,0x00,0x00,0x00,0x00,0x00,0x00,0x00,0x00,0x00,0x00,0x00,0x00,  //0xf4b0~0xf4bf      ................
0x00,0x00,0x00,0x00,0x00,0x00,0x00,0x00,0x00,0x00,0x00,0x00,0x00,0x00,0x00,0x00,  //0xf4c0~0xf4cf      ................
0x00,0x00,0x00,0x00,0x00,0x00,0x00,0x00,0x00,0x00,0x00,0x00,0x00,0x00,0x00,0x00,  //0xf4d0~0xf4df      ................
0x00,0x00,0x00,0x00,0x00,0x00,0x00,0x00,0x00,0x00,0x00,0x00,0x00,0x00,0x00,0x00,  //0xf4e0~0xf4ef      ................
0x00,0x00,0x00,0x00,0x00,0x00,0x00,0x00,0x00,0x00,0x00,0x00,0x00,0x00,0x00,0x00,  //0xf4f0~0xf4ff      ................
0x00,0x00,0x00,0x00,0x00,0x00,0x00,0x00,0x00,0x00,0x00,0x00,0x00,0x00,0x00,0x00,  //0xf500~0xf50f      ................
0x00,0x00,0x00,0x00,0x00,0x00,0x00,0x00,0x00,0x00,0x00,0x00,0x00,0x00,0x00,0x00,  //0xf510~0xf51f      ................
0x00,0x00,0x00,0x00,0x00,0x00,0x00,0x00,0x00,0x00,0x00,0x00,0x00,0x00,0x00,0x00,  //0xf520~0xf52f      ................
0x00,0x00,0x00,0x00,0x00,0x00,0x00,0x00,0x00,0x00,0x00,0x00,0x00,0x00,0x00,0x00,  //0xf530~0xf53f      ................
0x00,0x00,0x00,0x00,0x00,0x00,0x00,0x00,0x00,0x00,0x00,0x00,0x00,0x00,0x00,0x00,  //0xf540~0xf54f      ................
0x00,0x00,0x00,0x00,0x00,0x00,0x00,0x00,0x00,0x00,0x00,0x00,0x00,0x00,0x00,0x00,  //0xf550~0xf55f      ................
0x00,0x00,0x00,0x00,0x00,0x00,0x00,0x00,0x00,0x00,0x00,0x00,0x00,0x00,0x00,0x00,  //0xf560~0xf56f      ................
0x00,0x00,0x00,0x00,0x00,0x00,0x00,0x00,0x00,0x00,0x00,0x00,0x00,0x00,0x00,0x00,  //0xf570~0xf57f      ................
0x00,0x00,0x00,0x00,0x00,0x00,0x00,0x00,0x00,0x00,0x00,0x00,0x00,0x00,0x00,0x00,  //0xf580~0xf58f      ................
0x00,0x00,0x00,0x00,0x00,0x00,0x00,0x00,0x00,0x00,0x00,0x00,0x00,0x00,0x00,0x00,  //0xf590~0xf59f      ................
0x00,0x00,0x00,0x00,0x00,0x00,0x00,0x00,0x00,0x00,0x00,0x00,0x00,0x00,0x00,0x00,  //0xf5a0~0xf5af      ................
0x00,0x00,0x00,0x00,0x00,0x00,0x00,0x00,0x00,0x00,0x00,0x00,0x00,0x00,0x00,0x00,  //0xf5b0~0xf5bf      ................
0x00,0x00,0x00,0x00,0x00,0x00,0x00,0x00,0x00,0x00,0x00,0x00,0x00,0x00,0x00,0x00,  //0xf5c0~0xf5cf      ................
0x00,0x00,0x00,0x00,0x00,0x00,0x00,0x00,0x00,0x00,0x00,0x00,0x00,0x00,0x00,0x00,  //0xf5d0~0xf5df      ................
0x00,0x00,0x00,0x00,0x00,0x00,0x00,0x00,0x00,0x00,0x00,0x00,0x00,0x00,0x00,0x00,  //0xf5e0~0xf5ef      ................
0x00,0x00,0x00,0x00,0x00,0x00,0x00,0x00,0x00,0x00,0x00,0x00,0x00,0x00,0x00,0x00,  //0xf5f0~0xf5ff      ................
0x00,0x00,0x00,0x00,0x00,0x00,0x00,0x00,0x00,0x00,0x00,0x00,0x00,0x00,0x00,0x00,  //0xf600~0xf60f      ................
0x00,0x00,0x00,0x00,0x00,0x00,0x00,0x00,0x00,0x00,0x00,0x00,0x00,0x00,0x00,0x00,  //0xf610~0xf61f      ................
0x00,0x00,0x00,0x00,0x00,0x00,0x00,0x00,0x00,0x00,0x00,0x00,0x00,0x00,0x00,0x00,  //0xf620~0xf62f      ................
0x00,0x00,0x00,0x00,0x00,0x00,0x00,0x00,0x00,0x00,0x00,0x00,0x00,0x00,0x00,0x00,  //0xf630~0xf63f      ................
0x00,0x00,0x00,0x00,0x00,0x00,0x00,0x00,0x00,0x00,0x00,0x00,0x00,0x00,0x00,0x00,  //0xf640~0xf64f      ................
0x00,0x00,0x00,0x00,0x00,0x00,0x00,0x00,0x00,0x00,0x00,0x00,0x00,0x00,0x00,0x00,  //0xf650~0xf65f      ................
0x00,0x00,0x00,0x00,0x00,0x00,0x00,0x00,0x00,0x00,0x00,0x00,0x00,0x00,0x00,0x00,  //0xf660~0xf66f      ................
0x00,0x00,0x00,0x00,0x00,0x00,0x00,0x00,0x00,0x00,0x00,0x00,0x00,0x00,0x00,0x00,  //0xf670~0xf67f      ................
0x00,0x00,0x00,0x00,0x00,0x00,0x00,0x00,0x00,0x00,0x00,0x00,0x00,0x00,0x00,0x00,  //0xf680~0xf68f      ................
0x00,0x00,0x00,0x00,0x00,0x00,0x00,0x00,0x00,0x00,0x00,0x00,0x00,0x00,0x00,0x00,  //0xf690~0xf69f      ................
0x00,0x00,0x00,0x00,0x00,0x00,0x00,0x00,0x00,0x00,0x00,0x00,0x00,0x00,0x00,0x00,  //0xf6a0~0xf6af      ................
0x00,0x00,0x00,0x00,0x00,0x00,0x00,0x00,0x00,0x00,0x00,0x00,0x00,0x00,0x00,0x00,  //0xf6b0~0xf6bf      ................
0x00,0x00,0x00,0x00,0x00,0x00,0x00,0x00,0x00,0x00,0x00,0x00,0x00,0x00,0x00,0x00,  //0xf6c0~0xf6cf      ................
0x00,0x00,0x00,0x00,0x00,0x00,0x00,0x00,0x00,0x00,0x00,0x00,0x00,0x00,0x00,0x00,  //0xf6d0~0xf6df      ................
0x00,0x00,0x00,0x00,0x00,0x00,0x00,0x00,0x00,0x00,0x00,0x00,0x00,0x00,0x00,0x00,  //0xf6e0~0xf6ef      ................
0x00,0x00,0x00,0x00,0x00,0x00,0x00,0x00,0x00,0x00,0x00,0x00,0x00,0x00,0x00,0x00,  //0xf6f0~0xf6ff      ................
0x00,0x00,0x00,0x00,0x00,0x00,0x00,0x00,0x00,0x00,0x00,0x00,0x00,0x00,0x00,0x00,  //0xf700~0xf70f      ................
0x00,0x00,0x00,0x00,0x00,0x00,0x00,0x00,0x00,0x00,0x00,0x00,0x00,0x00,0x00,0x00,  //0xf710~0xf71f      ................
0x00,0x00,0x00,0x00,0x00,0x00,0x00,0x00,0x00,0x00,0x00,0x00,0x00,0x00,0x00,0x00,  //0xf720~0xf72f      ................
0x00,0x00,0x00,0x00,0x00,0x00,0x00,0x00,0x00,0x00,0x00,0x00,0x00,0x00,0x00,0x00,  //0xf730~0xf73f      ................
0x00,0x00,0x00,0x00,0x00,0x00,0x00,0x00,0x00,0x00,0x00,0x00,0x00,0x00,0x00,0x00,  //0xf740~0xf74f      ................
0x00,0x00,0x00,0x00,0x00,0x00,0x00,0x00,0x00,0x00,0x00,0x00,0x00,0x00,0x00,0x00,  //0xf750~0xf75f      ................
0x00,0x00,0x00,0x00,0x00,0x00,0x00,0x00,0x00,0x00,0x00,0x00,0x00,0x00,0x00,0x00,  //0xf760~0xf76f      ................
0x00,0x00,0x00,0x00,0x00,0x00,0x00,0x00,0x00,0x00,0x00,0x00,0x00,0x00,0x00,0x00,  //0xf770~0xf77f      ................
0x00,0x00,0x00,0x00,0x00,0x00,0x00,0x00,0x00,0x00,0x00,0x00,0x00,0x00,0x00,0x00,  //0xf780~0xf78f      ................
0x00,0x00,0x00,0x00,0x00,0x00,0x00,0x00,0x00,0x00,0x00,0x00,0x00,0x00,0x00,0x00,  //0xf790~0xf79f      ................
0x00,0x00,0x00,0x00,0x00,0x00,0x00,0x00,0x00,0x00,0x00,0x00,0x00,0x00,0x00,0x00,  //0xf7a0~0xf7af      ................
0x00,0x00,0x00,0x00,0x00,0x00,0x00,0x00,0x00,0x00,0x00,0x00,0x00,0x00,0x00,0x00,  //0xf7b0~0xf7bf      ................
0x00,0x00,0x00,0x00,0x00,0x00,0x00,0x00,0x00,0x00,0x00,0x00,0x00,0x00,0x00,0x00,  //0xf7c0~0xf7cf      ................
0x00,0x00,0x00,0x00,0x00,0x00,0x00,0x00,0x00,0x00,0x00,0x00,0x00,0x00,0x00,0x00,  //0xf7d0~0xf7df      ................
0x00,0x00,0x00,0x00,0x00,0x00,0x00,0x00,0x00,0x00,0x00,0x00,0x00,0x00,0x00,0x00,  //0xf7e0~0xf7ef      ................
0x00,0x00,0x00,0x00,0x00,0x00,0x00,0x00,0x00,0x00,0x00,0x00,0x00,0x00,0x00,0x00,  //0xf7f0~0xf7ff      ................
0x00,0x00,0x00,0x00,0x00,0x00,0x00,0x00,0x00,0x00,0x00,0x00,0x00,0x00,0x00,0x00,  //0xf800~0xf80f      ................
0x00,0x00,0x00,0x00,0x00,0x00,0x00,0x00,0x00,0x00,0x00,0x00,0x00,0x00,0x00,0x00,  //0xf810~0xf81f      ................
0x00,0x00,0x00,0x00,0x00,0x00,0x00,0x00,0x00,0x00,0x00,0x00,0x00,0x00,0x00,0x00,  //0xf820~0xf82f      ................
0x00,0x00,0x00,0x00,0x00,0x00,0x00,0x00,0x00,0x00,0x00,0x00,0x00,0x00,0x00,0x00,  //0xf830~0xf83f      ................
0x00,0x00,0x00,0x00,0x00,0x00,0x00,0x00,0x00,0x00,0x00,0x00,0x00,0x00,0x00,0x00,  //0xf840~0xf84f      ................
0x00,0x00,0x00,0x00,0x00,0x00,0x00,0x00,0x00,0x00,0x00,0x00,0x00,0x00,0x00,0x00,  //0xf850~0xf85f      ................
0x00,0x00,0x00,0x00,0x00,0x00,0x00,0x00,0x00,0x00,0x00,0x00,0x00,0x00,0x00,0x00,  //0xf860~0xf86f      ................
0x00,0x00,0x00,0x00,0x00,0x00,0x00,0x00,0x00,0x00,0x00,0x00,0x00,0x00,0x00,0x00,  //0xf870~0xf87f      ................
0x00,0x00,0x00,0x00,0x00,0x00,0x00,0x00,0x00,0x00,0x00,0x00,0x00,0x00,0x00,0x00,  //0xf880~0xf88f      ................
0x00,0x00,0x00,0x00,0x00,0x00,0x00,0x00,0x00,0x00,0x00,0x00,0x00,0x00,0x00,0x00,  //0xf890~0xf89f      ................
0x00,0x00,0x00,0x00,0x00,0x00,0x00,0x00,0x00,0x00,0x00,0x00,0x00,0x00,0x00,0x00,  //0xf8a0~0xf8af      ................
0x00,0x00,0x00,0x00,0x00,0x00,0x00,0x00,0x00,0x00,0x00,0x00,0x00,0x00,0x00,0x00,  //0xf8b0~0xf8bf      ................
0x00,0x00,0x00,0x00,0x00,0x00,0x00,0x00,0x00,0x00,0x00,0x00,0x00,0x00,0x00,0x00,  //0xf8c0~0xf8cf      ................
0x00,0x00,0x00,0x00,0x00,0x00,0x00,0x00,0x00,0x00,0x00,0x00,0x00,0x00,0x00,0x00,  //0xf8d0~0xf8df      ................
0x00,0x00,0x00,0x00,0x00,0x00,0x00,0x00,0x00,0x00,0x00,0x00,0x00,0x00,0x00,0x00,  //0xf8e0~0xf8ef      ................
0x00,0x00,0x00,0x00,0x00,0x00,0x00,0x00,0x00,0x00,0x00,0x00,0x00,0x00,0x00,0x00,  //0xf8f0~0xf8ff      ................
0x00,0x00,0x00,0x00,0x00,0x00,0x00,0x00,0x00,0x00,0x00,0x00,0x00,0x00,0x00,0x00,  //0xf900~0xf90f      ................
0x00,0x00,0x00,0x00,0x00,0x00,0x00,0x00,0x00,0x00,0x00,0x00,0x00,0x00,0x00,0x00,  //0xf910~0xf91f      ................
0x00,0x00,0x00,0x00,0x00,0x00,0x00,0x00,0x00,0x00,0x00,0x00,0x00,0x00,0x00,0x00,  //0xf920~0xf92f      ................
0x00,0x00,0x00,0x00,0x00,0x00,0x00,0x00,0x00,0x00,0x00,0x00,0x00,0x00,0x00,0x00,  //0xf930~0xf93f      ................
0x00,0x00,0x00,0x00,0x00,0x00,0x00,0x00,0x00,0x00,0x00,0x00,0x00,0x00,0x00,0x00,  //0xf940~0xf94f      ................
0x00,0x00,0x00,0x00,0x00,0x00,0x00,0x00,0x00,0x00,0x00,0x00,0x00,0x00,0x00,0x00,  //0xf950~0xf95f      ................
0x00,0x00,0x00,0x00,0x00,0x00,0x00,0x00,0x00,0x00,0x00,0x00,0x00,0x00,0x00,0x00,  //0xf960~0xf96f      ................
0x00,0x00,0x00,0x00,0x00,0x00,0x00,0x00,0x00,0x00,0x00,0x00,0x00,0x00,0x00,0x00,  //0xf970~0xf97f      ................
0x00,0x00,0x00,0x00,0x00,0x00,0x00,0x00,0x00,0x00,0x00,0x00,0x00,0x00,0x00,0x00,  //0xf980~0xf98f      ................
0x00,0x00,0x00,0x00,0x00,0x00,0x00,0x00,0x00,0x00,0x00,0x00,0x00,0x00,0x00,0x00,  //0xf990~0xf99f      ................
0x00,0x00,0x00,0x00,0x00,0x00,0x00,0x00,0x00,0x00,0x00,0x00,0x00,0x00,0x00,0x00,  //0xf9a0~0xf9af      ................
0x00,0x00,0x00,0x00,0x00,0x00,0x00,0x00,0x00,0x00,0x00,0x00,0x00,0x00,0x00,0x00,  //0xf9b0~0xf9bf      ................
0x00,0x00,0x00,0x00,0x00,0x00,0x00,0x00,0x00,0x00,0x00,0x00,0x00,0x00,0x00,0x00,  //0xf9c0~0xf9cf      ................
0x00,0x00,0x00,0x00,0x00,0x00,0x00,0x00,0x00,0x00,0x00,0x00,0x00,0x00,0x00,0x00,  //0xf9d0~0xf9df      ................
0x00,0x00,0x00,0x00,0x00,0x00,0x00,0x00,0x00,0x00,0x00,0x00,0x00,0x00,0x00,0x00,  //0xf9e0~0xf9ef      ................
0x00,0x00,0x00,0x00,0x00,0x00,0x00,0x00,0x00,0x00,0x00,0x00,0x00,0x00,0x00,0x00,  //0xf9f0~0xf9ff      ................
0x00,0x00,0x00,0x00,0x00,0x00,0x00,0x00,0x00,0x00,0x00,0x00,0x00,0x00,0x00,0x00,  //0xfa00~0xfa0f      ................
0x00,0x00,0x00,0x00,0x00,0x00,0x00,0x00,0x00,0x00,0x00,0x00,0x00,0x00,0x00,0x00,  //0xfa10~0xfa1f      ................
0x00,0x00,0x00,0x00,0x00,0x00,0x00,0x00,0x00,0x00,0x00,0x00,0x00,0x00,0x00,0x00,  //0xfa20~0xfa2f      ................
0x00,0x00,0x00,0x00,0x00,0x00,0x00,0x00,0x00,0x00,0x00,0x00,0x00,0x00,0x00,0x00,  //0xfa30~0xfa3f      ................
0x00,0x00,0x00,0x00,0x00,0x00,0x00,0x00,0x00,0x00,0x00,0x00,0x00,0x00,0x00,0x00,  //0xfa40~0xfa4f      ................
0x00,0x00,0x00,0x00,0x00,0x00,0x00,0x00,0x00,0x00,0x00,0x00,0x00,0x00,0x00,0x00,  //0xfa50~0xfa5f      ................
0x00,0x00,0x00,0x00,0x00,0x00,0x00,0x00,0x00,0x00,0x00,0x00,0x00,0x00,0x00,0x00,  //0xfa60~0xfa6f      ................
0x00,0x00,0x00,0x00,0x00,0x00,0x00,0x00,0x00,0x00,0x00,0x00,0x00,0x00,0x00,0x00,  //0xfa70~0xfa7f      ................
0x00,0x00,0x00,0x00,0x00,0x00,0x00,0x00,0x00,0x00,0x00,0x00,0x00,0x00,0x00,0x00,  //0xfa80~0xfa8f      ................
0x00,0x00,0x00,0x00,0x00,0x00,0x00,0x00,0x00,0x00,0x00,0x00,0x00,0x00,0x00,0x00,  //0xfa90~0xfa9f      ................
0x00,0x00,0x00,0x00,0x00,0x00,0x00,0x00,0x00,0x00,0x00,0x00,0x00,0x00,0x00,0x00,  //0xfaa0~0xfaaf      ................
0x00,0x00,0x00,0x00,0x00,0x00,0x00,0x00,0x00,0x00,0x00,0x00,0x00,0x00,0x00,0x00,  //0xfab0~0xfabf      ................
0x00,0x00,0x00,0x00,0x00,0x00,0x00,0x00,0x00,0x00,0x00,0x00,0x00,0x00,0x00,0x00,  //0xfac0~0xfacf      ................
0x00,0x00,0x00,0x00,0x00,0x00,0x00,0x00,0x00,0x00,0x00,0x00,0x00,0x00,0x00,0x00,  //0xfad0~0xfadf      ................
0x00,0x00,0x00,0x00,0x00,0x00,0x00,0x00,0x00,0x00,0x00,0x00,0x00,0x00,0x00,0x00,  //0xfae0~0xfaef      ................
0x00,0x00,0x00,0x00,0x00,0x00,0x00,0x00,0x00,0x00,0x00,0x00,0x00,0x00,0x00,0x00,  //0xfaf0~0xfaff      ................
0x00,0x00,0x00,0x00,0x00,0x00,0x00,0x00,0x00,0x00,0x00,0x00,0x00,0x00,0x00,0x00,  //0xfb00~0xfb0f      ................
0x00,0x00,0x00,0x00,0x00,0x00,0x00,0x00,0x00,0x00,0x00,0x00,0x00,0x00,0x00,0x00,  //0xfb10~0xfb1f      ................
0x00,0x00,0x00,0x00,0x00,0x00,0x00,0x00,0x00,0x00,0x00,0x00,0x00,0x00,0x00,0x00,  //0xfb20~0xfb2f      ................
0x00,0x00,0x00,0x00,0x00,0x00,0x00,0x00,0x00,0x00,0x00,0x00,0x00,0x00,0x00,0x00,  //0xfb30~0xfb3f      ................
0x00,0x00,0x00,0x00,0x00,0x00,0x00,0x00,0x00,0x00,0x00,0x00,0x00,0x00,0x00,0x00,  //0xfb40~0xfb4f      ................
0x00,0x00,0x00,0x00,0x00,0x00,0x00,0x00,0x00,0x00,0x00,0x00,0x00,0x00,0x00,0x00,  //0xfb50~0xfb5f      ................
0x00,0x00,0x00,0x00,0x00,0x00,0x00,0x00,0x00,0x00,0x00,0x00,0x00,0x00,0x00,0x00,  //0xfb60~0xfb6f      ................
0x00,0x00,0x00,0x00,0x00,0x00,0x00,0x00,0x00,0x00,0x00,0x00,0x00,0x00,0x00,0x00,  //0xfb70~0xfb7f      ................
0x00,0x00,0x00,0x00,0x00,0x00,0x00,0x00,0x00,0x00,0x00,0x00,0x00,0x00,0x00,0x00,  //0xfb80~0xfb8f      ................
0x00,0x00,0x00,0x00,0x00,0x00,0x00,0x00,0x00,0x00,0x00,0x00,0x00,0x00,0x00,0x00,  //0xfb90~0xfb9f      ................
0x00,0x00,0x00,0x00,0x00,0x00,0x00,0x00,0x00,0x00,0x00,0x00,0x00,0x00,0x00,0x00,  //0xfba0~0xfbaf      ................
0x00,0x00,0x00,0x00,0x00,0x00,0x00,0x00,0x00,0x00,0x00,0x00,0x00,0x00,0x00,0x00,  //0xfbb0~0xfbbf      ................
0x00,0x00,0x00,0x00,0x00,0x00,0x00,0x00,0x00,0x00,0x00,0x00,0x00,0x00,0x00,0x00,  //0xfbc0~0xfbcf      ................
0x00,0x00,0x00,0x00,0x00,0x00,0x00,0x00,0x00,0x00,0x00,0x00,0x00,0x00,0x00,0x00,  //0xfbd0~0xfbdf      ................
0x00,0x00,0x00,0x00,0x00,0x00,0x00,0x00,0x00,0x00,0x00,0x00,0x00,0x00,0x00,0x00,  //0xfbe0~0xfbef      ................
0x00,0x00,0x00,0x00,0x00,0x00,0x00,0x00,0x00,0x00,0x00,0x00,0x00,0x00,0x00,0x00,  //0xfbf0~0xfbff      ................
0x63,0x68,0x70,0x5F,0x63,0x66,0x67,0x5F,0x6D,0x61,0x72,0x6B,0x00,0x00,0x00,0x41,  //0xfc00~0xfc0f      chp_cfg_mark...A
0x70,0x6F,0x6C,0x6C,0x6F,0x5F,0x54,0x4D,0x4F,0x5F,0x72,0x65,0x66,0x72,0x65,0x73,  //0xfc10~0xfc1f      pollo_TMO_refres
0x68,0x00,0x00,0xAA,0x55,0x06,0x0C,0x07,0x07,0x08,0x02,0x02,0x03,0x03,0x00,0x05,  //0xfc20~0xfc2f      h...U...........
0x00,0x01,0x00,0x32,0x30,0x31,0x37,0x2D,0x33,0x2D,0x32,0x32,0x00,0x00,0x00,0x00,  //0xfc30~0xfc3f      ...2017-3-22....
0x00,0x00,0x00,0x00,0x00,0x00,0x00,0x4A,0x75,0x6C,0x20,0x31,0x39,0x20,0x32,0x30,  //0xfc40~0xfc4f      .......Jul.19.20
0x32,0x31,0x00,0x31,0x34,0x3A,0x35,0x35,0x3A,0x32,0x33,0x00,0x00,0x00,0x00,0x61,  //0xfc50~0xfc5f      21.14:55:23....a
0x64,0x64,0x3A,0x2C,0x2C,0x2C,0x2C,0x3D,0x4E,0x01,0x01,0x00,0x00,0x0F,0x20,0x03,  //0xfc60~0xfc6f      dd:,,,,=N.......
0x00,0x05,0x55,0x46,0x4F,0x00,0x01,0x01,0x86,0x03,0xFF,0xFF,0xFF,0xFF,0xFF,0xFF,  //0xfc70~0xfc7f      ..UFO...........
0xFF,0xFF,0xFF,0xFF,0xFF,0xFF,0xFF,0xFF,0xFF,0xFF,0xFF,0xFF,0xFF,0xFF,0xFF,0xFF,  //0xfc80~0xfc8f      ................
0xFF,0xFF,0xFF,0xFF,0xFF,0xFF,0xFF,0xFF,0xFF,0xFF,0xFF,0xFF,0xFF,0xFF,0xFF,0xFF,  //0xfc90~0xfc9f      ................
0xFF,0xFF,0xFF,0xFF,0xFF,0xFF,0xFF,0xFF,0xFF,0xFF,0xFF,0xFF,0xFF,0xFF,0xFF,0xFF,  //0xfca0~0xfcaf      ................
0xFF,0xFF,0xFF,0xFF,0xFF,0xFF,0xFF,0xFF,0xFF,0xFF,0xFF,0xFF,0xFF,0xFF,0xFF,0xFF,  //0xfcb0~0xfcbf      ................
0xFF,0xFF,0x00,0x00,0x00,0x00,0x00,0x00,0x00,0x00,0x00,0x00,0x00,0x00,0x00,0x00,  //0xfcc0~0xfccf      ................
0x00,0x00,0x00,0x00,0x00,0x00,0x00,0x00,0x00,0x00,0x00,0x00,0x00,0x00,0x00,0x00,  //0xfcd0~0xfcdf      ................
0x00,0x00,0x00,0x00,0x00,0x00,0x00,0x00,0x00,0x00,0x00,0x00,0x00,0x00,0x00,0x00,  //0xfce0~0xfcef      ................
0x00,0x00,0x00,0x00,0x00,0x00,0x00,0x00,0x00,0x00,0x00,0x00,0x00,0x00,0x00,0x00,  //0xfcf0~0xfcff      ................
0x00,0x00,0x00,0x00,0x00,0x00,0x00,0x00,0x00,0x00,0x00,0x00,0x00,0x00,0x01,0x01,  //0xfd00~0xfd0f      ................
0x00,0x01,0x01,0x01,0x00,0x01,0x00,0x00,0x01,0x00,0x00,0x01,0x01,0x01,0x00,0x01,  //0xfd10~0xfd1f      ................
0x01,0x00,0x00,0x00,0x00,0x00,0x00,0x1A,0x0E,0x01,0x23,0x22,0x20,0x1F,0x1E,0x1D,  //0xfd20~0xfd2f      ..........#"....
0x1B,0x1A,0x19,0x18,0x15,0x14,0x12,0x11,0x29,0x2A,0x2B,0x2C,0x2D,0x2E,0x2F,0x30,  //0xfd30~0xfd3f      ........)*+,-./0
0x31,0x32,0x33,0x34,0x00,0x00,0x00,0x00,0x00,0x00,0x00,0x00,0x00,0x00,0x10,0x0F,  //0xfd40~0xfd4f      1234............
0x0E,0x0D,0x0C,0x0B,0x07,0x06,0x05,0x04,0x03,0x02,0x01,0x00,0x00,0x00,0x00,0x00,  //0xfd50~0xfd5f      ................
0x00,0x00,0x00,0x00,0x00,0x00,0x00,0x00,0x00,0x00,0x00,0x00,0x00,0x00,0x00,0x00,  //0xfd60~0xfd6f      ................
0x00,0x00,0x00,0x00,0x00,0x00,0x00,0x19,0x02,0x05,0x08,0x00,0x00,0xC8,0x00,0x90,  //0xfd70~0xfd7f      ................
0x01,0x58,0x02,0x00,0x00,0x00,0x00,0xE8,0x03,0x00,0x00,0x90,0x01,0x90,0x01,0x20,  //0xfd80~0xfd8f      .X..............
0x03,0x20,0x03,0xB0,0x04,0x00,0x00,0x00,0x00,0x00,0x00,0x00,0x00,0x01,0x01,0x07,  //0xfd90~0xfd9f      ................
0x02,0x07,0x04,0x0F,0x0F,0x0F,0x0F,0x0F,0x0F,0x0F,0x0F,0x0F,0x0F,0x0F,0x0F,0x0F,  //0xfda0~0xfdaf      ................
0x0F,0x0F,0x0F,0x0F,0x0F,0x0F,0x0F,0x0F,0x0F,0x0F,0x0F,0x0F,0x0F,0x0F,0x0F,0x0F,  //0xfdb0~0xfdbf      ................
0x0F,0x0F,0x0F,0x0F,0x0F,0x0F,0x0F,0x1E,0x1E,0x1E,0x1E,0x1E,0x1E,0x1E,0x1E,0x1E,  //0xfdc0~0xfdcf      ................
0x1E,0x1E,0x1E,0x1E,0x1E,0x1E,0x1E,0x1E,0x1E,0x1E,0x1E,0x1E,0x1E,0x1E,0x1E,0x1E,  //0xfdd0~0xfddf      ................
0x1E,0x1E,0x1E,0x1E,0x1E,0x1E,0x1E,0x1E,0x1E,0x1E,0x1E,0x01,0x01,0x01,0x01,0x01,  //0xfde0~0xfdef      ................
0x01,0x01,0x01,0x01,0x01,0x01,0x01,0x01,0x01,0x01,0x01,0x01,0x01,0x01,0x01,0x01,  //0xfdf0~0xfdff      ................
0x01,0x01,0x01,0x01,0x01,0x01,0x01,0x01,0x01,0x01,0x01,0x01,0x01,0x01,0x01,0x02,  //0xfe00~0xfe0f      ................
0x02,0x02,0x02,0x02,0x02,0x02,0x02,0x02,0x02,0x02,0x02,0x02,0x02,0x02,0x02,0x02,  //0xfe10~0xfe1f      ................
0x02,0x02,0x02,0x02,0x02,0x02,0x02,0x02,0x02,0x02,0x02,0x02,0x02,0x02,0x02,0x02,  //0xfe20~0xfe2f      ................
0x02,0x02,0x02,0x50,0x00,0x7A,0x00,0x7A,0x00,0x00,0x01,0x33,0x29,0x00,0x00,0x00,  //0xfe30~0xfe3f      ...P.z.z...3)...
0x00,0x0A,0x00,0x5F,0x00,0x32,0x10,0x01,0x0F,0x08,0x64,0x5F,0x00,0x32,0x10,0x01,  //0xfe40~0xfe4f      ..._.2....d_.2..
0x0F,0x08,0x64,0x01,0x00,0x0C,0x05,0x02,0x01,0x00,0x2C,0x01,0x2C,0x01,0x2C,0x01,  //0xfe50~0xfe5f      ..d.......,.,.,.
0x3C,0x00,0x19,0xF4,0x01,0xC2,0x01,0x2C,0x01,0xBC,0x02,0x26,0x02,0x02,0x0A,0x28,  //0xfe60~0xfe6f      <......,...&...(
0x19,0xF4,0x01,0x0A,0x10,0xC8,0x0A,0x0A,0x0A,0x08,0x00,0x08,0x00,0x0A,0x28,0x3C,  //0xfe70~0xfe7f      ..............(<
0x0A,0x00,0x01,0x10,0x27,0xC8,0x32,0x4E,0x43,0x42,0x52,0x43,0x52,0xCD,0x06,0x4A,  //0xfe80~0xfe8f      ....'.2NCBRCR..J
0x04,0x00,0x00,0x00,0x00,0x01,0x00,0x01,0x00,0xD3,0xFF,0xD3,0xFF,0xFF,0xFF,0x01,  //0xfe90~0xfe9f      ................
0x00,0xF6,0xFF,0x03,0x00,0x32,0x05,0x50,0xFA,0x01,0x00,0x00,0x02,0x01,0x58,0x02,  //0xfea0~0xfeaf      .....2.P......X.
0x3C,0x00,0x82,0x09,0x2C,0x01,0x1E,0x23,0x00,0x2C,0x01,0x64,0x32,0x04,0x82,0x05,  //0xfeb0~0xfebf      <...,..#.,.d2...
0x28,0x03,0x06,0x05,0x64,0x00,0x88,0x13,0x20,0x03,0xF4,0x01,0x40,0x1F,0xC2,0x01,  //0xfec0~0xfecf      (...d.......@...
0x06,0x64,0x00,0xC8,0x00,0x14,0x14,0x00,0x03,0x20,0x03,0x0C,0x00,0xF4,0x01,0x58,  //0xfed0~0xfedf      .d.............X
0x02,0x08,0x00,0xFA,0x00,0xC2,0x01,0x06,0x00,0xC8,0x00,0x40,0x01,0x05,0x00,0x78,  //0xfee0~0xfeef      ...........@...x
0x00,0xC8,0x00,0x04,0x00,0x3C,0x00,0x78,0x00,0x03,0x00,0x0A,0x00,0x3C,0x00,0x02,  //0xfef0~0xfeff      .....<.x.....<..
0x00,0x00,0x00,0x01,0x01,0x68,0x01,0xC8,0x03,0x0A,0x64,0x00,0x01,0x0A,0x5A,0x00,  //0xff00~0xff0f      .....h....d...Z.
0x2C,0x01,0x32,0x00,0xC8,0x00,0x02,0x03,0x00,0x67,0x00,0x84,0x00,0xB7,0x00,0xFF,  //0xff10~0xff1f      ,.2......g......
0xFF,0xFF,0xFF,0xA0,0xA0,0xC8,0x00,0x02,0x04,0xFA,0x00,0x64,0x04,0x2C,0x01,0xC8,  //0xff20~0xff2f      ...........d.,..
0x00,0x0A,0x00,0x00,0x00,0x00,0x00,0x10,0x8F,0x00,0x00,0x00,0x00,0x00,0x02,0x04,  //0xff30~0xff3f      ................
0x06,0x08,0x0A,0x0C,0x0E,0x10,0x12,0x14,0x16,0x18,0x1A,0x1C,0x1E,0x20,0x00,0x00,  //0xff40~0xff4f      ................
0x00,0x00,0x00,0x00,0x00,0x00,0x00,0x00,0x00,0x00,0x00,0x00,0x00,0x00,0x00,0x00,  //0xff50~0xff5f      ................
0x00,0x00,0x02,0x04,0x06,0x08,0x0A,0x0C,0x0E,0x10,0x12,0x14,0x16,0x18,0x1A,0x1C,  //0xff60~0xff6f      ................
0x1E,0x20,0x22,0x24,0x26,0x28,0x2A,0x2C,0x2E,0x30,0x32,0x34,0x36,0x38,0x3A,0x3C,  //0xff70~0xff7f      .."$&(*,.02468:<
0x3E,0x40,0x42,0x44,0x46,0x58,0x00,0x00  //0x0000~0xffffffff      
};


#endif
