/*
 * GalaxyCore touchscreen driver
 *
 * Copyright (C) 2021 GalaxyCore Incorporated
 *
 * Copyright (C) 2021 Neo Chen <neo_chen@gcoreinc.com>
 *
 * This program is free software; you can redistribute it and/or modify
 * it under the terms of the GNU General Public License as published by
 * the Free Software Foundation; either version 2 of the License, or
 * (at your option) any later version.
 *
 * This program is distributed in the hope that it will be useful,
 * but WITHOUT ANY WARRANTY; without even the implied warranty of
 * MERCHANTABILITY or FITNESS FOR A PARTICULAR PURPOSE. See the
 * GNU General Public License for more details.
 */

#ifndef _GCORE_FIRMWARE_H_
#define _GCORE_FIRMWARE_H_

#ifndef CONFIG_UPDATE_FIRMWARE_BY_BIN_FILE

unsigned char gcore_default_FW[] = {
0x10, 0x24, 0x00, 0x00, 0xC8, 0x24, 0x00, 0x00, 0xC8, 0x24, 0x00, 0x00, 0xC8, 0x24, 0x00, 0x00, 
0xC8, 0x24, 0x00, 0x00, 0xC8, 0x24, 0x00, 0x00, 0xC8, 0x24, 0x00, 0x00, 0xC8, 0x24, 0x00, 0x00, 
0xC8, 0x24, 0x00, 0x00, 0xC8, 0x24, 0x00, 0x00, 0xC8, 0x24, 0x00, 0x00, 0xC8, 0x24, 0x00, 0x00, 
0xC8, 0x24, 0x00, 0x00, 0xC8, 0x24, 0x00, 0x00, 0xC8, 0x24, 0x00, 0x00, 0xC8, 0x24, 0x00, 0x00, 
0xC8, 0x24, 0x00, 0x00, 0xC8, 0x24, 0x00, 0x00, 0xC8, 0x24, 0x00, 0x00, 0xC8, 0x24, 0x00, 0x00, 
0xC8, 0x24, 0x00, 0x00, 0xC8, 0x24, 0x00, 0x00, 0xC8, 0x24, 0x00, 0x00, 0xC8, 0x24, 0x00, 0x00, 
0xC8, 0x24, 0x00, 0x00, 0xC8, 0x24, 0x00, 0x00, 0xC8, 0x24, 0x00, 0x00, 0xC8, 0x24, 0x00, 0x00, 
0xC8, 0x24, 0x00, 0x00, 0xC8, 0x24, 0x00, 0x00, 0xC8, 0x24, 0x00, 0x00, 0xC8, 0x24, 0x00, 0x00, 
0x48, 0x40, 0x00, 0x00, 0x94, 0x40, 0x00, 0x00, 0xE8, 0x40, 0x00, 0x00, 0x34, 0x41, 0x00, 0x00, 
0x80, 0x41, 0x00, 0x00, 0xA0, 0x43, 0x00, 0x00, 0xBC, 0x44, 0x00, 0x00, 0x08, 0x45, 0x00, 0x00, 
0x54, 0x45, 0x00, 0x00, 0xD4, 0x45, 0x00, 0x00, 0x40, 0x46, 0x00, 0x00, 0xA0, 0x46, 0x00, 0x00, 
0xEC, 0x46, 0x00, 0x00, 0x34, 0x47, 0x00, 0x00, 0x7C, 0x47, 0x00, 0x00, 0xC4, 0x47, 0x00, 0x00, 
0x20, 0x48, 0x00, 0x00, 0x7C, 0x48, 0x00, 0x00, 0xB0, 0x48, 0x00, 0x00, 0x0C, 0x49, 0x00, 0x00, 
0x8C, 0x49, 0x00, 0x00, 0xD8, 0x49, 0x00, 0x00, 0x3C, 0x4A, 0x00, 0x00, 0x94, 0x4A, 0x00, 0x00, 
0xDC, 0x4A, 0x00, 0x00, 0x24, 0x4B, 0x00, 0x00, 0x74, 0x4B, 0x00, 0x00, 0xBC, 0x4B, 0x00, 0x00, 
0x04, 0x4C, 0x00, 0x00, 0xC8, 0x24, 0x00, 0x00, 0xC8, 0x24, 0x00, 0x00, 0xC8, 0x24, 0x00, 0x00, 
0xC8, 0x24, 0x00, 0x00, 0xC8, 0x24, 0x00, 0x00, 0xC8, 0x24, 0x00, 0x00, 0xC8, 0x24, 0x00, 0x00, 
0xD2, 0x14, 0xCE, 0xE5, 0x83, 0x14, 0x02, 0xEA, 0x80, 0x04, 0x00, 0x31, 0x01, 0x18, 0x00, 0xE0, 
0xA7, 0x0E, 0x02, 0xEA, 0x40, 0x02, 0x3A, 0x11, 0x01, 0x18, 0x00, 0xE0, 0x8D, 0x17, 0x79, 0x11, 
0xB9, 0x11, 0x40, 0x93, 0x41, 0x3A, 0x31, 0x0C, 0x80, 0x95, 0x41, 0x3C, 0x33, 0x0C, 0x40, 0x3C, 
0x3B, 0x0C, 0x42, 0x3C, 0x1C, 0x0C, 0x43, 0x3C, 0x1F, 0x08, 0x60, 0x93, 0x41, 0x3B, 0x46, 0x0C, 
0x03, 0xEA, 0x40, 0x02, 0x01, 0xEA, 0x01, 0x03, 0x60, 0xB8, 0x00, 0xEA, 0x00, 0x02, 0x6F, 0x11, 
0x01, 0x1A, 0x00, 0xE0, 0xA3, 0x17, 0x63, 0x8D, 0x00, 0x23, 0xCD, 0x74, 0x63, 0xAD, 0x63, 0x8D, 
0xCD, 0x74, 0xD0, 0x64, 0x09, 0x08, 0x00, 0x33, 0x63, 0xAD, 0x1B, 0x04, 0x60, 0x93, 0x40, 0x3B, 
0x03, 0x08, 0x03, 0x33, 0x60, 0xB5, 0x02, 0xEA, 0x40, 0x02, 0x01, 0x11, 0x01, 0x19, 0x00, 0xE0, 
0x5B, 0x17, 0xCE, 0xE5, 0x83, 0x04, 0x92, 0x14, 0x02, 0x32, 0x40, 0xB5, 0x80, 0x95, 0x41, 0x3C, 
0xCF, 0x0B, 0x60, 0x93, 0x41, 0x3B, 0x1A, 0x0C, 0x7D, 0x10, 0x60, 0x93, 0x41, 0x3B, 0x19, 0x0C, 
0x00, 0x33, 0x60, 0xB5, 0xE9, 0x07, 0x7A, 0x10, 0x60, 0x93, 0x41, 0x3B, 0xFB, 0x0F, 0x00, 0x33, 
0x01, 0xEA, 0x01, 0x03, 0x62, 0xAD, 0x03, 0xEA, 0x40, 0x02, 0x00, 0xEA, 0x00, 0x02, 0x60, 0xB8, 
0x01, 0x1A, 0x72, 0x10, 0x00, 0xE0, 0x6A, 0x17, 0xD7, 0x07, 0x02, 0x33, 0x60, 0xB5, 0xD4, 0x07, 
0x62, 0x8D, 0xCD, 0x74, 0x14, 0x32, 0xC8, 0x64, 0x06, 0x0C, 0x62, 0x8D, 0x00, 0x23, 0xCD, 0x74, 
0x62, 0xAD, 0xCA, 0x07, 0x03, 0xEA, 0x40, 0x02, 0x01, 0xEA, 0x03, 0x0A, 0x60, 0xB8, 0x00, 0x30, 
0x66, 0x10, 0x01, 0x1A, 0x00, 0xE0, 0x52, 0x17, 0xBF, 0x07, 0x00, 0x00, 0xE0, 0x2A, 0x00, 0x30, 
0xB0, 0x07, 0x00, 0x30, 0xB8, 0x06, 0x00, 0x30, 0x8C, 0x46, 0x00, 0x30, 0xAC, 0x07, 0x00, 0x30, 
0xD1, 0x14, 0x00, 0x32, 0x79, 0x12, 0x04, 0xEA, 0x80, 0x02, 0x40, 0xA3, 0x00, 0x31, 0x78, 0x12, 
0x18, 0x12, 0x40, 0xA3, 0x93, 0x6C, 0x00, 0xE0, 0x1B, 0x0E, 0x93, 0x6C, 0x00, 0x31, 0x16, 0x12, 
0x00, 0xE0, 0x16, 0x0E, 0x75, 0x12, 0x56, 0x12, 0x00, 0x31, 0x42, 0xB3, 0x43, 0xB3, 0x02, 0xEA, 
0x02, 0x02, 0x14, 0x12, 0x48, 0xAB, 0x00, 0x32, 0x73, 0x12, 0x49, 0xA3, 0x40, 0xA3, 0x41, 0xA3, 
0x42, 0xA3, 0x43, 0xA3, 0x44, 0xA3, 0x45, 0xA3, 0x46, 0xA3, 0x47, 0xA3, 0x48, 0xA3, 0x00, 0x32, 
0x6E, 0x12, 0x49, 0xB3, 0x40, 0xB3, 0x41, 0xB3, 0x42, 0xB3, 0x43, 0xB3, 0x44, 0xB3, 0x45, 0xB3, 
0x46, 0xB3, 0x47, 0xB3, 0x48, 0xB3, 0x02, 0xEA, 0xD0, 0x02, 0x00, 0xE0, 0xF1, 0x0D, 0x91, 0x14, 
0xD4, 0x14, 0x25, 0x14, 0xFF, 0x11, 0x00, 0xE0, 0x5B, 0x03, 0x1F, 0x6D, 0x7E, 0x11, 0x40, 0x36, 
0xA7, 0xE4, 0x7F, 0x02, 0x53, 0x6C, 0x0F, 0x6C, 0x40, 0x32, 0x18, 0x61, 0x00, 0xE0, 0x12, 0x0E, 
0x52, 0x65, 0x78, 0x58, 0xF8, 0x0B, 0x5E, 0x11, 0x60, 0x92, 0x41, 0x3B, 0xFE, 0x0F, 0x7B, 0x11, 
0x8F, 0x6C, 0x62, 0xB8, 0x7B, 0x11, 0x22, 0xE4, 0x27, 0x00, 0x60, 0xB8, 0x23, 0xB8, 0xBA, 0x11, 
0x74, 0x11, 0x8F, 0x6D, 0x61, 0xB8, 0x0B, 0x6D, 0x73, 0x11, 0x00, 0x31, 0x40, 0x94, 0x05, 0x3A, 
0x12, 0x08, 0x42, 0x42, 0x15, 0x11, 0x80, 0x60, 0x40, 0x92, 0x08, 0x78, 0x05, 0x32, 0x00, 0x31, 
0x40, 0xB4, 0x00, 0x32, 0x1B, 0x6C, 0x40, 0xA3, 0x48, 0x32, 0x64, 0xB8, 0x00, 0xE0, 0xB8, 0x0D, 
0x01, 0x31, 0x64, 0x98, 0x40, 0x98, 0x00, 0x22, 0x40, 0xB8, 0x43, 0x98, 0x03, 0x24, 0x92, 0x64, 
0x47, 0x26, 0x3F, 0x25, 0x00, 0x23, 0xE3, 0x0B, 0x60, 0x11, 0xA9, 0x11, 0x81, 0x11, 0xC3, 0x11, 
0x25, 0xB3, 0x00, 0xE0, 0x6D, 0x03, 0x67, 0x11, 0x0A, 0x04, 0x42, 0x3A, 0xAD, 0x0C, 0x44, 0x3A, 
0xA7, 0x0C, 0x47, 0x24, 0xD2, 0x64, 0x03, 0x26, 0x03, 0x25, 0x0F, 0x0C, 0x40, 0x96, 0x22, 0xE4, 
0x02, 0x30, 0x41, 0x39, 0xF3, 0x0B, 0x40, 0x8C, 0x03, 0x26, 0x40, 0xAD, 0x41, 0x8C, 0x47, 0x24, 
0xD2, 0x64, 0x41, 0xAD, 0x03, 0x25, 0xF3, 0x0B, 0xFF, 0xE3, 0xDC, 0xFE, 0x00, 0x33, 0xDA, 0x10, 
0x60, 0xB8, 0x0C, 0x34, 0x60, 0x86, 0x42, 0x5B, 0x40, 0xA6, 0x40, 0x98, 0x05, 0x42, 0x42, 0x98, 
0xC0, 0x60, 0x40, 0x8A, 0xD0, 0x60, 0x61, 0x43, 0xDC, 0x60, 0x41, 0xAB, 0x21, 0x98, 0x40, 0x86, 
0xC3, 0xB8, 0xB6, 0x5A, 0x54, 0x75, 0x21, 0x04, 0xB4, 0x07, 0x00, 0x30, 0xB5, 0x07, 0x00, 0x30, 
0xC8, 0x37, 0x00, 0x30, 0x48, 0x3A, 0x00, 0x30, 0xB8, 0x06, 0x00, 0x30, 0x02, 0x02, 0x02, 0x02, 
0x2C, 0x3F, 0x00, 0x30, 0xBC, 0x37, 0x00, 0x30, 0x94, 0x37, 0x00, 0x30, 0xE0, 0x07, 0x00, 0x30, 
0xC0, 0x06, 0x00, 0x30, 0xDC, 0x37, 0x00, 0x30, 0xB0, 0x4D, 0x00, 0x00, 0x40, 0x3D, 0x00, 0x30, 
0xFC, 0x41, 0x00, 0x30, 0x06, 0x38, 0x00, 0x30, 0xC0, 0x89, 0x68, 0x58, 0xD0, 0x60, 0x61, 0x43, 
0xDC, 0x60, 0xC1, 0xAB, 0x62, 0x5A, 0x01, 0x22, 0x88, 0x74, 0xC1, 0x89, 0x96, 0x64, 0xCC, 0x74, 
0xC0, 0x60, 0xD0, 0x60, 0x61, 0x43, 0xDC, 0x60, 0xC1, 0xAB, 0x07, 0x21, 0xEE, 0x0B, 0xC3, 0x98, 
0x60, 0x98, 0x42, 0x98, 0x00, 0x23, 0x03, 0x22, 0x4A, 0x3B, 0x42, 0xB8, 0x41, 0x98, 0x47, 0x22, 
0xA0, 0xA6, 0x60, 0xB8, 0x3F, 0x26, 0x41, 0xB8, 0xAE, 0x0B, 0x05, 0x14, 0x94, 0x14, 0x40, 0x95, 
0x40, 0x3A, 0x75, 0x08, 0x40, 0x83, 0x40, 0x3A, 0x21, 0x0C, 0x00, 0x2A, 0x40, 0xA3, 0x01, 0x31, 
0x72, 0x07, 0x42, 0x8D, 0x01, 0xEA, 0xFF, 0xFF, 0x4A, 0x64, 0x03, 0x0C, 0x00, 0x22, 0x42, 0xAD, 
0x4E, 0x8E, 0x64, 0x31, 0x48, 0x64, 0x03, 0x08, 0x00, 0x22, 0x4E, 0xAE, 0x40, 0x95, 0x40, 0x3A, 
0x0D, 0x0C, 0x01, 0x31, 0x60, 0x07, 0x42, 0x8D, 0x01, 0xEA, 0xFF, 0xFF, 0x4A, 0x64, 0x03, 0x0C, 
0x00, 0x22, 0x42, 0xAD, 0x20, 0x95, 0x41, 0x39, 0x69, 0x0C, 0x04, 0x32, 0x01, 0x31, 0x40, 0xB4, 
0x52, 0x07, 0x00, 0x32, 0x40, 0xB4, 0x4F, 0x07, 0x40, 0x95, 0x41, 0x3A, 0x52, 0x0C, 0x40, 0x3A, 
0x4A, 0x0B, 0x40, 0x98, 0x02, 0x30, 0x00, 0xA2, 0x00, 0x32, 0x4E, 0xAE, 0x44, 0x07, 0x2E, 0x8C, 
0x03, 0x32, 0x48, 0x64, 0x57, 0x0B, 0x41, 0x8C, 0x0C, 0x31, 0x02, 0x42, 0x08, 0x60, 0x45, 0x8C, 
0x63, 0xB8, 0x43, 0x42, 0x08, 0x60, 0x49, 0x8C, 0x0A, 0x60, 0x00, 0xE0, 0xEF, 0x23, 0x83, 0x74, 
0x00, 0x8C, 0x22, 0x40, 0x04, 0x60, 0x24, 0x8C, 0x23, 0x41, 0x04, 0x60, 0x28, 0x8C, 0x06, 0x60, 
0x0C, 0x31, 0x40, 0xB8, 0x00, 0xE0, 0xE2, 0x23, 0x43, 0x6C, 0x00, 0xAD, 0x03, 0x74, 0x40, 0x98, 
0xE0, 0xC7, 0x80, 0x28, 0x63, 0x98, 0x23, 0x08, 0x07, 0x74, 0x2E, 0xDC, 0x00, 0x10, 0x01, 0xEA, 
0xCF, 0x02, 0x05, 0x64, 0x03, 0x0C, 0x2E, 0xDC, 0x00, 0x10, 0x2E, 0xD8, 0x00, 0x10, 0xE2, 0xC7, 
0x80, 0x28, 0x20, 0xAD, 0x4B, 0x6C, 0x11, 0x08, 0x87, 0x6C, 0x00, 0xEA, 0x9F, 0x05, 0x47, 0x74, 
0x41, 0x64, 0x03, 0x0C, 0x02, 0xEA, 0x9F, 0x05, 0x41, 0xAD, 0x1C, 0x07, 0x00, 0x32, 0x01, 0x31, 
0x40, 0xA3, 0x02, 0x32, 0x40, 0xB4, 0xFF, 0x06, 0x00, 0x31, 0xEF, 0x07, 0x00, 0x31, 0xDD, 0x07, 
0x00, 0x98, 0x4E, 0x8E, 0x00, 0x22, 0x4E, 0xAE, 0x40, 0x80, 0x40, 0x3A, 0x0A, 0x08, 0x02, 0x31, 
0x01, 0x32, 0x20, 0xA0, 0x40, 0xB4, 0x01, 0x31, 0xEE, 0x06, 0x02, 0x32, 0x40, 0xB4, 0xEB, 0x06, 
0x00, 0x98, 0x00, 0x2A, 0x40, 0xA0, 0xE7, 0x06, 0xC2, 0x14, 0x05, 0xEA, 0xFF, 0xFF, 0x00, 0x2A, 
0x89, 0x74, 0x4A, 0x65, 0x0D, 0x0C, 0x60, 0x88, 0x0F, 0x75, 0xE4, 0xC7, 0x80, 0x28, 0xF8, 0x0B, 
0x00, 0x2A, 0x89, 0x74, 0x60, 0xA9, 0x4A, 0x65, 0x01, 0x20, 0x01, 0x21, 0xF5, 0x0B, 0x82, 0x14, 
0x40, 0x38, 0x0B, 0x0C, 0x03, 0x33, 0x01, 0x32, 0x8C, 0x60, 0x80, 0x64, 0x01, 0x23, 0xFD, 0x0B, 
0x01, 0x4B, 0x00, 0x28, 0x01, 0x74, 0x3C, 0x78, 0x00, 0x30, 0xFE, 0x07, 0x40, 0x39, 0x0B, 0x0C, 
0x01, 0x33, 0x00, 0x32, 0x00, 0x29, 0x00, 0x2A, 0x00, 0x29, 0x86, 0x64, 0xC0, 0x7C, 0xFD, 0x0B, 
0x0F, 0x6C, 0x3C, 0x78, 0x01, 0x33, 0x0F, 0x6C, 0x3C, 0x78, 0x00, 0x00, 0xD3, 0x14, 0x30, 0x14, 
0x7A, 0x10, 0x5B, 0x10, 0x3B, 0x10, 0x00, 0x34, 0x40, 0x35, 0xC0, 0x93, 0x40, 0x3E, 0x07, 0x08, 
0xC0, 0x92, 0x40, 0x3E, 0x04, 0x08, 0xC0, 0x91, 0x40, 0x3E, 0x0F, 0x0C, 0x00, 0x24, 0x4A, 0x3C, 
0x03, 0x23, 0x94, 0x60, 0x54, 0x60, 0xF2, 0x0B, 0x71, 0x10, 0x06, 0x40, 0x0C, 0x60, 0x00, 0x33, 
0x60, 0xB0, 0x01, 0x30, 0x10, 0x14, 0x93, 0x14, 0xAF, 0x10, 0xC6, 0x40, 0x40, 0x32, 0x94, 0x61, 
0x3B, 0x6C, 0x5B, 0x6C, 0x86, 0x44, 0x00, 0xE0, 0x75, 0x0C, 0x14, 0x61, 0x40, 0x32, 0x53, 0x6C, 
0x1B, 0x6C, 0x00, 0xE0, 0x6F, 0x0C, 0x40, 0x32, 0x7B, 0x6C, 0x13, 0x6C, 0x00, 0xE0, 0x6A, 0x0C, 
0x01, 0x30, 0x10, 0x14, 0x93, 0x14, 0x00, 0x00, 0x94, 0x37, 0x00, 0x30, 0xDC, 0x37, 0x00, 0x30, 
0x5C, 0x3A, 0x00, 0x30, 0xC8, 0x37, 0x00, 0x30, 0xC3, 0x14, 0x51, 0x12, 0x00, 0x30, 0x00, 0x33, 
0x90, 0x12, 0x40, 0x35, 0x05, 0x04, 0x00, 0x23, 0x4A, 0x3B, 0x94, 0x60, 0x0C, 0x0C, 0x20, 0x92, 
0x41, 0x39, 0xFA, 0x0B, 0x4C, 0x74, 0x00, 0x23, 0x4A, 0x3B, 0xC0, 0x5C, 0x20, 0xA6, 0x00, 0x20, 
0x94, 0x60, 0xF6, 0x0B, 0x00, 0x31, 0x20, 0x38, 0x0D, 0x08, 0x60, 0x84, 0x4E, 0x64, 0x0E, 0x0C, 
0x00, 0x33, 0x05, 0x04, 0x4C, 0x5C, 0x40, 0x82, 0x4A, 0x64, 0x08, 0x0C, 0x00, 0x23, 0x0E, 0x64, 
0xFA, 0x0B, 0xC4, 0x74, 0x40, 0x5C, 0x60, 0xA2, 0x00, 0x20, 0x00, 0x21, 0x4A, 0x39, 0xEC, 0x0B, 
0x83, 0x14, 0x00, 0x00, 0xD0, 0x14, 0x0A, 0x60, 0x4E, 0x60, 0x00, 0x7C, 0x44, 0x7C, 0x04, 0x60, 
0xFF, 0xE3, 0x70, 0xFF, 0x90, 0x14, 0x00, 0x00, 0x3C, 0x78, 0x00, 0x00, 0xD4, 0x14, 0x2D, 0x14, 
0x55, 0x11, 0x62, 0xE4, 0x4F, 0x00, 0x61, 0xB8, 0x62, 0xE4, 0x77, 0x00, 0x60, 0xB8, 0x62, 0xE4, 
0xC7, 0x00, 0x62, 0xB8, 0x00, 0x37, 0x71, 0x11, 0xC2, 0xE4, 0x9F, 0x00, 0x64, 0xB8, 0x82, 0xE4, 
0x27, 0x00, 0x6F, 0x11, 0xAF, 0x11, 0x63, 0xB8, 0xDF, 0x6C, 0xDB, 0x6D, 0x8B, 0x6D, 0x20, 0x04, 
0x41, 0x3A, 0x3B, 0x0C, 0x20, 0x97, 0x41, 0x39, 0x28, 0x0C, 0x00, 0x32, 0x40, 0xAC, 0x41, 0xAC, 
0x21, 0x98, 0x03, 0x21, 0x21, 0xB8, 0x20, 0x98, 0x03, 0x21, 0x20, 0xB8, 0x22, 0x98, 0x01, 0x21, 
0x00, 0x23, 0x22, 0xB8, 0x4A, 0x3B, 0x24, 0x98, 0x03, 0x21, 0x40, 0x32, 0x24, 0xB8, 0x23, 0x98, 
0x48, 0x60, 0x03, 0x26, 0x48, 0x61, 0x03, 0x24, 0x03, 0x27, 0x23, 0xB8, 0x2E, 0x0C, 0x40, 0x96, 
0x41, 0x3A, 0x45, 0x95, 0xDE, 0x0B, 0x41, 0x3A, 0xE4, 0x0F, 0x40, 0x3A, 0xDC, 0x0B, 0x00, 0x31, 
0x20, 0xB6, 0x20, 0x97, 0x41, 0x39, 0xDA, 0x0B, 0x00, 0x31, 0x40, 0x3A, 0x20, 0xB7, 0x2D, 0x08, 
0x40, 0xB6, 0x40, 0xAC, 0x41, 0xAC, 0x41, 0x98, 0x20, 0xAA, 0x21, 0xAA, 0x40, 0x98, 0x20, 0xAA, 
0x21, 0xAA, 0x42, 0x98, 0x20, 0xAA, 0xCD, 0x07, 0x43, 0x98, 0x45, 0x92, 0x41, 0x3A, 0x40, 0x97, 
0x8F, 0x0C, 0x41, 0x3A, 0x18, 0x0C, 0x44, 0x98, 0x40, 0x92, 0x40, 0x3A, 0xBF, 0x0F, 0x40, 0x8D, 
0x40, 0xAC, 0x41, 0x8D, 0x41, 0xAC, 0xBD, 0x07, 0x0D, 0x14, 0x94, 0x14, 0xDC, 0x37, 0x00, 0x30, 
0x00, 0x00, 0x00, 0x30, 0xD0, 0x06, 0x00, 0x30, 0x94, 0x37, 0x00, 0x30, 0x48, 0x3A, 0x00, 0x30, 
0xC8, 0x37, 0x00, 0x30, 0x00, 0x32, 0x40, 0xB7, 0x66, 0xB8, 0x60, 0x98, 0x00, 0x8D, 0x40, 0x8B, 
0x21, 0x8B, 0x0A, 0x60, 0x41, 0x8D, 0x00, 0x7C, 0x86, 0x60, 0x88, 0x7C, 0x08, 0x60, 0xFF, 0xE3, 
0xE9, 0xFE, 0x21, 0x98, 0x05, 0xB8, 0x40, 0x89, 0x00, 0x8D, 0x21, 0x89, 0x0A, 0x60, 0x41, 0x8D, 
0x00, 0x7C, 0x86, 0x60, 0x88, 0x7C, 0x08, 0x60, 0xFF, 0xE3, 0xDC, 0xFE, 0x42, 0x98, 0x07, 0xB8, 
0x05, 0x98, 0x22, 0xD8, 0x00, 0x50, 0x5F, 0x49, 0x84, 0x60, 0x41, 0x52, 0x26, 0x2A, 0x81, 0x64, 
0x66, 0x98, 0x86, 0x08, 0x41, 0x41, 0x48, 0x60, 0x41, 0x64, 0x82, 0x0C, 0x07, 0x98, 0x40, 0x38, 
0x94, 0x0C, 0x21, 0x98, 0x6C, 0xB8, 0x60, 0x98, 0x00, 0x89, 0x83, 0x6C, 0x01, 0x8B, 0x60, 0x8B, 
0x06, 0xB8, 0x0F, 0x6C, 0x61, 0x8D, 0x0A, 0xB8, 0x68, 0xB8, 0x60, 0x8D, 0x69, 0xB8, 0x61, 0x89, 
0x26, 0x98, 0x6B, 0xB8, 0xCB, 0x6C, 0x84, 0x7C, 0x43, 0x6C, 0x08, 0x98, 0x40, 0x7C, 0x84, 0x60, 
0x2B, 0x98, 0x0B, 0x6C, 0x49, 0x98, 0x84, 0x7C, 0x08, 0x60, 0x83, 0x6C, 0x08, 0x98, 0x0C, 0x7C, 
0x6A, 0x98, 0x4C, 0x7C, 0x82, 0x60, 0x66, 0x98, 0x86, 0x60, 0x29, 0x98, 0x4C, 0x7C, 0x86, 0x60, 
0x27, 0x98, 0x1F, 0x4A, 0x80, 0x60, 0x01, 0x52, 0x00, 0xE0, 0x28, 0x22, 0x31, 0x33, 0x17, 0x20, 
0x81, 0x74, 0xC8, 0x64, 0x6C, 0x98, 0x6F, 0x0C, 0x0C, 0x74, 0x65, 0xB8, 0xFF, 0xE3, 0xB0, 0xFE, 
0x00, 0x33, 0x60, 0xB6, 0x60, 0xAC, 0x61, 0xAC, 0x00, 0x32, 0x61, 0x98, 0x40, 0xAB, 0x41, 0xAB, 
0x60, 0x98, 0x40, 0xAB, 0x41, 0xAB, 0x62, 0x98, 0x40, 0xAB, 0x65, 0x98, 0x3A, 0x07, 0x40, 0x3A, 
0x71, 0x0B, 0x44, 0x98, 0x40, 0x92, 0x40, 0x3A, 0x6F, 0x0F, 0x20, 0x8C, 0x01, 0x8C, 0x40, 0x39, 
0x03, 0x08, 0x40, 0x38, 0x65, 0x0C, 0x65, 0xB8, 0x40, 0x8D, 0x86, 0x60, 0x21, 0x8D, 0x88, 0x7C, 
0x42, 0x60, 0x44, 0x7C, 0x04, 0x5A, 0xFF, 0xE3, 0x6D, 0xFE, 0x03, 0x74, 0x64, 0x32, 0x62, 0x98, 
0x09, 0x64, 0x00, 0xAB, 0x65, 0x98, 0x38, 0x0C, 0x40, 0x8C, 0x21, 0x98, 0x01, 0x8C, 0x4E, 0xDC, 
0x0E, 0x10, 0x40, 0xA9, 0x40, 0x8D, 0x01, 0xA9, 0x4B, 0x6C, 0x40, 0x98, 0x26, 0xB8, 0x45, 0xB8, 
0x20, 0xAA, 0x41, 0x8D, 0x25, 0x98, 0x41, 0xAC, 0x41, 0xA9, 0x4E, 0xD8, 0x0E, 0x10, 0x2E, 0xD8, 
0x0C, 0x10, 0x40, 0xAD, 0x01, 0x32, 0x20, 0xAC, 0x01, 0xAD, 0x40, 0xB7, 0x02, 0x07, 0x0C, 0x74, 
0x65, 0xB8, 0xFF, 0xE3, 0x65, 0xFE, 0x00, 0x33, 0x00, 0x32, 0x60, 0xB6, 0x60, 0xAC, 0x61, 0xAC, 
0x61, 0x98, 0x40, 0xAB, 0x41, 0xAB, 0x60, 0x98, 0x40, 0xAB, 0x41, 0xAB, 0x62, 0x98, 0x40, 0xAB, 
0xFF, 0xE3, 0x94, 0xFE, 0x65, 0x98, 0xED, 0x06, 0x0C, 0x74, 0x65, 0xB8, 0xFF, 0xE3, 0x50, 0xFE, 
0x00, 0x33, 0x60, 0xB7, 0xA0, 0x07, 0x20, 0x97, 0x45, 0x95, 0x41, 0x39, 0x06, 0x0F, 0x41, 0x3A, 
0x1B, 0x0F, 0xDC, 0x06, 0x05, 0x98, 0x40, 0xE4, 0x63, 0x00, 0x07, 0x98, 0x09, 0x64, 0xED, 0x0F, 
0x01, 0x30, 0x21, 0x98, 0x00, 0xB6, 0x00, 0x30, 0x40, 0x98, 0x00, 0xA9, 0x01, 0xA9, 0x00, 0x31, 
0x00, 0xAC, 0x01, 0xAC, 0x20, 0xAA, 0x21, 0xAA, 0x42, 0x98, 0x20, 0xAA, 0xCA, 0x06, 0x43, 0x98, 
0x20, 0x8A, 0x01, 0x8A, 0x20, 0xAC, 0x01, 0xAC, 0x97, 0x07, 0x00, 0x00, 0xD1, 0x14, 0xCE, 0xE5, 
0x7F, 0x14, 0x3B, 0x6C, 0x02, 0xEA, 0x80, 0x04, 0x00, 0x31, 0x86, 0x11, 0x00, 0xE0, 0x88, 0x0A, 
0x00, 0x33, 0x02, 0xEA, 0x80, 0x02, 0x00, 0x31, 0x03, 0x11, 0x64, 0xDC, 0x37, 0x20, 0x64, 0xDC, 
0x38, 0x20, 0x00, 0xE0, 0x7D, 0x0A, 0xBB, 0x6C, 0x28, 0x31, 0x00, 0x11, 0x00, 0xE0, 0x00, 0x14, 
0x40, 0x38, 0x04, 0x0C, 0x01, 0x33, 0x64, 0xDC, 0x37, 0x20, 0xBB, 0x6C, 0x50, 0x31, 0x1B, 0x10, 
0x00, 0xE0, 0xF6, 0x13, 0x40, 0x38, 0x04, 0x0C, 0x01, 0x33, 0x64, 0xDC, 0x38, 0x20, 0x64, 0xD8, 
0xE4, 0x00, 0x16, 0x10, 0xCC, 0x74, 0x64, 0xDC, 0xE5, 0x00, 0x00, 0xE0, 0x7D, 0x05, 0x04, 0xDC, 
0xE4, 0x00, 0x64, 0xD8, 0xE5, 0x00, 0x40, 0x3B, 0x05, 0x0C, 0x64, 0xD8, 0xE4, 0x00, 0x40, 0x3B, 
0x08, 0x08, 0xFF, 0xE3, 0x65, 0xFE, 0xFF, 0xE3, 0x29, 0xFE, 0xCE, 0xE5, 0x7F, 0x04, 0x91, 0x14, 
0x04, 0xD8, 0xE5, 0x00, 0x24, 0xD8, 0xE4, 0x00, 0x00, 0x74, 0x44, 0x74, 0x00, 0xE0, 0x64, 0x16, 
0xFF, 0xE3, 0x56, 0xFE, 0xFF, 0xE3, 0x1A, 0xFE, 0xCE, 0xE5, 0x7F, 0x04, 0x91, 0x14, 0x00, 0x00, 
0xD0, 0x06, 0x00, 0x30, 0xC8, 0x37, 0x00, 0x30, 0x0C, 0x42, 0x00, 0x30, 0xD4, 0x14, 0x27, 0x14, 
0x67, 0x12, 0x00, 0x37, 0x60, 0xB8, 0x9F, 0x6D, 0x66, 0x12, 0x4F, 0x6D, 0x62, 0xB8, 0x66, 0x12, 
0x61, 0xB8, 0x0F, 0x04, 0x42, 0x3B, 0x40, 0x0C, 0x44, 0x3B, 0xD9, 0x0C, 0x60, 0x98, 0x00, 0x26, 
0x03, 0x23, 0x4A, 0x3E, 0x60, 0xB8, 0x61, 0x98, 0x3F, 0x23, 0x47, 0x25, 0x61, 0xB8, 0x23, 0x0D, 
0x60, 0x98, 0x60, 0x93, 0x41, 0x3B, 0xEF, 0x0B, 0x61, 0x98, 0x41, 0x8B, 0x20, 0x8B, 0x42, 0xAD, 
0x23, 0xAD, 0x03, 0x32, 0x65, 0xE4, 0x0F, 0x00, 0x00, 0x2A, 0x88, 0x74, 0x02, 0x8D, 0x40, 0x3A, 
0x01, 0xAB, 0x20, 0xAB, 0x02, 0xAB, 0x23, 0xAB, 0x07, 0x2B, 0x03, 0x0C, 0x23, 0x8D, 0xF5, 0x07, 
0x60, 0x8D, 0x41, 0x8D, 0x7F, 0xAD, 0x7E, 0xAD, 0x7D, 0xAD, 0x7C, 0xAD, 0x01, 0x33, 0x5B, 0xAD, 
0x65, 0xDC, 0x41, 0x00, 0x0A, 0x33, 0x5A, 0xAD, 0x59, 0xAD, 0x58, 0xAD, 0x65, 0xDC, 0x21, 0x10, 
0x62, 0x46, 0x4A, 0x11, 0xC8, 0x60, 0x63, 0xD8, 0x00, 0x50, 0xE3, 0xC7, 0x80, 0x28, 0xF5, 0x08, 
0x65, 0xDC, 0x22, 0x10, 0xC4, 0x07, 0x65, 0x8D, 0x3A, 0x8D, 0x69, 0xAD, 0x3B, 0xAD, 0x64, 0x8D, 
0x3E, 0x8D, 0x68, 0xAD, 0x3F, 0xAD, 0x66, 0x8D, 0x39, 0x8D, 0x6A, 0xAD, 0x3A, 0xAD, 0x67, 0x8D, 
0x3D, 0x8D, 0x6B, 0xAD, 0x3E, 0xAD, 0x61, 0x8D, 0x38, 0x8D, 0x01, 0x98, 0x65, 0xAD, 0x39, 0xAD, 
0x60, 0x8D, 0x3C, 0x8D, 0x43, 0x8D, 0x64, 0xAD, 0x3D, 0xAD, 0x62, 0x8D, 0x21, 0x88, 0x00, 0x88, 
0x66, 0xAD, 0x47, 0xAD, 0x22, 0xAD, 0x03, 0xAD, 0xFF, 0xE3, 0xCE, 0xFD, 0x03, 0x6D, 0x6A, 0x8D, 
0x4B, 0x8D, 0x26, 0x8D, 0x07, 0x8D, 0xFF, 0xE3, 0xC7, 0xFD, 0x02, 0x61, 0x13, 0x75, 0xE4, 0xC7, 
0x80, 0x28, 0xD1, 0x08, 0x85, 0xDC, 0x22, 0x10, 0x6E, 0x8D, 0x25, 0x3B, 0x18, 0x0C, 0x01, 0x2B, 
0xCD, 0x74, 0x0C, 0x74, 0x00, 0x32, 0x40, 0x38, 0x63, 0xB8, 0x58, 0xAD, 0x5C, 0xAD, 0x15, 0x08, 
0x63, 0x98, 0x00, 0x34, 0x40, 0x3B, 0x24, 0x08, 0x00, 0x37, 0x2E, 0x04, 0x94, 0x37, 0x00, 0x30, 
0x2C, 0x3F, 0x00, 0x30, 0xC8, 0x37, 0x00, 0x30, 0xB8, 0x07, 0x00, 0x30, 0x00, 0x33, 0x03, 0x30, 
0x78, 0xAD, 0x7C, 0xAD, 0x03, 0x33, 0x63, 0xB8, 0x58, 0x8D, 0x00, 0x34, 0xE3, 0x46, 0xD8, 0x61, 
0x00, 0x28, 0x60, 0x5F, 0x00, 0x74, 0x22, 0x98, 0x40, 0x38, 0x63, 0x43, 0xC4, 0x60, 0x22, 0x8B, 
0x63, 0x8B, 0x84, 0x60, 0x0C, 0x61, 0x89, 0x74, 0x11, 0x75, 0xF3, 0x0B, 0x58, 0xAD, 0x18, 0x8D, 
0x23, 0x98, 0x00, 0xE0, 0xC3, 0x20, 0xC3, 0x6D, 0x18, 0xAD, 0x23, 0x98, 0x13, 0x6C, 0x00, 0xE0, 
0xBD, 0x20, 0x01, 0x75, 0x9C, 0xAD, 0x79, 0x8D, 0xDD, 0x75, 0xCE, 0x61, 0x7D, 0x8D, 0x0E, 0x61, 
0xE7, 0xC4, 0x23, 0x84, 0x84, 0xC4, 0x20, 0x84, 0x0C, 0x60, 0xFF, 0xE3, 0xEB, 0xFC, 0x65, 0xD8, 
0x41, 0x00, 0x41, 0x3B, 0x74, 0x0C, 0x42, 0x3B, 0xB0, 0x0C, 0x00, 0x33, 0x04, 0x30, 0x61, 0xAD, 
0x60, 0xAD, 0x00, 0x33, 0x00, 0x31, 0x8F, 0x6C, 0x85, 0xE4, 0x35, 0x00, 0x00, 0x28, 0x00, 0x74, 
0x60, 0x8C, 0x40, 0x38, 0x4C, 0x60, 0x01, 0x2C, 0x65, 0x8C, 0x45, 0x74, 0xC8, 0x60, 0x8D, 0x74, 
0xF6, 0x0B, 0x62, 0x4A, 0x22, 0x49, 0x21, 0xAD, 0x60, 0xAD, 0x29, 0x07, 0x65, 0xD8, 0x41, 0x00, 
0x41, 0x3B, 0x25, 0x0F, 0x65, 0x8D, 0x4F, 0x6C, 0x64, 0xB8, 0x64, 0x8D, 0x81, 0x8D, 0xE0, 0x8D, 
0x63, 0xB8, 0x49, 0x8D, 0x42, 0x42, 0x61, 0x44, 0xD0, 0x60, 0x61, 0x43, 0xC8, 0x60, 0x43, 0x41, 
0x84, 0x60, 0x22, 0x41, 0xCA, 0x60, 0x42, 0x44, 0xCF, 0x74, 0x90, 0x60, 0x86, 0x60, 0x0B, 0x74, 
0xC0, 0x60, 0x1F, 0x4B, 0xC0, 0x60, 0x1F, 0x74, 0x61, 0x53, 0x23, 0x98, 0x65, 0xB8, 0x68, 0x8D, 
0x42, 0x43, 0x06, 0xB8, 0x61, 0x47, 0x00, 0xEA, 0xCF, 0x02, 0xDC, 0x60, 0x61, 0x43, 0xC8, 0x60, 
0x43, 0x41, 0x84, 0x60, 0x22, 0x41, 0xCA, 0x60, 0x42, 0x47, 0xCF, 0x74, 0x9C, 0x60, 0x86, 0x60, 
0x4B, 0x74, 0xC4, 0x60, 0x3F, 0x4B, 0xC4, 0x60, 0x21, 0x53, 0xC7, 0x74, 0x41, 0x64, 0x93, 0x74, 
0x2E, 0x08, 0xE1, 0xC7, 0x80, 0x28, 0x91, 0x08, 0x2E, 0xD8, 0x0A, 0x10, 0x47, 0x74, 0x00, 0xEA, 
0x9F, 0x05, 0x41, 0x64, 0x36, 0x08, 0xE1, 0xC7, 0x80, 0x28, 0x7C, 0x08, 0x45, 0x74, 0x4E, 0xD8, 
0x08, 0x10, 0x85, 0xAD, 0x49, 0xAD, 0x4E, 0xD8, 0x06, 0x10, 0xE4, 0xAD, 0x48, 0xAD, 0x21, 0xAD, 
0x60, 0xAD, 0xD5, 0x06, 0x07, 0x14, 0x94, 0x14, 0x00, 0x33, 0x0B, 0x07, 0x65, 0xD8, 0x21, 0x10, 
0x0D, 0x64, 0x2D, 0x08, 0x79, 0x8D, 0x78, 0xAD, 0x7D, 0x8D, 0x7C, 0xAD, 0x01, 0x33, 0x65, 0xDC, 
0x41, 0x00, 0x84, 0x07, 0x00, 0x33, 0x65, 0xDC, 0x22, 0x10, 0x2F, 0x07, 0x65, 0x98, 0x45, 0xB8, 
0xCA, 0x60, 0x9F, 0x74, 0x0A, 0x60, 0x0C, 0x7C, 0x4A, 0x60, 0x00, 0xE0, 0xE7, 0x1F, 0x10, 0x60, 
0x43, 0x74, 0x00, 0xEA, 0x9F, 0x05, 0x03, 0xEA, 0xCF, 0x02, 0x41, 0x64, 0x45, 0x98, 0xCC, 0x0F, 
0x1F, 0x74, 0xC2, 0x60, 0x00, 0xEA, 0x9F, 0x05, 0x0A, 0x60, 0x0C, 0x7C, 0x4A, 0x60, 0x00, 0xE0, 
0xD5, 0x1F, 0x01, 0xEA, 0x9F, 0x05, 0x1C, 0x60, 0xC3, 0x74, 0xC2, 0x07, 0x78, 0x8D, 0x59, 0x8D, 
0xC8, 0x60, 0x61, 0x53, 0x78, 0xAD, 0x5D, 0x8D, 0x7C, 0x8D, 0xC8, 0x60, 0x61, 0x53, 0x7C, 0xAD, 
0x02, 0x33, 0x65, 0xDC, 0x41, 0x00, 0x52, 0x07, 0x40, 0x38, 0x50, 0x0F, 0x65, 0xD8, 0x21, 0x10, 
0x61, 0x43, 0x0D, 0x64, 0x4B, 0x0B, 0x19, 0x8D, 0x78, 0x8D, 0x02, 0x40, 0x0C, 0x60, 0x7D, 0x8D, 
0x5C, 0x8D, 0x01, 0x40, 0x62, 0x43, 0x20, 0x3F, 0xC8, 0x60, 0x02, 0x32, 0x61, 0x43, 0x01, 0x74, 
0xCD, 0x74, 0x18, 0xAD, 0x7C, 0xAD, 0x45, 0xDC, 0x41, 0x00, 0x04, 0x08, 0x07, 0x20, 0x01, 0x74, 
0x18, 0xAD, 0x20, 0x3C, 0x03, 0x08, 0x07, 0x20, 0x01, 0x74, 0x0A, 0x31, 0x63, 0xB8, 0x00, 0xE0, 
0xD5, 0x1F, 0x63, 0x98, 0x18, 0xAD, 0x0A, 0x31, 0x0F, 0x6C, 0x00, 0xE0, 0xCF, 0x1F, 0x1C, 0xAD, 
0x25, 0x07, 0x1F, 0x74, 0x6D, 0x58, 0x43, 0xC4, 0x20, 0x84, 0x4A, 0x60, 0x00, 0xE0, 0x8E, 0x1F, 
0x00, 0x31, 0x1C, 0x60, 0xC3, 0x74, 0x7C, 0x07, 0x25, 0x98, 0x45, 0xB8, 0x05, 0x5A, 0x9F, 0x74, 
0x08, 0x7C, 0x29, 0x5B, 0x00, 0xE0, 0x82, 0x1F, 0x00, 0x33, 0x10, 0x60, 0x45, 0x98, 0x43, 0x74, 
0x67, 0x07, 0x00, 0x00, 0xD4, 0x14, 0x24, 0x15, 0x3B, 0x6C, 0x90, 0x32, 0x3D, 0x11, 0x14, 0x36, 
0x00, 0xE0, 0xA0, 0x08, 0x18, 0x35, 0x00, 0x30, 0x07, 0x1C, 0x25, 0x1F, 0xD3, 0x6C, 0x38, 0x5C, 
0x40, 0x93, 0x49, 0x58, 0x40, 0xB3, 0x03, 0x23, 0x4E, 0x64, 0xFB, 0x0B, 0x14, 0x61, 0xD2, 0x65, 
0xF6, 0x0B, 0x75, 0x11, 0x22, 0xEA, 0x01, 0x00, 0x01, 0xEA, 0x30, 0x11, 0x46, 0xB3, 0x02, 0xEA, 
0xE0, 0x2C, 0x47, 0xB3, 0x48, 0xB3, 0x47, 0x98, 0x49, 0xB3, 0x02, 0xEA, 0x98, 0x08, 0x4A, 0xB3, 
0x2B, 0xB3, 0x4C, 0xB3, 0x01, 0xEA, 0xD6, 0x04, 0x4D, 0x98, 0x4D, 0xB3, 0x4E, 0x98, 0x4E, 0xB3, 
0x02, 0xEA, 0x9D, 0x01, 0x50, 0xB3, 0x31, 0xB3, 0x32, 0xB3, 0x53, 0xB3, 0x01, 0xEA, 0xCE, 0x01, 
0x53, 0x98, 0x54, 0xB3, 0x54, 0x98, 0x55, 0xB3, 0x55, 0x98, 0x56, 0xB3, 0x4D, 0x32, 0x57, 0xB3, 
0x02, 0xEA, 0x34, 0x01, 0x58, 0xB3, 0x39, 0xB3, 0x5A, 0xB3, 0x4D, 0x32, 0x5B, 0xB3, 0x59, 0x98, 
0x5C, 0xB3, 0x5A, 0x98, 0x5D, 0xB3, 0x5B, 0x98, 0x5E, 0xB3, 0x5C, 0x98, 0x5F, 0xB3, 0x0E, 0x32, 
0x43, 0xDC, 0x20, 0x20, 0x48, 0x32, 0x43, 0xDC, 0x21, 0x20, 0x8F, 0x32, 0x43, 0xDC, 0x22, 0x20, 
0x43, 0xDC, 0x23, 0x20, 0x48, 0x32, 0x43, 0xDC, 0x24, 0x20, 0x0E, 0x32, 0x43, 0xDC, 0x25, 0x20, 
0x5F, 0x98, 0x43, 0xDC, 0x26, 0x20, 0x40, 0x99, 0x43, 0xDC, 0x27, 0x20, 0x41, 0x99, 0x43, 0xDC, 
0x28, 0x20, 0x42, 0x99, 0x43, 0xDC, 0x29, 0x20, 0x43, 0x99, 0x43, 0xDC, 0x2A, 0x20, 0x4B, 0x10, 
0x2E, 0x5A, 0x20, 0xB2, 0x22, 0xE4, 0x83, 0x04, 0x42, 0xE4, 0x03, 0x09, 0x45, 0x74, 0x89, 0x74, 
0x26, 0xAB, 0x41, 0xAB, 0x02, 0x32, 0x43, 0xDC, 0x2B, 0x20, 0x04, 0x15, 0x94, 0x14, 0x00, 0x00, 
0xC8, 0x4D, 0x00, 0x00, 0x00, 0x03, 0x00, 0x40, 0xE4, 0x07, 0x00, 0x30, 0xD4, 0x14, 0xCE, 0xE5, 
0x83, 0x14, 0x02, 0xEA, 0x80, 0x04, 0x20, 0xB8, 0x00, 0x31, 0xCC, 0x12, 0x03, 0x6D, 0x01, 0x18, 
0x00, 0xE0, 0xE6, 0x07, 0x66, 0xD8, 0x84, 0x0D, 0x42, 0x3B, 0x79, 0x0C, 0x66, 0xD8, 0x85, 0x0D, 
0x41, 0x3B, 0x7C, 0x0C, 0x13, 0x6C, 0x00, 0x31, 0xE5, 0x12, 0xA6, 0xD8, 0x84, 0x0D, 0x40, 0x88, 
0x63, 0x45, 0xD4, 0x60, 0x66, 0x43, 0xC4, 0x60, 0x61, 0x43, 0xDC, 0x60, 0x40, 0xAB, 0x03, 0xEA, 
0x40, 0x02, 0x00, 0x21, 0xC6, 0x64, 0x01, 0x20, 0xF1, 0x0B, 0x6E, 0xD8, 0x00, 0x10, 0x3D, 0x11, 
0x5D, 0x11, 0x60, 0xA9, 0x06, 0xD8, 0x85, 0x0D, 0x63, 0x40, 0xC0, 0x60, 0x67, 0x43, 0xC8, 0x60, 
0x6F, 0xB1, 0x7A, 0x11, 0x21, 0xEA, 0x07, 0x00, 0x00, 0x93, 0x20, 0xC4, 0x41, 0x20, 0xB0, 0x39, 
0x20, 0xB3, 0x42, 0xE4, 0x83, 0x04, 0x20, 0x8E, 0x89, 0x74, 0x20, 0xAB, 0x42, 0xAB, 0x01, 0x1A, 
0x89, 0x74, 0x44, 0xAB, 0x22, 0xEA, 0xC0, 0x07, 0x23, 0x93, 0x41, 0xC4, 0x42, 0x20, 0xB6, 0x3A, 
0xBA, 0x3A, 0x43, 0xB3, 0x02, 0xEA, 0xC0, 0xFF, 0x23, 0x93, 0x41, 0xC4, 0x42, 0x20, 0x42, 0xEC, 
0xC0, 0x8F, 0x43, 0xB3, 0x11, 0x30, 0x43, 0x93, 0x42, 0xEC, 0x01, 0x00, 0x43, 0xB3, 0x00, 0xE0, 
0x75, 0x18, 0x47, 0x11, 0x60, 0x92, 0x40, 0x3B, 0xFE, 0x0F, 0x00, 0x33, 0x21, 0x11, 0x60, 0xB2, 
0x60, 0x96, 0x46, 0x89, 0x89, 0x74, 0xCD, 0x74, 0x40, 0xB6, 0x66, 0xA9, 0x61, 0x11, 0x43, 0xD8, 
0x82, 0x20, 0x41, 0x3A, 0x27, 0x0C, 0x01, 0x32, 0x43, 0xDC, 0x82, 0x20, 0x4E, 0xE4, 0x83, 0x04, 
0x66, 0xD8, 0x84, 0x0D, 0x00, 0x23, 0xCC, 0x74, 0x66, 0xDC, 0x84, 0x0D, 0x66, 0xD8, 0x85, 0x0D, 
0x00, 0x23, 0xCC, 0x74, 0x66, 0xDC, 0x85, 0x0D, 0x01, 0x1B, 0x20, 0x8B, 0x01, 0x23, 0x8E, 0x64, 
0x20, 0xAC, 0x01, 0x24, 0xFB, 0x0B, 0xCE, 0xE5, 0x83, 0x04, 0x94, 0x14, 0x00, 0x33, 0x66, 0xDC, 
0x84, 0x0D, 0x66, 0xD8, 0x85, 0x0D, 0x41, 0x3B, 0x86, 0x0B, 0x00, 0x33, 0x66, 0xDC, 0x85, 0x0D, 
0x82, 0x07, 0x41, 0x89, 0x89, 0x74, 0x41, 0xA9, 0xD7, 0x07, 0x00, 0x00, 0xD0, 0x14, 0x14, 0x31, 
0x09, 0x10, 0xFF, 0xE3, 0x65, 0xFF, 0x90, 0x14, 0xE4, 0x07, 0x00, 0x30, 0xE8, 0x07, 0x00, 0x30, 
0x00, 0x03, 0x00, 0x40, 0xE8, 0x10, 0x00, 0x30, 0x00, 0x02, 0x00, 0x40, 0x80, 0x37, 0x00, 0x30, 
0xE4, 0x17, 0x00, 0x30, 0x8C, 0x46, 0x00, 0x30, 0xD4, 0x14, 0x43, 0x6D, 0xF2, 0x10, 0x82, 0x42, 
0x90, 0x60, 0x03, 0x42, 0x82, 0x42, 0x40, 0x60, 0x01, 0x43, 0xD0, 0x60, 0x40, 0x60, 0x81, 0x43, 
0x70, 0x5F, 0xC1, 0xD8, 0x00, 0x50, 0x00, 0x8B, 0x18, 0x7C, 0x0A, 0x31, 0x1C, 0x61, 0x00, 0xE0, 
0x35, 0x1E, 0x61, 0x95, 0x0C, 0x60, 0x01, 0xB5, 0x04, 0xD8, 0xF8, 0x12, 0x18, 0x7C, 0x0A, 0x31, 
0x00, 0xE0, 0x2C, 0x1E, 0x62, 0x95, 0x0C, 0x60, 0x63, 0x95, 0x8C, 0x61, 0x02, 0xB5, 0xC3, 0xB5, 
0x94, 0x14, 0x00, 0x00, 0x58, 0x4E, 0x00, 0x00, 0xC4, 0x14, 0x27, 0x14, 0x00, 0x32, 0x00, 0x33, 
0x00, 0x2B, 0x6E, 0xDC, 0x0C, 0x00, 0x6E, 0xDC, 0x0D, 0x00, 0x6E, 0xDC, 0x0E, 0x00, 0x4E, 0xDC, 
0x0F, 0x00, 0x6E, 0xDC, 0x10, 0x00, 0x01, 0x32, 0x6E, 0xDC, 0x13, 0x00, 0x6E, 0xDC, 0x17, 0x00, 
0x01, 0x33, 0x4E, 0xDC, 0x11, 0x00, 0x6E, 0xDC, 0x18, 0x00, 0x00, 0x32, 0x00, 0x33, 0xC3, 0x6D, 
0x4E, 0xDC, 0x12, 0x00, 0x4E, 0xDC, 0x14, 0x00, 0x6E, 0xDC, 0x19, 0x00, 0x01, 0x32, 0x01, 0x33, 
0x21, 0xB8, 0x4E, 0xDC, 0x15, 0x00, 0x4E, 0xDC, 0x16, 0x00, 0x6E, 0xDC, 0x1A, 0x00, 0x6E, 0xDC, 
0x1B, 0x00, 0xBA, 0x80, 0x3B, 0x80, 0x07, 0x1E, 0x03, 0x18, 0xFF, 0x32, 0xFF, 0x33, 0x22, 0x34, 
0xE2, 0xB8, 0x03, 0x04, 0x60, 0x80, 0x41, 0x80, 0xD4, 0x60, 0xCC, 0x74, 0x0C, 0x65, 0x14, 0x08, 
0x84, 0x60, 0x88, 0x74, 0x13, 0x3A, 0x10, 0x08, 0xE2, 0x98, 0x41, 0x42, 0xE9, 0x8F, 0xE0, 0xB8, 
0xE2, 0x43, 0xDC, 0x60, 0xE1, 0x98, 0x63, 0x43, 0xDC, 0x60, 0x8C, 0x60, 0x62, 0xD8, 0x00, 0x50, 
0x40, 0x98, 0xC9, 0x64, 0x07, 0x08, 0x01, 0x20, 0x1A, 0x64, 0xE5, 0x0B, 0x01, 0x30, 0x07, 0x14, 
0x84, 0x14, 0x00, 0x30, 0xFD, 0x07, 0x00, 0x00, 0xC4, 0x14, 0x25, 0x14, 0x76, 0x80, 0x43, 0xB8, 
0x62, 0xB8, 0x8F, 0x6C, 0x77, 0x80, 0x8C, 0x64, 0x39, 0x0C, 0x00, 0x32, 0x02, 0x2A, 0x41, 0xB8, 
0x00, 0x32, 0x00, 0x2A, 0xB9, 0x80, 0x4E, 0xDC, 0x09, 0x10, 0x00, 0x37, 0x01, 0x2F, 0x58, 0x80, 
0x94, 0x64, 0x26, 0x0C, 0x62, 0x98, 0xC2, 0x43, 0x00, 0xB8, 0x8C, 0x61, 0xC3, 0x46, 0x08, 0x04, 
0x01, 0x98, 0x12, 0x64, 0x2A, 0x0C, 0x00, 0x22, 0x88, 0x74, 0x94, 0x64, 0x17, 0x0C, 0x61, 0x42, 
0xD8, 0x60, 0xC4, 0x60, 0x83, 0xD8, 0x00, 0x50, 0xD2, 0x65, 0xF3, 0x0B, 0x00, 0x98, 0x88, 0x88, 
0x40, 0x3C, 0x03, 0x0C, 0x00, 0x2C, 0x88, 0xA8, 0x0E, 0xD8, 0x06, 0x10, 0x00, 0x22, 0x00, 0xAB, 
0x60, 0x98, 0x88, 0x74, 0xB9, 0x83, 0x94, 0x64, 0xEB, 0x0B, 0x00, 0x98, 0x77, 0x80, 0x42, 0x98, 
0x00, 0x22, 0x88, 0x74, 0x42, 0xB8, 0x8C, 0x64, 0xD3, 0x0B, 0x00, 0x33, 0x63, 0xB0, 0x62, 0xB0, 
0x61, 0xB0, 0x69, 0xA8, 0x05, 0x14, 0x84, 0x14, 0x0E, 0xD8, 0x09, 0x10, 0x00, 0xAB, 0x60, 0x98, 
0xB9, 0x83, 0xD2, 0x07, 0xD4, 0x14, 0x29, 0x14, 0x43, 0x6D, 0x63, 0xB8, 0x6E, 0x98, 0xC7, 0x6D, 
0x65, 0xB8, 0x6E, 0xD8, 0x1E, 0x50, 0x0B, 0x6D, 0x64, 0xB8, 0xCE, 0xD8, 0x40, 0x40, 0x00, 0xE0, 
0x93, 0x09, 0x78, 0x12, 0xC0, 0x64, 0x1D, 0x0C, 0x48, 0x8C, 0xC8, 0x33, 0x8C, 0x64, 0xA5, 0x0C, 
0x62, 0x45, 0x54, 0x5B, 0x68, 0xB8, 0x61, 0x47, 0x43, 0x42, 0x66, 0xB8, 0x28, 0x5B, 0x63, 0x98, 
0xC4, 0x60, 0x03, 0xD8, 0x00, 0x50, 0x67, 0xB8, 0x00, 0x33, 0x03, 0x2B, 0xC2, 0x64, 0x12, 0x0D, 
0x00, 0x33, 0x00, 0x2B, 0xDA, 0x64, 0x08, 0x0C, 0x00, 0x31, 0x01, 0x29, 0x5A, 0x64, 0x95, 0x0C, 
0x00, 0x30, 0x09, 0x14, 0x94, 0x14, 0x65, 0x98, 0x4C, 0x60, 0x61, 0xD8, 0x00, 0x50, 0x44, 0x98, 
0x8D, 0x64, 0xF7, 0x0B, 0x82, 0x65, 0x05, 0x0C, 0x00, 0x33, 0x03, 0x2B, 0xC2, 0x64, 0xF1, 0x0B, 
0x67, 0x98, 0x00, 0x32, 0x01, 0x2A, 0x40, 0xAB, 0x68, 0x8C, 0x00, 0x23, 0x68, 0xAC, 0x49, 0x8C, 
0x60, 0x89, 0x8F, 0x75, 0x89, 0x65, 0x06, 0x0C, 0x69, 0xAC, 0xBA, 0xA4, 0xFB, 0xA4, 0xC1, 0xD8, 
0x00, 0x50, 0x79, 0x11, 0x48, 0x98, 0x94, 0x60, 0x42, 0x42, 0x9C, 0x60, 0x41, 0x42, 0x28, 0x5B, 
0x00, 0x89, 0x18, 0x7C, 0x0A, 0x31, 0x47, 0xB8, 0x66, 0xB8, 0x00, 0xE0, 0x1F, 0x1D, 0x21, 0x94, 
0x47, 0x98, 0x04, 0x60, 0x66, 0x98, 0xC8, 0x60, 0x01, 0xB4, 0x03, 0xD8, 0xF8, 0x12, 0x18, 0x7C, 
0x0A, 0x31, 0x00, 0xE0, 0x13, 0x1D, 0x62, 0x94, 0x0C, 0x60, 0x63, 0x94, 0x8C, 0x61, 0x6A, 0x8C, 
0x00, 0x23, 0x6A, 0xAC, 0x76, 0x84, 0x02, 0xB4, 0xD4, 0x64, 0xC3, 0xB4, 0x8F, 0x6C, 0x02, 0x08, 
0x97, 0x6C, 0x77, 0x84, 0x56, 0xA4, 0x4C, 0x65, 0x8F, 0x6C, 0x02, 0x08, 0x97, 0x6C, 0x78, 0x84, 
0x57, 0xA4, 0xDC, 0x64, 0x8F, 0x6C, 0x02, 0x08, 0x9F, 0x6C, 0x79, 0x84, 0x58, 0xA4, 0xCC, 0x65, 
0x8F, 0x6C, 0x02, 0x08, 0x9F, 0x6C, 0x40, 0x3D, 0x59, 0xA4, 0xDD, 0x08, 0x40, 0x3F, 0x0F, 0x0C, 
0x00, 0x33, 0x01, 0x2B, 0x62, 0xB8, 0x64, 0x98, 0x23, 0x5F, 0x61, 0xB8, 0x65, 0x98, 0x44, 0x74, 
0x60, 0xB8, 0x93, 0x6C, 0x63, 0x98, 0x00, 0x30, 0xFF, 0xE3, 0x66, 0xFF, 0x00, 0x33, 0x01, 0x2B, 
0x62, 0xB8, 0x64, 0x98, 0x02, 0x5D, 0x61, 0xB8, 0x65, 0x98, 0x00, 0x74, 0x60, 0xB8, 0x93, 0x6C, 
0x63, 0x98, 0x5F, 0x6C, 0xFF, 0xE3, 0x58, 0xFF, 0x53, 0x3F, 0x0F, 0x0C, 0x00, 0x33, 0x01, 0x2B, 
0x62, 0xB8, 0x64, 0x98, 0x22, 0x5F, 0x61, 0xB8, 0x65, 0x98, 0x44, 0x74, 0x60, 0xB8, 0x93, 0x6C, 
0x63, 0x98, 0x17, 0x6C, 0xFF, 0xE3, 0x48, 0xFF, 0x01, 0x30, 0x09, 0x14, 0x94, 0x14, 0x00, 0x00, 
0x70, 0x4B, 0x00, 0x30, 0x58, 0x4E, 0x00, 0x00, 0x82, 0x65, 0xF7, 0x0F, 0xC2, 0x64, 0x05, 0x0C, 
0x00, 0x33, 0x03, 0x2B, 0xC2, 0x64, 0x65, 0x0B, 0x65, 0x98, 0x8C, 0x60, 0x66, 0x98, 0xC8, 0x60, 
0x63, 0xD8, 0x00, 0x50, 0x20, 0x3B, 0x6B, 0x08, 0x24, 0x98, 0x4D, 0x64, 0x6C, 0x08, 0x67, 0x98, 
0x00, 0x31, 0x01, 0x29, 0x20, 0xAB, 0x68, 0x8C, 0x00, 0x23, 0x68, 0xAC, 0x66, 0x98, 0x8C, 0x60, 
0x60, 0x8A, 0x8F, 0x75, 0x29, 0x8C, 0x85, 0x65, 0x04, 0x0C, 0x69, 0xAC, 0xC2, 0xD8, 0x00, 0x50, 
0x68, 0x13, 0x48, 0x98, 0x94, 0x60, 0x42, 0x42, 0x9C, 0x60, 0x41, 0x42, 0x28, 0x5B, 0x00, 0x89, 
0x18, 0x7C, 0x0A, 0x31, 0x47, 0xB8, 0x66, 0xB8, 0x00, 0xE0, 0x88, 0x1C, 0x21, 0x94, 0x47, 0x98, 
0x04, 0x60, 0x66, 0x98, 0xC8, 0x60, 0x01, 0xB4, 0x03, 0xD8, 0xF8, 0x12, 0x18, 0x7C, 0x0A, 0x31, 
0x00, 0xE0, 0x7C, 0x1C, 0x62, 0x94, 0x0C, 0x60, 0x63, 0x94, 0x8C, 0x61, 0x6A, 0x8C, 0x00, 0x23, 
0x6A, 0xAC, 0x76, 0x84, 0x02, 0xB4, 0xD4, 0x64, 0xC3, 0xB4, 0x8F, 0x6C, 0x02, 0x08, 0x97, 0x6C, 
0x77, 0x84, 0x56, 0xA4, 0x4C, 0x65, 0x8F, 0x6C, 0x02, 0x08, 0x97, 0x6C, 0x78, 0x84, 0x57, 0xA4, 
0xDC, 0x64, 0x8F, 0x6C, 0x02, 0x08, 0x9F, 0x6C, 0x79, 0x84, 0x58, 0xA4, 0xCC, 0x65, 0x8F, 0x6C, 
0x02, 0x08, 0x9F, 0x6C, 0x40, 0x3D, 0x59, 0xA4, 0x6A, 0x0F, 0x64, 0x98, 0x00, 0x36, 0x61, 0xB8, 
0x65, 0x98, 0x01, 0x2E, 0x60, 0xB8, 0x03, 0x5D, 0xC2, 0xB8, 0x00, 0x74, 0x63, 0x98, 0x93, 0x6C, 
0x5F, 0x6C, 0xFF, 0xE3, 0xD1, 0xFE, 0x40, 0x3F, 0x56, 0x08, 0x21, 0x33, 0xD6, 0x64, 0x77, 0x0F, 
0x66, 0x07, 0x61, 0x12, 0x63, 0xD8, 0x03, 0x50, 0x64, 0xB8, 0xEB, 0x06, 0x24, 0x98, 0x4D, 0x64, 
0xF0, 0x0A, 0x96, 0x07, 0x67, 0x98, 0x00, 0x31, 0x02, 0x29, 0x20, 0xAB, 0x66, 0x98, 0x8C, 0x60, 
0xC2, 0xD8, 0x00, 0x50, 0x68, 0x98, 0xD4, 0x60, 0xA2, 0x43, 0x76, 0x11, 0xD4, 0x61, 0xA1, 0x47, 
0x54, 0x5B, 0x00, 0x8A, 0x18, 0x7C, 0x0A, 0x31, 0x63, 0xB8, 0x00, 0xE0, 0x27, 0x1C, 0x41, 0x94, 
0x63, 0x98, 0x08, 0x60, 0x4C, 0x61, 0x01, 0xB4, 0x05, 0xD8, 0xF8, 0x12, 0x18, 0x7C, 0x0A, 0x31, 
0x00, 0xE0, 0x1C, 0x1C, 0x62, 0x94, 0x0C, 0x60, 0x63, 0x94, 0x8C, 0x61, 0x02, 0xB4, 0xC3, 0xB4, 
0x01, 0x30, 0xC8, 0x06, 0x64, 0x98, 0x25, 0x98, 0x00, 0x36, 0x01, 0x2E, 0x61, 0xB8, 0x20, 0xB8, 
0x03, 0x5D, 0xC2, 0xB8, 0x00, 0x74, 0x63, 0x98, 0x93, 0x6C, 0x5F, 0x6C, 0xFF, 0xE3, 0x8C, 0xFE, 
0x40, 0x3F, 0xBC, 0x0F, 0x44, 0x98, 0x23, 0x5F, 0x41, 0xB8, 0x45, 0x98, 0x44, 0x74, 0xC2, 0xB8, 
0x40, 0xB8, 0x63, 0x98, 0x93, 0x6C, 0x17, 0x6C, 0xFF, 0xE3, 0x7E, 0xFE, 0x21, 0x33, 0xD6, 0x64, 
0x24, 0x0F, 0x15, 0x07, 0x64, 0x98, 0x23, 0x5F, 0x61, 0xB8, 0x65, 0x98, 0x44, 0x74, 0xC2, 0xB8, 
0x60, 0xB8, 0xF0, 0x07, 0xD4, 0x14, 0xCE, 0xE5, 0xEB, 0x1A, 0x02, 0xEA, 0x50, 0x05, 0x00, 0x31, 
0x03, 0x6D, 0x0E, 0xE4, 0x9B, 0x05, 0x00, 0xE0, 0xDB, 0x04, 0x6F, 0x10, 0x00, 0x32, 0x69, 0xB8, 
0x40, 0xAB, 0x32, 0x32, 0x53, 0x6C, 0x44, 0xAB, 0x43, 0xAB, 0x00, 0x32, 0x00, 0x37, 0x4A, 0xA3, 
0x4B, 0xA3, 0x2A, 0x33, 0x4E, 0xE4, 0x9B, 0x05, 0x8C, 0x60, 0x43, 0xB8, 0x13, 0x1A, 0xC8, 0x60, 
0x64, 0xB8, 0x6E, 0xE4, 0xC5, 0x0A, 0x65, 0xB8, 0x00, 0x33, 0x00, 0x2F, 0x06, 0x04, 0x00, 0x00, 
0x58, 0x4E, 0x00, 0x00, 0xFC, 0x41, 0x00, 0x30, 0x84, 0x98, 0x03, 0x98, 0xC1, 0xE4, 0x23, 0x00, 
0xA0, 0x89, 0x97, 0x74, 0x01, 0x21, 0xC9, 0x64, 0x62, 0xC4, 0x20, 0x0C, 0x49, 0x98, 0x86, 0x65, 
0xCD, 0x74, 0xA0, 0xA8, 0xE0, 0xAC, 0x60, 0xAA, 0x01, 0x20, 0x01, 0x24, 0xF2, 0x0B, 0x04, 0x98, 
0x27, 0x20, 0x04, 0xB8, 0x05, 0x98, 0x43, 0x98, 0x27, 0x22, 0x0A, 0x64, 0x43, 0xB8, 0xE5, 0x0B, 
0x00, 0x32, 0x00, 0x2A, 0x13, 0x1B, 0xCE, 0xE4, 0x9B, 0x05, 0x4E, 0xDC, 0x06, 0x10, 0xCF, 0x6D, 
0x1B, 0x6D, 0x28, 0x32, 0x65, 0xB8, 0x24, 0xD8, 0x01, 0x50, 0x3E, 0x39, 0x15, 0x08, 0x64, 0xD8, 
0x02, 0x50, 0x04, 0x41, 0xAD, 0x59, 0x06, 0x60, 0x0A, 0x31, 0xE5, 0xC7, 0x80, 0x28, 0x00, 0x33, 
0xA3, 0xC4, 0x40, 0x0C, 0x44, 0xB8, 0x00, 0xE0, 0x89, 0x1B, 0xC3, 0x6C, 0x41, 0x65, 0x65, 0xC4, 
0x20, 0x0C, 0x60, 0xAC, 0x44, 0x98, 0x24, 0xD8, 0x12, 0x50, 0x3E, 0x39, 0x15, 0x08, 0x64, 0xD8, 
0x11, 0x50, 0x04, 0x41, 0xAD, 0x59, 0x06, 0x60, 0x0A, 0x31, 0xE5, 0xC7, 0x80, 0x28, 0x00, 0x33, 
0xA3, 0xC4, 0x40, 0x0C, 0x44, 0xB8, 0x00, 0xE0, 0x71, 0x1B, 0xC3, 0x6C, 0x41, 0x65, 0x65, 0xC4, 
0x20, 0x0C, 0x73, 0xAC, 0x44, 0x98, 0x6E, 0xD8, 0x06, 0x10, 0x08, 0x61, 0x60, 0xAF, 0x73, 0xAF, 
0x6E, 0xE4, 0xEB, 0x0A, 0xD2, 0x64, 0xC8, 0x61, 0xC7, 0x0B, 0x65, 0x98, 0x00, 0x34, 0x0E, 0xE4, 
0x9B, 0x05, 0x00, 0x31, 0x08, 0x60, 0x00, 0x29, 0x46, 0xD8, 0x14, 0x50, 0x3E, 0x3A, 0x09, 0x08, 
0xA6, 0xD8, 0x28, 0x50, 0x96, 0x60, 0xE2, 0xC7, 0x80, 0x28, 0x44, 0xC4, 0x40, 0x0C, 0x40, 0xAE, 
0x46, 0xD8, 0x80, 0x52, 0x3E, 0x3A, 0x0A, 0x08, 0xA6, 0xD8, 0x6C, 0x52, 0x96, 0x60, 0xE2, 0xC7, 
0x80, 0x28, 0x44, 0xC4, 0x40, 0x0C, 0x46, 0xDC, 0x94, 0x12, 0x01, 0x26, 0x82, 0x65, 0x20, 0xAB, 
0x23, 0xDC, 0x94, 0x12, 0x01, 0x23, 0xE1, 0x0B, 0x00, 0x32, 0x0C, 0x1B, 0x40, 0xA3, 0x00, 0x32, 
0x65, 0xB8, 0x43, 0xB3, 0x42, 0xB3, 0x41, 0xB3, 0x48, 0xAB, 0x49, 0xAB, 0x00, 0x33, 0xE5, 0x98, 
0x66, 0xB8, 0x66, 0x98, 0x8C, 0x74, 0x62, 0x43, 0x4B, 0xB8, 0x00, 0x32, 0x67, 0xB8, 0x44, 0xB8, 
0x09, 0x04, 0x64, 0x98, 0x00, 0x23, 0xCC, 0x74, 0x8F, 0x6C, 0x64, 0xB8, 0x13, 0x33, 0x8C, 0x64, 
0x2F, 0x0D, 0x46, 0x98, 0x67, 0x98, 0x84, 0x98, 0xC8, 0x60, 0x4E, 0xE4, 0x9B, 0x05, 0x62, 0x43, 
0xD0, 0x60, 0x61, 0x43, 0x8C, 0x60, 0x22, 0xD8, 0x00, 0x50, 0x31, 0x32, 0x49, 0x64, 0xEA, 0x0F, 
0x13, 0x1A, 0xC8, 0x60, 0x43, 0xD8, 0x00, 0x50, 0x00, 0x33, 0x01, 0x2B, 0xCA, 0x64, 0xE2, 0x0F, 
0x00, 0x33, 0x04, 0x2B, 0xCA, 0x64, 0xDE, 0x0F, 0x65, 0x98, 0x0B, 0x98, 0x98, 0xA3, 0x16, 0xA3, 
0x17, 0xA3, 0x99, 0xA3, 0x00, 0x33, 0x00, 0x2B, 0x62, 0xB8, 0x32, 0x33, 0x53, 0x6C, 0x61, 0xB8, 
0x45, 0x98, 0x6E, 0xE4, 0x9B, 0x05, 0x60, 0xB8, 0x13, 0x1B, 0xFF, 0xE3, 0x75, 0xFD, 0x41, 0x38, 
0xC9, 0x0B, 0x65, 0x98, 0x02, 0xEA, 0xFF, 0x01, 0x69, 0x8B, 0x8C, 0x64, 0x0B, 0x09, 0x61, 0x43, 
0x4C, 0x13, 0xC8, 0x60, 0x60, 0x8B, 0x29, 0x98, 0x63, 0xA9, 0x65, 0x98, 0x4A, 0x81, 0x7B, 0x83, 
0xCA, 0x64, 0x06, 0x08, 0x65, 0x98, 0x4B, 0x81, 0x7A, 0x83, 0xCA, 0x64, 0x3E, 0x0C, 0x05, 0x98, 
0x00, 0x32, 0x13, 0x19, 0x03, 0x2A, 0xFF, 0xE3, 0x09, 0xFD, 0x69, 0x98, 0x5B, 0x87, 0xB6, 0x87, 
0x4A, 0xA3, 0x5A, 0x87, 0xD9, 0x87, 0x4B, 0xA3, 0x43, 0x8B, 0xE5, 0xB8, 0x44, 0xAB, 0x58, 0x87, 
0x64, 0x98, 0x48, 0xB8, 0x21, 0x32, 0x00, 0x2B, 0x56, 0xA7, 0x00, 0x32, 0xCC, 0x74, 0x64, 0xB8, 
0x77, 0x87, 0x57, 0xA7, 0x13, 0x32, 0x4C, 0x65, 0x58, 0xA7, 0x00, 0x32, 0x6A, 0xB8, 0x59, 0xA7, 
0x1C, 0x0C, 0x00, 0x33, 0x00, 0x2B, 0x63, 0xB8, 0x68, 0x98, 0xD8, 0x64, 0xAE, 0x0C, 0x88, 0x98, 
0x05, 0x04, 0x00, 0x24, 0x10, 0x75, 0x18, 0x65, 0xA8, 0x0C, 0x63, 0x98, 0x9F, 0x6C, 0x62, 0xB8, 
0x32, 0x33, 0x53, 0x6C, 0x61, 0xB8, 0x17, 0x6C, 0x6E, 0xE4, 0x9B, 0x05, 0x60, 0xB8, 0x13, 0x1B, 
0xFF, 0xE3, 0x22, 0xFD, 0x41, 0x38, 0xEE, 0x0B, 0x05, 0x98, 0x2E, 0xE4, 0x9B, 0x05, 0xFF, 0xE3, 
0x75, 0xFC, 0x40, 0x38, 0x9E, 0x0C, 0x45, 0x98, 0x69, 0x98, 0x5B, 0x82, 0x4A, 0xA3, 0x45, 0x98, 
0x5A, 0x82, 0x4B, 0xA3, 0x65, 0x98, 0x89, 0x8B, 0x32, 0x33, 0x0D, 0x65, 0x7E, 0x0C, 0x65, 0x98, 
0xA0, 0x83, 0x09, 0x3D, 0x7A, 0x08, 0xC3, 0x93, 0x40, 0x3E, 0x92, 0x0C, 0x65, 0x98, 0x5B, 0x6C, 
0x62, 0x93, 0x05, 0x43, 0x0E, 0x60, 0x02, 0x40, 0x0C, 0x60, 0x03, 0x40, 0x00, 0xE0, 0x76, 0x1A, 
0x01, 0xEA, 0xE8, 0x03, 0x62, 0x40, 0x0C, 0x60, 0x03, 0xEA, 0x20, 0x4E, 0x03, 0x40, 0x0C, 0x60, 
0x00, 0xE0, 0x6C, 0x1A, 0x65, 0x98, 0x5B, 0x6C, 0x41, 0x93, 0x08, 0xB8, 0x05, 0x42, 0x0A, 0x60, 
0x02, 0x40, 0x08, 0x60, 0x03, 0x40, 0x00, 0x36, 0x00, 0xE0, 0x60, 0x1A, 0x01, 0xEA, 0xE8, 0x03, 
0x03, 0xEA, 0xE4, 0x57, 0x41, 0x40, 0x80, 0x60, 0x04, 0x42, 0x0A, 0x60, 0x0C, 0x60, 0x00, 0xE0, 
0x55, 0x1A, 0x45, 0x11, 0x26, 0x45, 0x43, 0xB8, 0x48, 0x60, 0x02, 0xEA, 0xCF, 0x02, 0x68, 0x98, 
0x26, 0x2B, 0xC9, 0x64, 0x62, 0xC4, 0x40, 0x0C, 0x02, 0xEA, 0x9F, 0x05, 0xE3, 0xC7, 0x80, 0x28, 
0x66, 0xC4, 0x40, 0x0C, 0x60, 0xA9, 0xC3, 0x6C, 0x2B, 0x2B, 0xC9, 0x64, 0x62, 0xC4, 0x40, 0x0C, 
0x88, 0xA9, 0xE3, 0xC7, 0x80, 0x28, 0x66, 0xC4, 0x40, 0x0C, 0x61, 0xA9, 0x01, 0x33, 0x41, 0xD8, 
0x3E, 0x00, 0x0C, 0x36, 0x65, 0xB1, 0x03, 0x98, 0x61, 0xE4, 0x3D, 0x00, 0x25, 0x45, 0x68, 0xB8, 
0x68, 0x59, 0xD8, 0x60, 0x61, 0x43, 0xC0, 0x60, 0x09, 0x98, 0x00, 0x25, 0x03, 0x88, 0x01, 0xAB, 
0x62, 0x5A, 0x03, 0x98, 0xCC, 0x74, 0xC4, 0x60, 0xD8, 0x60, 0x61, 0x43, 0xC0, 0x60, 0x81, 0xAB, 
0x88, 0x98, 0x6A, 0x5A, 0x60, 0xA4, 0x66, 0x5A, 0xCC, 0x74, 0xC4, 0x60, 0xD8, 0x60, 0x61, 0x43, 
0x4C, 0x58, 0xCB, 0x6C, 0x45, 0x98, 0x48, 0x8A, 0x41, 0xAB, 0x65, 0x98, 0xA0, 0xA3, 0x05, 0x04, 
0x38, 0x5A, 0x00, 0x00, 0xC8, 0x37, 0x00, 0x30, 0x65, 0x98, 0x00, 0x32, 0x43, 0xB3, 0x42, 0xB3, 
0x41, 0xB3, 0x49, 0xAB, 0x48, 0xAB, 0xDE, 0x06, 0x00, 0x25, 0x6A, 0x98, 0x54, 0x75, 0x4C, 0x65, 
0x4C, 0x0B, 0x05, 0x98, 0x2E, 0xE4, 0x9B, 0x05, 0xFF, 0xE3, 0xD8, 0xFB, 0x40, 0x38, 0x64, 0x0B, 
0x05, 0x98, 0x00, 0x32, 0x13, 0x19, 0x04, 0x2A, 0xFF, 0xE3, 0x28, 0xFC, 0xCB, 0x06, 0x66, 0x98, 
0x00, 0x23, 0x66, 0xB8, 0x8F, 0x6C, 0x22, 0x33, 0xCA, 0x64, 0xBC, 0x0A, 0x65, 0x98, 0x0A, 0x31, 
0x40, 0x83, 0xCB, 0x6C, 0x84, 0x64, 0x02, 0x08, 0x0A, 0x33, 0x0C, 0x74, 0xCE, 0xE5, 0xEB, 0x0A, 
0x94, 0x14, 0xC8, 0x33, 0xF9, 0x06, 0x00, 0x00, 0xD2, 0x14, 0x7F, 0x11, 0x40, 0x93, 0x41, 0x3A, 
0x5E, 0x11, 0x07, 0x0C, 0x20, 0x92, 0x41, 0x39, 0x04, 0x0C, 0x9D, 0x11, 0x00, 0x94, 0x92, 0x14, 
0x00, 0x31, 0x9C, 0x11, 0x20, 0xB3, 0x00, 0x33, 0x60, 0xB2, 0x40, 0x33, 0x40, 0x84, 0xCA, 0x64, 
0x4A, 0x0C, 0x40, 0x84, 0x80, 0x33, 0xCA, 0x64, 0xF1, 0x0B, 0x41, 0x84, 0xB0, 0x33, 0xCA, 0x64, 
0xED, 0x0B, 0x25, 0x84, 0x64, 0x84, 0x43, 0x84, 0x50, 0x42, 0x68, 0x43, 0xC8, 0x6C, 0x02, 0x84, 
0xC4, 0x6C, 0xA9, 0x84, 0x48, 0x84, 0x27, 0x84, 0x18, 0x40, 0x48, 0x42, 0x30, 0x41, 0x0C, 0x6C, 
0x84, 0x6C, 0x66, 0x84, 0x78, 0x43, 0x94, 0x6C, 0x8C, 0x6C, 0x6A, 0x84, 0xCC, 0x74, 0x40, 0x3B, 
0x3B, 0x0C, 0x41, 0x3B, 0xD3, 0x0B, 0x40, 0x3A, 0x10, 0x0C, 0xA7, 0x11, 0xD7, 0x6C, 0x20, 0x90, 
0x88, 0x49, 0x20, 0xA3, 0x81, 0xA3, 0x90, 0x49, 0x38, 0x49, 0x23, 0xA3, 0x82, 0xA3, 0x03, 0x23, 
0x35, 0x5B, 0x84, 0x64, 0x00, 0x20, 0xF4, 0x0F, 0xA0, 0x11, 0x01, 0x11, 0x63, 0x95, 0xB1, 0x3B, 
0x63, 0xB5, 0x9B, 0x10, 0x2E, 0x5C, 0x00, 0xE0, 0xB5, 0x02, 0x63, 0x95, 0x91, 0x3B, 0x63, 0xB5, 
0x00, 0x32, 0x7C, 0x10, 0x64, 0x30, 0x40, 0xAB, 0x00, 0xE0, 0x72, 0x0F, 0x01, 0x33, 0x64, 0xDC, 
0xC9, 0x04, 0xAD, 0x07, 0x41, 0x84, 0xA0, 0x33, 0xCA, 0x64, 0xB4, 0x0B, 0x44, 0x84, 0x73, 0x33, 
0xCA, 0x64, 0xB0, 0x0B, 0x45, 0x84, 0x71, 0x33, 0xCA, 0x64, 0xAC, 0x0B, 0x68, 0x84, 0x8C, 0x10, 
0xCC, 0x74, 0x60, 0xB4, 0x9C, 0x07, 0x40, 0x3A, 0x99, 0x0F, 0xC3, 0x6C, 0x80, 0x60, 0x0B, 0x30, 
0x0E, 0x60, 0x2C, 0x58, 0x50, 0x60, 0x20, 0x81, 0x44, 0x74, 0x20, 0xA3, 0x00, 0x23, 0xCA, 0x64, 
0xF9, 0x0B, 0x8C, 0x07, 0x74, 0x37, 0x00, 0x30, 0x6C, 0x37, 0x00, 0x30, 0xF0, 0x19, 0x00, 0x30, 
0x6C, 0x2F, 0x00, 0x30, 0xF4, 0x19, 0x00, 0x30, 0x40, 0x02, 0x00, 0x40, 0x00, 0xC8, 0x00, 0x30, 
0x70, 0x37, 0x00, 0x30, 0xC4, 0x14, 0x23, 0x14, 0x00, 0x31, 0x00, 0x29, 0xD0, 0x13, 0xF1, 0x13, 
0x00, 0x32, 0x2E, 0xDC, 0x05, 0x10, 0x00, 0x33, 0x2F, 0x13, 0x10, 0x13, 0x21, 0xB8, 0xC0, 0xB8, 
0x31, 0x04, 0x00, 0x22, 0xA3, 0x42, 0x8C, 0x58, 0xA5, 0xEC, 0x02, 0x00, 0xA0, 0xA4, 0x81, 0x98, 
0x22, 0x5B, 0x80, 0x94, 0x44, 0x74, 0x40, 0x3C, 0x5B, 0x08, 0xC0, 0x98, 0x40, 0x60, 0x80, 0x8E, 
0xA4, 0x4C, 0xA0, 0xA1, 0xA1, 0x8E, 0xC4, 0x4D, 0x26, 0x5B, 0x84, 0x44, 0x44, 0x74, 0xA5, 0xE4, 
0x0F, 0x20, 0x40, 0x60, 0xC0, 0xA1, 0x14, 0x6D, 0x2E, 0x5B, 0x02, 0x23, 0xCC, 0x74, 0xC0, 0x60, 
0x80, 0xA3, 0x00, 0x34, 0x44, 0x74, 0x64, 0x58, 0x80, 0xA3, 0x4A, 0x3A, 0x66, 0x59, 0x00, 0x21, 
0x44, 0x74, 0x40, 0x60, 0x80, 0xA1, 0x20, 0x98, 0x03, 0x21, 0xCC, 0x74, 0x20, 0xB8, 0x47, 0x27, 
0x1B, 0x0C, 0x97, 0x12, 0x22, 0x42, 0x50, 0x60, 0x20, 0x91, 0x83, 0x59, 0x03, 0x3C, 0xCA, 0x0F, 
0x45, 0x39, 0x34, 0x0C, 0x40, 0x39, 0x09, 0x08, 0x8E, 0xD8, 0x05, 0x10, 0x2C, 0x58, 0x80, 0xA9, 
0x05, 0x23, 0x81, 0xA9, 0x82, 0xA9, 0xCC, 0x74, 0x00, 0x22, 0x4A, 0x3A, 0x20, 0x98, 0x03, 0x21, 
0x20, 0xB8, 0x47, 0x27, 0xE7, 0x0B, 0x00, 0x33, 0x00, 0x32, 0x60, 0xDC, 0x3C, 0x00, 0x60, 0xDC, 
0x3D, 0x00, 0x60, 0xDC, 0x3E, 0x00, 0x60, 0xDC, 0x3F, 0x00, 0x04, 0x12, 0xC3, 0x6C, 0x80, 0xE4, 
0x3F, 0x00, 0x20, 0x83, 0x00, 0x23, 0xD2, 0x64, 0x84, 0x60, 0xFC, 0x0B, 0x00, 0x33, 0xCA, 0x60, 
0x60, 0xDC, 0x40, 0x00, 0x00, 0x32, 0x7F, 0x11, 0x40, 0xAB, 0x03, 0x14, 0x84, 0x14, 0x80, 0x8F, 
0xA4, 0x4C, 0x40, 0x60, 0xA0, 0xA1, 0xA1, 0x8F, 0xA7, 0x07, 0x3B, 0x11, 0x48, 0x60, 0x20, 0x81, 
0x40, 0x39, 0xCB, 0x0F, 0x00, 0x22, 0xD2, 0x07, 0xD4, 0x14, 0xCE, 0xE5, 0x8B, 0x1D, 0x03, 0x6D, 
0x03, 0x1B, 0x02, 0xEA, 0x80, 0x04, 0x00, 0x31, 0x0F, 0x6C, 0x61, 0xB8, 0x00, 0xE0, 0xB8, 0x01, 
0x02, 0xEA, 0x80, 0x04, 0x00, 0x31, 0x0E, 0xE4, 0x8B, 0x04, 0x00, 0xE0, 0xB1, 0x01, 0x06, 0x3C, 
0xDE, 0x08, 0x6E, 0x11, 0x82, 0x44, 0x0C, 0x61, 0x60, 0x94, 0x0C, 0x78, 0x01, 0x98, 0xC3, 0x6C, 
0x00, 0x32, 0x20, 0xE4, 0x7F, 0x04, 0x00, 0x2A, 0x40, 0xAB, 0x01, 0x23, 0x4E, 0x64, 0xFD, 0x0B, 
0x87, 0x11, 0x24, 0x35, 0x61, 0x98, 0xE3, 0xE4, 0x67, 0x01, 0x83, 0x6C, 0xD3, 0x6C, 0x34, 0x5C, 
0xC0, 0x8B, 0x01, 0x23, 0x4E, 0x64, 0xC0, 0xAA, 0x01, 0x22, 0xFB, 0x0B, 0x14, 0x60, 0x1E, 0x64, 
0x3F, 0x24, 0xF4, 0x0B, 0x41, 0x33, 0x62, 0xB8, 0x41, 0x98, 0x22, 0x98, 0x77, 0x10, 0x02, 0xE4, 
0x7F, 0x04, 0x4C, 0x60, 0x60, 0x8A, 0x01, 0x22, 0x82, 0x64, 0x60, 0xA1, 0x68, 0x4B, 0x61, 0xA1, 
0x01, 0x21, 0xF9, 0x0B, 0x73, 0x10, 0x00, 0x32, 0x40, 0xAB, 0xCE, 0xE5, 0x8B, 0x0D, 0x94, 0x14, 
0x02, 0xEA, 0x40, 0x02, 0x33, 0x10, 0x01, 0x98, 0x00, 0xE0, 0x5E, 0x0A, 0x00, 0x33, 0x62, 0xB8, 
0xE4, 0x07, 0x02, 0xEA, 0x40, 0x02, 0x2F, 0x10, 0x01, 0x98, 0x00, 0xE0, 0x55, 0x0A, 0x41, 0x33, 
0x62, 0xB8, 0xDB, 0x07, 0x02, 0xEA, 0x40, 0x02, 0x2B, 0x10, 0x17, 0x04, 0x40, 0x3D, 0x00, 0x30, 
0x2C, 0x3F, 0x00, 0x30, 0xE0, 0x07, 0x00, 0x30, 0xF4, 0x19, 0x00, 0x30, 0x94, 0x37, 0x00, 0x30, 
0x70, 0x37, 0x00, 0x30, 0xBC, 0x37, 0x00, 0x30, 0x38, 0x62, 0x00, 0x00, 0xE2, 0x37, 0x00, 0x30, 
0x0C, 0x42, 0x00, 0x30, 0x8C, 0x46, 0x00, 0x30, 0x01, 0x98, 0x00, 0xE0, 0x35, 0x0A, 0x03, 0x1B, 
0x80, 0x8B, 0x61, 0xB8, 0x41, 0x33, 0x62, 0xB8, 0x02, 0xEA, 0x80, 0x04, 0x00, 0x31, 0x0E, 0xE4, 
0x0B, 0x09, 0x00, 0xE0, 0x3D, 0x01, 0x61, 0x98, 0x2E, 0xE4, 0x0B, 0x09, 0x46, 0x5B, 0x0E, 0xE4, 
0x8B, 0x0D, 0xC7, 0x6C, 0x03, 0x04, 0x80, 0x8A, 0x01, 0x22, 0x80, 0xAB, 0x01, 0x23, 0xC2, 0x64, 
0xFB, 0x0B, 0xCF, 0x13, 0x00, 0x34, 0x40, 0x37, 0x9B, 0x6C, 0x1C, 0x59, 0xA0, 0x82, 0x63, 0x45, 
0xD4, 0x60, 0xAE, 0xE4, 0x8B, 0x0D, 0x61, 0x43, 0xD0, 0x60, 0x61, 0x43, 0x4C, 0x61, 0xA0, 0xB8, 
0x65, 0xE4, 0x7F, 0x1D, 0xA0, 0x89, 0x01, 0x21, 0x42, 0x64, 0xA0, 0xAB, 0x00, 0x22, 0xEF, 0x0B, 
0x00, 0x24, 0x52, 0x3C, 0x1F, 0x26, 0xE9, 0x0B, 0x88, 0x07, 0x02, 0xEA, 0x40, 0x02, 0x21, 0x13, 
0xC4, 0x07, 0x61, 0x13, 0x4E, 0xE4, 0x8B, 0x04, 0x03, 0xE4, 0x1F, 0x01, 0x20, 0x83, 0x00, 0x23, 
0xC2, 0x64, 0x20, 0xAA, 0x01, 0x22, 0xFB, 0x0B, 0x5C, 0x12, 0x6E, 0xE4, 0xCB, 0x06, 0x0E, 0xE4, 
0x0B, 0x09, 0x20, 0x82, 0x00, 0x22, 0x20, 0xAB, 0x01, 0x23, 0xC2, 0x64, 0xFB, 0x0B, 0x02, 0xEA, 
0x40, 0x02, 0x01, 0x98, 0x2E, 0xE4, 0x8B, 0x04, 0x00, 0x34, 0x00, 0xE0, 0xDD, 0x09, 0x07, 0xEA, 
0x40, 0x04, 0x40, 0x36, 0x41, 0x98, 0x21, 0x98, 0x64, 0xE4, 0x3F, 0x02, 0x04, 0xE4, 0x7F, 0x02, 
0xC8, 0x60, 0x04, 0x60, 0x51, 0x5F, 0x84, 0x60, 0xA0, 0x8A, 0x20, 0x8B, 0xA0, 0xAB, 0x01, 0x23, 
0xC2, 0x64, 0x20, 0xAA, 0x01, 0x22, 0xF9, 0x0B, 0x03, 0xEA, 0x00, 0x01, 0x18, 0x61, 0xD2, 0x64, 
0xEA, 0x0B, 0x61, 0x98, 0x80, 0x8B, 0x41, 0x33, 0x62, 0xB8, 0x8F, 0x07, 0x00, 0x33, 0x00, 0x34, 
0x62, 0xB8, 0x8B, 0x07, 0xD4, 0x14, 0xA2, 0x12, 0xFF, 0xE3, 0xF8, 0xFD, 0x65, 0xD8, 0xC9, 0x04, 
0x41, 0x3B, 0x2B, 0x0C, 0x60, 0x95, 0x41, 0x3B, 0x4C, 0x0C, 0x40, 0x3B, 0x27, 0x0C, 0x06, 0x3B, 
0x24, 0x08, 0x9C, 0x11, 0x5C, 0x11, 0x60, 0x94, 0x41, 0x3B, 0x10, 0x08, 0x63, 0x92, 0x78, 0x43, 
0x7B, 0x4B, 0x54, 0x3B, 0x06, 0x0C, 0x63, 0x92, 0x78, 0x43, 0x7B, 0x4B, 0x47, 0x3B, 0xF4, 0x0B, 
0x00, 0x33, 0x60, 0xB4, 0x60, 0x94, 0x41, 0x3B, 0xF2, 0x0F, 0xFF, 0xE3, 0x65, 0xFE, 0x00, 0x95, 
0xFF, 0xE3, 0xE4, 0xFE, 0x00, 0x95, 0x00, 0xE0, 0xEB, 0x0D, 0x64, 0x30, 0x00, 0xE0, 0x98, 0x0D, 
0x6E, 0x11, 0x60, 0x93, 0x41, 0x3B, 0x65, 0x0C, 0x94, 0x14, 0x6D, 0x11, 0x60, 0x93, 0x41, 0x3B, 
0xFC, 0x0B, 0x88, 0x11, 0x60, 0x94, 0x41, 0x3B, 0x69, 0x08, 0x15, 0x37, 0xC6, 0x11, 0x11, 0x04, 
0x63, 0x96, 0x78, 0x43, 0x7B, 0x4B, 0x47, 0x3B, 0x11, 0x0C, 0x43, 0x5F, 0xC8, 0x75, 0x40, 0x3F, 
0x5B, 0x0C, 0x00, 0xEA, 0xE8, 0x03, 0x00, 0xE0, 0x6F, 0x03, 0x60, 0x94, 0x41, 0x3B, 0x56, 0x08, 
0x63, 0x96, 0x78, 0x43, 0x7B, 0x4B, 0x54, 0x3B, 0xEC, 0x0B, 0x00, 0x33, 0x60, 0xB4, 0xEE, 0x07, 
0x98, 0x10, 0x59, 0x10, 0x60, 0x94, 0x41, 0x3B, 0x10, 0x08, 0x63, 0x92, 0x78, 0x43, 0x7B, 0x4B, 
0x54, 0x3B, 0x06, 0x0C, 0x63, 0x92, 0x78, 0x43, 0x7B, 0x4B, 0x47, 0x3B, 0xF4, 0x0B, 0x00, 0x33, 
0x60, 0xB4, 0x60, 0x94, 0x41, 0x3B, 0xF2, 0x0F, 0x00, 0x95, 0xFF, 0xE3, 0x9F, 0xFE, 0x00, 0x95, 
0x00, 0xE0, 0xA6, 0x0D, 0x64, 0x30, 0x00, 0xE0, 0x53, 0x0D, 0x6C, 0x10, 0x60, 0x93, 0x41, 0x3B, 
0xBC, 0x0B, 0x14, 0x34, 0x05, 0xEA, 0xD0, 0x07, 0x14, 0x04, 0x00, 0x00, 0x54, 0x62, 0x00, 0x00, 
0xE0, 0x2A, 0x00, 0x30, 0xFC, 0x23, 0x00, 0x30, 0x3C, 0x25, 0x00, 0x30, 0xF0, 0x19, 0x00, 0x30, 
0x64, 0x2F, 0x00, 0x30, 0xC0, 0x00, 0x00, 0x40, 0x08, 0x42, 0x00, 0x30, 0xCC, 0x06, 0x00, 0x30, 
0x17, 0x6C, 0x00, 0x2C, 0x10, 0x75, 0x00, 0xE0, 0x27, 0x03, 0x40, 0x3C, 0xFA, 0x0B, 0x94, 0x14, 
0x14, 0x34, 0x05, 0xEA, 0xD0, 0x07, 0x17, 0x6C, 0x00, 0x2C, 0x10, 0x75, 0x00, 0xE0, 0x1C, 0x03, 
0x40, 0x3C, 0xFA, 0x0B, 0x94, 0x14, 0x00, 0x33, 0x60, 0xB4, 0xFF, 0xE3, 0xE5, 0xFD, 0x00, 0x95, 
0x00, 0xE0, 0x6E, 0x0D, 0x67, 0x10, 0x40, 0x93, 0x40, 0x3A, 0x05, 0x0C, 0x64, 0x30, 0x00, 0xE0, 
0x17, 0x0D, 0x94, 0x14, 0x01, 0x32, 0x40, 0xB3, 0x00, 0xE0, 0x66, 0x10, 0xF8, 0x07, 0x00, 0x00, 
0xE0, 0x07, 0x00, 0x30, 0x62, 0x10, 0x00, 0xB3, 0x3C, 0x78, 0x00, 0x00, 0xBC, 0x1E, 0x00, 0x30, 
0xD0, 0x14, 0xFF, 0xE3, 0xE7, 0xF1, 0x00, 0x32, 0x63, 0x10, 0x40, 0xB3, 0x63, 0x10, 0x40, 0xB3, 
0x90, 0x14, 0x00, 0x00, 0xE0, 0x07, 0x00, 0x30, 0x88, 0x37, 0x00, 0x30, 0xC4, 0x14, 0x80, 0xE4, 
0x03, 0x20, 0xC3, 0x6C, 0x40, 0x3C, 0x10, 0x0C, 0x04, 0x36, 0x92, 0x61, 0x98, 0x64, 0xC2, 0xC4, 
0x40, 0x0C, 0x40, 0x3E, 0x08, 0x0C, 0x44, 0x75, 0x03, 0x6D, 0x78, 0x58, 0xA0, 0xA4, 0x00, 0x24, 
0x0E, 0x65, 0xFD, 0x0B, 0x9A, 0x60, 0x90, 0x41, 0xB8, 0x41, 0x50, 0x6D, 0x44, 0x6D, 0x88, 0x41, 
0x50, 0x6D, 0x82, 0x4A, 0x40, 0x3C, 0x09, 0x0C, 0xE2, 0x44, 0x0F, 0x6D, 0xDC, 0x5B, 0xA0, 0xB4, 
0x03, 0x24, 0x1A, 0x65, 0xFD, 0x0B, 0x1F, 0x6D, 0x42, 0xE4, 0x03, 0x20, 0xD0, 0x60, 0x40, 0x3A, 
0x07, 0x0C, 0x44, 0x74, 0x8C, 0x60, 0x20, 0xA3, 0x00, 0x23, 0xCA, 0x64, 0xFD, 0x0B, 0x84, 0x14, 
0xC4, 0x14, 0x03, 0x33, 0x60, 0xC4, 0x24, 0x20, 0x40, 0x3C, 0x04, 0x08, 0xC4, 0x68, 0x40, 0x3B, 
0x0D, 0x0C, 0x40, 0x3A, 0x0A, 0x0C, 0x03, 0x6D, 0x84, 0x60, 0x60, 0x81, 0x00, 0x21, 0x4A, 0x64, 
0xCC, 0x74, 0x60, 0xA4, 0x00, 0x24, 0xFA, 0x0B, 0x84, 0x14, 0x62, 0x4A, 0x40, 0x3B, 0x0C, 0x0C, 
0xE2, 0x43, 0x03, 0x6D, 0xC7, 0x6C, 0xDC, 0x59, 0xA0, 0x93, 0x03, 0x23, 0x8E, 0x65, 0xA0, 0xB4, 
0x03, 0x24, 0xFB, 0x0B, 0xDF, 0x6C, 0x42, 0xE4, 0x03, 0x20, 0xAC, 0x58, 0x40, 0x3A, 0x4C, 0x60, 
0xEC, 0x0F, 0x84, 0x60, 0x46, 0x61, 0x60, 0x81, 0x84, 0x5D, 0x00, 0x21, 0x86, 0x64, 0xCC, 0x74, 
0x60, 0xA4, 0xFA, 0x0B, 0x84, 0x14, 0x00, 0x00, 0x60, 0xE4, 0xFC, 0x20, 0x00, 0xE4, 0x03, 0x20, 
0x52, 0x12, 0x42, 0x38, 0xC8, 0x6C, 0x40, 0x93, 0x17, 0x0C, 0x43, 0x38, 0x0F, 0x0C, 0x41, 0x38, 
0x07, 0x0C, 0x42, 0xE4, 0xC0, 0x30, 0x26, 0x41, 0x48, 0x6C, 0x20, 0xB3, 0x3C, 0x78, 0x8E, 0x3A, 
0x8F, 0x3A, 0x2E, 0x41, 0x48, 0x6C, 0x20, 0xB3, 0x3C, 0x78, 0x42, 0x42, 0x42, 0x4A, 0x3E, 0x41, 
0x48, 0x6C, 0x20, 0xB3, 0x3C, 0x78, 0x96, 0x3A, 0x97, 0x3A, 0x36, 0x41, 0x48, 0x6C, 0x20, 0xB3, 
0x3C, 0x78, 0x00, 0x00, 0x62, 0x12, 0x47, 0x93, 0x42, 0xEC, 0x00, 0x02, 0x47, 0xB3, 0x47, 0x93, 
0x42, 0xEC, 0x20, 0x00, 0x47, 0xB3, 0x47, 0x93, 0x42, 0xEC, 0x10, 0x00, 0x47, 0xB3, 0x43, 0x93, 
0x95, 0x3A, 0x43, 0xB3, 0x79, 0x11, 0x00, 0x32, 0x00, 0x2A, 0x40, 0xB3, 0x41, 0xB3, 0x42, 0xB3, 
0x43, 0xB3, 0x44, 0xB3, 0x45, 0xB3, 0x46, 0xB3, 0x47, 0xB3, 0x41, 0x93, 0x8E, 0x3A, 0x8F, 0x3A, 
0x41, 0xB3, 0x42, 0x93, 0x8E, 0x3A, 0x8F, 0x3A, 0x42, 0xEC, 0x00, 0x40, 0x42, 0xB3, 0x41, 0x93, 
0x42, 0xE4, 0xC0, 0x30, 0x42, 0xEC, 0x80, 0x00, 0x41, 0xB3, 0x3C, 0x78, 0x4D, 0x11, 0x67, 0x92, 
0x70, 0x43, 0x7F, 0x4B, 0x41, 0x3B, 0xFC, 0x0F, 0x65, 0x92, 0x97, 0x3B, 0x65, 0xB2, 0x6A, 0x11, 
0x4A, 0x11, 0x40, 0xB3, 0x20, 0x32, 0x40, 0xB3, 0x49, 0x11, 0x60, 0x82, 0xCC, 0x74, 0x63, 0xE4, 
0x01, 0x30, 0xCC, 0x74, 0x60, 0xA2, 0x3C, 0x78, 0xD0, 0x14, 0x42, 0x11, 0x67, 0x92, 0x70, 0x43, 
0x7F, 0x4B, 0x41, 0x3B, 0xFC, 0x0F, 0x65, 0x92, 0x97, 0x3B, 0x65, 0xB2, 0x7E, 0x10, 0x5F, 0x10, 
0x00, 0xEA, 0x5F, 0xF0, 0x40, 0xB3, 0x20, 0x32, 0x40, 0xB3, 0x5D, 0x10, 0x60, 0x82, 0xCC, 0x74, 
0x63, 0xE4, 0x01, 0x30, 0xCC, 0x74, 0x60, 0xA2, 0x00, 0xE0, 0x8E, 0x0F, 0xFF, 0xE3, 0xA4, 0xFF, 
0x00, 0x31, 0x07, 0x30, 0x00, 0xE0, 0xA4, 0x0B, 0x00, 0xE0, 0x28, 0x0C, 0x01, 0x30, 0x00, 0xE0, 
0x75, 0x0C, 0x00, 0x30, 0x00, 0xE0, 0x72, 0x0C, 0x23, 0xEA, 0x00, 0x40, 0x60, 0x93, 0xE3, 0xC7, 
0x80, 0x28, 0x04, 0x08, 0x6F, 0x10, 0x01, 0x32, 0x40, 0xB3, 0x00, 0xE0, 0x81, 0x07, 0x22, 0xEA, 
0x00, 0x40, 0x70, 0x92, 0x63, 0xEC, 0x00, 0x01, 0x70, 0xB2, 0x00, 0xEA, 0xB3, 0xDB, 0x00, 0xE0, 
0x2D, 0x0F, 0xFF, 0xE3, 0x81, 0xF6, 0x90, 0x14, 0x00, 0xE4, 0x00, 0xE0, 0x00, 0x02, 0x00, 0x40, 
0x80, 0x00, 0x00, 0x40, 0x00, 0xFF, 0x00, 0x50, 0x55, 0xAA, 0x66, 0x00, 0x00, 0x7E, 0x00, 0x50, 
0x08, 0x42, 0x00, 0x30, 0xD4, 0x14, 0x25, 0x14, 0x43, 0x6D, 0x62, 0xB8, 0x8E, 0xD8, 0x2C, 0x40, 
0x6E, 0xD8, 0x14, 0x50, 0x87, 0x6D, 0x63, 0xB8, 0x00, 0x33, 0x00, 0x2B, 0xD2, 0x64, 0xCB, 0x6D, 
0x47, 0x0C, 0x00, 0x32, 0x01, 0x2A, 0x92, 0x64, 0x04, 0x0C, 0x00, 0x30, 0x05, 0x14, 0x94, 0x14, 
0x21, 0x41, 0x43, 0x40, 0x24, 0xB8, 0x80, 0x60, 0x42, 0x42, 0x48, 0x60, 0x5C, 0x60, 0x01, 0xD8, 
0x00, 0x50, 0x02, 0x65, 0x6F, 0x0C, 0xC2, 0x64, 0xF1, 0x0B, 0x62, 0x98, 0x8C, 0x60, 0x64, 0x98, 
0x8C, 0x60, 0x62, 0xD8, 0x00, 0x50, 0x43, 0x98, 0xC9, 0x64, 0x67, 0x08, 0x59, 0x12, 0x40, 0x3D, 
0x60, 0x8A, 0x00, 0x23, 0xCD, 0x74, 0x80, 0xA9, 0x60, 0xAA, 0x7F, 0x08, 0x40, 0x3E, 0x0B, 0x0C, 
0x63, 0x98, 0x23, 0x5E, 0x60, 0xB8, 0x44, 0x74, 0x81, 0xB8, 0x62, 0x98, 0x9F, 0x6C, 0x00, 0x30, 
0xFF, 0xE3, 0xC2, 0xFF, 0x00, 0x33, 0x01, 0x2B, 0x61, 0xB8, 0x63, 0x98, 0x02, 0x5D, 0x60, 0xB8, 
0x00, 0x74, 0x62, 0x98, 0x9F, 0x6C, 0x5B, 0x6C, 0xFF, 0xE3, 0xB6, 0xFF, 0x51, 0x3E, 0x42, 0x0C, 
0x00, 0x33, 0x01, 0x2B, 0x22, 0x5E, 0x61, 0xB8, 0x44, 0x74, 0x63, 0x98, 0x35, 0x04, 0x63, 0x40, 
0x42, 0x98, 0xC0, 0x60, 0x21, 0x41, 0x62, 0x43, 0x8C, 0x60, 0x84, 0x60, 0x42, 0xD8, 0x00, 0x50, 
0x03, 0x98, 0x81, 0x64, 0xB3, 0x0B, 0xC4, 0x60, 0xDC, 0x60, 0x43, 0xD8, 0x00, 0x50, 0x0A, 0x65, 
0xAD, 0x0B, 0x5C, 0x11, 0x00, 0x34, 0x40, 0x3D, 0x01, 0x2C, 0x80, 0xAB, 0x60, 0x8A, 0x00, 0x23, 
0xCD, 0x74, 0x60, 0xAA, 0x27, 0x08, 0x40, 0x3E, 0x4F, 0x08, 0x00, 0x33, 0x01, 0x2B, 0x61, 0xB8, 
0x00, 0x33, 0x27, 0x2B, 0x02, 0x5D, 0x60, 0xB8, 0x00, 0x74, 0x62, 0x98, 0x9F, 0x6C, 0x5B, 0x6C, 
0xFF, 0xE3, 0x82, 0xFF, 0x51, 0x3E, 0x0E, 0x0C, 0x22, 0x5E, 0x44, 0x74, 0x00, 0x33, 0x01, 0x2B, 
0x61, 0xB8, 0x00, 0x33, 0x27, 0x2B, 0x60, 0xB8, 0x9F, 0x6C, 0x62, 0x98, 0x17, 0x6C, 0xFF, 0xE3, 
0x73, 0xFF, 0x01, 0x30, 0x05, 0x14, 0x94, 0x14, 0x00, 0x33, 0x02, 0x2B, 0x60, 0xA9, 0x01, 0x30, 
0x7E, 0x07, 0x00, 0x33, 0x27, 0x2B, 0x63, 0xB8, 0x60, 0xB8, 0x03, 0x5D, 0x81, 0xB8, 0x00, 0x74, 
0x62, 0x98, 0x9F, 0x6C, 0x5B, 0x6C, 0xFF, 0xE3, 0x5F, 0xFF, 0x40, 0x3E, 0x29, 0x0C, 0x43, 0x98, 
0x23, 0x5E, 0x40, 0xB8, 0x44, 0x74, 0x81, 0xB8, 0x62, 0x98, 0x9F, 0x6C, 0x17, 0x6C, 0xFF, 0xE3, 
0x53, 0xFF, 0x5F, 0x3D, 0xD0, 0x0F, 0xC2, 0x07, 0x63, 0x98, 0x03, 0x5D, 0x60, 0xB8, 0x00, 0x74, 
0x81, 0xB8, 0x62, 0x98, 0x9F, 0x6C, 0x5B, 0x6C, 0xFF, 0xE3, 0x46, 0xFF, 0x40, 0x3E, 0x13, 0x08, 
0x5F, 0x3D, 0x8F, 0x0F, 0x80, 0x07, 0x00, 0x33, 0x27, 0x2B, 0x23, 0x5E, 0x60, 0xB8, 0x44, 0x74, 
0x81, 0xB8, 0x62, 0x98, 0x9F, 0x6C, 0x00, 0x30, 0xFF, 0xE3, 0x36, 0xFF, 0xA7, 0x07, 0x5F, 0x3D, 
0xB4, 0x0F, 0xA4, 0x07, 0x63, 0x98, 0x23, 0x5E, 0x60, 0xB8, 0x44, 0x74, 0x81, 0xB8, 0x62, 0x98, 
0x9F, 0x6C, 0x17, 0x6C, 0xFF, 0xE3, 0x28, 0xFF, 0x5F, 0x3D, 0x71, 0x0F, 0x64, 0x07, 0x00, 0x00, 
0xC0, 0x1E, 0x00, 0x30, 0xD4, 0x14, 0xCE, 0xE5, 0x1B, 0x19, 0x65, 0x13, 0x00, 0x32, 0x66, 0xB8, 
0x41, 0xAB, 0x24, 0x35, 0x40, 0xAB, 0x07, 0x1A, 0x62, 0x13, 0x00, 0x34, 0x44, 0xB8, 0x4E, 0xE4, 
0x9B, 0x04, 0x45, 0xB8, 0x43, 0xE4, 0x7F, 0x04, 0x43, 0xB8, 0xEE, 0xE4, 0x9B, 0x04, 0x07, 0x1E, 
0x00, 0x2C, 0x5F, 0x6C, 0x9B, 0x6C, 0xC2, 0xB8, 0x14, 0x5B, 0xC0, 0x8B, 0x01, 0x23, 0x0E, 0x64, 
0xC0, 0xAA, 0x80, 0xA9, 0x01, 0x22, 0x01, 0x21, 0xF9, 0x0B, 0x43, 0x98, 0xC2, 0x98, 0xCA, 0x64, 
0x94, 0x61, 0xD4, 0x61, 0xEF, 0x0B, 0x00, 0x33, 0x63, 0xB8, 0x01, 0x2B, 0x62, 0xB8, 0x00, 0x37, 
0xC5, 0x98, 0xA4, 0x98, 0x00, 0x34, 0x31, 0x2F, 0x07, 0x04, 0x00, 0x24, 0x11, 0x75, 0x01, 0x25, 
0x52, 0x3C, 0x01, 0x26, 0x2C, 0x0C, 0x65, 0xD8, 0x00, 0x50, 0xCD, 0x65, 0xF7, 0x0F, 0x66, 0xD8, 
0x00, 0x50, 0x42, 0x98, 0x8E, 0x64, 0xF2, 0x0F, 0x6E, 0xD8, 0x0C, 0x00, 0x0C, 0x74, 0x00, 0x33, 
0x00, 0x2B, 0x61, 0xB8, 0x50, 0x74, 0xE0, 0xB8, 0x07, 0x1B, 0x4E, 0xE4, 0x9B, 0x04, 0xFF, 0xE3, 
0xD3, 0xFE, 0x41, 0x38, 0xE3, 0x0B, 0x26, 0x98, 0x40, 0x89, 0x61, 0x89, 0x89, 0x74, 0xCD, 0x74, 
0x8C, 0x64, 0x04, 0x08, 0x60, 0x89, 0xCD, 0x74, 0x61, 0xA9, 0x00, 0x24, 0x11, 0x75, 0x66, 0x98, 
0x00, 0x32, 0x52, 0x3C, 0x40, 0xAB, 0x01, 0x25, 0x01, 0x26, 0xD6, 0x0B, 0x63, 0x98, 0x00, 0x23, 
0xCD, 0x74, 0x8F, 0x6C, 0x24, 0x98, 0x63, 0xB8, 0x24, 0x33, 0x4C, 0x60, 0x24, 0xB8, 0x25, 0x98, 
0x4C, 0x60, 0x20, 0x33, 0x25, 0xB8, 0xCA, 0x64, 0xBB, 0x0B, 0x26, 0x98, 0x08, 0x32, 0x61, 0x89, 
0xCD, 0x74, 0xC8, 0x64, 0x10, 0x08, 0x62, 0x89, 0x00, 0x23, 0xCD, 0x74, 0x62, 0xA9, 0x66, 0x98, 
0x62, 0x8B, 0xCD, 0x74, 0x45, 0x3B, 0x04, 0x08, 0x66, 0x98, 0x01, 0x32, 0x42, 0xB3, 0xCE, 0xE5, 
0x1B, 0x09, 0x94, 0x14, 0x66, 0x98, 0x00, 0x32, 0x42, 0xAB, 0xF2, 0x07, 0xD2, 0x14, 0x21, 0x14, 
0x03, 0xEA, 0x40, 0x02, 0x40, 0x11, 0x01, 0xEA, 0x03, 0x0A, 0x60, 0xB8, 0x00, 0x30, 0x7F, 0x10, 
0x1D, 0x34, 0x00, 0xE0, 0x8B, 0x06, 0x00, 0x31, 0x3B, 0x30, 0x5A, 0x10, 0xA2, 0xE4, 0x7F, 0x04, 
0x60, 0x8A, 0xD0, 0x60, 0xCD, 0x74, 0x0C, 0x64, 0x03, 0x08, 0x00, 0x21, 0x45, 0x74, 0x01, 0x22, 
0x4A, 0x65, 0xF7, 0x0B, 0x52, 0x10, 0x66, 0x8A, 0x00, 0x23, 0xCD, 0x74, 0x66, 0xAA, 0x03, 0xEA, 
0x40, 0x02, 0xC6, 0x64, 0x07, 0x0C, 0x66, 0x8A, 0xCD, 0x74, 0x54, 0x3B, 0x03, 0x0C, 0x01, 0x14, 
0x92, 0x14, 0x00, 0x33, 0x62, 0xB2, 0x66, 0xAA, 0x00, 0x32, 0x6D, 0x10, 0x40, 0xA3, 0x01, 0x14, 
0x92, 0x14, 0x00, 0x00, 0xD0, 0x14, 0xFF, 0xE3, 0x3F, 0xFF, 0x65, 0x10, 0x62, 0x93, 0x41, 0x3B, 
0x02, 0x0C, 0x90, 0x14, 0x03, 0x30, 0xFF, 0xE3, 0x27, 0xFD, 0x90, 0x14, 0xC0, 0x1E, 0x00, 0x30, 
0x0C, 0x42, 0x00, 0x30, 0xE0, 0x2A, 0x00, 0x30, 0x8C, 0x46, 0x00, 0x30, 0xD8, 0x23, 0x00, 0x30, 
0x20, 0xEA, 0x00, 0x80, 0x00, 0xC0, 0x20, 0x64, 0x2D, 0x11, 0x01, 0xC0, 0x21, 0x64, 0x80, 0xC1, 
0x20, 0x74, 0x2C, 0x11, 0x87, 0x6F, 0x0C, 0x11, 0x2C, 0x11, 0x4D, 0x11, 0x86, 0x60, 0x40, 0x3A, 
0x08, 0x0C, 0x60, 0x90, 0x60, 0xB1, 0x03, 0x20, 0x03, 0x21, 0x03, 0x2A, 0x40, 0x3A, 0xFA, 0x0B, 
0x00, 0xE0, 0x7A, 0x14, 0x20, 0x38, 0x3D, 0x08, 0x00, 0x28, 0x20, 0x38, 0x03, 0x6C, 0x03, 0x6C, 
0x03, 0x6C, 0x03, 0x6C, 0x03, 0x6C, 0x03, 0x6C, 0x03, 0x6C, 0x03, 0x6C, 0x03, 0x6C, 0x03, 0x6C, 
0x03, 0x6C, 0x03, 0x6C, 0x03, 0x6C, 0x03, 0x6C, 0x03, 0x6C, 0x03, 0x6C, 0x03, 0x6C, 0x03, 0x6C, 
0x03, 0x6C, 0x03, 0x6C, 0x03, 0x6C, 0x03, 0x6C, 0x03, 0x6C, 0x03, 0x6C, 0x03, 0x6C, 0x03, 0x6C, 
0x03, 0x6C, 0x03, 0x6C, 0x03, 0x6C, 0x03, 0x6C, 0x03, 0x6C, 0x03, 0x6C, 0x03, 0x6C, 0x03, 0x6C, 
0x03, 0x6C, 0x03, 0x6C, 0x03, 0x6C, 0x03, 0x6C, 0x03, 0x6C, 0x03, 0x6C, 0x03, 0x6C, 0x03, 0x6C, 
0x03, 0x6C, 0x03, 0x6C, 0x03, 0x6C, 0x03, 0x6C, 0x03, 0x6C, 0x03, 0x6C, 0x03, 0x6C, 0x03, 0x6C, 
0x03, 0x6C, 0x03, 0x6C, 0x03, 0x6C, 0x03, 0x6C, 0x03, 0x6C, 0x03, 0x6C, 0x03, 0x6C, 0xC5, 0x0F, 
0x3C, 0x78, 0x00, 0x00, 0x3B, 0x6C, 0x3C, 0x78, 0x00, 0x04, 0x00, 0x00, 0x00, 0x00, 0x00, 0x00, 
0x00, 0xC0, 0x00, 0x30, 0xA4, 0x64, 0x00, 0x00, 0x00, 0x00, 0x00, 0x30, 0xB8, 0x06, 0x00, 0x30, 
0x23, 0xEA, 0x00, 0x50, 0x0C, 0x60, 0x20, 0xA0, 0x3C, 0x78, 0x00, 0x00, 0xBC, 0x38, 0xBE, 0x38, 
0x00, 0x80, 0x00, 0x74, 0x3C, 0x78, 0x00, 0x00, 0x08, 0x40, 0xBC, 0x38, 0xBE, 0x38, 0x20, 0xA0, 
0x3C, 0x78, 0x00, 0x00, 0x08, 0x40, 0xBC, 0x38, 0xBE, 0x38, 0x00, 0x80, 0x00, 0x74, 0x3C, 0x78, 
0xD0, 0x14, 0x6B, 0x13, 0x13, 0x30, 0x47, 0x93, 0x42, 0xE4, 0x00, 0x33, 0x47, 0xB3, 0x47, 0x93, 
0x42, 0xE4, 0x00, 0x3C, 0x47, 0xB3, 0x22, 0xEA, 0x3F, 0x00, 0x2C, 0x93, 0x41, 0xC4, 0x42, 0x20, 
0xB3, 0x3A, 0x4C, 0xB3, 0x00, 0xE0, 0x7A, 0x0D, 0x15, 0x30, 0x00, 0xE0, 0x77, 0x0D, 0x14, 0x30, 
0x00, 0xE0, 0x74, 0x0D, 0x90, 0x14, 0x00, 0x00, 0x5D, 0x12, 0x6D, 0x92, 0x71, 0x43, 0xE3, 0xC7, 
0x80, 0x28, 0xFC, 0x0F, 0x3C, 0x78, 0x00, 0x00, 0x5A, 0x12, 0x67, 0x92, 0x70, 0x43, 0x7F, 0x4B, 
0x41, 0x3B, 0xFC, 0x0F, 0x65, 0x92, 0x00, 0xE4, 0x01, 0x20, 0x17, 0x40, 0x97, 0x3B, 0xC0, 0x6C, 
0x65, 0xB2, 0x75, 0x12, 0x55, 0x12, 0x40, 0xB3, 0x20, 0xB3, 0x3C, 0x78, 0xD0, 0x14, 0x72, 0x12, 
0x10, 0x32, 0x0A, 0x30, 0x40, 0xB3, 0x52, 0x12, 0x40, 0xB3, 0xFF, 0xE3, 0x5D, 0xFF, 0x90, 0x14, 
0xD0, 0x14, 0x4C, 0x12, 0x67, 0x92, 0x70, 0x43, 0x7F, 0x4B, 0x41, 0x3B, 0xFC, 0x0F, 0x65, 0x92, 
0xB7, 0x3B, 0x65, 0xB2, 0x68, 0x12, 0x49, 0x12, 0x2A, 0x12, 0x40, 0xB3, 0x26, 0x32, 0x0A, 0x30, 
0x40, 0xB3, 0x00, 0x32, 0x5F, 0x2A, 0x40, 0xA1, 0x0A, 0x32, 0x41, 0xA1, 0x46, 0x12, 0x00, 0x31, 
0x21, 0xA2, 0x09, 0x31, 0x20, 0xA2, 0x03, 0x31, 0x21, 0xA2, 0x10, 0x32, 0x40, 0xB3, 0x40, 0x12, 
0x40, 0xB3, 0xFF, 0xE3, 0x39, 0xFF, 0x90, 0x14, 0xD0, 0x14, 0x5A, 0x11, 0x67, 0x92, 0x70, 0x43, 
0x7F, 0x4B, 0x41, 0x3B, 0xFC, 0x0F, 0x65, 0x92, 0x97, 0x3B, 0x65, 0xB2, 0x76, 0x11, 0x57, 0x11, 
0x00, 0x31, 0x40, 0xB3, 0xB3, 0x32, 0x0A, 0x30, 0x40, 0xB3, 0x58, 0x11, 0x20, 0xA2, 0x10, 0x32, 
0x40, 0xB3, 0x53, 0x11, 0x40, 0xB3, 0xFF, 0xE3, 0x1F, 0xFF, 0x90, 0x14, 0xD3, 0x14, 0x43, 0x6D, 
0x93, 0x11, 0xC4, 0xE4, 0xFF, 0x04, 0x0D, 0x04, 0x42, 0x3D, 0x18, 0x0C, 0x44, 0x3D, 0x1A, 0x0C, 
0x00, 0x8C, 0x57, 0x6C, 0x00, 0xE0, 0x2A, 0x13, 0x00, 0xAC, 0x01, 0x24, 0x92, 0x65, 0x0D, 0x0C, 
0x43, 0x3D, 0xF3, 0x0B, 0x40, 0x8C, 0x62, 0x4A, 0x24, 0x4A, 0x46, 0x4A, 0xC4, 0x60, 0xC8, 0x60, 
0x60, 0xAC, 0x01, 0x24, 0x92, 0x65, 0xF5, 0x0B, 0x93, 0x14, 0x60, 0x8C, 0x61, 0x4B, 0x60, 0xAC, 
0xED, 0x07, 0x60, 0x8C, 0x62, 0x4B, 0x60, 0xAC, 0xE9, 0x07, 0x00, 0x00, 0x41, 0x11, 0x62, 0x11, 
0x23, 0xE4, 0x3F, 0x02, 0x00, 0x8B, 0x01, 0x23, 0x4E, 0x64, 0x00, 0xAA, 0x01, 0x22, 0xFB, 0x0B, 
0x5E, 0x10, 0x7F, 0x10, 0x23, 0xE4, 0x3F, 0x02, 0x00, 0x8B, 0x01, 0x23, 0xC6, 0x64, 0x00, 0xAA, 
0x01, 0x22, 0xFB, 0x0B, 0x3C, 0x78, 0x00, 0x00, 0xD0, 0x14, 0x7A, 0x10, 0x11, 0x30, 0x4B, 0x8B, 
0x51, 0x42, 0x51, 0x4A, 0x4B, 0xAB, 0x22, 0xEA, 0x07, 0x00, 0x20, 0x93, 0x41, 0xC4, 0x42, 0x20, 
0xB0, 0x3A, 0xB1, 0x3A, 0x40, 0xB3, 0x02, 0xEA, 0xFF, 0x3F, 0x8A, 0x6C, 0x40, 0xAB, 0x4C, 0x10, 
0x44, 0xAB, 0x22, 0xEA, 0xC0, 0x07, 0x23, 0x93, 0x1E, 0x04, 0x00, 0x00, 0x00, 0x01, 0x00, 0x40, 
0x80, 0x00, 0x00, 0x40, 0x00, 0xFF, 0x00, 0x50, 0x55, 0xAA, 0x66, 0x00, 0x66, 0x99, 0x55, 0x00, 
0xA0, 0x53, 0x00, 0x50, 0xA0, 0x55, 0x00, 0x50, 0x00, 0x67, 0x00, 0x50, 0xD0, 0x1E, 0x00, 0x30, 
0x8C, 0x46, 0x00, 0x30, 0x10, 0x1F, 0x00, 0x30, 0xCC, 0x48, 0x00, 0x30, 0x90, 0x21, 0x00, 0x30, 
0x00, 0x02, 0x00, 0x40, 0x41, 0xC4, 0x42, 0x20, 0xB7, 0x3A, 0x43, 0xB3, 0x02, 0xEA, 0xC0, 0xFF, 
0x23, 0x93, 0x41, 0xC4, 0x42, 0x20, 0x42, 0xEC, 0xC0, 0x9F, 0x43, 0xB3, 0x43, 0x93, 0x42, 0xEC, 
0x01, 0x00, 0x43, 0xB3, 0x00, 0xE0, 0x8A, 0x0C, 0x00, 0xE0, 0x7C, 0x04, 0x90, 0x14, 0x00, 0x00, 
0xD0, 0x14, 0x4B, 0x13, 0x67, 0x92, 0x70, 0x43, 0x7F, 0x4B, 0x41, 0x3B, 0xFC, 0x0F, 0x65, 0x92, 
0xB7, 0x3B, 0x65, 0xB2, 0x67, 0x13, 0x48, 0x13, 0x41, 0x38, 0x40, 0xB3, 0x26, 0x32, 0x40, 0xB3, 
0x15, 0x0C, 0x40, 0x38, 0x0F, 0x0C, 0x42, 0x38, 0x04, 0x08, 0x64, 0x13, 0x03, 0x32, 0x40, 0xB3, 
0x60, 0x13, 0x10, 0x32, 0x0A, 0x30, 0x40, 0xB3, 0x41, 0x13, 0x40, 0xB3, 0xFF, 0xE3, 0x74, 0xFE, 
0x90, 0x14, 0x7E, 0x12, 0x01, 0x32, 0x40, 0xB3, 0xF4, 0x07, 0x7C, 0x12, 0x02, 0x32, 0x40, 0xB3, 
0xF0, 0x07, 0x00, 0x00, 0xD4, 0x14, 0x0B, 0x6D, 0x47, 0x6D, 0xFF, 0xE3, 0xD3, 0xFF, 0x54, 0x12, 
0x67, 0x92, 0x70, 0x43, 0x7F, 0x4B, 0x41, 0x3B, 0xFC, 0x0F, 0x65, 0x92, 0xB7, 0x3B, 0x65, 0xB2, 
0x70, 0x12, 0x51, 0x12, 0x41, 0x3D, 0x40, 0xB3, 0x27, 0x32, 0x40, 0xB3, 0x54, 0x0C, 0x40, 0x3D, 
0x2A, 0x0C, 0x42, 0x3D, 0x1F, 0x08, 0xEF, 0x12, 0x01, 0x30, 0x00, 0x36, 0x45, 0x38, 0x11, 0x0C, 
0x9F, 0x6C, 0xDB, 0x6C, 0x27, 0xE4, 0x0F, 0x00, 0xAC, 0x5C, 0xA0, 0x95, 0xA0, 0xB2, 0x03, 0x22, 
0x86, 0x64, 0x03, 0x23, 0xCD, 0x74, 0xF9, 0x0B, 0x58, 0x38, 0x0F, 0x26, 0x99, 0x75, 0x05, 0x0C, 
0x00, 0x20, 0xFF, 0x27, 0x01, 0x74, 0xEB, 0x07, 0x63, 0x12, 0x77, 0x32, 0x53, 0xA3, 0x51, 0x32, 
0x55, 0xA3, 0x7C, 0x11, 0x10, 0x32, 0x0A, 0x30, 0x40, 0xB3, 0x5D, 0x11, 0x40, 0xB3, 0xFF, 0xE3, 
0x2B, 0xFE, 0x94, 0x14, 0xDD, 0x11, 0x00, 0x32, 0x10, 0x37, 0x5B, 0x6C, 0xCB, 0x6C, 0x1C, 0x5E, 
0xAC, 0x5C, 0xA0, 0x95, 0xA0, 0xB1, 0x03, 0x21, 0x42, 0x64, 0x03, 0x23, 0xCD, 0x74, 0xF9, 0x0B, 
0x0F, 0x22, 0x03, 0xEA, 0x30, 0x05, 0x89, 0x74, 0xFF, 0x26, 0xCA, 0x64, 0xEF, 0x0B, 0x74, 0x11, 
0x44, 0xD8, 0x4C, 0x21, 0x40, 0xB3, 0x44, 0xD8, 0x4D, 0x21, 0x41, 0xB3, 0x71, 0x11, 0x7C, 0x83, 
0xCC, 0x74, 0x03, 0xE4, 0x0F, 0x20, 0x24, 0x4B, 0x00, 0xE0, 0x20, 0x12, 0xC0, 0x74, 0x4E, 0x11, 
0x60, 0xA2, 0xD0, 0x07, 0xCD, 0x11, 0x00, 0x30, 0x10, 0x37, 0x9B, 0x6C, 0xC3, 0x6C, 0x3C, 0x5E, 
0xAC, 0x5C, 0xA0, 0x95, 0xA0, 0xB2, 0x03, 0x22, 0x86, 0x64, 0x03, 0x23, 0xCD, 0x74, 0xF9, 0x0B, 
0x0F, 0x20, 0x03, 0xEA, 0x40, 0x01, 0x01, 0x74, 0xFF, 0x26, 0xC2, 0x64, 0xEF, 0x0B, 0xBA, 0x07, 
0xD1, 0x14, 0x30, 0x16, 0x03, 0x6D, 0x02, 0xEA, 0x40, 0x01, 0x00, 0x31, 0x3B, 0x6C, 0xFF, 0xE3, 
0xF7, 0xFA, 0xFB, 0x6C, 0x50, 0x1A, 0x80, 0xA3, 0x00, 0x23, 0x8E, 0x64, 0xFD, 0x0B, 0xBB, 0x6C, 
0x01, 0x31, 0x02, 0x30, 0xFF, 0xE3, 0x70, 0xFF, 0x79, 0x10, 0x00, 0x32, 0x08, 0x31, 0x43, 0xDC, 
0x40, 0x21, 0x43, 0xDC, 0x41, 0x21, 0x54, 0x10, 0x21, 0xA2, 0x00, 0x32, 0x43, 0xDC, 0x08, 0x05, 
0x10, 0x16, 0x91, 0x14, 0xD1, 0x14, 0x02, 0x31, 0x02, 0x30, 0x8F, 0x10, 0x4E, 0x5C, 0xFF, 0xE3, 
0x5B, 0xFF, 0x00, 0x31, 0x02, 0x30, 0x44, 0xE4, 0x73, 0x01, 0x1B, 0x04, 0x80, 0x00, 0x00, 0x40, 
0x00, 0xFF, 0x00, 0x50, 0x55, 0xAA, 0x66, 0x00, 0x00, 0x19, 0x00, 0x50, 0x66, 0x99, 0x55, 0x00, 
0x00, 0x01, 0x00, 0x50, 0xA0, 0x16, 0x00, 0x50, 0x00, 0x40, 0x00, 0x50, 0x00, 0x93, 0x00, 0x50, 
0xA0, 0x4B, 0x00, 0x50, 0x0C, 0x00, 0x00, 0x30, 0x00, 0x94, 0x00, 0x50, 0xD0, 0x1E, 0x00, 0x30, 
0xFF, 0xE3, 0x3A, 0xFF, 0x91, 0x14, 0x00, 0x00, 0xD0, 0x14, 0x40, 0x38, 0x02, 0x0C, 0x90, 0x14, 
0xFF, 0xE3, 0xD2, 0xFF, 0x90, 0x14, 0x00, 0x00, 0xD0, 0x14, 0x41, 0x38, 0x6C, 0x0C, 0x40, 0x38, 
0x38, 0x0C, 0x42, 0x38, 0x2D, 0x08, 0x00, 0x30, 0xFF, 0xE3, 0xFC, 0xFE, 0x5C, 0x12, 0x67, 0x92, 
0x70, 0x43, 0x7F, 0x4B, 0x41, 0x3B, 0xFC, 0x0F, 0x65, 0x92, 0xB7, 0x3B, 0x65, 0xB2, 0x79, 0x12, 
0x59, 0x12, 0x01, 0x30, 0x40, 0xB3, 0x27, 0x32, 0x40, 0xB3, 0x78, 0x12, 0x13, 0x32, 0x40, 0xA3, 
0x12, 0x32, 0x41, 0xA3, 0xFF, 0xE3, 0xE6, 0xFE, 0x51, 0x12, 0x67, 0x92, 0x70, 0x43, 0x7F, 0x4B, 
0x41, 0x3B, 0xFC, 0x0F, 0x65, 0x92, 0xB7, 0x3B, 0x65, 0xB2, 0x6E, 0x12, 0x4E, 0x12, 0x40, 0xB3, 
0x27, 0x32, 0x40, 0xB3, 0x6D, 0x12, 0x01, 0x32, 0x40, 0xA3, 0x02, 0x32, 0x41, 0xA3, 0x69, 0x12, 
0x10, 0x32, 0x0A, 0x30, 0x40, 0xB3, 0x4A, 0x12, 0x40, 0xB3, 0xFF, 0xE3, 0x5D, 0xFD, 0x90, 0x14, 
0x00, 0x30, 0xFF, 0xE3, 0xC7, 0xFE, 0x42, 0x12, 0x67, 0x92, 0x70, 0x43, 0x7F, 0x4B, 0x41, 0x3B, 
0xFC, 0x0F, 0x65, 0x92, 0xB7, 0x3B, 0x65, 0xB2, 0x7E, 0x11, 0x5F, 0x11, 0x40, 0xB3, 0x27, 0x32, 
0x40, 0xB3, 0x7E, 0x11, 0x5F, 0x11, 0x60, 0xA3, 0x00, 0x23, 0x8E, 0x64, 0xFD, 0x0B, 0x01, 0x30, 
0xFF, 0xE3, 0xB0, 0xFE, 0x56, 0x11, 0x67, 0x92, 0x70, 0x43, 0x7F, 0x4B, 0x41, 0x3B, 0xFC, 0x0F, 
0x65, 0x92, 0xB7, 0x3B, 0x65, 0xB2, 0x73, 0x11, 0x53, 0x11, 0x36, 0x11, 0x40, 0xB3, 0x27, 0x32, 
0x40, 0xB3, 0x52, 0x11, 0x0A, 0x33, 0x60, 0xA2, 0x00, 0x22, 0x4A, 0x64, 0x00, 0x23, 0xCC, 0x74, 
0xFB, 0x0B, 0xC6, 0x07, 0x00, 0x30, 0xFF, 0xE3, 0x95, 0xFE, 0x49, 0x11, 0x67, 0x92, 0x70, 0x43, 
0x7F, 0x4B, 0x41, 0x3B, 0xFC, 0x0F, 0x65, 0x92, 0xB7, 0x3B, 0x65, 0xB2, 0x65, 0x11, 0x46, 0x11, 
0x01, 0x30, 0x40, 0xB3, 0x27, 0x32, 0x40, 0xB3, 0x64, 0x11, 0x0A, 0x32, 0x40, 0xA3, 0x13, 0x32, 
0x41, 0xA3, 0x12, 0x32, 0x42, 0xA3, 0x11, 0x32, 0x43, 0xA3, 0x10, 0x32, 0x44, 0xA3, 0x0F, 0x32, 
0x45, 0xA3, 0x0E, 0x32, 0x46, 0xA3, 0x0D, 0x32, 0x47, 0xA3, 0x0C, 0x32, 0x48, 0xA3, 0x0B, 0x32, 
0x49, 0xA3, 0xFF, 0xE3, 0x6F, 0xFE, 0x56, 0x10, 0x67, 0x92, 0x70, 0x43, 0x7F, 0x4B, 0x41, 0x3B, 
0xFC, 0x0F, 0x65, 0x92, 0xB7, 0x3B, 0x65, 0xB2, 0x72, 0x10, 0x53, 0x10, 0x40, 0xB3, 0x27, 0x32, 
0x40, 0xB3, 0x72, 0x10, 0x53, 0x10, 0x60, 0xA3, 0x00, 0x23, 0x8E, 0x64, 0xFD, 0x0B, 0x88, 0x07, 
0xD4, 0x14, 0x8B, 0x6D, 0x07, 0x6D, 0xFF, 0xE3, 0x55, 0xFE, 0x49, 0x10, 0x67, 0x92, 0x70, 0x43, 
0x7F, 0x4B, 0x41, 0x3B, 0xFC, 0x0F, 0x65, 0x92, 0xB7, 0x3B, 0x65, 0xB2, 0x65, 0x10, 0x46, 0x10, 
0x41, 0x3C, 0x40, 0xB3, 0x27, 0x32, 0x40, 0xB3, 0x0E, 0x04, 0x00, 0x00, 0x80, 0x00, 0x00, 0x40, 
0x00, 0xFF, 0x00, 0x50, 0x55, 0xAA, 0x66, 0x00, 0x00, 0x02, 0x00, 0x50, 0x66, 0x99, 0x55, 0x00, 
0x0A, 0x02, 0x00, 0x50, 0x16, 0x08, 0x57, 0x13, 0x00, 0x34, 0x4B, 0x6C, 0xD3, 0x6C, 0x02, 0xE4, 
0x0F, 0x00, 0xE0, 0x91, 0x03, 0x21, 0x42, 0x64, 0xAC, 0x5E, 0xE0, 0xB5, 0x03, 0x23, 0xCD, 0x74, 
0xF9, 0x0B, 0x0F, 0x24, 0x03, 0xEA, 0x40, 0x01, 0x11, 0x75, 0xFF, 0x22, 0xD2, 0x64, 0xEE, 0x0B, 
0x6D, 0x13, 0x10, 0x32, 0x0A, 0x30, 0x40, 0xB3, 0x4C, 0x13, 0x40, 0xB3, 0xFF, 0xE3, 0xAC, 0xFC, 
0x94, 0x14, 0x00, 0x00, 0xD1, 0x14, 0x03, 0x6D, 0x83, 0x6C, 0x01, 0x31, 0x00, 0x30, 0xFF, 0xE3, 
0x3B, 0xFE, 0x01, 0x31, 0x01, 0x30, 0x44, 0xE4, 0x3F, 0x01, 0xFF, 0xE3, 0x35, 0xFE, 0xFF, 0xE3, 
0x41, 0xFD, 0x91, 0x14, 0xD1, 0x14, 0x03, 0x6D, 0x83, 0x6C, 0x01, 0x31, 0x00, 0x30, 0xFF, 0xE3, 
0xA9, 0xFF, 0x01, 0x31, 0x01, 0x30, 0x44, 0xE4, 0x3F, 0x01, 0xFF, 0xE3, 0xA3, 0xFF, 0x91, 0x14, 
0xD0, 0x14, 0x80, 0x30, 0xFF, 0xE3, 0x9E, 0xFE, 0x00, 0x30, 0xFF, 0xE3, 0xEF, 0xFE, 0xFF, 0xE3, 
0x29, 0xFD, 0x90, 0x14, 0xD4, 0x14, 0x21, 0x14, 0x75, 0x12, 0x8F, 0x6C, 0x60, 0xB8, 0x63, 0xD8, 
0x40, 0x21, 0x00, 0x23, 0x62, 0xDC, 0x40, 0x21, 0x03, 0x6D, 0x62, 0xD8, 0x41, 0x21, 0x40, 0x3B, 
0x47, 0x08, 0x42, 0xD8, 0x40, 0x21, 0x01, 0x33, 0x8C, 0x64, 0x42, 0x08, 0xAD, 0x12, 0x61, 0x85, 
0x48, 0x3B, 0x61, 0x0C, 0x0C, 0x12, 0x01, 0x36, 0xE0, 0xE4, 0x7F, 0x02, 0x12, 0x04, 0x61, 0x85, 
0x00, 0x2B, 0x66, 0xC4, 0x23, 0x40, 0x20, 0x80, 0xCE, 0x6C, 0x41, 0x85, 0xC4, 0x68, 0x01, 0x2A, 
0x46, 0xC4, 0x22, 0x40, 0x8C, 0x6C, 0x40, 0xA0, 0x00, 0x20, 0xC2, 0x65, 0x01, 0x24, 0x1B, 0x0C, 
0x61, 0x85, 0xD8, 0x64, 0x27, 0x08, 0x60, 0x8C, 0xCD, 0x74, 0x02, 0xEA, 0xC3, 0x01, 0x8C, 0x64, 
0xE7, 0x0F, 0x60, 0x8C, 0xCD, 0x74, 0x02, 0xEA, 0xD5, 0x01, 0xC8, 0x64, 0xEE, 0x0B, 0x40, 0x80, 
0x61, 0x85, 0x01, 0x2B, 0x66, 0xC4, 0x23, 0x40, 0xC8, 0x6C, 0x60, 0xA0, 0x00, 0x20, 0xC2, 0x65, 
0x01, 0x24, 0xE7, 0x0B, 0x14, 0x11, 0xFF, 0xE3, 0x8F, 0xFF, 0x61, 0x85, 0x41, 0x3B, 0x1C, 0x0C, 
0x61, 0x85, 0x40, 0x3B, 0x05, 0x0C, 0x61, 0x85, 0x00, 0x2B, 0xCC, 0x74, 0x61, 0xA5, 0x01, 0x14, 
0x94, 0x14, 0x61, 0x85, 0xCC, 0x74, 0x41, 0x3B, 0xD0, 0x0B, 0x40, 0x8C, 0x89, 0x74, 0x01, 0xEA, 
0xC3, 0x01, 0x48, 0x64, 0xCA, 0x0B, 0x41, 0x85, 0x00, 0x2A, 0xC8, 0x70, 0xCE, 0x6C, 0x40, 0x80, 
0xC8, 0x68, 0x60, 0xA0, 0xC2, 0x07, 0x60, 0x98, 0x63, 0xD8, 0xE3, 0x21, 0x43, 0x3B, 0x11, 0x0C, 
0x01, 0x30, 0xFF, 0xE3, 0x7B, 0xFE, 0x60, 0x98, 0x01, 0x32, 0x43, 0xDC, 0x41, 0x21, 0xFF, 0xE3, 
0xB1, 0xFC, 0xD7, 0x07, 0x60, 0x98, 0x03, 0xE4, 0x0B, 0x05, 0xFF, 0xE3, 0x6D, 0xFF, 0x9B, 0x07, 
0x02, 0x30, 0xFF, 0xE3, 0x6B, 0xFE, 0xF0, 0x07, 0xD0, 0x14, 0x78, 0x10, 0x22, 0xEA, 0x07, 0x00, 
0x20, 0x93, 0x41, 0xC4, 0x42, 0x20, 0x01, 0x74, 0xB0, 0x3A, 0x40, 0xB3, 0x00, 0xAB, 0x22, 0xEA, 
0xC0, 0x07, 0x23, 0x93, 0x41, 0xC4, 0x42, 0x20, 0xBA, 0x3A, 0x43, 0xB3, 0x46, 0x93, 0x42, 0xE4, 
0xC0, 0x3F, 0x42, 0xEC, 0x80, 0x04, 0x46, 0xB3, 0x46, 0x93, 0x42, 0xE4, 0x3F, 0x30, 0x42, 0xEC, 
0x20, 0x00, 0x46, 0xB3, 0x64, 0x32, 0x5C, 0xAB, 0x00, 0x32, 0x3B, 0x2A, 0x5D, 0xAB, 0x0F, 0x04, 
0x00, 0x94, 0x00, 0x50, 0x00, 0xFF, 0x00, 0x50, 0x66, 0x99, 0x55, 0x00, 0xD0, 0x1E, 0x00, 0x30, 
0x0C, 0x00, 0x00, 0x30, 0xDC, 0x23, 0x00, 0x30, 0x00, 0x02, 0x00, 0x40, 0x4F, 0x93, 0x42, 0xE4, 
0x3F, 0x30, 0x42, 0xEC, 0x05, 0x00, 0x4F, 0xB3, 0x43, 0x93, 0x42, 0xEC, 0x01, 0x00, 0x43, 0xB3, 
0x00, 0xE0, 0xA8, 0x01, 0x90, 0x14, 0x00, 0x00, 0x55, 0x13, 0x36, 0x13, 0x06, 0x04, 0x6D, 0x91, 
0x71, 0x43, 0xE3, 0xC7, 0x80, 0x28, 0x04, 0x0C, 0x60, 0x92, 0x40, 0x3B, 0xF9, 0x0F, 0x00, 0x33, 
0x60, 0xB2, 0x3C, 0x78, 0x4E, 0x13, 0x60, 0x92, 0x40, 0x3B, 0xFE, 0x0F, 0x00, 0x33, 0x60, 0xB2, 
0x3C, 0x78, 0x00, 0x00, 0xD4, 0x14, 0xCE, 0xE5, 0x7F, 0x14, 0x3B, 0x6C, 0x02, 0xEA, 0x80, 0x04, 
0x00, 0x31, 0x89, 0x13, 0xFF, 0xE3, 0xB4, 0xF8, 0xBB, 0x6C, 0xD3, 0x6C, 0x24, 0xE4, 0x7F, 0x04, 
0x00, 0x8B, 0x01, 0x23, 0x4E, 0x64, 0x00, 0xAA, 0x01, 0x22, 0xFB, 0x0B, 0x24, 0x35, 0x0E, 0xE4, 
0x21, 0x00, 0xCE, 0xE4, 0xA1, 0x04, 0x93, 0x6C, 0xC3, 0x6C, 0x20, 0xE4, 0x23, 0x10, 0xE0, 0x8B, 
0x01, 0x2B, 0x4E, 0x64, 0xE0, 0xAA, 0x01, 0x22, 0xFB, 0x0B, 0x14, 0x60, 0x82, 0x65, 0x14, 0x61, 
0xF3, 0x0B, 0x00, 0x35, 0x10, 0x36, 0x24, 0x31, 0x17, 0x12, 0x77, 0x12, 0x55, 0x5E, 0x80, 0xE4, 
0x7F, 0x04, 0xD4, 0x60, 0x80, 0x60, 0x14, 0x61, 0xE0, 0x8A, 0x00, 0x8B, 0xE0, 0xAB, 0xC4, 0x60, 
0xD2, 0x64, 0x00, 0xAA, 0x84, 0x60, 0xF9, 0x0B, 0x01, 0x25, 0x48, 0x3D, 0xEE, 0x0B, 0xCE, 0xE5, 
0x7F, 0x04, 0x94, 0x14, 0xD4, 0x14, 0x03, 0xEA, 0x40, 0x02, 0x4C, 0x12, 0x0C, 0x12, 0x22, 0xE4, 
0x7F, 0x04, 0x00, 0xE0, 0xCD, 0x04, 0x09, 0x12, 0xEA, 0x12, 0xFF, 0xE3, 0x5F, 0xFF, 0x00, 0x34, 
0x26, 0x12, 0x00, 0x33, 0xC4, 0x12, 0x01, 0xE4, 0x3F, 0x00, 0x9F, 0x6C, 0x4F, 0x6D, 0x03, 0x04, 
0xA0, 0x82, 0x00, 0x22, 0x63, 0x45, 0xD4, 0x60, 0xA0, 0x89, 0x01, 0x21, 0x06, 0x64, 0x61, 0x43, 
0xD0, 0x60, 0x61, 0x43, 0xD8, 0x60, 0xA0, 0xAB, 0xF4, 0x0B, 0x00, 0x24, 0x52, 0x3C, 0x04, 0x0C, 
0x7F, 0x87, 0x1F, 0x27, 0xE9, 0x07, 0x94, 0x14, 0xD0, 0x14, 0x02, 0xEA, 0x40, 0x02, 0x38, 0x11, 
0x19, 0x11, 0x00, 0xE0, 0x39, 0x01, 0x90, 0x14, 0x58, 0x11, 0x00, 0x33, 0x60, 0xB2, 0x60, 0x92, 
0x40, 0x3B, 0xFE, 0x0F, 0x3C, 0x78, 0x00, 0x00, 0xD1, 0x14, 0x4D, 0x11, 0x60, 0x92, 0x40, 0x3B, 
0xFE, 0x0F, 0x00, 0x33, 0x60, 0xB2, 0xFF, 0xE3, 0xCD, 0xFB, 0xFF, 0xE3, 0x47, 0xFC, 0x70, 0x11, 
0x00, 0x83, 0x00, 0x74, 0xFF, 0xE3, 0x04, 0xFC, 0x0E, 0x11, 0xFF, 0xE3, 0x9D, 0xFE, 0x48, 0x11, 
0x6D, 0x11, 0x23, 0xE4, 0x3F, 0x02, 0x00, 0x8B, 0x01, 0x23, 0x4E, 0x64, 0x00, 0xAA, 0x01, 0x22, 
0xFB, 0x0B, 0x4A, 0x11, 0x6A, 0x11, 0x23, 0xE4, 0x3F, 0x02, 0x00, 0x8B, 0x01, 0x23, 0xC6, 0x64, 
0x00, 0xAA, 0x01, 0x22, 0xFB, 0x0B, 0x83, 0x11, 0x64, 0xD8, 0x41, 0x21, 0x41, 0x3B, 0x02, 0x0C, 
0x91, 0x14, 0xFF, 0xE3, 0xBD, 0xF0, 0x64, 0xD8, 0x08, 0x05, 0xCC, 0x74, 0x02, 0x3B, 0x13, 0x08, 
0x64, 0xD8, 0x08, 0x05, 0x00, 0x23, 0xCC, 0x74, 0x64, 0xDC, 0x08, 0x05, 0x64, 0xD8, 0x08, 0x05, 
0x42, 0x3B, 0xEF, 0x0B, 0x02, 0xEA, 0x40, 0x02, 0x31, 0x10, 0x04, 0xE4, 0x0F, 0x0C, 0x00, 0xE0, 
0xEB, 0x00, 0x91, 0x14, 0xFF, 0xE3, 0x80, 0xFF, 0x91, 0x14, 0x00, 0x00, 0xD0, 0x14, 0x55, 0x10, 
0x67, 0x92, 0x70, 0x43, 0x7F, 0x4B, 0x41, 0x3B, 0xFC, 0x0F, 0x65, 0x92, 0x97, 0x3B, 0x65, 0xB2, 
0x71, 0x10, 0x52, 0x10, 0x40, 0xB3, 0x22, 0x32, 0x22, 0x04, 0x00, 0x00, 0x84, 0x37, 0x00, 0x30, 
0x00, 0x01, 0x00, 0x40, 0x0C, 0x42, 0x00, 0x30, 0x60, 0x26, 0x00, 0x30, 0x8C, 0x46, 0x00, 0x30, 
0x55, 0x62, 0x00, 0x00, 0xE0, 0x2A, 0x00, 0x30, 0x8C, 0x37, 0x00, 0x30, 0x0C, 0x00, 0x00, 0x30, 
0xD0, 0x1E, 0x00, 0x30, 0x10, 0x1F, 0x00, 0x30, 0xCC, 0x48, 0x00, 0x30, 0x90, 0x21, 0x00, 0x30, 
0x80, 0x00, 0x00, 0x40, 0x00, 0xFF, 0x00, 0x50, 0x55, 0xAA, 0x66, 0x00, 0x40, 0xB3, 0x43, 0x12, 
0x00, 0xA2, 0x10, 0x32, 0x0A, 0x30, 0x40, 0xB3, 0x41, 0x12, 0x40, 0xB3, 0xFF, 0xE3, 0xAC, 0xFA, 
0x90, 0x14, 0x00, 0x00, 0xD1, 0x14, 0x5F, 0x11, 0x67, 0x92, 0x70, 0x43, 0x7F, 0x4B, 0x41, 0x3B, 
0xFC, 0x0F, 0x65, 0x92, 0x97, 0x3B, 0x65, 0xB2, 0x7B, 0x11, 0x5C, 0x11, 0x0A, 0x30, 0x40, 0xB3, 
0x28, 0x32, 0x40, 0xB3, 0x5A, 0x11, 0x80, 0x82, 0x10, 0x32, 0x10, 0x75, 0x40, 0xB3, 0x54, 0x11, 
0x40, 0xB3, 0xFF, 0xE3, 0x91, 0xFA, 0x5B, 0x3C, 0x02, 0x0C, 0x91, 0x14, 0x51, 0x11, 0x67, 0x92, 
0x70, 0x43, 0x7F, 0x4B, 0x41, 0x3B, 0xFC, 0x0F, 0x65, 0x92, 0xB7, 0x3B, 0x65, 0xB2, 0x4E, 0x11, 
0x6E, 0x11, 0x00, 0x31, 0x60, 0xB2, 0x26, 0x33, 0x0A, 0x30, 0x60, 0xB2, 0x6D, 0x11, 0x20, 0xA3, 
0x2D, 0x11, 0x60, 0x81, 0x63, 0xE4, 0x0F, 0x20, 0x63, 0xEC, 0x20, 0x00, 0x60, 0xA1, 0x10, 0x33, 
0x60, 0xB2, 0x63, 0x11, 0x60, 0xB2, 0xFF, 0xE3, 0x6F, 0xFA, 0x91, 0x14, 0xD1, 0x14, 0xFF, 0xE3, 
0xD1, 0xFA, 0x46, 0x11, 0x6D, 0x92, 0x71, 0x43, 0xE3, 0xC7, 0x80, 0x28, 0xFC, 0x0F, 0xFF, 0xE3, 
0x2D, 0xFB, 0x83, 0x11, 0xFF, 0xE3, 0xB8, 0xFF, 0xFF, 0xE3, 0x96, 0xFC, 0xFF, 0xE3, 0x02, 0xFB, 
0x01, 0x30, 0xFF, 0xE3, 0x75, 0xFF, 0x5D, 0x10, 0x06, 0x04, 0x6D, 0x92, 0x71, 0x43, 0xE3, 0xC7, 
0x80, 0x28, 0x04, 0x0C, 0x60, 0x94, 0x40, 0x3B, 0xF9, 0x0F, 0x00, 0x33, 0x60, 0xB4, 0xFF, 0xE3, 
0x83, 0xFC, 0xFF, 0xE3, 0xBF, 0xFD, 0x55, 0x10, 0x06, 0x04, 0x6D, 0x92, 0x71, 0x43, 0xE3, 0xC7, 
0x80, 0x28, 0x04, 0x0C, 0x60, 0x94, 0x40, 0x3B, 0xF9, 0x0F, 0x00, 0x33, 0x4F, 0x10, 0x60, 0xB4, 
0x06, 0x04, 0x6D, 0x92, 0x71, 0x43, 0xE3, 0xC7, 0x80, 0x28, 0x04, 0x0C, 0x60, 0x94, 0x40, 0x3B, 
0xF9, 0x0F, 0x00, 0x33, 0x60, 0xB4, 0x91, 0x14, 0x00, 0xE4, 0x00, 0x50, 0x66, 0x99, 0x55, 0x00, 
0x80, 0x00, 0x00, 0x40, 0x00, 0xFF, 0x00, 0x50, 0x55, 0xAA, 0x66, 0x00, 0x00, 0x05, 0x00, 0x50, 
0x00, 0xFB, 0x00, 0x50, 0x00, 0x1C, 0x00, 0x50, 0x00, 0x01, 0x00, 0x40, 0x84, 0x37, 0x00, 0x30, 
0x44, 0x10, 0x60, 0x92, 0x40, 0x3B, 0xFE, 0x0F, 0x00, 0x33, 0x60, 0xB2, 0x3C, 0x78, 0x00, 0x00, 
0x80, 0x37, 0x00, 0x30, 0x70, 0x13, 0x00, 0x32, 0x50, 0xA3, 0x51, 0xA3, 0x00, 0x32, 0x4B, 0xAB, 
0x4A, 0xAB, 0x46, 0x93, 0x42, 0xE4, 0xC0, 0x3F, 0x46, 0xB3, 0x46, 0x93, 0x42, 0xE4, 0x3F, 0x30, 
0x46, 0xB3, 0x3C, 0x78, 0xD2, 0x14, 0x88, 0x13, 0x45, 0x74, 0x6B, 0x8C, 0x71, 0x43, 0x71, 0x4B, 
0x6B, 0xAC, 0x23, 0xEA, 0x07, 0x00, 0xA0, 0x94, 0x65, 0xC4, 0x43, 0x20, 0xB0, 0x3B, 0x01, 0x74, 
0x60, 0xB4, 0x20, 0xAC, 0x04, 0xAC, 0x23, 0xEA, 0xC0, 0x07, 0x23, 0x94, 0x61, 0xC4, 0x43, 0x20, 
0xB7, 0x3B, 0x63, 0xB4, 0x63, 0x5A, 0x23, 0x94, 0x63, 0xE4, 0xFF, 0x23, 0x02, 0xEA, 0xC0, 0xFF, 
0x41, 0xC4, 0x42, 0x20, 0x66, 0x43, 0xC8, 0x6C, 0x63, 0xB4, 0x11, 0x30, 0x00, 0xE0, 0xCE, 0x07, 
0x63, 0x94, 0x63, 0xEC, 0x01, 0x00, 0x63, 0xB4, 0x54, 0x12, 0x60, 0x92, 0x40, 0x3B, 0xFE, 0x0F, 
0x00, 0x33, 0x60, 0xB2, 0x92, 0x14, 0x00, 0x00, 0xD4, 0x14, 0x8F, 0x12, 0x26, 0xEA, 0x07, 0x00, 
0xE0, 0x94, 0xC7, 0xC4, 0x46, 0x20, 0x89, 0x74, 0xCD, 0x74, 0xB0, 0x3E, 0xAE, 0xD8, 0x0A, 0x10, 
0xC0, 0xB4, 0x40, 0xAC, 0x62, 0xAC, 0x44, 0xAC, 0x23, 0xEA, 0xC0, 0x07, 0x43, 0x94, 0x62, 0xC4, 
0x43, 0x20, 0xB6, 0x3B, 0xB7, 0x3B, 0x63, 0xB4, 0x02, 0xEA, 0xC0, 0xFF, 0x63, 0x5D, 0xA3, 0x94, 
0x63, 0xE4, 0xFF, 0x23, 0x45, 0xC4, 0x42, 0x20, 0x66, 0x43, 0xC8, 0x6C, 0x63, 0xB4, 0x0B, 0xAC, 
0x2A, 0xAC, 0x11, 0x30, 0x00, 0xE0, 0x9A, 0x07, 0x63, 0x94, 0x63, 0xEC, 0x01, 0x00, 0x63, 0xB4, 
0x5A, 0x11, 0x60, 0x92, 0x40, 0x3B, 0xFE, 0x0F, 0x00, 0x33, 0x60, 0xB2, 0x94, 0x14, 0x00, 0x00, 
0xD3, 0x14, 0x95, 0x11, 0x25, 0xEA, 0x07, 0x00, 0xC0, 0x94, 0xA6, 0xC4, 0x45, 0x20, 0x01, 0x74, 
0xCD, 0x74, 0xB0, 0x3D, 0xA0, 0xB4, 0x00, 0xAC, 0x64, 0xAC, 0x23, 0xEA, 0xC0, 0x07, 0x03, 0x94, 
0x60, 0xC4, 0x43, 0x20, 0xB7, 0x3B, 0xB9, 0x3B, 0x63, 0xB4, 0x00, 0x33, 0x89, 0x74, 0x70, 0xA4, 
0x14, 0x33, 0x11, 0x30, 0x71, 0xA4, 0x2B, 0xAC, 0x4A, 0xAC, 0x66, 0x94, 0x63, 0xE4, 0xC0, 0x3F, 
0x63, 0xEC, 0x00, 0x08, 0x66, 0xB4, 0x66, 0x94, 0x63, 0xE4, 0x3F, 0x30, 0x63, 0xEC, 0x12, 0x00, 
0x66, 0xB4, 0x00, 0xE0, 0x63, 0x07, 0x63, 0x94, 0x63, 0xEC, 0x01, 0x00, 0x63, 0xB4, 0x5F, 0x10, 
0x60, 0x92, 0x40, 0x3B, 0xFE, 0x0F, 0x00, 0x33, 0x60, 0xB2, 0x93, 0x14, 0xD0, 0x14, 0xCB, 0x6C, 
0x5B, 0x10, 0xFF, 0xE3, 0xC7, 0xFF, 0x78, 0x10, 0x00, 0x32, 0x50, 0xA3, 0x51, 0xA3, 0x00, 0x32, 
0x4B, 0xAB, 0x4A, 0xAB, 0x46, 0x93, 0x42, 0xE4, 0xC0, 0x3F, 0x46, 0xB3, 0x46, 0x93, 0x42, 0xE4, 
0x3F, 0x30, 0x46, 0xB3, 0x08, 0x93, 0x04, 0x40, 0x14, 0x48, 0x90, 0x14, 0xD4, 0x14, 0xCE, 0xE5, 
0x5F, 0x17, 0x00, 0x33, 0x00, 0x32, 0x61, 0xB8, 0x62, 0xB8, 0x6E, 0xDC, 0x06, 0x10, 0x00, 0x33, 
0x46, 0xB8, 0x64, 0xB8, 0x65, 0xB8, 0x47, 0xB8, 0x00, 0x33, 0x48, 0xB8, 0x49, 0xB8, 0x4A, 0xB8, 
0x4B, 0xB8, 0x4C, 0xB8, 0x4D, 0xB8, 0x50, 0xB8, 0x51, 0xB8, 0x52, 0xB8, 0x53, 0xB8, 0x54, 0xB8, 
0x55, 0xB8, 0x07, 0x04, 0x00, 0x02, 0x00, 0x40, 0x80, 0x37, 0x00, 0x30, 0x30, 0xF8, 0xFF, 0xFF, 
0x56, 0xB8, 0x57, 0xB8, 0x07, 0x6D, 0x02, 0xEA, 0x80, 0x04, 0x00, 0x31, 0x00, 0xB8, 0x6E, 0xB8, 
0x6F, 0xB8, 0xB8, 0x18, 0x40, 0x35, 0xFF, 0xE3, 0x33, 0xF6, 0x69, 0x13, 0x00, 0x30, 0xC3, 0xE4, 
0x7F, 0x02, 0x04, 0x04, 0xD4, 0x60, 0x8E, 0x65, 0x11, 0x0C, 0x45, 0x93, 0x41, 0x3A, 0xFB, 0x0B, 
0x42, 0x40, 0x04, 0x19, 0x84, 0x60, 0x20, 0x8B, 0xE2, 0x58, 0x30, 0x41, 0x01, 0x8B, 0xD4, 0x60, 
0x8E, 0x65, 0x40, 0x6C, 0x20, 0xB2, 0x1C, 0x74, 0xF1, 0x0B, 0x40, 0x3C, 0xD9, 0x0C, 0x40, 0x35, 
0x00, 0x2C, 0x10, 0x74, 0x5B, 0x12, 0x06, 0x40, 0x62, 0xE4, 0x3F, 0x00, 0x0E, 0x19, 0x0C, 0x60, 
0x60, 0x8A, 0xC1, 0x8A, 0x70, 0x43, 0x94, 0x60, 0x0A, 0x64, 0xD8, 0x6C, 0x60, 0xB1, 0x03, 0x21, 
0xF8, 0x0B, 0xB5, 0x12, 0x23, 0xEA, 0x07, 0x00, 0x40, 0x95, 0x62, 0xC4, 0x43, 0x20, 0xB0, 0x3B, 
0x60, 0xB5, 0x04, 0x1B, 0xCD, 0x74, 0x60, 0xAD, 0x0E, 0x1B, 0xCD, 0x74, 0x62, 0xAD, 0xB8, 0x1B, 
0xCD, 0x74, 0x64, 0xAD, 0x10, 0x75, 0x60, 0x98, 0x00, 0x2B, 0xCC, 0x74, 0x93, 0xA5, 0x72, 0xA5, 
0x23, 0xEA, 0xC0, 0x07, 0x43, 0x95, 0x62, 0xC4, 0x43, 0x20, 0x22, 0xEA, 0xC0, 0x03, 0xC8, 0x6C, 
0x63, 0xB5, 0x11, 0x30, 0x00, 0xE0, 0xC2, 0x06, 0x63, 0x95, 0x63, 0xEC, 0x01, 0x00, 0x63, 0xB5, 
0x42, 0x12, 0x60, 0x92, 0x40, 0x3B, 0xFE, 0x0F, 0x00, 0x33, 0x00, 0x31, 0x60, 0xB2, 0x02, 0xEA, 
0x80, 0x02, 0xDF, 0x11, 0x18, 0x18, 0xFF, 0xE3, 0xD3, 0xF5, 0x60, 0x86, 0x40, 0x3B, 0x0F, 0x0C, 
0x00, 0x34, 0xF8, 0x11, 0x40, 0x32, 0x26, 0x44, 0x18, 0x18, 0x00, 0x24, 0x04, 0x60, 0x10, 0x75, 
0x5C, 0x60, 0xFF, 0xE3, 0xF7, 0xF5, 0x60, 0x86, 0xD0, 0x64, 0xF5, 0x0F, 0x02, 0xEA, 0x80, 0x02, 
0x00, 0x31, 0x10, 0x11, 0xFF, 0xE3, 0xBC, 0xF5, 0x6F, 0x11, 0x0A, 0x93, 0x8B, 0x93, 0x60, 0x86, 
0x40, 0x3B, 0x17, 0x0C, 0x00, 0x33, 0x0F, 0x31, 0x0D, 0x04, 0x42, 0x43, 0x40, 0xC4, 0x42, 0x40, 
0x84, 0x68, 0x01, 0x1F, 0xBC, 0x5B, 0x40, 0xA5, 0x00, 0x23, 0x40, 0x86, 0xCC, 0x74, 0x8C, 0x64, 
0x08, 0x08, 0x07, 0x3B, 0xF3, 0x0F, 0x5F, 0x5B, 0x42, 0x42, 0x44, 0xC4, 0x42, 0x40, 0xF1, 0x07, 
0x60, 0x86, 0x40, 0x3B, 0x5F, 0x0C, 0x00, 0x35, 0xFE, 0x10, 0x82, 0x11, 0x01, 0x1A, 0x68, 0x5D, 
0x60, 0x83, 0x40, 0x32, 0xD0, 0x60, 0x00, 0x83, 0x26, 0x45, 0x18, 0x1B, 0x06, 0x40, 0x4C, 0x60, 
0x1C, 0x60, 0x00, 0x25, 0xFF, 0xE3, 0xBE, 0xF5, 0x54, 0x75, 0x60, 0x86, 0xD4, 0x64, 0xEF, 0x0F, 
0x25, 0x97, 0x00, 0x33, 0x4C, 0x5C, 0x00, 0x30, 0x00, 0x23, 0x4A, 0x3B, 0x00, 0xA2, 0xFB, 0x0B, 
0x55, 0x10, 0x00, 0x30, 0x00, 0x33, 0x40, 0x35, 0x07, 0x04, 0x00, 0x23, 0xCC, 0x74, 0x4A, 0x3B, 
0x0D, 0x0C, 0x20, 0x92, 0x94, 0x60, 0x41, 0x39, 0xF9, 0x0B, 0x22, 0x58, 0x10, 0x60, 0x60, 0xA0, 
0x00, 0x23, 0xCC, 0x74, 0x04, 0x74, 0x4A, 0x3B, 0xF5, 0x0B, 0x00, 0x31, 0x40, 0x38, 0x1D, 0x0C, 
0x60, 0x84, 0x4E, 0x64, 0x1E, 0x0C, 0x01, 0x33, 0x15, 0x04, 0x00, 0x00, 0x48, 0x3A, 0x00, 0x30, 
0xC8, 0x37, 0x00, 0x30, 0x00, 0x02, 0x00, 0x40, 0x80, 0x37, 0x00, 0x30, 0xB4, 0x07, 0x00, 0x30, 
0x00, 0x00, 0x00, 0x30, 0x1C, 0x38, 0x00, 0x30, 0x4C, 0x5C, 0x40, 0x82, 0x00, 0x23, 0x4A, 0x64, 
0x08, 0x0C, 0x8C, 0x74, 0x08, 0x64, 0xF9, 0x0F, 0x62, 0x58, 0x10, 0x60, 0x20, 0xA0, 0x0C, 0x74, 
0x00, 0x21, 0x44, 0x74, 0x4A, 0x39, 0xDB, 0x0B, 0xCE, 0xE5, 0x5F, 0x07, 0x94, 0x14, 0x00, 0x2C, 
0x39, 0x07, 0x00, 0x31, 0x90, 0x13, 0xB6, 0x07, 0xD4, 0x14, 0xCE, 0xE5, 0x6F, 0x14, 0x07, 0x6D, 
0x00, 0x33, 0xC8, 0x32, 0x00, 0x31, 0x00, 0xB8, 0x61, 0xB8, 0x62, 0xB8, 0x6E, 0xDC, 0x06, 0x10, 
0x18, 0x18, 0xFF, 0xE3, 0x2D, 0xF5, 0x00, 0x32, 0x00, 0x33, 0x46, 0xB8, 0x64, 0xB8, 0x65, 0xB8, 
0x47, 0xB8, 0x00, 0x33, 0x48, 0xB8, 0x49, 0xB8, 0x4A, 0xB8, 0x4B, 0xB8, 0x4C, 0xB8, 0x4D, 0xB8, 
0x50, 0xB8, 0x51, 0xB8, 0x52, 0xB8, 0x53, 0xB8, 0x54, 0xB8, 0x55, 0xB8, 0x56, 0xB8, 0x57, 0xB8, 
0x00, 0x31, 0xC8, 0x32, 0x6E, 0xB8, 0x6F, 0xB8, 0x4A, 0x18, 0x40, 0x35, 0xFF, 0xE3, 0x10, 0xF5, 
0x7A, 0x12, 0x00, 0x30, 0xC3, 0xE4, 0x7F, 0x02, 0x04, 0x04, 0xD4, 0x60, 0xDA, 0x64, 0x11, 0x0C, 
0x45, 0x93, 0x41, 0x3A, 0xFB, 0x0B, 0x42, 0x40, 0x04, 0x19, 0x84, 0x60, 0x20, 0x8B, 0xE2, 0x58, 
0x30, 0x41, 0x01, 0x8B, 0xD4, 0x60, 0xDA, 0x64, 0x40, 0x6C, 0x20, 0xB2, 0x1C, 0x74, 0xF1, 0x0B, 
0x40, 0x3C, 0x0B, 0x0D, 0x40, 0x36, 0xE3, 0x5C, 0x5C, 0x75, 0x2D, 0x12, 0xA6, 0x45, 0x61, 0xE4, 
0x3F, 0x00, 0x0E, 0x18, 0x4C, 0x61, 0x60, 0x89, 0x41, 0x89, 0x70, 0x43, 0x58, 0x60, 0x46, 0x65, 
0xC8, 0x6C, 0x60, 0xB0, 0x03, 0x20, 0xF8, 0x0B, 0x66, 0x12, 0x22, 0xEA, 0x07, 0x00, 0x20, 0x93, 
0x41, 0xC4, 0x42, 0x20, 0xB0, 0x3A, 0x40, 0xB3, 0x04, 0x1A, 0x89, 0x74, 0x40, 0xAB, 0x0E, 0x1A, 
0x89, 0x74, 0x42, 0xAB, 0x4A, 0x1A, 0x89, 0x74, 0x44, 0xAB, 0x22, 0xEA, 0xC0, 0x07, 0x23, 0x93, 
0x41, 0xC4, 0x42, 0x20, 0xB7, 0x3A, 0xB8, 0x3A, 0x43, 0xB3, 0xDC, 0x75, 0x40, 0x98, 0xC3, 0x5A, 
0x98, 0x75, 0xF3, 0xA3, 0xD2, 0xA3, 0x11, 0x30, 0x43, 0x93, 0x42, 0xEC, 0x01, 0x00, 0x43, 0xB3, 
0xB5, 0x11, 0x00, 0xE0, 0x9B, 0x05, 0x60, 0x95, 0x40, 0x3B, 0xFE, 0x0F, 0x00, 0x33, 0x60, 0xB5, 
0x60, 0x98, 0x0C, 0x7D, 0x40, 0x3C, 0x14, 0x0C, 0x00, 0x33, 0x00, 0x32, 0x01, 0xEA, 0xFF, 0x0F, 
0xC0, 0xB8, 0x00, 0x22, 0x88, 0x74, 0x61, 0x43, 0x18, 0x18, 0x4A, 0x1E, 0x0C, 0x60, 0x09, 0x65, 
0xD8, 0x60, 0x60, 0x8B, 0x6D, 0x59, 0x60, 0xA8, 0xCB, 0x6C, 0xF4, 0x0B, 0xC0, 0x98, 0x65, 0x11, 
0x22, 0xEA, 0x07, 0x00, 0x20, 0x93, 0x41, 0xC4, 0x42, 0x20, 0xB0, 0x3A, 0x40, 0xB3, 0x18, 0x1A, 
0x89, 0x74, 0x40, 0xAB, 0xF3, 0xA3, 0xD2, 0xA3, 0x21, 0xEA, 0xC0, 0x07, 0x43, 0x93, 0x84, 0x6C, 
0x43, 0xB3, 0x11, 0x30, 0x43, 0x93, 0x42, 0xEC, 0x01, 0x00, 0x43, 0xB3, 0x00, 0xE0, 0x66, 0x05, 
0x60, 0x95, 0x40, 0x3B, 0xFE, 0x0F, 0x00, 0x33, 0x02, 0xEA, 0x80, 0x02, 0x00, 0x31, 0xD7, 0x10, 
0x7C, 0x18, 0x60, 0xB5, 0xFF, 0xE3, 0x7C, 0xF4, 0x60, 0x86, 0x40, 0x3B, 0x0F, 0x0C, 0x00, 0x34, 
0xEF, 0x10, 0x40, 0x32, 0x26, 0x44, 0x7C, 0x18, 0x00, 0x24, 0x04, 0x60, 0x10, 0x75, 0x5C, 0x60, 
0xFF, 0xE3, 0xA0, 0xF4, 0x60, 0x86, 0xD0, 0x64, 0xF5, 0x0F, 0x02, 0xEA, 0x80, 0x02, 0x00, 0x31, 
0x07, 0x10, 0xFF, 0xE3, 0x65, 0xF4, 0x67, 0x10, 0x0A, 0x93, 0x8B, 0x93, 0x60, 0x86, 0x40, 0x3B, 
0x24, 0x0C, 0x0D, 0x04, 0x00, 0x00, 0x00, 0x30, 0x48, 0x3A, 0x00, 0x30, 0xC8, 0x37, 0x00, 0x30, 
0x00, 0x02, 0x00, 0x40, 0x80, 0x37, 0x00, 0x30, 0xB4, 0x07, 0x00, 0x30, 0x00, 0x33, 0x0F, 0x31, 
0x0D, 0x04, 0x42, 0x43, 0x40, 0xC4, 0x42, 0x40, 0x84, 0x68, 0x01, 0x1F, 0xBC, 0x5B, 0x40, 0xA5, 
0x00, 0x23, 0x40, 0x86, 0xCC, 0x74, 0x8C, 0x64, 0x08, 0x08, 0x07, 0x3B, 0xF3, 0x0F, 0x5F, 0x5B, 
0x42, 0x42, 0x44, 0xC4, 0x42, 0x40, 0xF1, 0x07, 0x60, 0x86, 0x40, 0x3B, 0x51, 0x0C, 0x00, 0x35, 
0xFE, 0x12, 0x9F, 0x12, 0x01, 0x1A, 0x68, 0x5D, 0x60, 0x83, 0x40, 0x32, 0xD0, 0x60, 0x00, 0x83, 
0x26, 0x45, 0x7C, 0x1B, 0x06, 0x40, 0x4C, 0x60, 0x1C, 0x60, 0x00, 0x25, 0xFF, 0xE3, 0x5A, 0xF4, 
0x54, 0x75, 0x60, 0x86, 0xD4, 0x64, 0xEF, 0x0F, 0x25, 0x97, 0x00, 0x33, 0x4C, 0x5C, 0x00, 0x30, 
0x00, 0x23, 0x4A, 0x3B, 0x00, 0xA2, 0xFB, 0x0B, 0x52, 0x12, 0x00, 0x30, 0x00, 0x33, 0x40, 0x35, 
0x07, 0x04, 0x00, 0x23, 0xCC, 0x74, 0x4A, 0x3B, 0x0D, 0x0C, 0x20, 0x92, 0x94, 0x60, 0x41, 0x39, 
0xF9, 0x0B, 0x22, 0x58, 0x10, 0x60, 0x60, 0xA0, 0x00, 0x23, 0xCC, 0x74, 0x04, 0x74, 0x4A, 0x3B, 
0xF5, 0x0B, 0x00, 0x31, 0x40, 0x38, 0x0E, 0x0C, 0x60, 0x84, 0x4E, 0x64, 0x0F, 0x0C, 0x01, 0x33, 
0x06, 0x04, 0x4C, 0x5C, 0x40, 0x82, 0x00, 0x23, 0x4A, 0x64, 0x08, 0x0C, 0x8C, 0x74, 0x08, 0x64, 
0xF9, 0x0F, 0x62, 0x58, 0x10, 0x60, 0x20, 0xA0, 0x0C, 0x74, 0x00, 0x21, 0x44, 0x74, 0x4A, 0x39, 
0xEA, 0x0B, 0xCE, 0xE5, 0x6F, 0x04, 0x94, 0x14, 0x00, 0x37, 0x00, 0x2F, 0x06, 0x07, 0x00, 0x31, 
0x97, 0x11, 0xC4, 0x07, 0xD0, 0x14, 0xFF, 0xE3, 0xA9, 0xFE, 0x90, 0x14, 0xC2, 0x14, 0x76, 0x11, 
0x24, 0xEA, 0x07, 0x00, 0xA0, 0x93, 0x85, 0xC4, 0x44, 0x20, 0xB0, 0x3C, 0x01, 0x74, 0x80, 0xB3, 
0x00, 0xAB, 0x20, 0xEA, 0xC0, 0x07, 0x83, 0x93, 0x04, 0xC4, 0x40, 0x20, 0xBA, 0x38, 0x03, 0xB3, 
0x3F, 0x34, 0x06, 0x93, 0x50, 0x68, 0x26, 0x41, 0x00, 0xE4, 0xC0, 0x3F, 0x04, 0x6C, 0x06, 0xB3, 
0x90, 0x68, 0x26, 0x93, 0x21, 0xE4, 0x3F, 0x30, 0x48, 0x6C, 0xC8, 0x32, 0x41, 0x42, 0x26, 0xB3, 
0x5C, 0xAB, 0x02, 0xEA, 0x8F, 0x01, 0x8A, 0x6C, 0x5D, 0xAB, 0x4F, 0x93, 0x42, 0xE4, 0x3F, 0x30, 
0x42, 0xEC, 0x05, 0x00, 0x4F, 0xB3, 0x43, 0x93, 0x42, 0xEC, 0x01, 0x00, 0x43, 0xB3, 0x5F, 0x10, 
0x60, 0x92, 0x40, 0x3B, 0xFE, 0x0F, 0x00, 0x33, 0x60, 0xB2, 0x82, 0x14, 0xD3, 0x14, 0x9A, 0x10, 
0x25, 0xEA, 0x07, 0x00, 0xC0, 0x94, 0xA6, 0xC4, 0x45, 0x20, 0x01, 0x74, 0x45, 0x74, 0x89, 0x74, 
0xB0, 0x3D, 0xA0, 0xB4, 0x00, 0xAC, 0x22, 0xAC, 0x44, 0xAC, 0x22, 0xEA, 0xC0, 0x07, 0x23, 0x94, 
0x41, 0xC4, 0x42, 0x20, 0x43, 0xB4, 0x00, 0x2B, 0x23, 0x94, 0x63, 0xE4, 0xFF, 0x23, 0x02, 0xEA, 
0xC0, 0xFF, 0x41, 0xC4, 0x42, 0x20, 0x66, 0x43, 0xC8, 0x6C, 0x63, 0xB4, 0x11, 0x30, 0x00, 0xE0, 
0x65, 0x04, 0x63, 0x94, 0x63, 0xEC, 0x01, 0x00, 0x63, 0xB4, 0x48, 0x10, 0x60, 0x92, 0x40, 0x3B, 
0xFE, 0x0F, 0x00, 0x33, 0x60, 0xB2, 0x93, 0x14, 0xC8, 0x37, 0x00, 0x30, 0x00, 0x00, 0x00, 0x30, 
0x1C, 0x38, 0x00, 0x30, 0x00, 0x02, 0x00, 0x40, 0x80, 0x37, 0x00, 0x30, 0xC3, 0x14, 0x01, 0x34, 
0x5B, 0x10, 0x04, 0xC4, 0x20, 0x40, 0x03, 0x74, 0x60, 0x92, 0x00, 0xC4, 0x84, 0x24, 0xD0, 0x68, 
0x72, 0x43, 0xB2, 0x4B, 0x60, 0x92, 0x6E, 0x4B, 0x6E, 0x43, 0xD4, 0x6C, 0x60, 0xB2, 0x25, 0xEA, 
0xFF, 0x3F, 0x60, 0x92, 0x62, 0x43, 0x72, 0x4B, 0xC0, 0x6C, 0xC0, 0x92, 0x72, 0x43, 0x62, 0x4B, 
0xA6, 0xC4, 0x45, 0x20, 0x40, 0x39, 0xD4, 0x6C, 0x60, 0xB2, 0x0E, 0x0C, 0x41, 0x39, 0x02, 0x0C, 
0x83, 0x14, 0x66, 0x92, 0x0C, 0x6C, 0x66, 0x92, 0x12, 0x40, 0x6E, 0x4B, 0x12, 0x48, 0x6E, 0x43, 
0xC0, 0x6C, 0x66, 0xB2, 0x83, 0x14, 0x66, 0x92, 0x0C, 0x69, 0x92, 0x44, 0x72, 0x4C, 0x86, 0x92, 
0x8E, 0x4C, 0x8E, 0x44, 0x0C, 0x6D, 0x86, 0xB2, 0x83, 0x14, 0x00, 0x00, 0x80, 0x00, 0x00, 0x40, 
0x25, 0x11, 0x46, 0x91, 0x62, 0x42, 0x52, 0x4B, 0x01, 0x33, 0xC0, 0x70, 0xC8, 0x6C, 0x06, 0x91, 
0x72, 0x43, 0x22, 0xEA, 0xFF, 0x3F, 0x40, 0xC4, 0x42, 0x20, 0x62, 0x4B, 0xC8, 0x6C, 0x66, 0xB1, 
0x3C, 0x78, 0x00, 0x00, 0x5C, 0x10, 0x00, 0x31, 0x66, 0x92, 0x62, 0x43, 0x01, 0x29, 0x43, 0x70, 
0x12, 0x4B, 0x04, 0x68, 0x23, 0xEA, 0xFF, 0x3F, 0x26, 0x92, 0x61, 0xC4, 0x43, 0x20, 0x10, 0x40, 
0x0C, 0x6C, 0x06, 0xB2, 0x3C, 0x78, 0x00, 0x00, 0x73, 0x10, 0x66, 0x93, 0x62, 0x43, 0x72, 0x4B, 
0x03, 0xC4, 0x80, 0x40, 0x00, 0xE4, 0x01, 0x20, 0x3C, 0x78, 0x00, 0x00, 0xD2, 0x14, 0x8E, 0x10, 
0x25, 0xEA, 0xFF, 0x3F, 0x66, 0x94, 0x62, 0x43, 0x72, 0x4B, 0x46, 0x94, 0x63, 0xE4, 0x80, 0x30, 
0x95, 0x68, 0x70, 0x43, 0xC8, 0x6C, 0x66, 0xB4, 0xFF, 0xE3, 0xE6, 0xF5, 0x66, 0x94, 0x62, 0x43, 
0x72, 0x4B, 0x46, 0x94, 0x63, 0xEC, 0x80, 0x00, 0xA2, 0xC4, 0x45, 0x20, 0x70, 0x43, 0xD4, 0x6C, 
0x66, 0xB4, 0x92, 0x14, 0x80, 0x00, 0x00, 0x40, 0xD0, 0x14, 0x49, 0x10, 0x05, 0x30, 0x63, 0x92, 
0x98, 0x3B, 0x63, 0xB2, 0x67, 0x10, 0x42, 0x93, 0x42, 0xEC, 0x04, 0x00, 0x42, 0xB3, 0x42, 0x93, 
0x42, 0xEC, 0x40, 0x00, 0x42, 0xB3, 0x00, 0xE0, 0xB9, 0x03, 0x90, 0x14, 0x80, 0x00, 0x00, 0x40, 
0xC0, 0x00, 0x00, 0x40, 0x62, 0x10, 0x03, 0xDC, 0x32, 0x10, 0x3C, 0x78, 0x00, 0x01, 0x00, 0x40, 
0x6A, 0x10, 0x58, 0x93, 0x42, 0xEC, 0x01, 0x00, 0x58, 0xB3, 0x58, 0x93, 0x42, 0xE4, 0x01, 0x30, 
0x58, 0xB3, 0x3C, 0x78, 0x65, 0x10, 0x58, 0x93, 0x42, 0xEC, 0x80, 0x00, 0x58, 0xB3, 0x58, 0x93, 
0x42, 0xE4, 0x80, 0x30, 0x58, 0xB3, 0x3C, 0x78, 0x00, 0x01, 0x00, 0x40, 0xD1, 0x14, 0x06, 0x38, 
0x11, 0x08, 0x01, 0x40, 0x69, 0x10, 0x0C, 0x60, 0x40, 0x88, 0x89, 0x10, 0x29, 0x10, 0x0A, 0x10, 
0x63, 0x94, 0xB1, 0x3B, 0x63, 0xB4, 0xFF, 0xE3, 0xDD, 0xF2, 0x63, 0x94, 0x91, 0x3B, 0x63, 0xB4, 
0x91, 0x14, 0x00, 0x32, 0xF3, 0x07, 0x00, 0x00, 0x94, 0x64, 0x00, 0x00, 0x40, 0x02, 0x00, 0x40, 
0xF4, 0x19, 0x00, 0x30, 0x00, 0xC8, 0x00, 0x30, 0xD1, 0x14, 0x41, 0x38, 0x2D, 0x0C, 0x40, 0x38, 
0x2A, 0x08, 0x74, 0x13, 0x41, 0x93, 0x42, 0xE4, 0x03, 0x30, 0x42, 0xEC, 0x01, 0x00, 0x41, 0xB3, 
0x41, 0x93, 0x42, 0xE4, 0x80, 0x30, 0x41, 0xB3, 0x41, 0x93, 0x42, 0xEC, 0x04, 0x00, 0x41, 0xB3, 
0x41, 0x93, 0x42, 0xEC, 0x08, 0x00, 0x41, 0xB3, 0x48, 0x93, 0x42, 0xE4, 0x01, 0x30, 0x48, 0xB3, 
0x48, 0x93, 0x42, 0xE4, 0x02, 0x30, 0x48, 0xB3, 0x47, 0x93, 0x42, 0xE4, 0xF0, 0x30, 0x42, 0xEC, 
0x60, 0x00, 0x47, 0xB3, 0x47, 0x93, 0x42, 0xE4, 0x08, 0x30, 0x47, 0xB3, 0x41, 0x93, 0x42, 0xEC, 
0x40, 0x00, 0x41, 0xB3, 0x91, 0x14, 0x80, 0x13, 0x04, 0x31, 0x61, 0x94, 0xC4, 0x6C, 0x61, 0xB4, 
0x61, 0x94, 0x63, 0xEC, 0x08, 0x00, 0x61, 0xB4, 0x63, 0x94, 0x63, 0xE4, 0x10, 0x30, 0x63, 0xB4, 
0x43, 0x94, 0xB5, 0x3A, 0x43, 0xB4, 0x63, 0x94, 0xC4, 0x6C, 0x63, 0xB4, 0x63, 0x94, 0x63, 0xE4, 
0x20, 0x30, 0x63, 0xB4, 0x63, 0x94, 0x63, 0xEC, 0x00, 0x04, 0x63, 0xB4, 0x63, 0x94, 0x92, 0x3B, 
0x63, 0xB4, 0x63, 0x94, 0x93, 0x3B, 0x63, 0xB4, 0x63, 0x94, 0xB4, 0x3B, 0x63, 0xB4, 0x66, 0x94, 
0x63, 0xE4, 0x0F, 0x30, 0x63, 0xEC, 0x09, 0x00, 0x66, 0xB4, 0x67, 0x94, 0xC0, 0x6C, 0x67, 0xB4, 
0x67, 0x94, 0x63, 0xEC, 0x02, 0x00, 0x67, 0xB4, 0x69, 0x94, 0x0C, 0x6C, 0x09, 0xB4, 0x04, 0x30, 
0x69, 0x94, 0x63, 0xE4, 0x02, 0x30, 0x69, 0xB4, 0x69, 0x94, 0x63, 0xE4, 0x04, 0x30, 0x69, 0xB4, 
0x69, 0x94, 0x63, 0xE4, 0xF0, 0x30, 0x63, 0xEC, 0x10, 0x00, 0x69, 0xB4, 0x7F, 0x11, 0x49, 0x94, 
0x62, 0xC4, 0x43, 0x20, 0x63, 0xEC, 0x00, 0x01, 0x69, 0xB4, 0x69, 0x94, 0xB8, 0x3B, 0x69, 0xB4, 
0x69, 0x94, 0xB9, 0x3B, 0x69, 0xB4, 0x69, 0x94, 0x63, 0xE4, 0x08, 0x30, 0x69, 0xB4, 0x00, 0xE0, 
0xF5, 0x02, 0x61, 0x94, 0x63, 0xEC, 0x40, 0x00, 0x61, 0xB4, 0x91, 0x14, 0x51, 0x11, 0x02, 0xB2, 
0x60, 0x92, 0x78, 0x43, 0xE3, 0xC7, 0x80, 0x28, 0xFC, 0x0F, 0x02, 0x92, 0x3C, 0x78, 0x00, 0x00, 
0x4C, 0x11, 0x00, 0xE4, 0x01, 0x20, 0x63, 0x92, 0x63, 0xE4, 0x01, 0x30, 0xC0, 0x6C, 0x63, 0xB2, 
0x3C, 0x78, 0x00, 0x00, 0xD1, 0x14, 0x87, 0x11, 0x0A, 0x30, 0x63, 0x94, 0x63, 0xE4, 0x01, 0x30, 
0x63, 0xB4, 0xFF, 0xE3, 0xE1, 0xF4, 0x05, 0x33, 0x93, 0x6C, 0x62, 0xB4, 0x60, 0x92, 0x78, 0x43, 
0xE3, 0xC7, 0x80, 0x28, 0xFC, 0x0F, 0x62, 0x92, 0x9E, 0x10, 0x01, 0x32, 0xFF, 0x33, 0x62, 0xB4, 
0x60, 0x94, 0x78, 0x43, 0xE3, 0xC7, 0x80, 0x28, 0xFC, 0x0F, 0x62, 0x94, 0xC8, 0x68, 0xCC, 0x74, 
0x40, 0x3B, 0xF5, 0x0B, 0x0A, 0x30, 0xFF, 0xE3, 0xC7, 0xF4, 0x63, 0x94, 0x63, 0xEC, 0x01, 0x00, 
0x63, 0xB4, 0x91, 0x14, 0xD1, 0x14, 0x93, 0x10, 0x0A, 0x30, 0x63, 0x94, 0x63, 0xE4, 0x01, 0x30, 
0x63, 0xB4, 0xFF, 0xE3, 0xB9, 0xF4, 0x06, 0x33, 0x62, 0xB4, 0x60, 0x94, 0x78, 0x43, 0xE3, 0xC7, 
0x80, 0x28, 0xFC, 0x0F, 0x0A, 0x30, 0x62, 0x94, 0xFF, 0xE3, 0xAE, 0xF4, 0x63, 0x94, 0x63, 0xEC, 
0x01, 0x00, 0x63, 0xB4, 0x91, 0x14, 0x00, 0x00, 0xD2, 0x14, 0x03, 0x6D, 0xA5, 0x10, 0xFF, 0xE3, 
0xE3, 0xFF, 0xFF, 0xE3, 0xB9, 0xFF, 0x63, 0x95, 0x63, 0xE4, 0x01, 0x30, 0x08, 0x04, 0x00, 0x00, 
0xC0, 0x01, 0x00, 0x40, 0x40, 0x02, 0x00, 0x40, 0x00, 0xFF, 0xFF, 0x00, 0x63, 0xB5, 0x0A, 0x30, 
0xFF, 0xE3, 0x92, 0xF4, 0x20, 0x33, 0x97, 0x6C, 0x62, 0xB5, 0x60, 0x92, 0x78, 0x43, 0xE3, 0xC7, 
0x80, 0x28, 0xFC, 0x0F, 0x62, 0x92, 0x04, 0xC4, 0x43, 0x70, 0x62, 0xB2, 0x56, 0x13, 0x60, 0x92, 
0x78, 0x43, 0xE3, 0xC7, 0x80, 0x28, 0xFC, 0x0F, 0x62, 0x92, 0x04, 0xC4, 0x83, 0x70, 0x62, 0xB2, 
0x51, 0x13, 0x60, 0x92, 0x78, 0x43, 0xE3, 0xC7, 0x80, 0x28, 0xFC, 0x0F, 0x10, 0x75, 0x62, 0x92, 
0x82, 0xB2, 0x8D, 0x13, 0x60, 0x94, 0x78, 0x43, 0xE3, 0xC7, 0x80, 0x28, 0xFC, 0x0F, 0x0A, 0x30, 
0x62, 0x94, 0xFF, 0xE3, 0x69, 0xF4, 0x63, 0x94, 0x63, 0xEC, 0x01, 0x00, 0x63, 0xB4, 0xFF, 0xE3, 
0x7B, 0xFF, 0x92, 0x14, 0xD2, 0x14, 0x03, 0x6D, 0xA3, 0x13, 0xFF, 0xE3, 0x9D, 0xFF, 0xFF, 0xE3, 
0x73, 0xFF, 0x63, 0x95, 0x63, 0xE4, 0x01, 0x30, 0x63, 0xB5, 0x0A, 0x30, 0xFF, 0xE3, 0x54, 0xF4, 
0xD8, 0x33, 0x97, 0x6C, 0x62, 0xB5, 0x60, 0x92, 0x78, 0x43, 0xE3, 0xC7, 0x80, 0x28, 0xFC, 0x0F, 
0x62, 0x92, 0x04, 0xC4, 0x43, 0x70, 0x62, 0xB2, 0x57, 0x12, 0x60, 0x92, 0x78, 0x43, 0xE3, 0xC7, 
0x80, 0x28, 0xFC, 0x0F, 0x62, 0x92, 0x04, 0xC4, 0x83, 0x70, 0x62, 0xB2, 0x52, 0x12, 0x60, 0x92, 
0x78, 0x43, 0xE3, 0xC7, 0x80, 0x28, 0xFC, 0x0F, 0x10, 0x75, 0x62, 0x92, 0x82, 0xB2, 0x8E, 0x12, 
0x60, 0x94, 0x78, 0x43, 0xE3, 0xC7, 0x80, 0x28, 0xFC, 0x0F, 0x0A, 0x30, 0x62, 0x94, 0xFF, 0xE3, 
0x2B, 0xF4, 0x63, 0x94, 0x63, 0xEC, 0x01, 0x00, 0x63, 0xB4, 0xFF, 0xE3, 0x3D, 0xFF, 0x92, 0x14, 
0xD4, 0x14, 0x4B, 0x6D, 0xE4, 0x12, 0x83, 0x6D, 0x07, 0x6D, 0xFF, 0xE3, 0x5D, 0xFF, 0xFF, 0xE3, 
0x33, 0xFF, 0x63, 0x97, 0x63, 0xE4, 0x01, 0x30, 0x63, 0xB7, 0x0A, 0x30, 0xFF, 0xE3, 0x14, 0xF4, 
0x02, 0x33, 0x9F, 0x6C, 0x62, 0xB7, 0x60, 0x92, 0x78, 0x43, 0xE3, 0xC7, 0x80, 0x28, 0xFC, 0x0F, 
0x62, 0x92, 0x06, 0xC4, 0x43, 0x70, 0x62, 0xB2, 0x57, 0x11, 0x60, 0x92, 0x78, 0x43, 0xE3, 0xC7, 
0x80, 0x28, 0xFC, 0x0F, 0x62, 0x92, 0x06, 0xC4, 0x83, 0x70, 0x62, 0xB2, 0x52, 0x11, 0x60, 0x92, 
0x78, 0x43, 0xE3, 0xC7, 0x80, 0x28, 0xFC, 0x0F, 0x98, 0x75, 0x62, 0x92, 0xC2, 0xB2, 0x4E, 0x11, 
0x60, 0x92, 0x78, 0x43, 0xE3, 0xC7, 0x80, 0x28, 0xFC, 0x0F, 0x40, 0x3D, 0x62, 0x92, 0x0F, 0x0C, 
0x53, 0x6C, 0x09, 0x11, 0x50, 0x61, 0x60, 0x81, 0x62, 0xB0, 0x60, 0x90, 0x78, 0x43, 0xE3, 0xC7, 
0x80, 0x28, 0xFC, 0x0F, 0x00, 0x21, 0x46, 0x65, 0x62, 0x90, 0xF6, 0x0B, 0x0A, 0x30, 0xFF, 0xE3, 
0xDB, 0xF3, 0x41, 0x11, 0x63, 0x92, 0x63, 0xEC, 0x01, 0x00, 0x63, 0xB2, 0xFF, 0xE3, 0xEC, 0xFE, 
0x94, 0x14, 0x00, 0x00, 0xD4, 0x14, 0x21, 0x14, 0x4B, 0x6D, 0x03, 0xEA, 0x00, 0x01, 0x80, 0x74, 
0x89, 0x5B, 0x11, 0x75, 0x83, 0x6D, 0x50, 0x65, 0xC7, 0x6D, 0x06, 0x0C, 0x97, 0x6C, 0xFF, 0xE3, 
0xA1, 0xFF, 0x01, 0x14, 0x94, 0x14, 0x93, 0x6C, 0x60, 0xB8, 0xFF, 0xE3, 0x9B, 0xFF, 0x52, 0x61, 
0x60, 0x98, 0x55, 0x75, 0xD0, 0x61, 0x4C, 0x65, 0x90, 0x61, 0x17, 0x6D, 0x03, 0x08, 0x80, 0x34, 
0x81, 0x44, 0x11, 0x75, 0x93, 0x6C, 0x5F, 0x6C, 0x1B, 0x6C, 0xFF, 0xE3, 0x8B, 0xFF, 0x16, 0x65, 
0xEF, 0x0B, 0x01, 0x14, 0x94, 0x14, 0x00, 0x00, 0xD4, 0x14, 0xE7, 0x10, 0x83, 0x6D, 0x63, 0x97, 
0x63, 0xE4, 0x01, 0x30, 0x63, 0xB7, 0x0A, 0x30, 0x4B, 0x6D, 0x07, 0x6D, 0xFF, 0xE3, 0x9C, 0xF3, 
0x0B, 0x33, 0x03, 0x04, 0xC0, 0x01, 0x00, 0x40, 0x9F, 0x6C, 0x62, 0xB7, 0x60, 0x92, 0x78, 0x43, 
0xE3, 0xC7, 0x80, 0x28, 0xFC, 0x0F, 0x62, 0x92, 0x06, 0xC4, 0x43, 0x70, 0x62, 0xB2, 0x42, 0x13, 
0x60, 0x92, 0x78, 0x43, 0xE3, 0xC7, 0x80, 0x28, 0xFC, 0x0F, 0x62, 0x92, 0x06, 0xC4, 0x83, 0x70, 
0x62, 0xB2, 0x5D, 0x12, 0x60, 0x92, 0x78, 0x43, 0xE3, 0xC7, 0x80, 0x28, 0xFC, 0x0F, 0x98, 0x75, 
0x62, 0x92, 0xC2, 0xB2, 0x58, 0x12, 0x60, 0x92, 0x78, 0x43, 0xE3, 0xC7, 0x80, 0x28, 0xFC, 0x0F, 
0x62, 0x92, 0xFF, 0x33, 0x62, 0xB2, 0x54, 0x12, 0x60, 0x92, 0x78, 0x43, 0xE3, 0xC7, 0x80, 0x28, 
0xFC, 0x0F, 0x62, 0x92, 0x40, 0x3D, 0x68, 0x92, 0x63, 0xE4, 0x02, 0x30, 0x68, 0xB2, 0x10, 0x0C, 
0x53, 0x6C, 0x0D, 0x12, 0x50, 0x61, 0xFF, 0x33, 0x62, 0xB0, 0x60, 0x90, 0x78, 0x43, 0xE3, 0xC7, 
0x80, 0x28, 0xFC, 0x0F, 0x62, 0x90, 0x60, 0xA1, 0x00, 0x21, 0x46, 0x65, 0xF5, 0x0B, 0x46, 0x12, 
0x63, 0x92, 0x63, 0xEC, 0x01, 0x00, 0x63, 0xB2, 0x94, 0x14, 0x00, 0x00, 0xD2, 0x14, 0x82, 0x12, 
0x43, 0x6D, 0x63, 0x94, 0x63, 0xE4, 0x01, 0x30, 0x63, 0xB4, 0x0A, 0x30, 0xFF, 0xE3, 0x44, 0xF3, 
0x9F, 0x33, 0x93, 0x6C, 0x62, 0xB4, 0x60, 0x92, 0x78, 0x43, 0xE3, 0xC7, 0x80, 0x28, 0xFC, 0x0F, 
0x17, 0x6C, 0x99, 0x11, 0x62, 0x92, 0x4A, 0x5D, 0xFF, 0x33, 0x62, 0xB4, 0x60, 0x94, 0x78, 0x43, 
0xE3, 0xC7, 0x80, 0x28, 0xFC, 0x0F, 0x62, 0x94, 0x60, 0xA0, 0x00, 0x20, 0x82, 0x64, 0xF5, 0x0B, 
0x0A, 0x30, 0xFF, 0xE3, 0x29, 0xF3, 0x63, 0x94, 0x63, 0xEC, 0x01, 0x00, 0x63, 0xB4, 0x92, 0x14, 
0xC4, 0x14, 0x40, 0x39, 0x04, 0x08, 0x00, 0xEA, 0xFF, 0xFF, 0x84, 0x14, 0x83, 0x6D, 0xE3, 0x59, 
0xAA, 0x11, 0xDD, 0x75, 0x00, 0x27, 0xC0, 0x61, 0x00, 0xEA, 0xFF, 0xFF, 0x20, 0x86, 0x08, 0x33, 
0x01, 0x34, 0x20, 0xC4, 0x42, 0x24, 0x90, 0x68, 0x01, 0x48, 0x40, 0x3A, 0x03, 0x0C, 0x15, 0x6C, 
0x01, 0x74, 0x00, 0x2B, 0xCC, 0x74, 0x21, 0x49, 0x40, 0x3B, 0xF4, 0x0B, 0x00, 0x26, 0x9E, 0x65, 
0xEE, 0x0B, 0x84, 0x14, 0xD1, 0x14, 0x9C, 0x10, 0x0A, 0x30, 0x63, 0x94, 0x63, 0xE4, 0x01, 0x30, 
0x63, 0xB4, 0xFF, 0xE3, 0xF9, 0xF2, 0xB9, 0x33, 0x62, 0xB4, 0x60, 0x94, 0x78, 0x43, 0xE3, 0xC7, 
0x80, 0x28, 0xFC, 0x0F, 0x0A, 0x30, 0x62, 0x94, 0xFF, 0xE3, 0xEE, 0xF2, 0x63, 0x94, 0x63, 0xEC, 
0x01, 0x00, 0x63, 0xB4, 0x64, 0x30, 0xFF, 0xE3, 0xE7, 0xF2, 0x91, 0x14, 0xD1, 0x14, 0x8E, 0x10, 
0x0A, 0x30, 0x63, 0x94, 0x63, 0xE4, 0x01, 0x30, 0x63, 0xB4, 0xFF, 0xE3, 0xDD, 0xF2, 0xAB, 0x33, 
0x62, 0xB4, 0x60, 0x94, 0x78, 0x43, 0xE3, 0xC7, 0x80, 0x28, 0xFC, 0x0F, 0x0A, 0x30, 0x62, 0x94, 
0xFF, 0xE3, 0xD2, 0xF2, 0x63, 0x94, 0x63, 0xEC, 0x01, 0x00, 0x63, 0xB4, 0x64, 0x30, 0xFF, 0xE3, 
0xCB, 0xF2, 0x91, 0x14, 0xC0, 0x01, 0x00, 0x40, 0x08, 0x84, 0xFF, 0xFF, 0x60, 0x90, 0x63, 0xEC, 
0x01, 0x00, 0x60, 0xB0, 0x60, 0x90, 0x63, 0xE4, 0x02, 0x30, 0x60, 0xB0, 0x00, 0x33, 0x00, 0x2B, 
0x64, 0xA0, 0x65, 0xA0, 0x3C, 0x78, 0x00, 0x00, 0xD0, 0x14, 0x80, 0x74, 0x6F, 0x10, 0x08, 0x48, 
0x44, 0xA3, 0x05, 0xA3, 0x03, 0x30, 0x40, 0x93, 0x42, 0xE4, 0x01, 0x30, 0x40, 0xB3, 0x40, 0x93, 
0x42, 0xE4, 0x02, 0x30, 0x40, 0xB3, 0x00, 0xE0, 0x99, 0x00, 0x01, 0x30, 0x00, 0xE0, 0x96, 0x00, 
0x90, 0x14, 0x00, 0x00, 0x65, 0x10, 0x40, 0x93, 0x42, 0xEC, 0x10, 0x00, 0x40, 0xB3, 0x40, 0x93, 
0x42, 0xEC, 0x20, 0x00, 0x40, 0xB3, 0x3C, 0x78, 0x00, 0x01, 0x00, 0x40, 0xC1, 0x14, 0x6D, 0x10, 
0x40, 0x34, 0x21, 0x93, 0x50, 0x6C, 0x21, 0xB3, 0x00, 0xE4, 0x01, 0x20, 0x41, 0x93, 0x90, 0x6C, 
0x41, 0xB3, 0x06, 0x40, 0x42, 0x93, 0x42, 0xE4, 0x40, 0x30, 0x80, 0x6C, 0x42, 0xB3, 0x41, 0x93, 
0x42, 0xE4, 0x40, 0x30, 0x41, 0xB3, 0x41, 0x93, 0x42, 0xE4, 0x40, 0x30, 0x41, 0xB3, 0x81, 0x14, 
0x40, 0x01, 0x00, 0x40, 0xD1, 0x14, 0x22, 0xEA, 0x00, 0x40, 0x8F, 0x10, 0x70, 0x92, 0x63, 0xEC, 
0x00, 0x04, 0x70, 0xB2, 0x00, 0xAC, 0x09, 0x30, 0x00, 0xE0, 0x60, 0x00, 0x61, 0x94, 0x40, 0x32, 
0xC8, 0x6C, 0x61, 0xB4, 0x61, 0x94, 0xC8, 0x6C, 0x61, 0xB4, 0x62, 0x94, 0xC8, 0x6C, 0x62, 0xB4, 
0x61, 0x94, 0x63, 0xE4, 0x40, 0x30, 0x61, 0xB4, 0x61, 0x94, 0x63, 0xE4, 0x40, 0x30, 0x61, 0xB4, 
0x91, 0x14, 0x00, 0x00, 0x40, 0x01, 0x00, 0x40, 0x66, 0x10, 0x43, 0x93, 0x42, 0xE4, 0x01, 0x30, 
0x43, 0xB3, 0x43, 0x93, 0xB0, 0x3A, 0x43, 0xB3, 0x01, 0x32, 0x63, 0x10, 0x40, 0xB3, 0x3C, 0x78, 
0x00, 0x02, 0x00, 0x40, 0x60, 0x2F, 0x00, 0x30, 0x7F, 0x13, 0x43, 0x93, 0x90, 0x3A, 0x43, 0xB3, 
0x43, 0x93, 0x42, 0xEC, 0x01, 0x00, 0x43, 0xB3, 0x00, 0x32, 0x7C, 0x13, 0x40, 0xB3, 0x3C, 0x78, 
0x59, 0x13, 0x00, 0xE4, 0x01, 0x20, 0x70, 0x40, 0x03, 0x92, 0x90, 0x38, 0x0C, 0x6C, 0x03, 0xB2, 
0x3C, 0x78, 0x00, 0x00, 0xD0, 0x14, 0x74, 0x13, 0x63, 0x93, 0x6D, 0x43, 0xE3, 0xC7, 0x80, 0x28, 
0x03, 0x0C, 0xFF, 0xE3, 0xD3, 0xFF, 0x90, 0x14, 0xD0, 0x14, 0x70, 0x13, 0x60, 0x93, 0x41, 0x3B, 
0x02, 0x0C, 0x90, 0x14, 0xFF, 0xE3, 0xDA, 0xFF, 0x90, 0x14, 0x00, 0x00, 0x4C, 0x13, 0x01, 0x33, 
0x21, 0x92, 0x03, 0xC4, 0x20, 0x40, 0x20, 0xC4, 0x23, 0x24, 0x02, 0x6C, 0x61, 0xB2, 0x61, 0x92, 
0x0C, 0x68, 0x01, 0xB2, 0x3C, 0x78, 0x00, 0x00, 0x46, 0x13, 0x01, 0x33, 0xC0, 0x70, 0x00, 0x92, 
0x0C, 0x6C, 0x00, 0xB2, 0x3C, 0x78, 0x00, 0x00, 0x43, 0x13, 0x01, 0x33, 0xC0, 0x70, 0x00, 0x92, 
0x0C, 0x6C, 0x00, 0xB2, 0x3C, 0x78, 0x00, 0x00, 0x60, 0x14, 0x62, 0x14, 0xD0, 0x14, 0x7A, 0x12, 
0x63, 0x93, 0x6D, 0x43, 0xE3, 0xC7, 0x80, 0x28, 0x13, 0x08, 0x79, 0x12, 0x41, 0x93, 0x42, 0xEC, 
0x01, 0x00, 0x41, 0xB3, 0x41, 0x93, 0x42, 0xE4, 0x01, 0x30, 0x41, 0xB3, 0x73, 0x12, 0x60, 0x93, 
0x41, 0x3B, 0x09, 0x0C, 0xEE, 0xD9, 0x00, 0x20, 0x01, 0x14, 0x63, 0x14, 0x61, 0x14, 0xFF, 0xE3, 
0x8D, 0xFF, 0xEC, 0x07, 0xFF, 0xE3, 0x9A, 0xFF, 0xEE, 0xD9, 0x00, 0x20, 0x01, 0x14, 0x63, 0x14, 
0x61, 0x14, 0x00, 0x00, 0x60, 0x14, 0x62, 0x14, 0xD0, 0x14, 0x67, 0x12, 0x63, 0x93, 0x6D, 0x43, 
0xE3, 0xC7, 0x80, 0x28, 0x18, 0x08, 0x66, 0x12, 0x41, 0x93, 0x42, 0xEC, 0x02, 0x00, 0x41, 0xB3, 
0x41, 0x93, 0x42, 0xE4, 0x02, 0x30, 0x41, 0xB3, 0xFF, 0xE3, 0x0E, 0xEE, 0x63, 0x12, 0x00, 0x32, 
0x40, 0xB3, 0x7E, 0x11, 0x60, 0x93, 0x41, 0x3B, 0x09, 0x0C, 0xEE, 0xD9, 0x00, 0x20, 0x01, 0x14, 
0x63, 0x14, 0x61, 0x14, 0xFF, 0xE3, 0x62, 0xFF, 0xE7, 0x07, 0xFF, 0xE3, 0x6F, 0xFF, 0xEE, 0xD9, 
0x00, 0x20, 0x01, 0x14, 0x63, 0x14, 0x61, 0x14, 0x60, 0x14, 0x62, 0x14, 0xD0, 0x14, 0x72, 0x11, 
0x63, 0x93, 0x6D, 0x43, 0xE3, 0xC7, 0x80, 0x28, 0x13, 0x08, 0x71, 0x11, 0x41, 0x93, 0x42, 0xEC, 
0x04, 0x00, 0x41, 0xB3, 0x41, 0x93, 0x42, 0xE4, 0x04, 0x30, 0x41, 0xB3, 0x6B, 0x11, 0x60, 0x93, 
0x41, 0x3B, 0x09, 0x0C, 0xEE, 0xD9, 0x00, 0x20, 0x01, 0x14, 0x63, 0x14, 0x61, 0x14, 0xFF, 0xE3, 
0x3D, 0xFF, 0xEC, 0x07, 0xFF, 0xE3, 0x4A, 0xFF, 0xEE, 0xD9, 0x00, 0x20, 0x01, 0x14, 0x63, 0x14, 
0x61, 0x14, 0x00, 0x00, 0x60, 0x14, 0x62, 0x14, 0xD0, 0x14, 0x7F, 0x10, 0x63, 0x93, 0x6D, 0x43, 
0xE3, 0xC7, 0x80, 0x28, 0x13, 0x08, 0x7E, 0x10, 0x41, 0x93, 0x42, 0xEC, 0x08, 0x00, 0x41, 0xB3, 
0x41, 0x93, 0x42, 0xE4, 0x08, 0x30, 0x41, 0xB3, 0x78, 0x10, 0x60, 0x93, 0x41, 0x3B, 0x09, 0x0C, 
0xEE, 0xD9, 0x00, 0x20, 0x01, 0x14, 0x63, 0x14, 0x61, 0x14, 0xFF, 0xE3, 0x17, 0xFF, 0xEC, 0x07, 
0xFF, 0xE3, 0x24, 0xFF, 0xEE, 0xD9, 0x00, 0x20, 0x01, 0x14, 0x63, 0x14, 0x61, 0x14, 0x00, 0x00, 
0x60, 0x14, 0x62, 0x14, 0xD2, 0x14, 0x24, 0x14, 0x6B, 0x10, 0x63, 0x93, 0x6D, 0x43, 0xE3, 0xC7, 
0x80, 0x28, 0x00, 0x09, 0x00, 0x33, 0x2E, 0x10, 0x6E, 0xDC, 0x03, 0x00, 0x00, 0x33, 0x47, 0x10, 
0x61, 0xB8, 0x62, 0xB8, 0x63, 0xB8, 0x60, 0x91, 0x61, 0xB8, 0x61, 0x98, 0x6C, 0x4B, 0x63, 0xE4, 
0x0F, 0x20, 0x0F, 0x04, 0x00, 0x02, 0x00, 0x40, 0x60, 0x2F, 0x00, 0x30, 0x80, 0x00, 0x00, 0x40, 
0x00, 0xE1, 0x00, 0xE0, 0x80, 0xE1, 0x00, 0xE0, 0xE0, 0x07, 0x00, 0x30, 0x40, 0x02, 0x00, 0x40, 
0x6E, 0xDC, 0x03, 0x00, 0x61, 0x98, 0x63, 0xE4, 0x01, 0x20, 0x40, 0x3B, 0x19, 0x0C, 0x01, 0x33, 
0x00, 0xEA, 0xFD, 0x07, 0x61, 0xB2, 0x82, 0xE4, 0x0B, 0x00, 0x0D, 0x04, 0x64, 0x91, 0x62, 0xB8, 
0x6E, 0xD8, 0x03, 0x00, 0x03, 0x2B, 0xCC, 0x74, 0x6E, 0xDC, 0x03, 0x00, 0x64, 0x8A, 0xCD, 0x74, 
0x0C, 0x64, 0xA1, 0x0C, 0x6E, 0xD8, 0x03, 0x00, 0xCC, 0x74, 0x03, 0x3B, 0xF0, 0x0B, 0x61, 0x98, 
0x63, 0xE4, 0x10, 0x20, 0x40, 0x3B, 0x41, 0x0C, 0x30, 0x13, 0x63, 0x91, 0x6A, 0x43, 0xE3, 0xC7, 
0x80, 0x28, 0x46, 0x0C, 0x63, 0x91, 0xB6, 0x3B, 0x63, 0xB1, 0x66, 0x91, 0x68, 0x43, 0x70, 0x4B, 
0x63, 0xB8, 0x63, 0x98, 0x40, 0x3B, 0x21, 0x0C, 0x00, 0x33, 0x29, 0x13, 0x09, 0x13, 0x0C, 0x60, 
0x00, 0x90, 0x02, 0xB8, 0x8C, 0x59, 0x02, 0x98, 0x00, 0x74, 0x00, 0xA4, 0x02, 0x5B, 0x82, 0x98, 
0x04, 0xC4, 0x84, 0x70, 0x04, 0x60, 0x80, 0xA0, 0x06, 0x5B, 0x82, 0x98, 0x04, 0xC4, 0x44, 0x70, 
0x04, 0x60, 0x80, 0xA0, 0x0A, 0x5B, 0x82, 0x98, 0x04, 0x60, 0x98, 0x4C, 0x80, 0xA0, 0x03, 0x23, 
0x03, 0x98, 0xCD, 0x74, 0x0C, 0x64, 0xE3, 0x0F, 0x38, 0x12, 0x63, 0x91, 0x96, 0x3B, 0x63, 0xB1, 
0x01, 0x33, 0x36, 0x12, 0x62, 0xDC, 0x03, 0x22, 0x00, 0x33, 0x64, 0xAA, 0x00, 0x33, 0x61, 0xB2, 
0x68, 0x91, 0x63, 0xEC, 0x04, 0x00, 0x68, 0xB1, 0x60, 0x92, 0x41, 0x3B, 0x7E, 0x0C, 0x04, 0x14, 
0xEE, 0xD9, 0x02, 0x20, 0xA1, 0x98, 0x80, 0x98, 0x03, 0x14, 0x63, 0x14, 0x61, 0x14, 0x64, 0x91, 
0x62, 0xB8, 0x6E, 0xD8, 0x03, 0x00, 0x40, 0x3B, 0x11, 0x0C, 0x64, 0x8A, 0xCD, 0x74, 0x01, 0xEA, 
0x00, 0x08, 0x4C, 0x64, 0x0B, 0x08, 0x64, 0x8A, 0xCD, 0x74, 0x22, 0x5B, 0x45, 0x74, 0x24, 0xAA, 
0x03, 0x12, 0x22, 0x98, 0x44, 0x74, 0xC0, 0x60, 0x20, 0xA3, 0x2E, 0xD8, 0x03, 0x00, 0x01, 0x33, 
0x4C, 0x64, 0x12, 0x08, 0x64, 0x8A, 0xCD, 0x74, 0x01, 0xEA, 0x00, 0x08, 0x4C, 0x64, 0x0C, 0x08, 
0x64, 0x8A, 0xCD, 0x74, 0x22, 0x5B, 0x45, 0x74, 0x24, 0xAA, 0x19, 0x11, 0x22, 0x98, 0x01, 0xC4, 
0x81, 0x70, 0xC0, 0x60, 0x20, 0xA3, 0x2E, 0xD8, 0x03, 0x00, 0x02, 0x33, 0x4C, 0x64, 0x12, 0x08, 
0x64, 0x8A, 0xCD, 0x74, 0x01, 0xEA, 0x00, 0x08, 0x4C, 0x64, 0x0C, 0x08, 0x64, 0x8A, 0xCD, 0x74, 
0x22, 0x5B, 0x45, 0x74, 0x24, 0xAA, 0x0E, 0x11, 0x22, 0x98, 0x01, 0xC4, 0x41, 0x70, 0xC0, 0x60, 
0x20, 0xA3, 0x6A, 0x11, 0x01, 0x34, 0x07, 0x93, 0x10, 0x6C, 0x07, 0xB3, 0x28, 0x93, 0x50, 0x6C, 
0x28, 0xB3, 0x9F, 0x07, 0x64, 0x8A, 0xCD, 0x74, 0xA2, 0x5B, 0x55, 0x75, 0xA4, 0xAA, 0xD0, 0x60, 
0xA2, 0x98, 0x54, 0x75, 0xA0, 0xA3, 0x64, 0x8A, 0xCD, 0x74, 0xA2, 0x5B, 0x55, 0x75, 0xA4, 0xAA, 
0xD0, 0x60, 0xA2, 0x98, 0x05, 0xC4, 0x85, 0x70, 0xA0, 0xA3, 0x64, 0x8A, 0xCD, 0x74, 0xA2, 0x5B, 
0x55, 0x75, 0xA4, 0xAA, 0xD0, 0x60, 0xA2, 0x98, 0x05, 0xC4, 0x45, 0x70, 0xA0, 0xA3, 0x64, 0x8A, 
0xCD, 0x74, 0xA2, 0x5B, 0x55, 0x75, 0xA4, 0xAA, 0xD0, 0x60, 0xA2, 0x98, 0xB8, 0x4D, 0xA0, 0xA3, 
0x3A, 0x07, 0xFF, 0xE3, 0x03, 0xFE, 0xFF, 0x06, 0xFF, 0xE3, 0x10, 0xFE, 0x81, 0x07, 0x00, 0x00, 
0x60, 0x14, 0x62, 0x14, 0xD1, 0x14, 0x70, 0x10, 0x83, 0x93, 0x63, 0xE4, 0x3F, 0x01, 0x63, 0x93, 
0x6D, 0x43, 0x98, 0x44, 0xE3, 0xC7, 0x80, 0x28, 0x9B, 0x4C, 0x4A, 0x08, 0x50, 0x3C, 0x4C, 0x0C, 
0x64, 0xE4, 0x1D, 0x20, 0x29, 0x10, 0x55, 0x3B, 0x2D, 0x0C, 0x54, 0x3C, 0x59, 0x0C, 0x58, 0x3C, 
0x5F, 0x0C, 0x45, 0x10, 0x10, 0x04, 0x00, 0x00, 0x40, 0x02, 0x00, 0x40, 0x6C, 0x2F, 0x00, 0x30, 
0x00, 0xD0, 0x00, 0x30, 0xC0, 0x00, 0x00, 0x40, 0x60, 0x2F, 0x00, 0x30, 0x62, 0x92, 0x63, 0xE4, 
0x08, 0x30, 0x62, 0xB2, 0x62, 0x92, 0x7C, 0x43, 0x7F, 0x4B, 0x41, 0x3B, 0xF8, 0x0F, 0x7A, 0x13, 
0x41, 0x93, 0x42, 0xEC, 0x20, 0x00, 0x41, 0xB3, 0x41, 0x93, 0x42, 0xE4, 0x20, 0x30, 0x41, 0xB3, 
0x60, 0x91, 0x41, 0x3B, 0x4C, 0x0C, 0xEE, 0xD9, 0x01, 0x20, 0x80, 0x98, 0x02, 0x14, 0x63, 0x14, 
0x61, 0x14, 0x61, 0xD8, 0x08, 0x14, 0xCD, 0x74, 0x02, 0xEA, 0xC1, 0x04, 0x8C, 0x64, 0x0D, 0x08, 
0x61, 0xD8, 0x08, 0x14, 0xCD, 0x74, 0x42, 0x5B, 0x89, 0x74, 0x41, 0xDC, 0x08, 0x14, 0x4B, 0x13, 
0xC8, 0x60, 0x40, 0x83, 0x6A, 0x13, 0x40, 0xA3, 0x01, 0x33, 0x61, 0xB1, 0xC3, 0x07, 0xFF, 0xE3, 
0xA5, 0xFD, 0x50, 0x3C, 0xB6, 0x0B, 0x27, 0x13, 0x02, 0xEA, 0xFF, 0x07, 0x64, 0x89, 0xCD, 0x74, 
0xC8, 0x64, 0xB8, 0x0F, 0x64, 0x89, 0xCD, 0x74, 0x42, 0x5B, 0x89, 0x74, 0x44, 0xA9, 0x40, 0x13, 
0x00, 0x82, 0x00, 0x74, 0x41, 0xE4, 0x0B, 0x00, 0xC8, 0x60, 0x00, 0xA3, 0xAB, 0x07, 0x00, 0x33, 
0x64, 0xA9, 0x00, 0x33, 0x61, 0xB1, 0x01, 0x33, 0x61, 0xDC, 0x05, 0x22, 0xA3, 0x07, 0x00, 0x33, 
0x61, 0xDC, 0x08, 0x14, 0x00, 0x33, 0x61, 0xB1, 0x01, 0x33, 0x61, 0xDC, 0x06, 0x22, 0x76, 0x12, 
0x40, 0x83, 0x41, 0x3A, 0x97, 0x0B, 0x00, 0x32, 0x40, 0xA3, 0x94, 0x07, 0xFF, 0xE3, 0x86, 0xFD, 
0xEE, 0xD9, 0x01, 0x20, 0x80, 0x98, 0x02, 0x14, 0x63, 0x14, 0x61, 0x14, 0x60, 0x14, 0x62, 0x14, 
0xD0, 0x14, 0x6E, 0x12, 0x63, 0x93, 0x6D, 0x43, 0xE3, 0xC7, 0x80, 0x28, 0x13, 0x08, 0x66, 0x12, 
0x41, 0x93, 0x42, 0xEC, 0x40, 0x00, 0x41, 0xB3, 0x41, 0x93, 0x42, 0xE4, 0x40, 0x30, 0x41, 0xB3, 
0x64, 0x12, 0x60, 0x93, 0x41, 0x3B, 0x09, 0x0C, 0xEE, 0xD9, 0x00, 0x20, 0x01, 0x14, 0x63, 0x14, 
0x61, 0x14, 0xFF, 0xE3, 0x53, 0xFD, 0xEC, 0x07, 0xFF, 0xE3, 0x60, 0xFD, 0xEE, 0xD9, 0x00, 0x20, 
0x01, 0x14, 0x63, 0x14, 0x61, 0x14, 0x00, 0x00, 0x60, 0x14, 0x62, 0x14, 0xD0, 0x14, 0x7B, 0x11, 
0x63, 0x93, 0x6D, 0x43, 0xE3, 0xC7, 0x80, 0x28, 0x13, 0x08, 0x73, 0x11, 0x41, 0x93, 0x42, 0xEC, 
0x80, 0x00, 0x41, 0xB3, 0x41, 0x93, 0x42, 0xE4, 0x80, 0x30, 0x41, 0xB3, 0x71, 0x11, 0x60, 0x93, 
0x41, 0x3B, 0x09, 0x0C, 0xEE, 0xD9, 0x00, 0x20, 0x01, 0x14, 0x63, 0x14, 0x61, 0x14, 0xFF, 0xE3, 
0x2D, 0xFD, 0xEC, 0x07, 0xFF, 0xE3, 0x3A, 0xFD, 0xEE, 0xD9, 0x00, 0x20, 0x01, 0x14, 0x63, 0x14, 
0x61, 0x14, 0x00, 0x00, 0x60, 0x14, 0x62, 0x14, 0xD0, 0x14, 0x68, 0x11, 0x63, 0x93, 0x6D, 0x43, 
0xE3, 0xC7, 0x80, 0x28, 0x35, 0x08, 0x46, 0x11, 0x65, 0x92, 0x7F, 0x43, 0x40, 0x3B, 0x16, 0x0C, 
0x65, 0x92, 0x63, 0xE4, 0x01, 0x30, 0x65, 0xB2, 0x00, 0xEA, 0xC1, 0x04, 0x7D, 0x10, 0x24, 0x8B, 
0x45, 0x74, 0x04, 0x64, 0x22, 0x08, 0x24, 0x8B, 0x45, 0x74, 0x02, 0x59, 0x01, 0x74, 0x04, 0xAB, 
0x0B, 0x23, 0x44, 0x82, 0x88, 0x74, 0x4C, 0x60, 0x40, 0xA1, 0x59, 0x10, 0x60, 0x92, 0x7E, 0x43, 
0xE3, 0xC7, 0x80, 0x28, 0x09, 0x0C, 0x60, 0x92, 0x63, 0xE4, 0x02, 0x30, 0x60, 0xB2, 0x01, 0x32, 
0x70, 0x10, 0x43, 0xDC, 0x07, 0x22, 0x51, 0x10, 0x63, 0x92, 0x90, 0x3B, 0x63, 0xB2, 0xEE, 0xD9, 
0x00, 0x20, 0x01, 0x14, 0x63, 0x14, 0x61, 0x14, 0x00, 0x32, 0x44, 0xAB, 0xE7, 0x07, 0xFF, 0xE3, 
0xE5, 0xFC, 0xCA, 0x07, 0x60, 0x14, 0x62, 0x14, 0xD0, 0x14, 0x68, 0x10, 0x63, 0x93, 0x6D, 0x43, 
0x10, 0x04, 0x00, 0x00, 0x80, 0x00, 0x00, 0x40, 0xF4, 0x19, 0x00, 0x30, 0xC0, 0x00, 0x00, 0x40, 
0x60, 0x2F, 0x00, 0x30, 0xB9, 0x1E, 0x00, 0x30, 0x00, 0x02, 0x00, 0x40, 0x80, 0x01, 0x00, 0x40, 
0xE3, 0xC7, 0x80, 0x28, 0x14, 0x08, 0x01, 0x30, 0xFF, 0xE3, 0x8A, 0xFC, 0x22, 0xEA, 0x00, 0x40, 
0x60, 0x92, 0x63, 0xEC, 0x00, 0x10, 0x60, 0xB2, 0x83, 0xEA, 0x87, 0x00, 0x60, 0x93, 0x41, 0x3B, 
0x09, 0x0C, 0xEE, 0xD9, 0x00, 0x20, 0x01, 0x14, 0x63, 0x14, 0x61, 0x14, 0xFF, 0xE3, 0xB6, 0xFC, 
0xEB, 0x07, 0xFF, 0xE3, 0xC3, 0xFC, 0xEE, 0xD9, 0x00, 0x20, 0x01, 0x14, 0x63, 0x14, 0x61, 0x14, 
0x60, 0x14, 0x62, 0x14, 0xD0, 0x14, 0x7D, 0x13, 0x63, 0x93, 0x6D, 0x43, 0xE3, 0xC7, 0x80, 0x28, 
0x1D, 0x08, 0x7B, 0x13, 0x41, 0x93, 0x42, 0xEC, 0x00, 0x04, 0x41, 0xB3, 0x41, 0x93, 0x42, 0xE4, 
0x00, 0x34, 0x41, 0xB3, 0x23, 0xEA, 0x00, 0x40, 0x54, 0x93, 0x42, 0xEC, 0x00, 0x08, 0x54, 0xB3, 
0x54, 0x93, 0x42, 0xE4, 0x00, 0x38, 0x54, 0xB3, 0x6F, 0x13, 0x60, 0x93, 0x41, 0x3B, 0x09, 0x0C, 
0xEE, 0xD9, 0x00, 0x20, 0x01, 0x14, 0x63, 0x14, 0x61, 0x14, 0xFF, 0xE3, 0x87, 0xFC, 0xE2, 0x07, 
0xFF, 0xE3, 0x94, 0xFC, 0xEE, 0xD9, 0x00, 0x20, 0x01, 0x14, 0x63, 0x14, 0x61, 0x14, 0x00, 0x00, 
0x60, 0x14, 0x62, 0x14, 0xD0, 0x14, 0x65, 0x13, 0x63, 0x93, 0x6D, 0x43, 0xE3, 0xC7, 0x80, 0x28, 
0x13, 0x08, 0x63, 0x13, 0x41, 0x93, 0x42, 0xEC, 0x00, 0x08, 0x41, 0xB3, 0x41, 0x93, 0x42, 0xE4, 
0x00, 0x38, 0x41, 0xB3, 0x7C, 0x12, 0x60, 0x93, 0x41, 0x3B, 0x09, 0x0C, 0xEE, 0xD9, 0x00, 0x20, 
0x01, 0x14, 0x63, 0x14, 0x61, 0x14, 0xFF, 0xE3, 0x61, 0xFC, 0xEC, 0x07, 0xFF, 0xE3, 0x6E, 0xFC, 
0xEE, 0xD9, 0x00, 0x20, 0x01, 0x14, 0x63, 0x14, 0x61, 0x14, 0x00, 0x00, 0x60, 0x14, 0x62, 0x14, 
0xD0, 0x14, 0x72, 0x12, 0x63, 0x93, 0x6D, 0x43, 0xE3, 0xC7, 0x80, 0x28, 0x0C, 0x08, 0xFF, 0xE3, 
0xF3, 0xF8, 0x6D, 0x12, 0x60, 0x93, 0x41, 0x3B, 0x0E, 0x0C, 0xEE, 0xD9, 0x00, 0x20, 0x01, 0x14, 
0x63, 0x14, 0x61, 0x14, 0xFF, 0xE3, 0x42, 0xFC, 0xFF, 0xE3, 0xE6, 0xF8, 0x66, 0x12, 0x60, 0x93, 
0x41, 0x3B, 0xF4, 0x0B, 0xFF, 0xE3, 0x4A, 0xFC, 0xEE, 0xD9, 0x00, 0x20, 0x01, 0x14, 0x63, 0x14, 
0x61, 0x14, 0x00, 0x00, 0x60, 0x14, 0x62, 0x14, 0xD0, 0x14, 0x60, 0x12, 0x63, 0x93, 0x6D, 0x43, 
0xE3, 0xC7, 0x80, 0x28, 0x12, 0x08, 0x7E, 0x11, 0x41, 0x93, 0x42, 0xEC, 0x00, 0x20, 0x41, 0xB3, 
0x41, 0x93, 0x8D, 0x3A, 0x41, 0xB3, 0x78, 0x11, 0x60, 0x93, 0x41, 0x3B, 0x09, 0x0C, 0xEE, 0xD9, 
0x00, 0x20, 0x01, 0x14, 0x63, 0x14, 0x61, 0x14, 0xFF, 0xE3, 0x18, 0xFC, 0xED, 0x07, 0xFF, 0xE3, 
0x25, 0xFC, 0xEE, 0xD9, 0x00, 0x20, 0x01, 0x14, 0x63, 0x14, 0x61, 0x14, 0x60, 0x14, 0x62, 0x14, 
0xD0, 0x14, 0x6E, 0x11, 0x63, 0x93, 0x6D, 0x43, 0xE3, 0xC7, 0x80, 0x28, 0x12, 0x08, 0x6C, 0x11, 
0x41, 0x93, 0x42, 0xEC, 0x00, 0x40, 0x41, 0xB3, 0x41, 0x93, 0x8E, 0x3A, 0x41, 0xB3, 0x66, 0x11, 
0x60, 0x93, 0x41, 0x3B, 0x09, 0x0C, 0xEE, 0xD9, 0x00, 0x20, 0x01, 0x14, 0x63, 0x14, 0x61, 0x14, 
0xFF, 0xE3, 0xF4, 0xFB, 0xED, 0x07, 0xFF, 0xE3, 0x01, 0xFC, 0xEE, 0xD9, 0x00, 0x20, 0x01, 0x14, 
0x63, 0x14, 0x61, 0x14, 0x60, 0x14, 0x62, 0x14, 0xD0, 0x14, 0x7C, 0x10, 0x63, 0x93, 0x6D, 0x43, 
0xE3, 0xC7, 0x80, 0x28, 0x1B, 0x08, 0x7B, 0x10, 0x4C, 0x93, 0x42, 0xEC, 0x02, 0x00, 0x4C, 0xB3, 
0x4C, 0x93, 0x42, 0xE4, 0x02, 0x30, 0x4C, 0xB3, 0x75, 0x10, 0x41, 0x93, 0x42, 0xEC, 0x00, 0x80, 
0x41, 0xB3, 0x41, 0x93, 0x8F, 0x3A, 0x41, 0xB3, 0x6F, 0x10, 0x60, 0x93, 0x41, 0x3B, 0x09, 0x0C, 
0xEE, 0xD9, 0x00, 0x20, 0x01, 0x14, 0x63, 0x14, 0x61, 0x14, 0xFF, 0xE3, 0xC7, 0xFB, 0xE4, 0x07, 
0xFF, 0xE3, 0xD4, 0xFB, 0xEE, 0xD9, 0x00, 0x20, 0x01, 0x14, 0x63, 0x14, 0x61, 0x14, 0x00, 0x00, 
0x60, 0x14, 0x62, 0x14, 0xD0, 0x14, 0x65, 0x10, 0x63, 0x93, 0x6D, 0x43, 0xE3, 0xC7, 0x80, 0x28, 
0x0A, 0x04, 0x00, 0x00, 0x60, 0x2F, 0x00, 0x30, 0x00, 0x02, 0x00, 0x40, 0x80, 0x00, 0x00, 0x40, 
0x00, 0x01, 0x00, 0x40, 0x12, 0x08, 0x83, 0xEA, 0x80, 0x00, 0x41, 0x93, 0xB0, 0x3A, 0x41, 0xB3, 
0x41, 0x93, 0x90, 0x3A, 0x41, 0xB3, 0x7D, 0x13, 0x60, 0x93, 0x41, 0x3B, 0x09, 0x0C, 0xEE, 0xD9, 
0x00, 0x20, 0x01, 0x14, 0x63, 0x14, 0x61, 0x14, 0xFF, 0xE3, 0x98, 0xFB, 0xED, 0x07, 0xFF, 0xE3, 
0xA5, 0xFB, 0xEE, 0xD9, 0x00, 0x20, 0x01, 0x14, 0x63, 0x14, 0x61, 0x14, 0x60, 0x14, 0x62, 0x14, 
0x53, 0x13, 0x04, 0x04, 0x63, 0x92, 0xB1, 0x3B, 0x63, 0xB2, 0x63, 0x92, 0x6C, 0x43, 0x7F, 0x4B, 
0x41, 0x3B, 0xF9, 0x0F, 0x6E, 0x13, 0x43, 0x93, 0x91, 0x3A, 0x43, 0xB3, 0x43, 0x93, 0x42, 0xE4, 
0x01, 0x30, 0x43, 0xB3, 0x01, 0x32, 0x69, 0x13, 0x43, 0xDC, 0x08, 0x22, 0x63, 0x14, 0x61, 0x14, 
0x60, 0x14, 0x62, 0x14, 0xD0, 0x14, 0x66, 0x13, 0x63, 0x93, 0x6D, 0x43, 0xE3, 0xC7, 0x80, 0x28, 
0x1B, 0x08, 0x64, 0x13, 0x47, 0x93, 0x42, 0xEC, 0x01, 0x00, 0x47, 0xB3, 0x47, 0x93, 0x42, 0xE4, 
0x01, 0x30, 0x47, 0xB3, 0x47, 0x93, 0x42, 0xEC, 0x02, 0x00, 0x47, 0xB3, 0x47, 0x93, 0x42, 0xE4, 
0x02, 0x30, 0x47, 0xB3, 0x79, 0x12, 0x60, 0x93, 0x41, 0x3B, 0x09, 0x0C, 0xEE, 0xD9, 0x00, 0x20, 
0x01, 0x14, 0x63, 0x14, 0x61, 0x14, 0xFF, 0xE3, 0x51, 0xFB, 0xE4, 0x07, 0xFF, 0xE3, 0x5E, 0xFB, 
0xEE, 0xD9, 0x00, 0x20, 0x01, 0x14, 0x63, 0x14, 0x61, 0x14, 0x00, 0x00, 0x60, 0x14, 0x62, 0x14, 
0xD0, 0x14, 0x6F, 0x12, 0x63, 0x93, 0x6D, 0x43, 0xE3, 0xC7, 0x80, 0x28, 0x2E, 0x08, 0x2B, 0x12, 
0x01, 0x33, 0x61, 0xDC, 0x09, 0x22, 0x6B, 0x12, 0x47, 0x93, 0x42, 0xEC, 0x01, 0x00, 0x47, 0xB3, 
0x47, 0x93, 0x42, 0xE4, 0x01, 0x30, 0x47, 0xB3, 0x47, 0x93, 0x42, 0xEC, 0x02, 0x00, 0x47, 0xB3, 
0x47, 0x93, 0x42, 0xE4, 0x02, 0x30, 0x47, 0xB3, 0x47, 0x93, 0x42, 0xEC, 0x04, 0x00, 0x47, 0xB3, 
0x47, 0x93, 0x42, 0xE4, 0x04, 0x30, 0x47, 0xB3, 0x47, 0x93, 0x42, 0xEC, 0x08, 0x00, 0x47, 0xB3, 
0x47, 0x93, 0x42, 0xE4, 0x08, 0x30, 0x47, 0xB3, 0x60, 0x91, 0x41, 0x3B, 0x09, 0x0C, 0xEE, 0xD9, 
0x00, 0x20, 0x01, 0x14, 0x63, 0x14, 0x61, 0x14, 0xFF, 0xE3, 0x10, 0xFB, 0xD1, 0x07, 0xFF, 0xE3, 
0x1D, 0xFB, 0xEE, 0xD9, 0x00, 0x20, 0x01, 0x14, 0x63, 0x14, 0x61, 0x14, 0x60, 0x14, 0x62, 0x14, 
0xD0, 0x14, 0x6F, 0x11, 0x63, 0x93, 0x6D, 0x43, 0xE3, 0xC7, 0x80, 0x28, 0x14, 0x08, 0x2B, 0x11, 
0x01, 0x33, 0x61, 0xDC, 0x0A, 0x22, 0x6B, 0x11, 0x4C, 0x93, 0xBE, 0x3A, 0x4C, 0xB3, 0x4C, 0x93, 
0x9E, 0x3A, 0x4C, 0xB3, 0x60, 0x91, 0x41, 0x3B, 0x09, 0x0C, 0xEE, 0xD9, 0x00, 0x20, 0x01, 0x14, 
0x63, 0x14, 0x61, 0x14, 0xFF, 0xE3, 0xEA, 0xFA, 0xEB, 0x07, 0xFF, 0xE3, 0xF7, 0xFA, 0xEE, 0xD9, 
0x00, 0x20, 0x01, 0x14, 0x63, 0x14, 0x61, 0x14, 0x60, 0x14, 0x62, 0x14, 0xD0, 0x14, 0x7C, 0x10, 
0x63, 0x93, 0x6D, 0x43, 0xE3, 0xC7, 0x80, 0x28, 0x1B, 0x08, 0x7A, 0x10, 0x17, 0x10, 0x6D, 0x93, 
0x74, 0x43, 0x7F, 0x4B, 0x41, 0x3B, 0x17, 0x0C, 0x36, 0x10, 0x23, 0xEA, 0x00, 0x3F, 0x4C, 0x91, 
0x8D, 0x68, 0xBB, 0x3A, 0x4C, 0xB1, 0x4C, 0x91, 0x62, 0xC4, 0x43, 0x20, 0x6C, 0xB1, 0x60, 0x90, 
0x41, 0x3B, 0x0D, 0x0C, 0xEE, 0xD9, 0x00, 0x20, 0x01, 0x14, 0x63, 0x14, 0x61, 0x14, 0xFF, 0xE3, 
0xBD, 0xFA, 0xE4, 0x07, 0x01, 0x33, 0x60, 0xDC, 0x0B, 0x22, 0xE7, 0x07, 0xFF, 0xE3, 0xC6, 0xFA, 
0xEE, 0xD9, 0x00, 0x20, 0x01, 0x14, 0x63, 0x14, 0x61, 0x14, 0x00, 0x00, 0x60, 0x14, 0x62, 0x14, 
0xD0, 0x14, 0x09, 0x04, 0x80, 0x00, 0x00, 0x40, 0x60, 0x2F, 0x00, 0x30, 0x00, 0x02, 0x00, 0x40, 
0x00, 0x01, 0x00, 0x40, 0x7E, 0x13, 0x63, 0x93, 0x6D, 0x43, 0xE3, 0xC7, 0x80, 0x28, 0x11, 0x08, 
0x7C, 0x13, 0x41, 0x93, 0xB6, 0x3A, 0x41, 0xB3, 0x41, 0x93, 0x96, 0x3A, 0x41, 0xB3, 0x7A, 0x13, 
0x60, 0x93, 0x41, 0x3B, 0x09, 0x0C, 0xEE, 0xD9, 0x00, 0x20, 0x01, 0x14, 0x63, 0x14, 0x61, 0x14, 
0xFF, 0xE3, 0x8C, 0xFA, 0xEE, 0x07, 0xFF, 0xE3, 0x99, 0xFA, 0xEE, 0xD9, 0x00, 0x20, 0x01, 0x14, 
0x63, 0x14, 0x61, 0x14, 0x60, 0x14, 0x62, 0x14, 0xD0, 0x14, 0x6D, 0x13, 0x63, 0x93, 0x6D, 0x43, 
0xE3, 0xC7, 0x80, 0x28, 0x11, 0x08, 0x6B, 0x13, 0x41, 0x93, 0xB7, 0x3A, 0x41, 0xB3, 0x41, 0x93, 
0x97, 0x3A, 0x41, 0xB3, 0x68, 0x13, 0x60, 0x93, 0x41, 0x3B, 0x09, 0x0C, 0xEE, 0xD9, 0x00, 0x20, 
0x01, 0x14, 0x63, 0x14, 0x61, 0x14, 0xFF, 0xE3, 0x69, 0xFA, 0xEE, 0x07, 0xFF, 0xE3, 0x76, 0xFA, 
0xEE, 0xD9, 0x00, 0x20, 0x01, 0x14, 0x63, 0x14, 0x61, 0x14, 0x00, 0x00, 0x60, 0x14, 0x62, 0x14, 
0xD0, 0x14, 0x7B, 0x12, 0x63, 0x93, 0x6D, 0x43, 0xE3, 0xC7, 0x80, 0x28, 0x12, 0x08, 0x5B, 0x12, 
0x6C, 0x92, 0xBF, 0x3B, 0x6C, 0xB2, 0x6C, 0x92, 0x61, 0x43, 0x61, 0x4B, 0x6C, 0xB2, 0x76, 0x12, 
0x60, 0x93, 0x41, 0x3B, 0x09, 0x0C, 0xEE, 0xD9, 0x00, 0x20, 0x01, 0x14, 0x63, 0x14, 0x61, 0x14, 
0xFF, 0xE3, 0x44, 0xFA, 0xED, 0x07, 0xFF, 0xE3, 0x51, 0xFA, 0xEE, 0xD9, 0x00, 0x20, 0x01, 0x14, 
0x63, 0x14, 0x61, 0x14, 0x60, 0x14, 0x62, 0x14, 0xD0, 0x14, 0x69, 0x12, 0x63, 0x93, 0x6D, 0x43, 
0xE3, 0xC7, 0x80, 0x28, 0x15, 0x08, 0x69, 0x12, 0x4C, 0x93, 0x42, 0xEC, 0x00, 0x80, 0x4C, 0xB3, 
0x4C, 0x93, 0x8F, 0x3A, 0x4C, 0xB3, 0x01, 0x32, 0x63, 0x12, 0x43, 0xDC, 0x0C, 0x22, 0x60, 0x93, 
0x41, 0x3B, 0x09, 0x0C, 0xEE, 0xD9, 0x00, 0x20, 0x01, 0x14, 0x63, 0x14, 0x61, 0x14, 0xFF, 0xE3, 
0x1D, 0xFA, 0xEA, 0x07, 0xFF, 0xE3, 0x2A, 0xFA, 0xEE, 0xD9, 0x00, 0x20, 0x01, 0x14, 0x63, 0x14, 
0x61, 0x14, 0x00, 0x00, 0x60, 0x14, 0x62, 0x14, 0xD0, 0x14, 0x75, 0x11, 0x63, 0x93, 0x6D, 0x43, 
0xE3, 0xC7, 0x80, 0x28, 0x12, 0x08, 0x75, 0x11, 0x4C, 0x93, 0x42, 0xEC, 0x00, 0x20, 0x4C, 0xB3, 
0x4C, 0x93, 0x8D, 0x3A, 0x4C, 0xB3, 0x70, 0x11, 0x60, 0x93, 0x41, 0x3B, 0x09, 0x0C, 0xEE, 0xD9, 
0x00, 0x20, 0x01, 0x14, 0x63, 0x14, 0x61, 0x14, 0xFF, 0xE3, 0xF8, 0xF9, 0xED, 0x07, 0xFF, 0xE3, 
0x05, 0xFA, 0xEE, 0xD9, 0x00, 0x20, 0x01, 0x14, 0x63, 0x14, 0x61, 0x14, 0x60, 0x14, 0x62, 0x14, 
0xD0, 0x14, 0x63, 0x11, 0x63, 0x93, 0x6D, 0x43, 0xE3, 0xC7, 0x80, 0x28, 0x11, 0x08, 0x61, 0x11, 
0x41, 0x93, 0xBB, 0x3A, 0x41, 0xB3, 0x41, 0x93, 0x9B, 0x3A, 0x41, 0xB3, 0x7E, 0x10, 0x60, 0x93, 
0x41, 0x3B, 0x09, 0x0C, 0xEE, 0xD9, 0x00, 0x20, 0x01, 0x14, 0x63, 0x14, 0x61, 0x14, 0xFF, 0xE3, 
0xD5, 0xF9, 0xEE, 0x07, 0xFF, 0xE3, 0xE2, 0xF9, 0xEE, 0xD9, 0x00, 0x20, 0x01, 0x14, 0x63, 0x14, 
0x61, 0x14, 0x00, 0x00, 0x60, 0x14, 0x62, 0x14, 0xD0, 0x14, 0x71, 0x10, 0x63, 0x93, 0x6D, 0x43, 
0xE3, 0xC7, 0x80, 0x28, 0x11, 0x08, 0x6F, 0x10, 0x41, 0x93, 0xBC, 0x3A, 0x41, 0xB3, 0x41, 0x93, 
0x9C, 0x3A, 0x41, 0xB3, 0x6C, 0x10, 0x60, 0x93, 0x41, 0x3B, 0x09, 0x0C, 0xEE, 0xD9, 0x00, 0x20, 
0x01, 0x14, 0x63, 0x14, 0x61, 0x14, 0xFF, 0xE3, 0xB1, 0xF9, 0xEE, 0x07, 0xFF, 0xE3, 0xBE, 0xF9, 
0xEE, 0xD9, 0x00, 0x20, 0x01, 0x14, 0x63, 0x14, 0x61, 0x14, 0x00, 0x00, 0x00, 0x02, 0x00, 0x40, 
0x80, 0x00, 0x00, 0x40, 0x60, 0x2F, 0x00, 0x30, 0x00, 0x01, 0x00, 0x40, 0xD0, 0x14, 0x66, 0x10, 
0x60, 0x83, 0xCC, 0x74, 0x02, 0x3B, 0x04, 0x08, 0x01, 0x30, 0xFF, 0xE3, 0xED, 0xE8, 0xFF, 0xE3, 
0xBB, 0xEB, 0x90, 0x14, 0xD8, 0x23, 0x00, 0x30, 0x40, 0x39, 0x03, 0x08, 0x00, 0xC0, 0x20, 0x2C, 
0x40, 0x38, 0x02, 0x08, 0x3C, 0x78, 0xC2, 0x14, 0x43, 0x6D, 0x45, 0x6D, 0xE0, 0xC7, 0x80, 0x28, 
0x03, 0x0C, 0x02, 0x6C, 0x00, 0x20, 0xE1, 0xC7, 0x80, 0x28, 0x03, 0x0C, 0x46, 0x6C, 0x00, 0x21, 
0x01, 0x32, 0xC3, 0x6C, 0x03, 0xC4, 0x44, 0x7C, 0x90, 0x70, 0x10, 0x70, 0xC7, 0x6C, 0x03, 0xC4, 
0x44, 0x7C, 0x00, 0x24, 0xC3, 0x6C, 0xD1, 0x70, 0x12, 0x6D, 0x20, 0x24, 0x90, 0x70, 0x10, 0x70, 
0x40, 0x3A, 0x09, 0x0C, 0x00, 0xC4, 0x20, 0x4C, 0xCD, 0x60, 0x4C, 0x64, 0x02, 0x0C, 0xC6, 0x60, 
0x89, 0x60, 0xF9, 0x0F, 0x0B, 0x6C, 0x4F, 0x6C, 0x05, 0xC4, 0x25, 0x4C, 0x05, 0x0C, 0x02, 0x6C, 
0x00, 0x20, 0x46, 0x6C, 0x00, 0x21, 0x82, 0x14, 0x40, 0x39, 0x03, 0x08, 0x00, 0xC0, 0x20, 0x2C, 
0x40, 0x38, 0x02, 0x08, 0x3C, 0x78, 0xC1, 0x14, 0x01, 0x32, 0xC3, 0x6C, 0x03, 0xC4, 0x44, 0x7C, 
0x90, 0x70, 0x10, 0x70, 0xC7, 0x6C, 0x03, 0xC4, 0x44, 0x7C, 0x00, 0x24, 0xC3, 0x6C, 0xD1, 0x70, 
0x12, 0x6D, 0x20, 0x24, 0x90, 0x70, 0x10, 0x70, 0x40, 0x3A, 0x09, 0x0C, 0x00, 0xC4, 0x20, 0x4C, 
0xCD, 0x60, 0x4C, 0x64, 0x02, 0x0C, 0xC6, 0x60, 0x89, 0x60, 0xF9, 0x0F, 0x0B, 0x6C, 0x4F, 0x6C, 
0x81, 0x14, 0x00, 0x00, 0xD3, 0x14, 0x7A, 0x10, 0x00, 0x31, 0x0F, 0x6C, 0x59, 0x10, 0x9A, 0x10, 
0x8E, 0x60, 0xDA, 0x10, 0xFF, 0xE3, 0x94, 0xE8, 0xB9, 0x10, 0x60, 0x94, 0x41, 0x3B, 0x0E, 0x0C, 
0x40, 0x3B, 0x1A, 0x0C, 0x42, 0x3B, 0x11, 0x0C, 0x43, 0x3B, 0xF8, 0x0B, 0xFF, 0xE3, 0x10, 0xEB, 
0x01, 0x33, 0x60, 0xB4, 0x60, 0x94, 0x41, 0x3B, 0xF4, 0x0B, 0xFF, 0xE3, 0x3F, 0xF0, 0x02, 0x33, 
0x60, 0xB4, 0xFF, 0xE3, 0x75, 0xFF, 0xEA, 0x07, 0xFF, 0xE3, 0x8C, 0xDA, 0xFF, 0xE3, 0xAC, 0xE7, 
0x01, 0x33, 0x60, 0xB4, 0xE3, 0x07, 0xFF, 0xE3, 0x41, 0xE9, 0xFF, 0xE3, 0x4B, 0xDA, 0x00, 0x33, 
0x60, 0xB6, 0x60, 0xB5, 0x01, 0x33, 0x60, 0xB4, 0xD9, 0x07, 0x00, 0x00, 0xB8, 0x06, 0x00, 0x30, 
0x0C, 0x4B, 0x00, 0x30, 0xBC, 0x1E, 0x00, 0x30, 0xE0, 0x07, 0x00, 0x30, 0x88, 0x37, 0x00, 0x30, 
0x68, 0x04, 0x00, 0x00, 0x46, 0x04, 0x00, 0x00, 0x22, 0x04, 0x00, 0x00, 0x0E, 0x04, 0x00, 0x00, 
0xEC, 0x02, 0x00, 0x00, 0x62, 0x04, 0x00, 0x00, 0x00, 0x00, 0x00, 0x00, 0x00, 0x00, 0x00, 0x00, 
0x00, 0x00, 0x00, 0x00, 0x00, 0x00, 0x00, 0x00, 0x00, 0x00, 0x00, 0x00, 0x00, 0x00, 0x00, 0x00, 
0x00, 0x00, 0x01, 0x00, 0xC0, 0x59, 0xFF, 0xFF, 0x00, 0x00, 0x00, 0x00, 0x00, 0x00, 0x00, 0x00, 
0x00, 0x00, 0x00, 0x00, 0x00, 0x00, 0x00, 0x00, 0x00, 0x00, 0x01, 0x00, 0xBE, 0x94, 0xFE, 0xFF, 
0xA3, 0x8D, 0x00, 0x00, 0x00, 0x00, 0x00, 0x00, 0x00, 0x00, 0x00, 0x00, 0x00, 0x00, 0x00, 0x00, 
0x00, 0x00, 0x01, 0x00, 0x10, 0xD5, 0xFD, 0xFF, 0xE4, 0xA5, 0x01, 0x00, 0xF1, 0x91, 0xFF, 0xFF, 
0x00, 0x00, 0x00, 0x00, 0x00, 0x00, 0x00, 0x00, 0x00, 0x00, 0x01, 0x00, 0x49, 0x17, 0xFD, 0xFF, 
0xB4, 0x48, 0x03, 0x00, 0xF6, 0x4F, 0xFE, 0xFF, 0xDD, 0x54, 0x00, 0x00, 0x00, 0x00, 0x00, 0x00, 
0x00, 0x00, 0x01, 0x00, 0x50, 0x5A, 0xFC, 0xFF, 0xAA, 0x75, 0x05, 0x00, 0xE6, 0xD4, 0xFB, 0xFF, 
0x1B, 0x9E, 0x01, 0x00, 0xD1, 0xBE, 0xFF, 0xFF, 0x00, 0x00, 0x00, 0x00, 0x00, 0x00, 0x00, 0x00, 
0x00, 0x00, 0x00, 0x00, 0x00, 0x00, 0x00, 0x00, 0x00, 0x00, 0x00, 0x00, 0x00, 0x00, 0x00, 0x00, 
0x00, 0x00, 0x00, 0x00, 0x00, 0x00, 0x00, 0x00, 0x00, 0x00, 0x00, 0x00, 0x00, 0x00, 0x00, 0x00, 
0x01, 0x00, 0x0B, 0x00, 0x0A, 0x00, 0x0A, 0x00, 0x0A, 0x00, 0x0A, 0x00, 0x0A, 0x00, 0x0A, 0x00, 
0x0C, 0x00, 0x0A, 0x00, 0x0A, 0x00, 0x0C, 0x00, 0x0A, 0x00, 0x0A, 0x00, 0x0A, 0x00, 0x0A, 0x00, 
0x0A, 0x00, 0x0A, 0x00, 0x0B, 0x00, 0x14, 0x00, 0x14, 0x00, 0x14, 0x00, 0x14, 0x00, 0x14, 0x00, 
0x14, 0x00, 0x14, 0x00, 0x14, 0x00, 0x14, 0x00, 0x14, 0x00, 0x14, 0x00, 0x14, 0x00, 0x14, 0x00, 
0x14, 0x00, 0x14, 0x00, 0x14, 0x00, 0x14, 0x00, 0x14, 0x00, 0x14, 0x00, 0x14, 0x00, 0x14, 0x00, 
0x1E, 0x00, 0x1E, 0x00, 0x1E, 0x00, 0x1E, 0x00, 0x1E, 0x00, 0x1E, 0x00, 0x1E, 0x00, 0x1E, 0x00, 
0x1E, 0x00, 0x1E, 0x00, 0x1E, 0x00, 0x1E, 0x00, 0x1E, 0x00, 0x1E, 0x00, 0x1E, 0x00, 0x1E, 0x00, 
0x1E, 0x00, 0x1E, 0x00, 0x1E, 0x00, 0x1E, 0x00, 0x28, 0x00, 0x28, 0x00, 0x28, 0x00, 0x28, 0x00, 
0x28, 0x00, 0x28, 0x00, 0x28, 0x00, 0x28, 0x00, 0x28, 0x00, 0x28, 0x00, 0x28, 0x00, 0x28, 0x00, 
0x28, 0x00, 0x28, 0x00, 0x28, 0x00, 0x28, 0x00, 0x28, 0x00, 0x28, 0x00, 0x28, 0x00, 0x28, 0x00, 
0x32, 0x00, 0x32, 0x00, 0x32, 0x00, 0x32, 0x00, 0x32, 0x00, 0x32, 0x00, 0x32, 0x00, 0x32, 0x00, 
0x32, 0x00, 0x32, 0x00, 0x32, 0x00, 0x32, 0x00, 0x32, 0x00, 0x32, 0x00, 0x32, 0x00, 0x32, 0x00, 
0x32, 0x00, 0x32, 0x00, 0x32, 0x00, 0x32, 0x00, 0x3C, 0x00, 0x3C, 0x00, 0x3C, 0x00, 0x3C, 0x00, 
0x3C, 0x00, 0x3C, 0x00, 0x3C, 0x00, 0x3C, 0x00, 0x3C, 0x00, 0x3C, 0x00, 0x3C, 0x00, 0x3C, 0x00, 
0x3C, 0x00, 0x3C, 0x00, 0x3C, 0x00, 0x3C, 0x00, 0x3C, 0x00, 0x3C, 0x00, 0x3C, 0x00, 0x3C, 0x00, 
0x46, 0x00, 0x46, 0x00, 0x46, 0x00, 0x46, 0x00, 0x46, 0x00, 0x46, 0x00, 0x46, 0x00, 0x46, 0x00, 
0x46, 0x00, 0x46, 0x00, 0x46, 0x00, 0x46, 0x00, 0x46, 0x00, 0x46, 0x00, 0x46, 0x00, 0x46, 0x00, 
0x46, 0x00, 0x46, 0x00, 0x46, 0x00, 0x46, 0x00, 0x50, 0x00, 0x50, 0x00, 0x50, 0x00, 0x50, 0x00, 
0x50, 0x00, 0x50, 0x00, 0x50, 0x00, 0x50, 0x00, 0x50, 0x00, 0x50, 0x00, 0x50, 0x00, 0x50, 0x00, 
0x50, 0x00, 0x50, 0x00, 0x50, 0x00, 0x50, 0x00, 0x50, 0x00, 0x50, 0x00, 0x50, 0x00, 0x50, 0x00, 
0x5A, 0x00, 0x5A, 0x00, 0x5A, 0x00, 0x5A, 0x00, 0x5A, 0x00, 0x5A, 0x00, 0x5A, 0x00, 0x5A, 0x00, 
0x5A, 0x00, 0x5A, 0x00, 0x5A, 0x00, 0x5A, 0x00, 0x5A, 0x00, 0x5A, 0x00, 0x5A, 0x00, 0x5A, 0x00, 
0x5A, 0x00, 0x5A, 0x00, 0x5A, 0x00, 0x5A, 0x00, 0x64, 0x00, 0x64, 0x00, 0x64, 0x00, 0x64, 0x00, 
0x64, 0x00, 0x64, 0x00, 0x64, 0x00, 0x64, 0x00, 0x64, 0x00, 0x64, 0x00, 0x64, 0x00, 0x64, 0x00, 
0x64, 0x00, 0x64, 0x00, 0x64, 0x00, 0x64, 0x00, 0x64, 0x00, 0x64, 0x00, 0x64, 0x00, 0x64, 0x00, 
0x6E, 0x00, 0x6E, 0x00, 0x6E, 0x00, 0x6E, 0x00, 0x6E, 0x00, 0x6E, 0x00, 0x6E, 0x00, 0x6E, 0x00, 
0x6E, 0x00, 0x6E, 0x00, 0x6E, 0x00, 0x6E, 0x00, 0x6E, 0x00, 0x6E, 0x00, 0x6E, 0x00, 0x6E, 0x00, 
0x6E, 0x00, 0x6E, 0x00, 0x6E, 0x00, 0x6E, 0x00, 0x78, 0x00, 0x78, 0x00, 0x78, 0x00, 0x78, 0x00, 
0x78, 0x00, 0x78, 0x00, 0x78, 0x00, 0x78, 0x00, 0x78, 0x00, 0x78, 0x00, 0x78, 0x00, 0x78, 0x00, 
0x78, 0x00, 0x78, 0x00, 0x78, 0x00, 0x78, 0x00, 0x78, 0x00, 0x78, 0x00, 0x78, 0x00, 0x78, 0x00, 
0x82, 0x00, 0x82, 0x00, 0x82, 0x00, 0x82, 0x00, 0x82, 0x00, 0x82, 0x00, 0x82, 0x00, 0x82, 0x00, 
0x82, 0x00, 0x82, 0x00, 0x82, 0x00, 0x82, 0x00, 0x82, 0x00, 0x82, 0x00, 0x82, 0x00, 0x82, 0x00, 
0x82, 0x00, 0x82, 0x00, 0x82, 0x00, 0x82, 0x00, 0x8C, 0x00, 0x8C, 0x00, 0x8C, 0x00, 0x8C, 0x00, 
0x8C, 0x00, 0x8C, 0x00, 0x8C, 0x00, 0x8C, 0x00, 0x8C, 0x00, 0x8C, 0x00, 0x8C, 0x00, 0x8C, 0x00, 
0x8C, 0x00, 0x8C, 0x00, 0x8C, 0x00, 0x8C, 0x00, 0x8C, 0x00, 0x8C, 0x00, 0x8C, 0x00, 0x8C, 0x00, 
0x96, 0x00, 0x96, 0x00, 0x96, 0x00, 0x96, 0x00, 0x96, 0x00, 0x96, 0x00, 0x96, 0x00, 0x96, 0x00, 
0x96, 0x00, 0x96, 0x00, 0x96, 0x00, 0x96, 0x00, 0x96, 0x00, 0x96, 0x00, 0x96, 0x00, 0x96, 0x00, 
0x96, 0x00, 0x96, 0x00, 0x96, 0x00, 0x96, 0x00, 0xA0, 0x00, 0xA0, 0x00, 0xA0, 0x00, 0xA0, 0x00, 
0xA0, 0x00, 0xA0, 0x00, 0xA0, 0x00, 0xA0, 0x00, 0xA0, 0x00, 0xA0, 0x00, 0xA0, 0x00, 0xA0, 0x00, 
0xA0, 0x00, 0xA0, 0x00, 0xA0, 0x00, 0xA0, 0x00, 0xA0, 0x00, 0xA0, 0x00, 0xA0, 0x00, 0xA0, 0x00, 
0xAA, 0x00, 0xAA, 0x00, 0xAA, 0x00, 0xAA, 0x00, 0xAA, 0x00, 0xAA, 0x00, 0xAA, 0x00, 0xAA, 0x00, 
0xAA, 0x00, 0xAA, 0x00, 0xAA, 0x00, 0xAA, 0x00, 0xAA, 0x00, 0xAA, 0x00, 0xAA, 0x00, 0xAA, 0x00, 
0xAA, 0x00, 0xAA, 0x00, 0xAA, 0x00, 0xAA, 0x00, 0xB4, 0x00, 0xB4, 0x00, 0xB4, 0x00, 0xB4, 0x00, 
0xB4, 0x00, 0xB4, 0x00, 0xB4, 0x00, 0xB4, 0x00, 0xB4, 0x00, 0xB4, 0x00, 0xB4, 0x00, 0xB4, 0x00, 
0xB4, 0x00, 0xB4, 0x00, 0xB4, 0x00, 0xB4, 0x00, 0xB4, 0x00, 0xB4, 0x00, 0xB4, 0x00, 0xB4, 0x00, 
0xBE, 0x00, 0xBE, 0x00, 0xBE, 0x00, 0xBE, 0x00, 0xBE, 0x00, 0xBE, 0x00, 0xBE, 0x00, 0xBE, 0x00, 
0xBE, 0x00, 0xBE, 0x00, 0xBE, 0x00, 0xBE, 0x00, 0xBE, 0x00, 0xBE, 0x00, 0xBE, 0x00, 0xBE, 0x00, 
0xBE, 0x00, 0xBE, 0x00, 0xBE, 0x00, 0xBE, 0x00, 0xC8, 0x00, 0xC8, 0x00, 0xC8, 0x00, 0xC8, 0x00, 
0xC8, 0x00, 0xC8, 0x00, 0xC8, 0x00, 0xC8, 0x00, 0xC8, 0x00, 0xC8, 0x00, 0xC8, 0x00, 0xC8, 0x00, 
0xC8, 0x00, 0xC8, 0x00, 0xC8, 0x00, 0xC8, 0x00, 0xC8, 0x00, 0xC8, 0x00, 0xC8, 0x00, 0xC8, 0x00, 
0xD2, 0x00, 0xD2, 0x00, 0xD2, 0x00, 0xD2, 0x00, 0xD2, 0x00, 0xD2, 0x00, 0xD2, 0x00, 0xD2, 0x00, 
0xD2, 0x00, 0xD2, 0x00, 0xD2, 0x00, 0xD2, 0x00, 0xD2, 0x00, 0xD2, 0x00, 0xD2, 0x00, 0xD2, 0x00, 
0xD2, 0x00, 0xD2, 0x00, 0xD2, 0x00, 0xD2, 0x00, 0xDC, 0x00, 0xDC, 0x00, 0xDC, 0x00, 0xDC, 0x00, 
0xDC, 0x00, 0xDC, 0x00, 0xDC, 0x00, 0xDC, 0x00, 0xDC, 0x00, 0xDC, 0x00, 0xDC, 0x00, 0xDC, 0x00, 
0xDC, 0x00, 0xDC, 0x00, 0xDC, 0x00, 0xDC, 0x00, 0xDC, 0x00, 0xDC, 0x00, 0xDC, 0x00, 0xDC, 0x00, 
0xE6, 0x00, 0xE6, 0x00, 0xE6, 0x00, 0xE6, 0x00, 0xE6, 0x00, 0xE6, 0x00, 0xE6, 0x00, 0xE6, 0x00, 
0xE6, 0x00, 0xE6, 0x00, 0xE6, 0x00, 0xE6, 0x00, 0xE6, 0x00, 0xE6, 0x00, 0xE6, 0x00, 0xE6, 0x00, 
0xE6, 0x00, 0xE6, 0x00, 0xE6, 0x00, 0xE6, 0x00, 0xF0, 0x00, 0xF0, 0x00, 0xF0, 0x00, 0xF0, 0x00, 
0xF0, 0x00, 0xF0, 0x00, 0xF0, 0x00, 0xF0, 0x00, 0xF0, 0x00, 0xF0, 0x00, 0xF0, 0x00, 0xF0, 0x00, 
0xF0, 0x00, 0xF0, 0x00, 0xF0, 0x00, 0xF0, 0x00, 0xF0, 0x00, 0xF0, 0x00, 0xF0, 0x00, 0xF0, 0x00, 
0xFA, 0x00, 0xFA, 0x00, 0xFA, 0x00, 0xFA, 0x00, 0xFA, 0x00, 0xFA, 0x00, 0xFA, 0x00, 0xFA, 0x00, 
0xFA, 0x00, 0xFA, 0x00, 0xFA, 0x00, 0xFA, 0x00, 0xFA, 0x00, 0xFA, 0x00, 0xFA, 0x00, 0xFA, 0x00, 
0xFA, 0x00, 0xFA, 0x00, 0xFA, 0x00, 0xFA, 0x00, 0x04, 0x01, 0x04, 0x01, 0x04, 0x01, 0x04, 0x01, 
0x04, 0x01, 0x04, 0x01, 0x04, 0x01, 0x04, 0x01, 0x04, 0x01, 0x04, 0x01, 0x04, 0x01, 0x04, 0x01, 
0x04, 0x01, 0x04, 0x01, 0x04, 0x01, 0x04, 0x01, 0x04, 0x01, 0x04, 0x01, 0x04, 0x01, 0x04, 0x01, 
0x0E, 0x01, 0x0E, 0x01, 0x0E, 0x01, 0x0E, 0x01, 0x0E, 0x01, 0x0E, 0x01, 0x0E, 0x01, 0x0E, 0x01, 
0x0E, 0x01, 0x0E, 0x01, 0x0E, 0x01, 0x0E, 0x01, 0x0E, 0x01, 0x0E, 0x01, 0x0E, 0x01, 0x0E, 0x01, 
0x0E, 0x01, 0x0E, 0x01, 0x0E, 0x01, 0x0E, 0x01, 0x18, 0x01, 0x18, 0x01, 0x18, 0x01, 0x18, 0x01, 
0x18, 0x01, 0x18, 0x01, 0x18, 0x01, 0x18, 0x01, 0x18, 0x01, 0x18, 0x01, 0x18, 0x01, 0x18, 0x01, 
0x18, 0x01, 0x18, 0x01, 0x18, 0x01, 0x18, 0x01, 0x18, 0x01, 0x18, 0x01, 0x18, 0x01, 0x18, 0x01, 
0x22, 0x01, 0x22, 0x01, 0x22, 0x01, 0x22, 0x01, 0x22, 0x01, 0x22, 0x01, 0x22, 0x01, 0x22, 0x01, 
0x22, 0x01, 0x22, 0x01, 0x22, 0x01, 0x22, 0x01, 0x22, 0x01, 0x22, 0x01, 0x22, 0x01, 0x22, 0x01, 
0x22, 0x01, 0x22, 0x01, 0x22, 0x01, 0x22, 0x01, 0x2C, 0x01, 0x2C, 0x01, 0x2C, 0x01, 0x2C, 0x01, 
0x2C, 0x01, 0x2C, 0x01, 0x2C, 0x01, 0x2C, 0x01, 0x2C, 0x01, 0x2C, 0x01, 0x2C, 0x01, 0x2C, 0x01, 
0x2C, 0x01, 0x2C, 0x01, 0x2C, 0x01, 0x2C, 0x01, 0x2C, 0x01, 0x2C, 0x01, 0x2C, 0x01, 0x2C, 0x01, 
0x36, 0x01, 0x36, 0x01, 0x36, 0x01, 0x36, 0x01, 0x36, 0x01, 0x36, 0x01, 0x36, 0x01, 0x36, 0x01, 
0x36, 0x01, 0x36, 0x01, 0x36, 0x01, 0x36, 0x01, 0x36, 0x01, 0x36, 0x01, 0x36, 0x01, 0x36, 0x01, 
0x36, 0x01, 0x36, 0x01, 0x36, 0x01, 0x36, 0x01, 0x40, 0x01, 0x40, 0x01, 0x40, 0x01, 0x40, 0x01, 
0x40, 0x01, 0x40, 0x01, 0x40, 0x01, 0x40, 0x01, 0x40, 0x01, 0x40, 0x01, 0x40, 0x01, 0x40, 0x01, 
0x40, 0x01, 0x40, 0x01, 0x40, 0x01, 0x40, 0x01, 0x40, 0x01, 0x40, 0x01, 0x40, 0x01, 0x40, 0x01, 
0x4A, 0x01, 0x4A, 0x01, 0x4A, 0x01, 0x4A, 0x01, 0x4A, 0x01, 0x4A, 0x01, 0x4A, 0x01, 0x4A, 0x01, 
0x4A, 0x01, 0x4A, 0x01, 0x4A, 0x01, 0x4A, 0x01, 0x4A, 0x01, 0x4A, 0x01, 0x4A, 0x01, 0x4A, 0x01, 
0x4A, 0x01, 0x4A, 0x01, 0x4A, 0x01, 0x4A, 0x01, 0x54, 0x01, 0x54, 0x01, 0x54, 0x01, 0x54, 0x01, 
0x54, 0x01, 0x54, 0x01, 0x54, 0x01, 0x54, 0x01, 0x54, 0x01, 0x54, 0x01, 0x54, 0x01, 0x54, 0x01, 
0x54, 0x01, 0x54, 0x01, 0x54, 0x01, 0x54, 0x01, 0x54, 0x01, 0x54, 0x01, 0x54, 0x01, 0x54, 0x01, 
0x5E, 0x01, 0x5E, 0x01, 0x5E, 0x01, 0x5E, 0x01, 0x5E, 0x01, 0x5E, 0x01, 0x5E, 0x01, 0x5E, 0x01, 
0x5E, 0x01, 0x5E, 0x01, 0x5E, 0x01, 0x5E, 0x01, 0x5E, 0x01, 0x5E, 0x01, 0x5E, 0x01, 0x5E, 0x01, 
0x5E, 0x01, 0x5E, 0x01, 0x5E, 0x01, 0x5E, 0x01, 0x68, 0x01, 0x68, 0x01, 0x68, 0x01, 0x68, 0x01, 
0x68, 0x01, 0x68, 0x01, 0x68, 0x01, 0x68, 0x01, 0x68, 0x01, 0x68, 0x01, 0x68, 0x01, 0x68, 0x01, 
0x68, 0x01, 0x68, 0x01, 0x68, 0x01, 0x68, 0x01, 0x68, 0x01, 0x68, 0x01, 0x68, 0x01, 0x68, 0x01, 
0x72, 0x01, 0x72, 0x01, 0x72, 0x01, 0x72, 0x01, 0x72, 0x01, 0x72, 0x01, 0x72, 0x01, 0x72, 0x01, 
0x72, 0x01, 0x72, 0x01, 0x72, 0x01, 0x72, 0x01, 0x72, 0x01, 0x72, 0x01, 0x72, 0x01, 0x72, 0x01, 
0x72, 0x01, 0x72, 0x01, 0x72, 0x01, 0x72, 0x01, 0x01, 0x00, 0x0E, 0x00, 0x19, 0x00, 0x23, 0x00, 
0x2D, 0x00, 0x37, 0x00, 0x41, 0x00, 0x4B, 0x00, 0x54, 0x00, 0x5A, 0x00, 0x64, 0x00, 0x6A, 0x00, 
0x73, 0x00, 0x7D, 0x00, 0x87, 0x00, 0x91, 0x00, 0x9B, 0x00, 0xA5, 0x00, 0xB0, 0x00, 0xBE, 0x00, 
0x01, 0x00, 0x0E, 0x00, 0x19, 0x00, 0x23, 0x00, 0x2D, 0x00, 0x37, 0x00, 0x41, 0x00, 0x4B, 0x00, 
0x54, 0x00, 0x5A, 0x00, 0x64, 0x00, 0x6A, 0x00, 0x73, 0x00, 0x7D, 0x00, 0x87, 0x00, 0x91, 0x00, 
0x9B, 0x00, 0xA5, 0x00, 0xB0, 0x00, 0xBE, 0x00, 0x01, 0x00, 0x08, 0x00, 0x13, 0x00, 0x1E, 0x00, 
0x28, 0x00, 0x32, 0x00, 0x3C, 0x00, 0x46, 0x00, 0x50, 0x00, 0x5A, 0x00, 0x64, 0x00, 0x6E, 0x00, 
0x78, 0x00, 0x82, 0x00, 0x8C, 0x00, 0x96, 0x00, 0xA0, 0x00, 0xAB, 0x00, 0xB4, 0x00, 0xC0, 0x00, 
0x01, 0x00, 0x08, 0x00, 0x13, 0x00, 0x1E, 0x00, 0x28, 0x00, 0x32, 0x00, 0x3C, 0x00, 0x46, 0x00, 
0x50, 0x00, 0x5A, 0x00, 0x64, 0x00, 0x6E, 0x00, 0x78, 0x00, 0x82, 0x00, 0x8C, 0x00, 0x96, 0x00, 
0xA0, 0x00, 0xAB, 0x00, 0xB4, 0x00, 0xC0, 0x00, 0x01, 0x00, 0x08, 0x00, 0x13, 0x00, 0x1E, 0x00, 
0x28, 0x00, 0x32, 0x00, 0x3C, 0x00, 0x46, 0x00, 0x50, 0x00, 0x5A, 0x00, 0x64, 0x00, 0x6E, 0x00, 
0x78, 0x00, 0x82, 0x00, 0x8C, 0x00, 0x96, 0x00, 0xA0, 0x00, 0xAB, 0x00, 0xB4, 0x00, 0xC0, 0x00, 
0x01, 0x00, 0x08, 0x00, 0x13, 0x00, 0x1E, 0x00, 0x28, 0x00, 0x32, 0x00, 0x3C, 0x00, 0x46, 0x00, 
0x50, 0x00, 0x5A, 0x00, 0x64, 0x00, 0x6E, 0x00, 0x78, 0x00, 0x82, 0x00, 0x8C, 0x00, 0x96, 0x00, 
0xA0, 0x00, 0xAB, 0x00, 0xB4, 0x00, 0xC0, 0x00, 0x01, 0x00, 0x08, 0x00, 0x13, 0x00, 0x1E, 0x00, 
0x28, 0x00, 0x32, 0x00, 0x3C, 0x00, 0x46, 0x00, 0x50, 0x00, 0x5A, 0x00, 0x64, 0x00, 0x6E, 0x00, 
0x78, 0x00, 0x82, 0x00, 0x8C, 0x00, 0x96, 0x00, 0xA0, 0x00, 0xAB, 0x00, 0xB4, 0x00, 0xC0, 0x00, 
0x01, 0x00, 0x08, 0x00, 0x13, 0x00, 0x1E, 0x00, 0x28, 0x00, 0x32, 0x00, 0x3C, 0x00, 0x46, 0x00, 
0x50, 0x00, 0x5A, 0x00, 0x64, 0x00, 0x6E, 0x00, 0x78, 0x00, 0x82, 0x00, 0x8C, 0x00, 0x96, 0x00, 
0xA0, 0x00, 0xAB, 0x00, 0xB4, 0x00, 0xC0, 0x00, 0x01, 0x00, 0x08, 0x00, 0x13, 0x00, 0x1E, 0x00, 
0x28, 0x00, 0x32, 0x00, 0x3C, 0x00, 0x46, 0x00, 0x50, 0x00, 0x5A, 0x00, 0x64, 0x00, 0x6E, 0x00, 
0x78, 0x00, 0x82, 0x00, 0x8C, 0x00, 0x96, 0x00, 0xA0, 0x00, 0xAB, 0x00, 0xB4, 0x00, 0xC0, 0x00, 
0x01, 0x00, 0x08, 0x00, 0x13, 0x00, 0x1E, 0x00, 0x28, 0x00, 0x32, 0x00, 0x3C, 0x00, 0x46, 0x00, 
0x50, 0x00, 0x5A, 0x00, 0x64, 0x00, 0x6E, 0x00, 0x78, 0x00, 0x82, 0x00, 0x8C, 0x00, 0x96, 0x00, 
0xA0, 0x00, 0xAB, 0x00, 0xB4, 0x00, 0xC0, 0x00, 0x01, 0x00, 0x08, 0x00, 0x13, 0x00, 0x1E, 0x00, 
0x28, 0x00, 0x32, 0x00, 0x3C, 0x00, 0x46, 0x00, 0x50, 0x00, 0x5A, 0x00, 0x64, 0x00, 0x6E, 0x00, 
0x78, 0x00, 0x82, 0x00, 0x8C, 0x00, 0x96, 0x00, 0xA0, 0x00, 0xAB, 0x00, 0xB4, 0x00, 0xC0, 0x00, 
0x01, 0x00, 0x08, 0x00, 0x13, 0x00, 0x1E, 0x00, 0x28, 0x00, 0x32, 0x00, 0x3C, 0x00, 0x46, 0x00, 
0x50, 0x00, 0x5A, 0x00, 0x64, 0x00, 0x6E, 0x00, 0x78, 0x00, 0x82, 0x00, 0x8C, 0x00, 0x96, 0x00, 
0xA0, 0x00, 0xAB, 0x00, 0xB4, 0x00, 0xC0, 0x00, 0x01, 0x00, 0x08, 0x00, 0x13, 0x00, 0x1E, 0x00, 
0x28, 0x00, 0x32, 0x00, 0x3C, 0x00, 0x46, 0x00, 0x50, 0x00, 0x5A, 0x00, 0x64, 0x00, 0x6E, 0x00, 
0x78, 0x00, 0x82, 0x00, 0x8C, 0x00, 0x96, 0x00, 0xA0, 0x00, 0xAB, 0x00, 0xB4, 0x00, 0xC0, 0x00, 
0x01, 0x00, 0x08, 0x00, 0x13, 0x00, 0x1E, 0x00, 0x28, 0x00, 0x32, 0x00, 0x3C, 0x00, 0x46, 0x00, 
0x50, 0x00, 0x5A, 0x00, 0x64, 0x00, 0x6E, 0x00, 0x78, 0x00, 0x82, 0x00, 0x8C, 0x00, 0x96, 0x00, 
0xA0, 0x00, 0xAB, 0x00, 0xB4, 0x00, 0xC0, 0x00, 0x01, 0x00, 0x08, 0x00, 0x13, 0x00, 0x1E, 0x00, 
0x28, 0x00, 0x32, 0x00, 0x3C, 0x00, 0x46, 0x00, 0x50, 0x00, 0x5A, 0x00, 0x64, 0x00, 0x6E, 0x00, 
0x78, 0x00, 0x82, 0x00, 0x8C, 0x00, 0x96, 0x00, 0xA0, 0x00, 0xAB, 0x00, 0xB4, 0x00, 0xC0, 0x00, 
0x01, 0x00, 0x08, 0x00, 0x13, 0x00, 0x1E, 0x00, 0x28, 0x00, 0x32, 0x00, 0x3C, 0x00, 0x46, 0x00, 
0x50, 0x00, 0x5A, 0x00, 0x64, 0x00, 0x6E, 0x00, 0x78, 0x00, 0x82, 0x00, 0x8C, 0x00, 0x96, 0x00, 
0xA0, 0x00, 0xAB, 0x00, 0xB4, 0x00, 0xC0, 0x00, 0x01, 0x00, 0x08, 0x00, 0x13, 0x00, 0x1E, 0x00, 
0x28, 0x00, 0x32, 0x00, 0x3C, 0x00, 0x46, 0x00, 0x50, 0x00, 0x5A, 0x00, 0x64, 0x00, 0x6E, 0x00, 
0x78, 0x00, 0x82, 0x00, 0x8C, 0x00, 0x96, 0x00, 0xA0, 0x00, 0xAB, 0x00, 0xB4, 0x00, 0xC0, 0x00, 
0x01, 0x00, 0x08, 0x00, 0x13, 0x00, 0x1E, 0x00, 0x28, 0x00, 0x32, 0x00, 0x3C, 0x00, 0x46, 0x00, 
0x50, 0x00, 0x5A, 0x00, 0x64, 0x00, 0x6E, 0x00, 0x78, 0x00, 0x82, 0x00, 0x8C, 0x00, 0x96, 0x00, 
0xA0, 0x00, 0xAB, 0x00, 0xB4, 0x00, 0xC0, 0x00, 0x01, 0x00, 0x08, 0x00, 0x13, 0x00, 0x1E, 0x00, 
0x28, 0x00, 0x32, 0x00, 0x3C, 0x00, 0x46, 0x00, 0x50, 0x00, 0x5A, 0x00, 0x64, 0x00, 0x6E, 0x00, 
0x78, 0x00, 0x82, 0x00, 0x8C, 0x00, 0x96, 0x00, 0xA0, 0x00, 0xAB, 0x00, 0xB4, 0x00, 0xC0, 0x00, 
0x01, 0x00, 0x08, 0x00, 0x13, 0x00, 0x1E, 0x00, 0x28, 0x00, 0x32, 0x00, 0x3C, 0x00, 0x46, 0x00, 
0x50, 0x00, 0x5A, 0x00, 0x64, 0x00, 0x6E, 0x00, 0x78, 0x00, 0x82, 0x00, 0x8C, 0x00, 0x96, 0x00, 
0xA0, 0x00, 0xAB, 0x00, 0xB4, 0x00, 0xC0, 0x00, 0x01, 0x00, 0x08, 0x00, 0x13, 0x00, 0x1E, 0x00, 
0x28, 0x00, 0x32, 0x00, 0x3C, 0x00, 0x46, 0x00, 0x50, 0x00, 0x5A, 0x00, 0x64, 0x00, 0x6E, 0x00, 
0x78, 0x00, 0x82, 0x00, 0x8C, 0x00, 0x96, 0x00, 0xA0, 0x00, 0xAB, 0x00, 0xB4, 0x00, 0xC0, 0x00, 
0x01, 0x00, 0x08, 0x00, 0x13, 0x00, 0x1E, 0x00, 0x28, 0x00, 0x32, 0x00, 0x3C, 0x00, 0x46, 0x00, 
0x50, 0x00, 0x5A, 0x00, 0x64, 0x00, 0x6E, 0x00, 0x78, 0x00, 0x82, 0x00, 0x8C, 0x00, 0x96, 0x00, 
0xA0, 0x00, 0xAB, 0x00, 0xB4, 0x00, 0xC0, 0x00, 0x01, 0x00, 0x08, 0x00, 0x13, 0x00, 0x1E, 0x00, 
0x28, 0x00, 0x32, 0x00, 0x3C, 0x00, 0x46, 0x00, 0x50, 0x00, 0x5A, 0x00, 0x64, 0x00, 0x6E, 0x00, 
0x78, 0x00, 0x82, 0x00, 0x8C, 0x00, 0x96, 0x00, 0xA0, 0x00, 0xAB, 0x00, 0xB4, 0x00, 0xC0, 0x00, 
0x01, 0x00, 0x08, 0x00, 0x13, 0x00, 0x1E, 0x00, 0x28, 0x00, 0x32, 0x00, 0x3C, 0x00, 0x46, 0x00, 
0x50, 0x00, 0x5A, 0x00, 0x64, 0x00, 0x6E, 0x00, 0x78, 0x00, 0x82, 0x00, 0x8C, 0x00, 0x96, 0x00, 
0xA0, 0x00, 0xAB, 0x00, 0xB4, 0x00, 0xC0, 0x00, 0x01, 0x00, 0x08, 0x00, 0x13, 0x00, 0x1E, 0x00, 
0x28, 0x00, 0x32, 0x00, 0x3C, 0x00, 0x46, 0x00, 0x50, 0x00, 0x5A, 0x00, 0x64, 0x00, 0x6E, 0x00, 
0x78, 0x00, 0x82, 0x00, 0x8C, 0x00, 0x96, 0x00, 0xA0, 0x00, 0xAB, 0x00, 0xB4, 0x00, 0xC0, 0x00, 
0x01, 0x00, 0x08, 0x00, 0x13, 0x00, 0x1E, 0x00, 0x28, 0x00, 0x32, 0x00, 0x3C, 0x00, 0x46, 0x00, 
0x50, 0x00, 0x5A, 0x00, 0x64, 0x00, 0x6E, 0x00, 0x78, 0x00, 0x82, 0x00, 0x8C, 0x00, 0x96, 0x00, 
0xA0, 0x00, 0xAB, 0x00, 0xB4, 0x00, 0xC0, 0x00, 0x01, 0x00, 0x08, 0x00, 0x13, 0x00, 0x1E, 0x00, 
0x28, 0x00, 0x32, 0x00, 0x3C, 0x00, 0x46, 0x00, 0x50, 0x00, 0x5A, 0x00, 0x64, 0x00, 0x6E, 0x00, 
0x78, 0x00, 0x82, 0x00, 0x8C, 0x00, 0x96, 0x00, 0xA0, 0x00, 0xAB, 0x00, 0xB4, 0x00, 0xC0, 0x00, 
0x01, 0x00, 0x08, 0x00, 0x13, 0x00, 0x1E, 0x00, 0x28, 0x00, 0x32, 0x00, 0x3C, 0x00, 0x46, 0x00, 
0x50, 0x00, 0x5A, 0x00, 0x64, 0x00, 0x6E, 0x00, 0x78, 0x00, 0x82, 0x00, 0x8C, 0x00, 0x96, 0x00, 
0xA0, 0x00, 0xAB, 0x00, 0xB4, 0x00, 0xC0, 0x00, 0x01, 0x00, 0x08, 0x00, 0x13, 0x00, 0x1E, 0x00, 
0x28, 0x00, 0x32, 0x00, 0x3C, 0x00, 0x46, 0x00, 0x50, 0x00, 0x5A, 0x00, 0x64, 0x00, 0x6E, 0x00, 
0x78, 0x00, 0x82, 0x00, 0x8C, 0x00, 0x96, 0x00, 0xA0, 0x00, 0xAB, 0x00, 0xB4, 0x00, 0xC0, 0x00, 
0x01, 0x00, 0x08, 0x00, 0x13, 0x00, 0x1E, 0x00, 0x28, 0x00, 0x32, 0x00, 0x3C, 0x00, 0x46, 0x00, 
0x50, 0x00, 0x5A, 0x00, 0x64, 0x00, 0x6E, 0x00, 0x78, 0x00, 0x82, 0x00, 0x8C, 0x00, 0x96, 0x00, 
0xA0, 0x00, 0xAB, 0x00, 0xB4, 0x00, 0xC0, 0x00, 0x01, 0x00, 0x08, 0x00, 0x13, 0x00, 0x1E, 0x00, 
0x28, 0x00, 0x32, 0x00, 0x3C, 0x00, 0x46, 0x00, 0x50, 0x00, 0x5A, 0x00, 0x64, 0x00, 0x6E, 0x00, 
0x78, 0x00, 0x82, 0x00, 0x8C, 0x00, 0x96, 0x00, 0xA0, 0x00, 0xAB, 0x00, 0xB4, 0x00, 0xC0, 0x00, 
0x01, 0x00, 0x08, 0x00, 0x13, 0x00, 0x1E, 0x00, 0x28, 0x00, 0x32, 0x00, 0x3C, 0x00, 0x46, 0x00, 
0x50, 0x00, 0x5A, 0x00, 0x64, 0x00, 0x6E, 0x00, 0x78, 0x00, 0x82, 0x00, 0x8C, 0x00, 0x96, 0x00, 
0xA0, 0x00, 0xAB, 0x00, 0xB4, 0x00, 0xC0, 0x00, 0x01, 0x00, 0x08, 0x00, 0x13, 0x00, 0x1E, 0x00, 
0x28, 0x00, 0x32, 0x00, 0x3C, 0x00, 0x46, 0x00, 0x50, 0x00, 0x5A, 0x00, 0x64, 0x00, 0x6E, 0x00, 
0x78, 0x00, 0x82, 0x00, 0x8C, 0x00, 0x96, 0x00, 0xA0, 0x00, 0xAB, 0x00, 0xB4, 0x00, 0xC0, 0x00, 
0x01, 0x00, 0x08, 0x00, 0x13, 0x00, 0x1E, 0x00, 0x28, 0x00, 0x32, 0x00, 0x3C, 0x00, 0x46, 0x00, 
0x50, 0x00, 0x5A, 0x00, 0x64, 0x00, 0x6E, 0x00, 0x78, 0x00, 0x82, 0x00, 0x8C, 0x00, 0x96, 0x00, 
0xA0, 0x00, 0xAB, 0x00, 0xB4, 0x00, 0xC0, 0x00, 0x01, 0x00, 0x08, 0x00, 0x13, 0x00, 0x1E, 0x00, 
0x28, 0x00, 0x32, 0x00, 0x3C, 0x00, 0x46, 0x00, 0x50, 0x00, 0x5A, 0x00, 0x64, 0x00, 0x6E, 0x00, 
0x78, 0x00, 0x82, 0x00, 0x8C, 0x00, 0x96, 0x00, 0xA0, 0x00, 0xAB, 0x00, 0xB4, 0x00, 0xC0, 0x00, 
0x01, 0x00, 0x08, 0x00, 0x13, 0x00, 0x1E, 0x00, 0x28, 0x00, 0x32, 0x00, 0x3C, 0x00, 0x46, 0x00, 
0x50, 0x00, 0x5A, 0x00, 0x64, 0x00, 0x6E, 0x00, 0x78, 0x00, 0x82, 0x00, 0x8C, 0x00, 0x96, 0x00, 
0xA0, 0x00, 0xAB, 0x00, 0xB4, 0x00, 0xC0, 0x00, 0x01, 0x00, 0x08, 0x00, 0x13, 0x00, 0x1E, 0x00, 
0x28, 0x00, 0x32, 0x00, 0x3C, 0x00, 0x46, 0x00, 0x50, 0x00, 0x5A, 0x00, 0x64, 0x00, 0x6E, 0x00, 
0x78, 0x00, 0x82, 0x00, 0x8C, 0x00, 0x96, 0x00, 0xA0, 0x00, 0xAB, 0x00, 0xB4, 0x00, 0xC0, 0x00, 
0x01, 0x00, 0x08, 0x00, 0x13, 0x00, 0x1E, 0x00, 0x28, 0x00, 0x32, 0x00, 0x3C, 0x00, 0x46, 0x00, 
0x50, 0x00, 0x5A, 0x00, 0x64, 0x00, 0x6E, 0x00, 0x78, 0x00, 0x82, 0x00, 0x8C, 0x00, 0x96, 0x00, 
0xA0, 0x00, 0xAB, 0x00, 0xB4, 0x00, 0xC0, 0x00, 0x14, 0x00, 0x14, 0x00, 0x14, 0x00, 0x14, 0x00, 
0x14, 0x00, 0x14, 0x00, 0x14, 0x00, 0x14, 0x00, 0x14, 0x00, 0x14, 0x00, 0x14, 0x00, 0x14, 0x00, 
0x14, 0x00, 0x14, 0x00, 0x14, 0x00, 0x14, 0x00, 0x14, 0x00, 0x14, 0x00, 0x14, 0x00, 0x14, 0x00, 
0x14, 0x00, 0x14, 0x00, 0x14, 0x00, 0x14, 0x00, 0x14, 0x00, 0x14, 0x00, 0x14, 0x00, 0x14, 0x00, 
0x14, 0x00, 0x14, 0x00, 0x14, 0x00, 0x14, 0x00, 0x14, 0x00, 0x14, 0x00, 0x14, 0x00, 0x14, 0x00, 
0x14, 0x00, 0x14, 0x00, 0x14, 0x00, 0x14, 0x00, 0x15, 0x00, 0x15, 0x00, 0x16, 0x00, 0x16, 0x00, 
0x17, 0x00, 0x17, 0x00, 0x18, 0x00, 0x18, 0x00, 0x19, 0x00, 0x19, 0x00, 0x1A, 0x00, 0x1A, 0x00, 
0x1B, 0x00, 0x1B, 0x00, 0x1C, 0x00, 0x1C, 0x00, 0x1D, 0x00, 0x1D, 0x00, 0x1E, 0x00, 0x1E, 0x00, 
0x1F, 0x00, 0x1F, 0x00, 0x20, 0x00, 0x20, 0x00, 0x21, 0x00, 0x21, 0x00, 0x22, 0x00, 0x22, 0x00, 
0x23, 0x00, 0x23, 0x00, 0x24, 0x00, 0x24, 0x00, 0x25, 0x00, 0x25, 0x00, 0x26, 0x00, 0x26, 0x00, 
0x27, 0x00, 0x27, 0x00, 0x28, 0x00, 0x28, 0x00, 0x29, 0x00, 0x29, 0x00, 0x2A, 0x00, 0x2A, 0x00, 
0x2B, 0x00, 0x2B, 0x00, 0x2C, 0x00, 0x2C, 0x00, 0x2D, 0x00, 0x2D, 0x00, 0x2E, 0x00, 0x2E, 0x00, 
0x2F, 0x00, 0x2F, 0x00, 0x30, 0x00, 0x30, 0x00, 0x31, 0x00, 0x31, 0x00, 0x32, 0x00, 0x32, 0x00, 
0x3C, 0x00, 0x3C, 0x00, 0x3D, 0x00, 0x3D, 0x00, 0x3E, 0x00, 0x3F, 0x00, 0x3F, 0x00, 0x40, 0x00, 
0x40, 0x00, 0x41, 0x00, 0x42, 0x00, 0x42, 0x00, 0x43, 0x00, 0x43, 0x00, 0x44, 0x00, 0x45, 0x00, 
0x45, 0x00, 0x46, 0x00, 0x46, 0x00, 0x47, 0x00, 0x48, 0x00, 0x48, 0x00, 0x49, 0x00, 0x49, 0x00, 
0x4A, 0x00, 0x4B, 0x00, 0x4B, 0x00, 0x4C, 0x00, 0x4C, 0x00, 0x4D, 0x00, 0x4E, 0x00, 0x4E, 0x00, 
0x4F, 0x00, 0x4F, 0x00, 0x50, 0x00, 0x51, 0x00, 0x51, 0x00, 0x52, 0x00, 0x52, 0x00, 0x53, 0x00, 
0x54, 0x00, 0x54, 0x00, 0x55, 0x00, 0x55, 0x00, 0x56, 0x00, 0x57, 0x00, 0x57, 0x00, 0x58, 0x00, 
0x58, 0x00, 0x59, 0x00, 0x5A, 0x00, 0x5A, 0x00, 0x5B, 0x00, 0x5B, 0x00, 0x5C, 0x00, 0x5D, 0x00, 
0x5D, 0x00, 0x5E, 0x00, 0x5E, 0x00, 0x5F, 0x00, 0x60, 0x00, 0x60, 0x00, 0x61, 0x00, 0x61, 0x00, 
0x62, 0x00, 0x63, 0x00, 0x63, 0x00, 0x64, 0x00, 0x64, 0x00, 0x65, 0x00, 0x66, 0x00, 0x66, 0x00, 
0x67, 0x00, 0x67, 0x00, 0x68, 0x00, 0x69, 0x00, 0x69, 0x00, 0x6A, 0x00, 0x6A, 0x00, 0x6B, 0x00, 
0x6C, 0x00, 0x6C, 0x00, 0x6D, 0x00, 0x6D, 0x00, 0x6E, 0x00, 0x6F, 0x00, 0x6F, 0x00, 0x70, 0x00, 
0x70, 0x00, 0x71, 0x00, 0x72, 0x00, 0x72, 0x00, 0x73, 0x00, 0x74, 0x00, 0x75, 0x00, 0x75, 0x00, 
0x76, 0x00, 0x77, 0x00, 0x77, 0x00, 0x78, 0x00, 0x65, 0x00, 0x65, 0x00, 0x66, 0x00, 0x66, 0x00, 
0x67, 0x00, 0x67, 0x00, 0x68, 0x00, 0x68, 0x00, 0x69, 0x00, 0x69, 0x00, 0x6A, 0x00, 0x6A, 0x00, 
0x6B, 0x00, 0x6B, 0x00, 0x6C, 0x00, 0x6C, 0x00, 0x6D, 0x00, 0x6D, 0x00, 0x6E, 0x00, 0x6E, 0x00, 
0x6F, 0x00, 0x6F, 0x00, 0x70, 0x00, 0x70, 0x00, 0x71, 0x00, 0x71, 0x00, 0x72, 0x00, 0x72, 0x00, 
0x73, 0x00, 0x73, 0x00, 0x74, 0x00, 0x74, 0x00, 0x75, 0x00, 0x75, 0x00, 0x76, 0x00, 0x76, 0x00, 
0x77, 0x00, 0x77, 0x00, 0x78, 0x00, 0x78, 0x00, 0x79, 0x00, 0x79, 0x00, 0x7A, 0x00, 0x7A, 0x00, 
0x7B, 0x00, 0x7B, 0x00, 0x7C, 0x00, 0x7C, 0x00, 0x7D, 0x00, 0x7D, 0x00, 0x7E, 0x00, 0x7E, 0x00, 
0x7F, 0x00, 0x7F, 0x00, 0x80, 0x00, 0x80, 0x00, 0x81, 0x00, 0x81, 0x00, 0x82, 0x00, 0x82, 0x00, 
0x83, 0x00, 0x83, 0x00, 0x84, 0x00, 0x84, 0x00, 0x85, 0x00, 0x85, 0x00, 0x86, 0x00, 0x86, 0x00, 
0x87, 0x00, 0x87, 0x00, 0x88, 0x00, 0x88, 0x00, 0x89, 0x00, 0x89, 0x00, 0x8A, 0x00, 0x8A, 0x00, 
0x8B, 0x00, 0x8B, 0x00, 0x8C, 0x00, 0x8C, 0x00, 0x8D, 0x00, 0x8D, 0x00, 0x8E, 0x00, 0x8E, 0x00, 
0x8F, 0x00, 0x8F, 0x00, 0x90, 0x00, 0x90, 0x00, 0x91, 0x00, 0x91, 0x00, 0x92, 0x00, 0x92, 0x00, 
0x93, 0x00, 0x93, 0x00, 0x94, 0x00, 0x94, 0x00, 0x95, 0x00, 0x95, 0x00, 0x96, 0x00, 0x96, 0x00, 
0x97, 0x00, 0x97, 0x00, 0x98, 0x00, 0x98, 0x00, 0x99, 0x00, 0x99, 0x00, 0x9A, 0x00, 0x9A, 0x00, 
0x9B, 0x00, 0x9B, 0x00, 0x9C, 0x00, 0x9C, 0x00, 0x9D, 0x00, 0x9D, 0x00, 0x9E, 0x00, 0x9E, 0x00, 
0x9F, 0x00, 0x9F, 0x00, 0xA0, 0x00, 0xA0, 0x00, 0xA1, 0x00, 0xA1, 0x00, 0xA2, 0x00, 0xA2, 0x00, 
0xA3, 0x00, 0xA3, 0x00, 0xA4, 0x00, 0xA4, 0x00, 0xA5, 0x00, 0xA5, 0x00, 0xA6, 0x00, 0xA6, 0x00, 
0xA7, 0x00, 0xA7, 0x00, 0xA8, 0x00, 0xA8, 0x00, 0xA9, 0x00, 0xA9, 0x00, 0xAA, 0x00, 0xAA, 0x00, 
0xAB, 0x00, 0xAB, 0x00, 0xAC, 0x00, 0xAC, 0x00, 0xAD, 0x00, 0xAD, 0x00, 0xAE, 0x00, 0xAE, 0x00, 
0xAF, 0x00, 0xAF, 0x00, 0xB0, 0x00, 0xB0, 0x00, 0xB1, 0x00, 0xB1, 0x00, 0xB2, 0x00, 0xB2, 0x00, 
0xB3, 0x00, 0xB3, 0x00, 0xB4, 0x00, 0xB4, 0x00, 0xB5, 0x00, 0xB5, 0x00, 0xB6, 0x00, 0xB6, 0x00, 
0xB7, 0x00, 0xB7, 0x00, 0xB8, 0x00, 0xB8, 0x00, 0xB9, 0x00, 0xB9, 0x00, 0xBA, 0x00, 0xBA, 0x00, 
0xBB, 0x00, 0xBB, 0x00, 0xBC, 0x00, 0xBC, 0x00, 0xBD, 0x00, 0xBD, 0x00, 0xBE, 0x00, 0xBE, 0x00, 
0xBF, 0x00, 0xBF, 0x00, 0xC0, 0x00, 0xC0, 0x00, 0xC1, 0x00, 0xC1, 0x00, 0xC2, 0x00, 0xC2, 0x00, 
0xC3, 0x00, 0xC3, 0x00, 0xC4, 0x00, 0xC4, 0x00, 0xC5, 0x00, 0xC5, 0x00, 0xC6, 0x00, 0xC6, 0x00, 
0xC7, 0x00, 0xC7, 0x00, 0xC8, 0x00, 0xC8, 0x00, 0xC8, 0x00, 0xC8, 0x00, 0xC8, 0x00, 0xC8, 0x00, 
0xC8, 0x00, 0xC8, 0x00, 0xC8, 0x00, 0xC8, 0x00, 0xC8, 0x00, 0xC8, 0x00, 0xC8, 0x00, 0xC8, 0x00, 
0xC8, 0x00, 0xC8, 0x00, 0xC8, 0x00, 0xC8, 0x00, 0xC8, 0x00, 0xC8, 0x00, 0xC8, 0x00, 0xC8, 0x00, 
0xC8, 0x00, 0xC8, 0x00, 0xC8, 0x00, 0xC8, 0x00, 0xC8, 0x00, 0xC8, 0x00, 0xC8, 0x00, 0xC8, 0x00, 
0xC8, 0x00, 0xC8, 0x00, 0xC8, 0x00, 0xC8, 0x00, 0xC8, 0x00, 0xC8, 0x00, 0xC8, 0x00, 0xC8, 0x00, 
0xC8, 0x00, 0xC8, 0x00, 0xC8, 0x00, 0xC8, 0x00, 0xC8, 0x00, 0xC8, 0x00, 0xC8, 0x00, 0xC8, 0x00, 
0xC8, 0x00, 0xC8, 0x00, 0xC8, 0x00, 0xC8, 0x00, 0xC8, 0x00, 0xC8, 0x00, 0xC8, 0x00, 0xC8, 0x00, 
0xC8, 0x00, 0xC8, 0x00, 0xC8, 0x00, 0xC8, 0x00, 0xC8, 0x00, 0xC8, 0x00, 0xC8, 0x00, 0xC8, 0x00, 
0xC8, 0x00, 0xC8, 0x00, 0xC8, 0x00, 0xC8, 0x00, 0xC8, 0x00, 0xC8, 0x00, 0xC8, 0x00, 0xC8, 0x00, 
0xC8, 0x00, 0xC8, 0x00, 0xC8, 0x00, 0xC8, 0x00, 0xC8, 0x00, 0xC8, 0x00, 0xC8, 0x00, 0xC8, 0x00, 
0xC8, 0x00, 0xC8, 0x00, 0xC8, 0x00, 0xC8, 0x00, 0xC8, 0x00, 0xC8, 0x00, 0xC8, 0x00, 0xC8, 0x00, 
0xC8, 0x00, 0xC8, 0x00, 0xC8, 0x00, 0xC8, 0x00, 0xC8, 0x00, 0xC8, 0x00, 0xC8, 0x00, 0xC8, 0x00, 
0xC8, 0x00, 0xC8, 0x00, 0xC8, 0x00, 0xC8, 0x00, 0xC8, 0x00, 0xC8, 0x00, 0xC8, 0x00, 0xC8, 0x00, 
0xC8, 0x00, 0xC8, 0x00, 0xC8, 0x00, 0xC8, 0x00, 0xC8, 0x00, 0xC8, 0x00, 0xC8, 0x00, 0xC8, 0x00, 
0xC8, 0x00, 0xC8, 0x00, 0xC8, 0x00, 0xC8, 0x00, 0x32, 0x00, 0x32, 0x00, 0x32, 0x00, 0x32, 0x00, 
0x32, 0x00, 0x32, 0x00, 0x32, 0x00, 0x32, 0x00, 0x32, 0x00, 0x32, 0x00, 0x32, 0x00, 0x32, 0x00, 
0x32, 0x00, 0x32, 0x00, 0x32, 0x00, 0x32, 0x00, 0x32, 0x00, 0x32, 0x00, 0x32, 0x00, 0x32, 0x00, 
0x32, 0x00, 0x32, 0x00, 0x32, 0x00, 0x32, 0x00, 0x32, 0x00, 0x32, 0x00, 0x32, 0x00, 0x32, 0x00, 
0x32, 0x00, 0x32, 0x00, 0x32, 0x00, 0x32, 0x00, 0x32, 0x00, 0x32, 0x00, 0x32, 0x00, 0x32, 0x00, 
0x32, 0x00, 0x32, 0x00, 0x32, 0x00, 0x32, 0x00, 0x32, 0x00, 0x32, 0x00, 0x32, 0x00, 0x32, 0x00, 
0x32, 0x00, 0x32, 0x00, 0x32, 0x00, 0x32, 0x00, 0x32, 0x00, 0x32, 0x00, 0x32, 0x00, 0x32, 0x00, 
0x32, 0x00, 0x32, 0x00, 0x32, 0x00, 0x32, 0x00, 0x32, 0x00, 0x32, 0x00, 0x32, 0x00, 0x32, 0x00, 
0x32, 0x00, 0x32, 0x00, 0x32, 0x00, 0x32, 0x00, 0x32, 0x00, 0x32, 0x00, 0x32, 0x00, 0x32, 0x00, 
0x32, 0x00, 0x32, 0x00, 0x32, 0x00, 0x32, 0x00, 0x32, 0x00, 0x32, 0x00, 0x32, 0x00, 0x32, 0x00, 
0x32, 0x00, 0x32, 0x00, 0x32, 0x00, 0x32, 0x00, 0x32, 0x00, 0x32, 0x00, 0x32, 0x00, 0x32, 0x00, 
0x32, 0x00, 0x32, 0x00, 0x32, 0x00, 0x32, 0x00, 0x32, 0x00, 0x32, 0x00, 0x32, 0x00, 0x32, 0x00, 
0x32, 0x00, 0x32, 0x00, 0x32, 0x00, 0x32, 0x00, 0x32, 0x00, 0x32, 0x00, 0x32, 0x00, 0x32, 0x00, 
0x32, 0x00, 0x32, 0x00, 0x32, 0x00, 0x32, 0x00, 0x32, 0x00, 0x32, 0x00, 0x32, 0x00, 0x32, 0x00, 
0x32, 0x00, 0x32, 0x00, 0x32, 0x00, 0x32, 0x00, 0x32, 0x00, 0x32, 0x00, 0x32, 0x00, 0x32, 0x00, 
0x32, 0x00, 0x32, 0x00, 0x32, 0x00, 0x32, 0x00, 0x32, 0x00, 0x32, 0x00, 0x32, 0x00, 0x32, 0x00, 
0x32, 0x00, 0x32, 0x00, 0x32, 0x00, 0x32, 0x00, 0x32, 0x00, 0x32, 0x00, 0x32, 0x00, 0x32, 0x00, 
0x32, 0x00, 0x32, 0x00, 0x32, 0x00, 0x32, 0x00, 0x32, 0x00, 0x32, 0x00, 0x32, 0x00, 0x32, 0x00, 
0x32, 0x00, 0x32, 0x00, 0x32, 0x00, 0x32, 0x00, 0x32, 0x00, 0x32, 0x00, 0x32, 0x00, 0x32, 0x00, 
0x32, 0x00, 0x32, 0x00, 0x32, 0x00, 0x32, 0x00, 0x32, 0x00, 0x32, 0x00, 0x32, 0x00, 0x32, 0x00, 
0x33, 0x00, 0x33, 0x00, 0x33, 0x00, 0x33, 0x00, 0x33, 0x00, 0x33, 0x00, 0x33, 0x00, 0x34, 0x00, 
0x34, 0x00, 0x34, 0x00, 0x34, 0x00, 0x34, 0x00, 0x34, 0x00, 0x34, 0x00, 0x35, 0x00, 0x35, 0x00, 
0x35, 0x00, 0x35, 0x00, 0x35, 0x00, 0x35, 0x00, 0x35, 0x00, 0x36, 0x00, 0x36, 0x00, 0x36, 0x00, 
0x36, 0x00, 0x36, 0x00, 0x36, 0x00, 0x36, 0x00, 0x37, 0x00, 0x37, 0x00, 0x37, 0x00, 0x37, 0x00, 
0x37, 0x00, 0x37, 0x00, 0x37, 0x00, 0x38, 0x00, 0x38, 0x00, 0x38, 0x00, 0x38, 0x00, 0x38, 0x00, 
0x38, 0x00, 0x38, 0x00, 0x39, 0x00, 0x39, 0x00, 0x39, 0x00, 0x39, 0x00, 0x39, 0x00, 0x39, 0x00, 
0x39, 0x00, 0x3A, 0x00, 0x3A, 0x00, 0x3A, 0x00, 0x3A, 0x00, 0x3A, 0x00, 0x3A, 0x00, 0x3A, 0x00, 
0x3B, 0x00, 0x3B, 0x00, 0x3B, 0x00, 0x3B, 0x00, 0x3B, 0x00, 0x3B, 0x00, 0x3B, 0x00, 0x3C, 0x00, 
0x3C, 0x00, 0x3D, 0x00, 0x3E, 0x00, 0x3E, 0x00, 0x3F, 0x00, 0x40, 0x00, 0x40, 0x00, 0x41, 0x00, 
0x42, 0x00, 0x42, 0x00, 0x43, 0x00, 0x44, 0x00, 0x44, 0x00, 0x45, 0x00, 0x46, 0x00, 0x46, 0x00, 
0x47, 0x00, 0x48, 0x00, 0x48, 0x00, 0x49, 0x00, 0x4A, 0x00, 0x4A, 0x00, 0x4B, 0x00, 0x4C, 0x00, 
0x4C, 0x00, 0x4D, 0x00, 0x4E, 0x00, 0x4E, 0x00, 0x4F, 0x00, 0x50, 0x00, 0x51, 0x00, 0x52, 0x00, 
0x53, 0x00, 0x54, 0x00, 0x55, 0x00, 0x56, 0x00, 0x57, 0x00, 0x58, 0x00, 0x59, 0x00, 0x5A, 0x00, 
0x5A, 0x00, 0x5A, 0x00, 0x5B, 0x00, 0x5B, 0x00, 0x5C, 0x00, 0x5C, 0x00, 0x5D, 0x00, 0x5D, 0x00, 
0x5D, 0x00, 0x5E, 0x00, 0x5E, 0x00, 0x5F, 0x00, 0x5F, 0x00, 0x60, 0x00, 0x60, 0x00, 0x60, 0x00, 
0x61, 0x00, 0x61, 0x00, 0x62, 0x00, 0x62, 0x00, 0x63, 0x00, 0x63, 0x00, 0x63, 0x00, 0x64, 0x00, 
0x64, 0x00, 0x65, 0x00, 0x65, 0x00, 0x66, 0x00, 0x66, 0x00, 0x66, 0x00, 0x67, 0x00, 0x67, 0x00, 
0x68, 0x00, 0x68, 0x00, 0x69, 0x00, 0x69, 0x00, 0x69, 0x00, 0x6A, 0x00, 0x6A, 0x00, 0x6B, 0x00, 
0x6B, 0x00, 0x6C, 0x00, 0x6C, 0x00, 0x6C, 0x00, 0x6D, 0x00, 0x6D, 0x00, 0x6E, 0x00, 0x6E, 0x00, 
0x6F, 0x00, 0x6F, 0x00, 0x6F, 0x00, 0x70, 0x00, 0x70, 0x00, 0x71, 0x00, 0x71, 0x00, 0x72, 0x00, 
0x72, 0x00, 0x72, 0x00, 0x73, 0x00, 0x73, 0x00, 0x74, 0x00, 0x74, 0x00, 0x75, 0x00, 0x75, 0x00, 
0x75, 0x00, 0x76, 0x00, 0x76, 0x00, 0x77, 0x00, 0x77, 0x00, 0x78, 0x00, 0x78, 0x00, 0x78, 0x00, 
0x78, 0x00, 0x78, 0x00, 0x78, 0x00, 0x78, 0x00, 0x78, 0x00, 0x78, 0x00, 0x78, 0x00, 0x78, 0x00, 
0x78, 0x00, 0x78, 0x00, 0x78, 0x00, 0x78, 0x00, 0x78, 0x00, 0x78, 0x00, 0x78, 0x00, 0x78, 0x00, 
0x78, 0x00, 0x78, 0x00, 0x78, 0x00, 0x78, 0x00, 0x78, 0x00, 0x78, 0x00, 0x78, 0x00, 0x78, 0x00, 
0x78, 0x00, 0x78, 0x00, 0x78, 0x00, 0x78, 0x00, 0x78, 0x00, 0x78, 0x00, 0x78, 0x00, 0x78, 0x00, 
0x78, 0x00, 0x78, 0x00, 0x78, 0x00, 0x78, 0x00, 0x78, 0x00, 0x78, 0x00, 0x78, 0x00, 0x78, 0x00, 
0x78, 0x00, 0x78, 0x00, 0x78, 0x00, 0x78, 0x00, 0x78, 0x00, 0x78, 0x00, 0x78, 0x00, 0x78, 0x00, 
0x78, 0x00, 0x78, 0x00, 0x78, 0x00, 0x78, 0x00, 0x78, 0x00, 0x78, 0x00, 0x78, 0x00, 0x78, 0x00, 
0x78, 0x00, 0x78, 0x00, 0x78, 0x00, 0x78, 0x00, 0x78, 0x00, 0x78, 0x00, 0x78, 0x00, 0x78, 0x00, 
0x78, 0x00, 0x78, 0x00, 0x78, 0x00, 0x78, 0x00, 0x78, 0x00, 0x78, 0x00, 0x78, 0x00, 0x78, 0x00, 
0x78, 0x00, 0x78, 0x00, 0x78, 0x00, 0x78, 0x00, 0x78, 0x00, 0x78, 0x00, 0x78, 0x00, 0x78, 0x00, 
0x78, 0x00, 0x78, 0x00, 0x78, 0x00, 0x78, 0x00, 0x78, 0x00, 0x78, 0x00, 0x78, 0x00, 0x78, 0x00, 
0x78, 0x00, 0x78, 0x00, 0x78, 0x00, 0x78, 0x00, 0x78, 0x00, 0x78, 0x00, 0x78, 0x00, 0x78, 0x00, 
0x78, 0x00, 0x78, 0x00, 0x78, 0x00, 0x78, 0x00, 0x78, 0x00, 0x78, 0x00, 0x78, 0x00, 0x78, 0x00, 
0x78, 0x00, 0x78, 0x00, 0x78, 0x00, 0x78, 0x00, 0x78, 0x00, 0x78, 0x00, 0x78, 0x00, 0x78, 0x00, 
0x78, 0x00, 0x78, 0x00, 0x78, 0x00, 0x78, 0x00, 0x78, 0x00, 0x78, 0x00, 0x78, 0x00, 0x78, 0x00, 
0x78, 0x00, 0x78, 0x00, 0x78, 0x00, 0x78, 0x00, 0x78, 0x00, 0x78, 0x00, 0x78, 0x00, 0x78, 0x00, 
0x78, 0x00, 0x78, 0x00, 0x78, 0x00, 0x78, 0x00, 0x78, 0x00, 0x78, 0x00, 0x78, 0x00, 0x78, 0x00, 
0x78, 0x00, 0x78, 0x00, 0x78, 0x00, 0x78, 0x00, 0x78, 0x00, 0x78, 0x00, 0x78, 0x00, 0x78, 0x00, 
0x78, 0x00, 0x78, 0x00, 0x78, 0x00, 0x78, 0x00, 0x78, 0x00, 0x78, 0x00, 0x78, 0x00, 0x78, 0x00, 
0x78, 0x00, 0x78, 0x00, 0x78, 0x00, 0x78, 0x00, 0x78, 0x00, 0x78, 0x00, 0x78, 0x00, 0x78, 0x00, 
0x78, 0x00, 0x78, 0x00, 0x78, 0x00, 0x78, 0x00, 0x78, 0x00, 0x78, 0x00, 0x78, 0x00, 0x78, 0x00, 
0x78, 0x00, 0x78, 0x00, 0x78, 0x00, 0x78, 0x00, 0x78, 0x00, 0x78, 0x00, 0x78, 0x00, 0x78, 0x00, 
0x78, 0x00, 0x78, 0x00, 0x78, 0x00, 0x78, 0x00, 0xCC, 0x1C, 0x00, 0x00, 0x80, 0x1B, 0x00, 0x00, 
0x92, 0x1B, 0x00, 0x00, 0xA4, 0x1B, 0x00, 0x00, 0x4A, 0x1C, 0x00, 0x00, 0x52, 0x1C, 0x00, 0x00, 
0x1C, 0x1B, 0x00, 0x00, 0x00, 0x01, 0x02, 0x03, 0x04, 0x05, 0x06, 0x07, 0x08, 0x09, 0x0A, 0x0B, 
0x0C, 0x0D, 0x0E, 0x0F, 0x10, 0x11, 0x12, 0x13, 0x14, 0x15, 0x16, 0x17, 0x18, 0x19, 0x1A, 0x1B, 
0x1C, 0x1D, 0x1E, 0x1F, 0x00, 0x01, 0x02, 0x03, 0x04, 0x05, 0x06, 0x07, 0x08, 0x09, 0x0A, 0x0B, 
0x0C, 0x0D, 0x0E, 0x0F, 0x10, 0x11, 0x12, 0x13, 0x14, 0x15, 0x16, 0x17, 0x18, 0x19, 0x1A, 0x1B, 
0x1C, 0x1D, 0x1E, 0x1F, 0x00, 0x01, 0x02, 0x03, 0x04, 0x05, 0x06, 0x07, 0x08, 0x09, 0x0A, 0x0B, 
0x0C, 0x0D, 0x0E, 0x0F, 0x10, 0x11, 0x12, 0x13, 0x14, 0x15, 0x16, 0x17, 0x18, 0x19, 0x1A, 0x1B, 
0x1C, 0x1D, 0x1E, 0x1F, 0x00, 0x01, 0x02, 0x03, 0x04, 0x05, 0x06, 0x07, 0x08, 0x09, 0x0A, 0x0B, 
0x0C, 0x0D, 0x0E, 0x0F, 0x10, 0x11, 0x12, 0x13, 0x14, 0x15, 0x16, 0x17, 0x18, 0x19, 0x1A, 0x1B, 
0x1C, 0x1D, 0x1E, 0x1F, 0x00, 0x01, 0x02, 0x03, 0x04, 0x05, 0x06, 0x07, 0x08, 0x09, 0x0A, 0x0B, 
0x0C, 0x0D, 0x0E, 0x0F, 0x10, 0x11, 0x12, 0x13, 0x14, 0x15, 0x16, 0x17, 0x18, 0x19, 0x1A, 0x1B, 
0x1C, 0x1D, 0x1E, 0x1F, 0x00, 0x01, 0x02, 0x03, 0x04, 0x05, 0x06, 0x07, 0x08, 0x09, 0x0A, 0x0B, 
0x0C, 0x0D, 0x0E, 0x0F, 0x10, 0x11, 0x12, 0x13, 0x14, 0x15, 0x16, 0x17, 0x18, 0x19, 0x1A, 0x1B, 
0x1C, 0x1D, 0x1E, 0x1F, 0x00, 0x01, 0x02, 0x03, 0x04, 0x05, 0x06, 0x07, 0x08, 0x09, 0x0A, 0x0B, 
0x0C, 0x0D, 0x0E, 0x0F, 0x10, 0x11, 0x12, 0x13, 0x14, 0x15, 0x16, 0x17, 0x18, 0x19, 0x1A, 0x1B, 
0x1C, 0x1D, 0x1E, 0x1F, 0x00, 0x01, 0x02, 0x03, 0x04, 0x05, 0x06, 0x07, 0x08, 0x09, 0x0A, 0x0B, 
0x0C, 0x0D, 0x0E, 0x0F, 0x10, 0x11, 0x12, 0x13, 0x14, 0x15, 0x16, 0x17, 0x18, 0x19, 0x1A, 0x1B, 
0x1C, 0x1D, 0x1E, 0x1F, 0x00, 0x01, 0x02, 0x03, 0x04, 0x05, 0x06, 0x07, 0x08, 0x09, 0x0A, 0x0B, 
0x0C, 0x0D, 0x0E, 0x0F, 0x10, 0x11, 0x12, 0x13, 0x14, 0x15, 0x16, 0x17, 0x18, 0x19, 0x1A, 0x1B, 
0x1C, 0x1D, 0x1E, 0x1F, 0x1F, 0x1E, 0x1D, 0x1C, 0x1B, 0x1A, 0x19, 0x18, 0x17, 0x16, 0x15, 0x14, 
0x13, 0x12, 0x11, 0x10, 0x0F, 0x0E, 0x0D, 0x0C, 0x0B, 0x0A, 0x09, 0x08, 0x07, 0x06, 0x05, 0x04, 
0x03, 0x02, 0x01, 0x00, 0x1F, 0x1E, 0x1D, 0x1C, 0x1B, 0x1A, 0x19, 0x18, 0x17, 0x16, 0x15, 0x14, 
0x13, 0x12, 0x11, 0x10, 0x0F, 0x0E, 0x0D, 0x0C, 0x0B, 0x0A, 0x09, 0x08, 0x07, 0x06, 0x05, 0x04, 
0x03, 0x02, 0x01, 0x00, 0x1F, 0x1E, 0x1D, 0x1C, 0x1B, 0x1A, 0x19, 0x18, 0x17, 0x16, 0x15, 0x14, 
0x13, 0x12, 0x11, 0x10, 0x0F, 0x0E, 0x0D, 0x0C, 0x0B, 0x0A, 0x09, 0x08, 0x07, 0x06, 0x05, 0x04, 
0x03, 0x02, 0x01, 0x00, 0x1F, 0x1E, 0x1D, 0x1C, 0x1B, 0x1A, 0x19, 0x18, 0x17, 0x16, 0x15, 0x14, 
0x13, 0x12, 0x11, 0x10, 0x0F, 0x0E, 0x0D, 0x0C, 0x0B, 0x0A, 0x09, 0x08, 0x07, 0x06, 0x05, 0x04, 
0x03, 0x02, 0x01, 0x00, 0x1F, 0x1E, 0x1D, 0x1C, 0x1B, 0x1A, 0x19, 0x18, 0x17, 0x16, 0x15, 0x14, 
0x13, 0x12, 0x11, 0x10, 0x0F, 0x0E, 0x0D, 0x0C, 0x0B, 0x0A, 0x09, 0x08, 0x07, 0x06, 0x05, 0x04, 
0x03, 0x02, 0x01, 0x00, 0x1F, 0x1E, 0x1D, 0x1C, 0x1B, 0x1A, 0x19, 0x18, 0x17, 0x16, 0x15, 0x14, 
0x13, 0x12, 0x11, 0x10, 0x0F, 0x0E, 0x0D, 0x0C, 0x0B, 0x0A, 0x09, 0x08, 0x07, 0x06, 0x05, 0x04, 
0x03, 0x02, 0x01, 0x00, 0x1F, 0x1E, 0x1D, 0x1C, 0x1B, 0x1A, 0x19, 0x18, 0x17, 0x16, 0x15, 0x14, 
0x13, 0x12, 0x11, 0x10, 0x0F, 0x0E, 0x0D, 0x0C, 0x0B, 0x0A, 0x09, 0x08, 0x07, 0x06, 0x05, 0x04, 
0x03, 0x02, 0x01, 0x00, 0x1F, 0x1E, 0x1D, 0x1C, 0x1B, 0x1A, 0x19, 0x18, 0x17, 0x16, 0x15, 0x14, 
0x13, 0x12, 0x11, 0x10, 0x0F, 0x0E, 0x0D, 0x0C, 0x0B, 0x0A, 0x09, 0x08, 0x07, 0x06, 0x05, 0x04, 
0x03, 0x02, 0x01, 0x00, 0x1F, 0x1E, 0x1D, 0x1C, 0x1B, 0x1A, 0x19, 0x18, 0x17, 0x16, 0x15, 0x14, 
0x13, 0x12, 0x11, 0x10, 0x0F, 0x0E, 0x0D, 0x0C, 0x0B, 0x0A, 0x09, 0x08, 0x07, 0x06, 0x05, 0x04, 
0x03, 0x02, 0x01, 0x00, 0x41, 0x00, 0x80, 0x04, 0xC1, 0x04, 0xC1, 0x04, 0xC1, 0x04, 0xC1, 0x04, 
0xC1, 0x04, 0x00, 0x00, 0x00, 0x01, 0x02, 0x03, 0x04, 0x05, 0x06, 0x07, 0x08, 0x09, 0x00, 0x00, 
0x03, 0x08, 0x00, 0x00, 0xA0, 0x20, 0x00, 0x10, 0x32, 0x54, 0x76, 0x98, 0xBA, 0x00, 0x20, 0xA0, 
0x10, 0x01, 0x00, 0x00, 0x00, 0x01, 0x02, 0x03, 0x04, 0x05, 0x06, 0x07, 0x08, 0x09, 0x0A, 0x0B, 
0x00, 0x00, 0x00, 0x00, 0x00, 0x00, 0x88, 0x04, 0x00, 0x00, 0x00, 0x00, 0x00, 0x00, 0x00, 0x00, 
0x00, 0x00, 0x00, 0x00, 0x50, 0x45, 0x00, 0x00, 0x00, 0x00, 0x00, 0x00, 0x00, 0x00, 0x00, 0x00, 
0x00, 0x00, 0x00, 0x00, 0x40, 0x00, 0x00, 0x00, 0x00, 0x00, 0x00, 0x00, 0x00, 0x00, 0x00, 0x00, 
0x00, 0x00, 0x00, 0x00, 0x00, 0x00, 0x00, 0x00, 0x00, 0x00, 0x00, 0x00, 0x00, 0x00, 0x00, 0x00, 
0x00, 0x00, 0x00, 0x00, 0x25, 0x46, 0x02, 0x02, 0x00, 0x02, 0x00, 0x00, 0x00, 0x00, 0x00, 0x81, 
0x00, 0x00, 0x03, 0x00, 0x00, 0x00, 0x00, 0x00, 0x00, 0x00, 0x00, 0x00, 0x00, 0x00, 0x00, 0x00, 
0x00, 0x00, 0x00, 0x00, 0x00, 0x00, 0x00, 0x00, 0x00, 0x00, 0x00, 0x00, 0x00, 0x00, 0x00, 0x00, 
0x00, 0x00, 0x00, 0x00, 0x00, 0x00, 0x95, 0x00, 0x05, 0x00, 0x00, 0x00, 0x00, 0x00, 0x00, 0x00, 
0x00, 0x00, 0x00, 0x00, 0x00, 0x00, 0x00, 0x00, 0x00, 0x00, 0x00, 0x00, 0x00, 0x03, 0xFF, 0x00, 
0x00, 0x00, 0x00, 0x00, 0x00, 0x64, 0x83, 0x80, 0x32, 0x13, 0x00, 0x0C, 0x00, 0x00, 0x00, 0x00, 
0x00, 0x00, 0x00, 0x00, 0x00, 0x00, 0x00, 0x00, 0x00, 0x00, 0x00, 0x00, 0x00, 0x00, 0x00, 0x00, 
0x00, 0x00, 0x00, 0x00, 0x00, 0x00, 0x00, 0x00, 0x00, 0x00, 0x00, 0x00, 0x00, 0x00, 0x00, 0x00, 
0x00, 0x00, 0x00, 0x00, 0xFF, 0x00, 0xFF, 0x00, 0xFF, 0x00, 0xFF, 0x00, 0xF0, 0x0F, 0x00, 0x00, 
0x00, 0x00, 0x00, 0x00, 0x55, 0x10, 0x10, 0x0B, 0x0B, 0x14, 0x14, 0x2B, 0x2B, 0x44, 0x1E, 0x1E, 
0x08, 0x02, 0x00, 0x00, 0x00, 0x03, 0x10, 0x03, 0x10, 0x00, 0x53, 0x00, 0x00, 0x08, 0x08, 0x08, 
0x08, 0x00, 0x00, 0x00, 0x00, 0x00, 0x00, 0x00, 0x00, 0x00, 0x00, 0x00, 0x00, 0x00, 0x00, 0x00, 
0x00, 0x00, 0x00, 0x00, 0x14, 0x3A, 0x13, 0x09, 0x14, 0x5F, 0x0F, 0x09, 0x5F, 0x5F, 0x00, 0x00, 
0x5F, 0x14, 0x0F, 0x09, 0x00, 0x00, 0x00, 0x00, 0x00, 0x00, 0x40, 0x40, 0x00, 0x03, 0x01, 0x33, 
0x00, 0x00, 0x00, 0x00, 0x42, 0x24, 0x40, 0x44, 0x44, 0x45, 0x21, 0x25, 0x15, 0x00, 0x00, 0x00, 
0x00, 0x00, 0x00, 0x00, 0x00, 0x00, 0x00, 0x00, 0x01, 0x24, 0x00, 0x00, 0x00, 0x00, 0x00, 0x00, 
0x00, 0x00, 0x00, 0x00, 0x00, 0x00, 0x00, 0x00, 0x00, 0x00, 0x00, 0x00, 0x00, 0x00, 0x00, 0x00, 
0x00, 0x00, 0x00, 0x00, 0x00, 0x00, 0x00, 0x00, 0xC7, 0xCF, 0x48, 0x05, 0x00, 0x00, 0x00, 0x00, 
0x07, 0xC5, 0x48, 0x05, 0x00, 0x00, 0x00, 0x00, 0x07, 0xC5, 0x48, 0x05, 0x00, 0x00, 0x00, 0x00, 
0x07, 0xC5, 0x48, 0x05, 0x00, 0x00, 0x00, 0x00, 0x07, 0xC5, 0x48, 0x05, 0x00, 0x00, 0x00, 0x00, 
0x07, 0xC5, 0x48, 0x05, 0x00, 0x00, 0x00, 0x00, 0x07, 0xC5, 0x48, 0x05, 0x00, 0x00, 0x00, 0x00, 
0x07, 0xC5, 0x48, 0x05, 0x00, 0x00, 0x00, 0x00, 0x07, 0xC5, 0x48, 0x05, 0x00, 0x00, 0x00, 0x00, 
0x07, 0xC5, 0x48, 0x05, 0x00, 0x00, 0x00, 0x00, 0x00, 0x00, 0x00, 0x00, 0x00, 0x00, 0x00, 0x00, 
0x00, 0x00, 0x00, 0x00, 0x5D, 0x03, 0x5A, 0x4E, 0x5D, 0x03, 0x5A, 0x4E, 0x5D, 0x03, 0x5A, 0x4E, 
0x5D, 0x03, 0x5A, 0x4E, 0x5D, 0x05, 0x59, 0x4E, 0x5D, 0x03, 0x5A, 0x4E, 0x5D, 0x05, 0x59, 0x4E, 
0x5D, 0x01, 0x5B, 0x4E, 0x5B, 0x3F, 0x3C, 0x4E, 0x31, 0x40, 0x55, 0x55, 0x63, 0x40, 0x55, 0x55, 
0x95, 0x40, 0x55, 0x55, 0x3F, 0x46, 0x55, 0x55, 0x00, 0x00, 0x00, 0x00, 0x00, 0x00, 0x00, 0x00, 
0xC7, 0x00, 0x00, 0x00, 0x59, 0x00, 0x00, 0x00, 0x95, 0x40, 0xD5, 0x06, 0xC9, 0x00, 0x59, 0x00, 
0x95, 0x40, 0xD5, 0x06, 0xC9, 0x00, 0x59, 0x00, 0x95, 0x40, 0xD5, 0x06, 0xC9, 0x00, 0x59, 0x00, 
0x26, 0xC6, 0x08, 0x00, 0xD1, 0x06, 0xE8, 0x8A, 0x97, 0x02, 0x5A, 0x4E, 0x97, 0x02, 0x5A, 0x4E, 
0x97, 0x02, 0x5A, 0x4E, 0x97, 0x02, 0x5A, 0x4E, 0x97, 0x04, 0x59, 0x4E, 0x97, 0x02, 0x5A, 0x4E, 
0x97, 0x04, 0x59, 0x4E, 0x97, 0x00, 0x5B, 0x4E, 0x95, 0x3E, 0x3C, 0x4E, 0x00, 0x00, 0x00, 0x00, 
0x00, 0x00, 0x00, 0x00, 0x31, 0x40, 0x00, 0x00, 0xDB, 0x45, 0x00, 0x00, 0x00, 0x00, 0x00, 0x00, 
0x00, 0x00, 0x00, 0x00, 0xC7, 0x00, 0x00, 0x00, 0x59, 0x00, 0x00, 0x00, 0x01, 0x00, 0x0D, 0x06, 
0xC9, 0x00, 0x59, 0x00, 0x01, 0x00, 0x0D, 0x06, 0xC9, 0x00, 0x59, 0x00, 0x01, 0x00, 0x0D, 0x06, 
0xC9, 0x00, 0x59, 0x00, 0x26, 0xC6, 0x48, 0x00, 0x11, 0x02, 0xB8, 0x04, 0x97, 0x02, 0x5A, 0x4E, 
0x97, 0x02, 0x5A, 0x4E, 0x97, 0x02, 0x5A, 0x4E, 0x97, 0x02, 0x5A, 0x4E, 0x97, 0x04, 0x59, 0x4E, 
0x97, 0x02, 0x5A, 0x4E, 0x97, 0x04, 0x59, 0x4E, 0x97, 0x00, 0x5B, 0x4E, 0x95, 0x3E, 0x3C, 0x4E, 
0x00, 0x00, 0x00, 0x00, 0x00, 0x00, 0x00, 0x00, 0x31, 0x00, 0x01, 0x00, 0xDB, 0x05, 0x01, 0x00, 
0x00, 0x00, 0x00, 0x00, 0x00, 0x00, 0x00, 0x00, 0xC7, 0x00, 0x00, 0x00, 0x59, 0x00, 0x00, 0x00, 
0x01, 0x00, 0x0D, 0x06, 0xC9, 0x00, 0x59, 0x00, 0x01, 0x00, 0x0D, 0x06, 0xC9, 0x00, 0x59, 0x00, 
0x01, 0x00, 0x0D, 0x06, 0xC9, 0x00, 0x59, 0x00, 0x26, 0xC6, 0x88, 0x00, 0x11, 0x02, 0xB8, 0x04, 
0x97, 0x02, 0x5A, 0x4E, 0x97, 0x02, 0x5A, 0x4E, 0x97, 0x02, 0x5A, 0x4E, 0x97, 0x02, 0x5A, 0x4E, 
0x97, 0x04, 0x59, 0x4E, 0x97, 0x02, 0x5A, 0x4E, 0x97, 0x04, 0x59, 0x4E, 0x97, 0x00, 0x5B, 0x4E, 
0x95, 0x3E, 0x3C, 0x4E, 0x00, 0x00, 0x00, 0x00, 0x00, 0x00, 0x00, 0x00, 0x31, 0x00, 0x04, 0x00, 
0xDB, 0x05, 0x04, 0x00, 0x00, 0x00, 0x00, 0x00, 0x00, 0x00, 0x00, 0x00, 0xC7, 0x00, 0x00, 0x00, 
0x59, 0x00, 0x00, 0x00, 0x01, 0x00, 0x0D, 0x06, 0xC9, 0x00, 0x59, 0x00, 0x01, 0x00, 0x0D, 0x06, 
0xC9, 0x00, 0x59, 0x00, 0x01, 0x00, 0x0D, 0x06, 0xC9, 0x00, 0x59, 0x00, 0x26, 0xC6, 0xC8, 0x00, 
0x11, 0x02, 0xB8, 0x04, 0x97, 0x02, 0x5A, 0x4E, 0x97, 0x02, 0x5A, 0x4E, 0x97, 0x02, 0x5A, 0x4E, 
0x97, 0x02, 0x5A, 0x4E, 0x97, 0x04, 0x59, 0x4E, 0x97, 0x02, 0x5A, 0x4E, 0x97, 0x04, 0x59, 0x4E, 
0x97, 0x00, 0x5B, 0x4E, 0x95, 0x3E, 0x3C, 0x4E, 0x00, 0x00, 0x00, 0x00, 0x00, 0x00, 0x00, 0x00, 
0x31, 0x00, 0x10, 0x00, 0xDB, 0x05, 0x10, 0x00, 0x00, 0x00, 0x00, 0x00, 0x00, 0x00, 0x00, 0x00, 
0xC7, 0x00, 0x00, 0x00, 0x59, 0x00, 0x00, 0x00, 0x01, 0x00, 0x0D, 0x06, 0xC9, 0x00, 0x59, 0x00, 
0x01, 0x00, 0x0D, 0x06, 0xC9, 0x00, 0x59, 0x00, 0x01, 0x00, 0x0D, 0x06, 0xC9, 0x00, 0x59, 0x00, 
0x26, 0xC6, 0x08, 0x01, 0x11, 0x02, 0xB8, 0x04, 0x97, 0x02, 0x5A, 0x4E, 0x97, 0x02, 0x5A, 0x4E, 
0x97, 0x02, 0x5A, 0x4E, 0x97, 0x02, 0x5A, 0x4E, 0x97, 0x04, 0x59, 0x4E, 0x97, 0x02, 0x5A, 0x4E, 
0x97, 0x04, 0x59, 0x4E, 0x97, 0x00, 0x5B, 0x4E, 0x95, 0x3E, 0x3C, 0x4E, 0x00, 0x00, 0x00, 0x00, 
0x00, 0x00, 0x00, 0x00, 0x31, 0x00, 0x40, 0x00, 0xDB, 0x05, 0x40, 0x00, 0x00, 0x00, 0x00, 0x00, 
0x00, 0x00, 0x00, 0x00, 0xC7, 0x00, 0x00, 0x00, 0x59, 0x00, 0x00, 0x00, 0x01, 0x00, 0x0D, 0x06, 
0xC9, 0x00, 0x59, 0x00, 0x01, 0x00, 0x0D, 0x06, 0xC9, 0x00, 0x59, 0x00, 0x01, 0x00, 0x0D, 0x06, 
0xC9, 0x00, 0x59, 0x00, 0x26, 0xC6, 0x48, 0x01, 0x11, 0x02, 0xB8, 0x04, 0x97, 0x02, 0x5A, 0x4E, 
0x97, 0x02, 0x5A, 0x4E, 0x97, 0x02, 0x5A, 0x4E, 0x97, 0x02, 0x5A, 0x4E, 0x97, 0x04, 0x59, 0x4E, 
0x97, 0x02, 0x5A, 0x4E, 0x97, 0x04, 0x59, 0x4E, 0x97, 0x00, 0x5B, 0x4E, 0x95, 0x3E, 0x3C, 0x4E, 
0x00, 0x00, 0x00, 0x00, 0x00, 0x00, 0x00, 0x00, 0x31, 0x00, 0x00, 0x01, 0xDB, 0x05, 0x00, 0x01, 
0x00, 0x00, 0x00, 0x00, 0x00, 0x00, 0x00, 0x00, 0xC7, 0x00, 0x00, 0x00, 0x59, 0x00, 0x00, 0x00, 
0x01, 0x00, 0x0D, 0x06, 0xC9, 0x00, 0x59, 0x00, 0x01, 0x00, 0x0D, 0x06, 0xC9, 0x00, 0x59, 0x00, 
0x01, 0x00, 0x0D, 0x06, 0xC9, 0x00, 0x59, 0x00, 0x26, 0xC6, 0x88, 0x01, 0x11, 0x02, 0xB8, 0x04, 
0x97, 0x02, 0x5A, 0x4E, 0x97, 0x02, 0x5A, 0x4E, 0x97, 0x02, 0x5A, 0x4E, 0x97, 0x02, 0x5A, 0x4E, 
0x97, 0x04, 0x59, 0x4E, 0x97, 0x02, 0x5A, 0x4E, 0x97, 0x04, 0x59, 0x4E, 0x97, 0x00, 0x5B, 0x4E, 
0x95, 0x3E, 0x3C, 0x4E, 0x00, 0x00, 0x00, 0x00, 0x00, 0x00, 0x00, 0x00, 0x31, 0x00, 0x00, 0x04, 
0xDB, 0x05, 0x00, 0x04, 0x00, 0x00, 0x00, 0x00, 0x00, 0x00, 0x00, 0x00, 0xC7, 0x00, 0x00, 0x00, 
0x59, 0x00, 0x00, 0x00, 0x01, 0x00, 0x0D, 0x06, 0xC9, 0x00, 0x59, 0x00, 0x01, 0x00, 0x0D, 0x06, 
0xC9, 0x00, 0x59, 0x00, 0x01, 0x00, 0x0D, 0x06, 0xC9, 0x00, 0x59, 0x00, 0x26, 0xC6, 0xC8, 0x01, 
0x11, 0x02, 0xB8, 0x04, 0x97, 0x02, 0x5A, 0x4E, 0x97, 0x02, 0x5A, 0x4E, 0x97, 0x02, 0x5A, 0x4E, 
0x97, 0x02, 0x5A, 0x4E, 0x97, 0x04, 0x59, 0x4E, 0x97, 0x02, 0x5A, 0x4E, 0x97, 0x04, 0x59, 0x4E, 
0x97, 0x00, 0x5B, 0x4E, 0x95, 0x3E, 0x3C, 0x4E, 0x00, 0x00, 0x00, 0x00, 0x00, 0x00, 0x00, 0x00, 
0x31, 0x00, 0x00, 0x10, 0xDB, 0x05, 0x00, 0x10, 0x00, 0x00, 0x00, 0x00, 0x00, 0x00, 0x00, 0x00, 
0xC7, 0x00, 0x00, 0x00, 0x59, 0x00, 0x00, 0x00, 0x01, 0x00, 0x0D, 0x06, 0xC9, 0x00, 0x59, 0x00, 
0x01, 0x00, 0x0D, 0x06, 0xC9, 0x00, 0x59, 0x00, 0x01, 0x00, 0x0D, 0x06, 0xC9, 0x00, 0x59, 0x00, 
0x26, 0xC6, 0x08, 0x02, 0x11, 0x02, 0xB8, 0x04, 0x97, 0x02, 0x5A, 0x4E, 0x97, 0x02, 0x5A, 0x4E, 
0x97, 0x02, 0x5A, 0x4E, 0x97, 0x02, 0x5A, 0x4E, 0x97, 0x04, 0x59, 0x4E, 0x97, 0x02, 0x5A, 0x4E, 
0x97, 0x04, 0x59, 0x4E, 0x97, 0x00, 0x5B, 0x4E, 0x95, 0x3E, 0x3C, 0x4E, 0x00, 0x00, 0x00, 0x00, 
0x00, 0x00, 0x00, 0x00, 0x31, 0x00, 0x00, 0x40, 0xDB, 0x05, 0x00, 0x40, 0xC7, 0xC0, 0xFF, 0xFF, 
0x63, 0xC0, 0xFF, 0xFF, 0x31, 0x00, 0x00, 0x00, 0x00, 0x00, 0x00, 0x00, 0x01, 0x00, 0xD5, 0x46, 
0x95, 0x00, 0x00, 0x00, 0x01, 0x00, 0xD5, 0x46, 0x95, 0x00, 0x00, 0x00, 0x01, 0x00, 0xD5, 0x46, 
0x95, 0x00, 0x00, 0x20, 0x26, 0xC6, 0x48, 0x02, 0x11, 0x02, 0xB8, 0x14, 0x00, 0x00, 0x00, 0x00, 
0x00, 0x00, 0x00, 0x00, 0x00, 0x00, 0x00, 0x00, 0x00, 0x00, 0x00, 0x00, 0x00, 0x00, 0x00, 0x00, 
0x00, 0x00, 0x00, 0x00, 0x00, 0x00, 0x00, 0x00, 0x00, 0x00, 0x00, 0x00, 0x00, 0x00, 0x00, 0x00, 
0x00, 0x00, 0x00, 0x00, 0x00, 0x00, 0x00, 0x00, 0x00, 0x00, 0x00, 0x00, 0x00, 0x00, 0x00, 0x00, 
0x00, 0x00, 0x00, 0x00, 0x00, 0x00, 0x00, 0x00, 0x00, 0x00, 0x00, 0x00, 0x00, 0x00, 0x00, 0x00, 
0x00, 0x00, 0x00, 0x00, 0x00, 0x00, 0x00, 0x00, 0x00, 0x00, 0x00, 0x00, 0x00, 0x00, 0x00, 0x00, 
0x00, 0x00, 0x00, 0x00, 0x00, 0x00, 0x00, 0x00, 0x00, 0x00, 0x00, 0x00, 0x00, 0x00, 0x00, 0x00, 
0x00, 0x00, 0x00, 0x00, 0x00, 0x00, 0x00, 0x00, 0x00, 0x00, 0x00, 0x00, 0x00, 0x00, 0x00, 0x00, 
0x00, 0x00, 0x00, 0x00, 0x00, 0x00, 0x00, 0x00, 0x00, 0x00, 0x00, 0x00, 0x00, 0x00, 0x00, 0x00, 
0x00, 0x00, 0x00, 0x00, 0x00, 0x00, 0x00, 0x00, 0x00, 0x00, 0x00, 0x00, 0x00, 0x00, 0x00, 0x00, 
0x00, 0x00, 0x00, 0x00, 0x00, 0x00, 0x00, 0x00, 0x00, 0x00, 0x00, 0x00, 0x00, 0x00, 0x00, 0x00, 
0x00, 0x00, 0x00, 0x00, 0x00, 0x00, 0x00, 0x00, 0x00, 0x00, 0x00, 0x00, 0x00, 0x00, 0x00, 0x00, 
0x00, 0x00, 0x00, 0x00, 0x00, 0x00, 0x00, 0x00, 0x00, 0x00, 0x00, 0x00, 0x00, 0x00, 0x40, 0x00, 
0x00, 0x00, 0x00, 0x00, 0x01, 0x00, 0x00, 0x00, 0x01, 0x00, 0x00, 0x00, 0x01, 0x00, 0x00, 0x00, 
0x01, 0x00, 0x00, 0x00, 0x01, 0x00, 0x00, 0x00, 0x01, 0x00, 0x00, 0x00, 0x01, 0x00, 0x00, 0x00, 
0x01, 0x00, 0x00, 0x00, 0x01, 0x00, 0x00, 0x00, 0x01, 0x00, 0x00, 0x00, 0x00, 0x00, 0x00, 0x00, 
0x00, 0x00, 0x00, 0x00, 0x00, 0x00, 0x00, 0x00, 0x00, 0x00, 0x00, 0x00, 0x00, 0x00, 0x00, 0x00, 
0x00, 0x00, 0x00, 0x00, 0x00, 0x00, 0x00, 0x00, 0x00, 0x00, 0x00, 0x00, 0x00, 0x00, 0x00, 0x00, 
0x00, 0x00, 0x00, 0x00, 0x00, 0x00, 0x00, 0x00, 0x00, 0x00, 0x00, 0x00, 0x00, 0x00, 0x00, 0x00, 
0x00, 0x00, 0x00, 0x00, 0x00, 0x00, 0x00, 0x00, 0x00, 0x00, 0x00, 0x00, 0x00, 0x00, 0x00, 0x00, 
0x00, 0x00, 0x00, 0x00, 0x00, 0x00, 0x00, 0x00, 0x00, 0x00, 0x00, 0x00, 0x00, 0x00, 0x00, 0x00, 
0x00, 0x00, 0x00, 0x00, 0x00, 0x00, 0x00, 0x00, 0x00, 0x00, 0x00, 0x00, 0x00, 0x00, 0x00, 0x00, 
0x00, 0x00, 0x00, 0x00, 0x00, 0x00, 0x00, 0x00, 0x00, 0x00, 0x00, 0x00, 0x00, 0x00, 0x00, 0x00, 
0x00, 0x00, 0x00, 0x00, 0x00, 0x00, 0x00, 0x00, 0x00, 0x00, 0x00, 0x00, 0x00, 0x00, 0x00, 0x00, 
0x00, 0x00, 0x00, 0x00, 0x00, 0x00, 0x00, 0x00, 0x00, 0x00, 0x00, 0x00, 0x00, 0x00, 0x00, 0x00, 
0x00, 0x00, 0x00, 0x00, 0x00, 0x00, 0x00, 0x00, 0x00, 0x00, 0x00, 0x00, 0x00, 0x00, 0x00, 0x00, 
0x00, 0x00, 0x00, 0x00, 0x00, 0x00, 0x00, 0x00, 0x00, 0x00, 0x00, 0x00, 0x00, 0x00, 0x00, 0x00, 
0x00, 0x00, 0x00, 0x00, 0x00, 0x00, 0x00, 0x00, 0x00, 0x00, 0x00, 0x00, 0x00, 0x00, 0x00, 0x00, 
0x00, 0x00, 0x00, 0x00, 0x00, 0x00, 0x00, 0x00, 0x00, 0x00, 0x00, 0x00, 0x00, 0x00, 0x00, 0x00, 
0x00, 0x00, 0x00, 0x00, 0x00, 0x00, 0x00, 0x00, 0x00, 0x00, 0x00, 0x00, 0x00, 0x00, 0x00, 0x00, 
0x00, 0x00, 0x00, 0x00, 0x00, 0x00, 0x00, 0x00, 0x00, 0x00, 0x00, 0x00, 0x00, 0x00, 0x00, 0x00, 
0x00, 0x00, 0x00, 0x00, 0x00, 0x00, 0x00, 0x00, 0x00, 0x00, 0x00, 0x00, 0x00, 0x00, 0x00, 0x00, 
0x00, 0x00, 0x00, 0x00, 0x00, 0x00, 0x00, 0x00, 0x00, 0x00, 0x00, 0x00, 0x00, 0x00, 0x00, 0x00, 
0x00, 0x00, 0x00, 0x00, 0x00, 0x00, 0x00, 0x00, 0x00, 0x00, 0x00, 0x00, 0x00, 0x00, 0x00, 0x00, 
0x00, 0x00, 0x00, 0x00, 0x00, 0x00, 0x00, 0x00, 0x00, 0x00, 0x00, 0x00, 0x00, 0x00, 0x00, 0x00, 
0x00, 0x00, 0x00, 0x00, 0x00, 0x00, 0x00, 0x00, 0x00, 0x00, 0x00, 0x00, 0x00, 0x00, 0x00, 0x00, 
0x00, 0x00, 0x00, 0x00, 0x00, 0x00, 0x00, 0x00, 0x00, 0x00, 0x00, 0x00, 0x00, 0x00, 0x00, 0x00, 
0x00, 0x00, 0x00, 0x00, 0x00, 0x00, 0x00, 0x00, 0x00, 0x00, 0x00, 0x00, 0x00, 0x00, 0x00, 0x00, 
0x00, 0x00, 0x00, 0x00, 0x00, 0x00, 0x00, 0x00, 0x00, 0x00, 0x00, 0x00, 0x00, 0x00, 0x00, 0x00, 
0x00, 0x00, 0x00, 0x00, 0x00, 0x00, 0x00, 0x00, 0x00, 0x00, 0x00, 0x00, 0x00, 0x00, 0x00, 0x00, 
0x00, 0x00, 0x00, 0x00, 0x00, 0x00, 0x00, 0x00, 0x00, 0x00, 0x00, 0x00, 0x00, 0x00, 0x00, 0x00, 
0x00, 0x00, 0x00, 0x00, 0x00, 0x00, 0x00, 0x00, 0x00, 0x00, 0x00, 0x00, 0x00, 0x00, 0x00, 0x00, 
0x00, 0x00, 0x00, 0x00, 0x00, 0x00, 0x00, 0x00, 0x00, 0x00, 0x00, 0x00, 0x00, 0x00, 0x00, 0x00, 
0x00, 0x00, 0x00, 0x00, 0x00, 0x00, 0x00, 0x00, 0x00, 0x00, 0x00, 0x00, 0x00, 0x00, 0x00, 0x00, 
0x00, 0x00, 0x00, 0x00, 0x00, 0x00, 0x00, 0x00, 0x00, 0x00, 0x00, 0x00, 0x00, 0x00, 0x00, 0x00, 
0x00, 0x00, 0x00, 0x00, 0x00, 0x00, 0x00, 0x00, 0x00, 0x00, 0x00, 0x00, 0x00, 0x00, 0x00, 0x00, 
0x00, 0x00, 0x00, 0x00, 0x00, 0x00, 0x00, 0x00, 0x00, 0x00, 0x00, 0x00, 0x00, 0x00, 0x00, 0x00, 
0x00, 0x00, 0x00, 0x00, 0x00, 0x00, 0x00, 0x00, 0x00, 0x00, 0x00, 0x00, 0x00, 0x00, 0x00, 0x00, 
0x00, 0x00, 0x00, 0x00, 0x00, 0x00, 0x00, 0x00, 0x00, 0x00, 0x00, 0x00, 0x00, 0x00, 0x00, 0x00, 
0x00, 0x00, 0x00, 0x00, 0x00, 0x00, 0x00, 0x00, 0x00, 0x00, 0x00, 0x00, 0x00, 0x00, 0x00, 0x00, 
0x00, 0x00, 0x00, 0x00, 0x00, 0x00, 0x00, 0x00, 0x00, 0x00, 0x00, 0x00, 0x00, 0x00, 0x00, 0x00, 
0x00, 0x00, 0x00, 0x00, 0x00, 0x00, 0x00, 0x00, 0x00, 0x00, 0x00, 0x00, 0x00, 0x00, 0x00, 0x00, 
0x00, 0x00, 0x00, 0x00, 0x00, 0x00, 0x00, 0x00, 0x00, 0x00, 0x00, 0x00, 0x00, 0x00, 0x00, 0x00, 
0x00, 0x00, 0x00, 0x00, 0x00, 0x00, 0x00, 0x00, 0x00, 0x00, 0x00, 0x00, 0x00, 0x00, 0x00, 0x00, 
0x00, 0x00, 0x00, 0x00, 0x00, 0x00, 0x00, 0x00, 0x00, 0x00, 0x00, 0x00, 0x00, 0x00, 0x00, 0x00, 
0x00, 0x00, 0x00, 0x00, 0x00, 0x00, 0x00, 0x00, 0x00, 0x00, 0x00, 0x00, 0x00, 0x00, 0x00, 0x00, 
0x00, 0x00, 0x00, 0x00, 0x00, 0x00, 0x00, 0x00, 0x00, 0x00, 0x00, 0x00, 0x00, 0x00, 0x00, 0x00, 
0x00, 0x00, 0x00, 0x00, 0x00, 0x00, 0x00, 0x00, 0x00, 0x00, 0x00, 0x00, 0x00, 0x00, 0x00, 0x00, 
0x00, 0x00, 0x00, 0x00, 0x00, 0x00, 0x00, 0x00, 0x00, 0x00, 0x00, 0x00, 0x00, 0x00, 0x00, 0x00, 
0x00, 0x00, 0x00, 0x00, 0x00, 0x00, 0x00, 0x00, 0x00, 0x00, 0x00, 0x00, 0x00, 0x00, 0x00, 0x00, 
0x00, 0x00, 0x00, 0x00, 0x00, 0x00, 0x00, 0x00, 0x00, 0x00, 0x00, 0x00, 0x00, 0x00, 0x00, 0x00, 
0x00, 0x00, 0x00, 0x00, 0x00, 0x00, 0x00, 0x00, 0x00, 0x00, 0x00, 0x00, 0x00, 0x00, 0x00, 0x00, 
0x00, 0x00, 0x00, 0x00, 0x00, 0x00, 0x00, 0x00, 0x00, 0x00, 0x00, 0x00, 0x00, 0x00, 0x00, 0x00, 
0x00, 0x00, 0x00, 0x00, 0x00, 0x00, 0x00, 0x00, 0x00, 0x00, 0x00, 0x00, 0x00, 0x00, 0x00, 0x00, 
0x00, 0x00, 0x00, 0x00, 0x00, 0x00, 0x00, 0x00, 0x00, 0x00, 0x00, 0x00, 0x00, 0x00, 0x00, 0x00, 
0x00, 0x00, 0x00, 0x00, 0x00, 0x00, 0x00, 0x00, 0x00, 0x00, 0x00, 0x00, 0x00, 0x00, 0x00, 0x00, 
0x00, 0x00, 0x00, 0x00, 0x00, 0x00, 0x00, 0x00, 0x00, 0x00, 0x00, 0x00, 0x00, 0x00, 0x00, 0x00, 
0x00, 0x00, 0x00, 0x00, 0x00, 0x00, 0x00, 0x00, 0x00, 0x00, 0x00, 0x00, 0x00, 0x00, 0x00, 0x00, 
0x00, 0x00, 0x00, 0x00, 0x00, 0x00, 0x00, 0x00, 0x00, 0x00, 0x00, 0x00, 0x00, 0x00, 0x00, 0x00, 
0x00, 0x00, 0x00, 0x00, 0x00, 0x00, 0x00, 0x00, 0x00, 0x00, 0x00, 0x00, 0x00, 0x00, 0x00, 0x00, 
0x00, 0x00, 0x00, 0x00, 0x00, 0x00, 0x00, 0x00, 0x00, 0x00, 0x00, 0x00, 0x00, 0x00, 0x00, 0x00, 
0x00, 0x00, 0x00, 0x00, 0x00, 0x00, 0x00, 0x00, 0x00, 0x00, 0x00, 0x00, 0x00, 0x00, 0x00, 0x00, 
0x00, 0x00, 0x00, 0x00, 0x00, 0x00, 0x00, 0x00, 0x00, 0x00, 0x00, 0x00, 0x00, 0x00, 0x00, 0x00, 
0x00, 0x00, 0x00, 0x00, 0x00, 0x00, 0x00, 0x00, 0x00, 0x00, 0x00, 0x00, 0x00, 0x00, 0x00, 0x00, 
0x00, 0x00, 0x00, 0x00, 0x00, 0x00, 0x00, 0x00, 0x00, 0x00, 0x00, 0x00, 0x00, 0x00, 0x00, 0x00, 
0x00, 0x00, 0x00, 0x00, 0x00, 0x00, 0x00, 0x00, 0x00, 0x00, 0x00, 0x00, 0x00, 0x00, 0x00, 0x00, 
0x00, 0x00, 0x00, 0x00, 0x00, 0x00, 0x00, 0x00, 0x00, 0x00, 0x00, 0x00, 0x00, 0x00, 0x00, 0x00, 
0x00, 0x00, 0x00, 0x00, 0x00, 0x00, 0x00, 0x00, 0x00, 0x00, 0x00, 0x00, 0x00, 0x00, 0x00, 0x00, 
0x00, 0x00, 0x00, 0x00, 0x00, 0x00, 0x00, 0x00, 0x00, 0x00, 0x00, 0x00, 0x00, 0x00, 0x00, 0x00, 
0x00, 0x00, 0x00, 0x00, 0x00, 0x00, 0x00, 0x00, 0x00, 0x00, 0x00, 0x00, 0x00, 0x00, 0x00, 0x00, 
0x00, 0x00, 0x00, 0x00, 0x00, 0x00, 0x00, 0x00, 0x00, 0x00, 0x00, 0x00, 0x00, 0x00, 0x00, 0x00, 
0x00, 0x00, 0x00, 0x00, 0x00, 0x00, 0x00, 0x00, 0x00, 0x00, 0x00, 0x00, 0x00, 0x00, 0x00, 0x00, 
0x00, 0x00, 0x00, 0x00, 0x00, 0x00, 0x00, 0x00, 0x00, 0x00, 0x00, 0x00, 0x00, 0x00, 0x00, 0x00, 
0x00, 0x00, 0x00, 0x00, 0x00, 0x00, 0x00, 0x00, 0x00, 0x00, 0x00, 0x00, 0x00, 0x00, 0x00, 0x00, 
0x00, 0x00, 0x00, 0x00, 0x00, 0x00, 0x00, 0x00, 0x00, 0x00, 0x00, 0x00, 0x00, 0x00, 0x00, 0x00, 
0x00, 0x00, 0x00, 0x00, 0x00, 0x00, 0x00, 0x00, 0x00, 0x00, 0x00, 0x00, 0x00, 0x00, 0x00, 0x00, 
0x00, 0x00, 0x00, 0x00, 0x00, 0x00, 0x00, 0x00, 0x00, 0x00, 0x00, 0x00, 0x00, 0x00, 0x00, 0x00, 
0x00, 0x00, 0x00, 0x00, 0x00, 0x00, 0x00, 0x00, 0x00, 0x00, 0x00, 0x00, 0x00, 0x00, 0x00, 0x00, 
0x00, 0x00, 0x00, 0x00, 0x00, 0x00, 0x00, 0x00, 0x00, 0x00, 0x00, 0x00, 0x00, 0x00, 0x00, 0x00, 
0x00, 0x00, 0x00, 0x00, 0x00, 0x00, 0x00, 0x00, 0x00, 0x00, 0x00, 0x00, 0x00, 0x00, 0x00, 0x00, 
0x00, 0x00, 0x00, 0x00, 0x00, 0x00, 0x00, 0x00, 0x00, 0x00, 0x00, 0x00, 0x00, 0x00, 0x00, 0x00, 
0x00, 0x00, 0x00, 0x00, 0x00, 0x00, 0x00, 0x00, 0x00, 0x00, 0x00, 0x00, 0x00, 0x00, 0x00, 0x00, 
0x00, 0x00, 0x00, 0x00, 0x00, 0x00, 0x00, 0x00, 0x00, 0x00, 0x00, 0x00, 0x00, 0x00, 0x00, 0x00, 
0x00, 0x00, 0x00, 0x00, 0x00, 0x00, 0x00, 0x00, 0x00, 0x00, 0x00, 0x00, 0x00, 0x00, 0x00, 0x00, 
0x00, 0x00, 0x00, 0x00, 0x00, 0x00, 0x00, 0x00, 0x00, 0x00, 0x00, 0x00, 0x00, 0x00, 0x00, 0x00, 
0x00, 0x00, 0x00, 0x00, 0x00, 0x00, 0x00, 0x00, 0x00, 0x00, 0x00, 0x00, 0x00, 0x00, 0x00, 0x00, 
0x00, 0x00, 0x00, 0x00, 0x00, 0x00, 0x00, 0x00, 0x00, 0x00, 0x00, 0x00, 0x00, 0x00, 0x00, 0x00, 
0x00, 0x00, 0x00, 0x00, 0x00, 0x00, 0x00, 0x00, 0x00, 0x00, 0x00, 0x00, 0x00, 0x00, 0x00, 0x00, 
0x00, 0x00, 0x00, 0x00, 0x00, 0x00, 0x00, 0x00, 0x00, 0x00, 0x00, 0x00, 0x00, 0x00, 0x00, 0x00, 
0x00, 0x00, 0x00, 0x00, 0x00, 0x00, 0x00, 0x00, 0x00, 0x00, 0x00, 0x00, 0x00, 0x00, 0x00, 0x00, 
0x00, 0x00, 0x00, 0x00, 0x00, 0x00, 0x00, 0x00, 0x00, 0x00, 0x00, 0x00, 0x00, 0x00, 0x00, 0x00, 
0x00, 0x00, 0x00, 0x00, 0x00, 0x00, 0x00, 0x00, 0x00, 0x00, 0x00, 0x00, 0x00, 0x00, 0x00, 0x00, 
0x00, 0x00, 0x00, 0x00, 0x00, 0x00, 0x00, 0x00, 0x00, 0x00, 0x00, 0x00, 0x00, 0x00, 0x00, 0x00, 
0x00, 0x00, 0x00, 0x00, 0x00, 0x00, 0x00, 0x00, 0x00, 0x00, 0x00, 0x00, 0x00, 0x00, 0x00, 0x00, 
0x00, 0x00, 0x00, 0x00, 0x00, 0x00, 0x00, 0x00, 0x00, 0x00, 0x00, 0x00, 0x00, 0x00, 0x00, 0x00, 
0x00, 0x00, 0x00, 0x00, 0x00, 0x00, 0x00, 0x00, 0x00, 0x00, 0x00, 0x00, 0x00, 0x00, 0x00, 0x00, 
0x00, 0x00, 0x00, 0x00, 0x00, 0x00, 0x00, 0x00, 0x00, 0x00, 0x00, 0x00, 0x00, 0x00, 0x00, 0x00, 
0x00, 0x00, 0x00, 0x00, 0x00, 0x00, 0x00, 0x00, 0x00, 0x00, 0x00, 0x00, 0x00, 0x00, 0x00, 0x00, 
0x00, 0x00, 0x00, 0x00, 0x00, 0x00, 0x00, 0x00, 0x00, 0x00, 0x00, 0x00, 0x00, 0x00, 0x00, 0x00, 
0x00, 0x00, 0x00, 0x00, 0x00, 0x00, 0x00, 0x00, 0x00, 0x00, 0x00, 0x00, 0x00, 0x00, 0x00, 0x00, 
0x00, 0x00, 0x00, 0x00, 0x00, 0x00, 0x00, 0x00, 0x00, 0x00, 0x00, 0x00, 0x00, 0x00, 0x00, 0x00, 
0x00, 0x00, 0x00, 0x00, 0x00, 0x00, 0x00, 0x00, 0x00, 0x00, 0x00, 0x00, 0x00, 0x00, 0x00, 0x00, 
0x00, 0x00, 0x00, 0x00, 0x00, 0x00, 0x00, 0x00, 0x00, 0x00, 0x00, 0x00, 0x00, 0x00, 0x00, 0x00, 
0x00, 0x00, 0x00, 0x00, 0x00, 0x00, 0x00, 0x00, 0x00, 0x00, 0x00, 0x00, 0x00, 0x00, 0x00, 0x00, 
0x00, 0x00, 0x00, 0x00, 0x00, 0x00, 0x00, 0x00, 0x00, 0x00, 0x00, 0x00, 0x00, 0x00, 0x00, 0x00, 
0x00, 0x00, 0x00, 0x00, 0x00, 0x00, 0x00, 0x00, 0x00, 0x00, 0x00, 0x00, 0x00, 0x00, 0x00, 0x00, 
0x00, 0x00, 0x00, 0x00, 0x00, 0x00, 0x00, 0x00, 0x00, 0x00, 0x00, 0x00, 0x00, 0x00, 0x00, 0x00, 
0x00, 0x00, 0x00, 0x00, 0x00, 0x00, 0x00, 0x00, 0x00, 0x00, 0x00, 0x00, 0x00, 0x00, 0x00, 0x00, 
0x00, 0x00, 0x00, 0x00, 0x00, 0x00, 0x00, 0x00, 0x00, 0x00, 0x00, 0x00, 0x00, 0x00, 0x00, 0x00, 
0x00, 0x00, 0x00, 0x00, 0x00, 0x00, 0x00, 0x00, 0x00, 0x00, 0x00, 0x00, 0x00, 0x00, 0x00, 0x00, 
0x00, 0x00, 0x00, 0x00, 0x00, 0x00, 0x00, 0x00, 0x00, 0x00, 0x00, 0x00, 0x00, 0x00, 0x00, 0x00, 
0x00, 0x00, 0x00, 0x00, 0x00, 0x00, 0x00, 0x00, 0x00, 0x00, 0x00, 0x00, 0x00, 0x00, 0x00, 0x00, 
0x00, 0x00, 0x00, 0x00, 0x00, 0x00, 0x00, 0x00, 0x00, 0x00, 0x00, 0x00, 0x00, 0x00, 0x00, 0x00, 
0x00, 0x00, 0x00, 0x00, 0x00, 0x00, 0x00, 0x00, 0x00, 0x00, 0x00, 0x00, 0x00, 0x00, 0x00, 0x00, 
0x00, 0x00, 0x00, 0x00, 0x00, 0x00, 0x00, 0x00, 0x00, 0x00, 0x00, 0x00, 0x00, 0x00, 0x00, 0x00, 
0x00, 0x00, 0x00, 0x00, 0x00, 0x00, 0x00, 0x00, 0x00, 0x00, 0x00, 0x00, 0x00, 0x00, 0x00, 0x00, 
0x00, 0x00, 0x00, 0x00, 0x00, 0x00, 0x00, 0x00, 0x00, 0x00, 0x00, 0x00, 0x00, 0x00, 0x00, 0x00, 
0x00, 0x00, 0x00, 0x00, 0x00, 0x00, 0x00, 0x00, 0x00, 0x00, 0x00, 0x00, 0x00, 0x00, 0x00, 0x00, 
0x00, 0x00, 0x00, 0x00, 0x00, 0x00, 0x00, 0x00, 0x00, 0x00, 0x00, 0x00, 0x00, 0x00, 0x00, 0x00, 
0x00, 0x00, 0x00, 0x00, 0x00, 0x00, 0x00, 0x00, 0x00, 0x00, 0x00, 0x00, 0x00, 0x00, 0x00, 0x00, 
0x00, 0x00, 0x00, 0x00, 0x00, 0x00, 0x00, 0x00, 0x00, 0x00, 0x00, 0x00, 0x00, 0x00, 0x00, 0x00, 
0x00, 0x00, 0x00, 0x00, 0x00, 0x00, 0x00, 0x00, 0x00, 0x00, 0x00, 0x00, 0x00, 0x00, 0x00, 0x00, 
0x00, 0x00, 0x00, 0x00, 0x00, 0x00, 0x00, 0x00, 0x00, 0x00, 0x00, 0x00, 0x00, 0x00, 0x00, 0x00, 
0x00, 0x00, 0x00, 0x00, 0x00, 0x00, 0x00, 0x00, 0x00, 0x00, 0x00, 0x00, 0x00, 0x00, 0x00, 0x00, 
0x00, 0x00, 0x00, 0x00, 0x00, 0x00, 0x00, 0x00, 0x00, 0x00, 0x00, 0x00, 0x00, 0x00, 0x00, 0x00, 
0x00, 0x00, 0x00, 0x00, 0x00, 0x00, 0x00, 0x00, 0x00, 0x00, 0x00, 0x00, 0x00, 0x00, 0x00, 0x00, 
0x00, 0x00, 0x00, 0x00, 0x00, 0x00, 0x00, 0x00, 0x00, 0x00, 0x00, 0x00, 0x00, 0x00, 0x00, 0x00, 
0x00, 0x00, 0x00, 0x00, 0x00, 0x00, 0x00, 0x00, 0x00, 0x00, 0x00, 0x00, 0x00, 0x00, 0x00, 0x00, 
0x00, 0x00, 0x00, 0x00, 0x00, 0x00, 0x00, 0x00, 0x00, 0x00, 0x00, 0x00, 0x00, 0x00, 0x00, 0x00, 
0x00, 0x00, 0x00, 0x00, 0x00, 0x00, 0x00, 0x00, 0x00, 0x00, 0x00, 0x00, 0x00, 0x00, 0x00, 0x00, 
0x00, 0x00, 0x00, 0x00, 0x00, 0x00, 0x00, 0x00, 0x00, 0x00, 0x00, 0x00, 0x00, 0x00, 0x00, 0x00, 
0x00, 0x00, 0x00, 0x00, 0x00, 0x00, 0x00, 0x00, 0x00, 0x00, 0x00, 0x00, 0x00, 0x00, 0x00, 0x00, 
0x00, 0x00, 0x00, 0x00, 0x00, 0x00, 0x00, 0x00, 0x00, 0x00, 0x00, 0x00, 0x00, 0x00, 0x00, 0x00, 
0x00, 0x00, 0x00, 0x00, 0x00, 0x00, 0x00, 0x00, 0x00, 0x00, 0x00, 0x00, 0x00, 0x00, 0x00, 0x00, 
0x00, 0x00, 0x00, 0x00, 0x00, 0x00, 0x00, 0x00, 0x00, 0x00, 0x00, 0x00, 0x00, 0x00, 0x00, 0x00, 
0x00, 0x00, 0x00, 0x00, 0x00, 0x00, 0x00, 0x00, 0x00, 0x00, 0x00, 0x00, 0x00, 0x00, 0x00, 0x00, 
0x00, 0x00, 0x00, 0x00, 0x00, 0x00, 0x00, 0x00, 0x00, 0x00, 0x00, 0x00, 0x00, 0x00, 0x00, 0x00, 
0x00, 0x00, 0x00, 0x00, 0x00, 0x00, 0x00, 0x00, 0x00, 0x00, 0x00, 0x00, 0x00, 0x00, 0x00, 0x00, 
0x00, 0x00, 0x00, 0x00, 0x00, 0x00, 0x00, 0x00, 0x00, 0x00, 0x00, 0x00, 0x00, 0x00, 0x00, 0x00, 
0x00, 0x00, 0x00, 0x00, 0x00, 0x00, 0x00, 0x00, 0x00, 0x00, 0x00, 0x00, 0x00, 0x00, 0x00, 0x00, 
0x00, 0x00, 0x00, 0x00, 0x00, 0x00, 0x00, 0x00, 0x00, 0x00, 0x00, 0x00, 0x00, 0x00, 0x00, 0x00, 
0x00, 0x00, 0x00, 0x00, 0x00, 0x00, 0x00, 0x00, 0x00, 0x00, 0x00, 0x00, 0x00, 0x00, 0x00, 0x00, 
0x00, 0x00, 0x00, 0x00, 0x00, 0x00, 0x00, 0x00, 0x00, 0x00, 0x00, 0x00, 0x00, 0x00, 0x00, 0x00, 
0x00, 0x00, 0x00, 0x00, 0x00, 0x00, 0x00, 0x00, 0x00, 0x00, 0x00, 0x00, 0x00, 0x00, 0x00, 0x00, 
0x00, 0x00, 0x00, 0x00, 0x00, 0x00, 0x00, 0x00, 0x00, 0x00, 0x00, 0x00, 0x00, 0x00, 0x00, 0x00, 
0x00, 0x00, 0x00, 0x00, 0x00, 0x00, 0x00, 0x00, 0x00, 0x00, 0x00, 0x00, 0x00, 0x00, 0x00, 0x00, 
0x00, 0x00, 0x00, 0x00, 0x00, 0x00, 0x00, 0x00, 0x00, 0x00, 0x00, 0x00, 0x00, 0x00, 0x00, 0x00, 
0x00, 0x00, 0x00, 0x00, 0x00, 0x00, 0x00, 0x00, 0x00, 0x00, 0x00, 0x00, 0x00, 0x00, 0x00, 0x00, 
0x00, 0x00, 0x00, 0x00, 0x00, 0x00, 0x00, 0x00, 0x00, 0x00, 0x00, 0x00, 0x00, 0x00, 0x00, 0x00, 
0x00, 0x00, 0x00, 0x00, 0x00, 0x00, 0x00, 0x00, 0x00, 0x00, 0x00, 0x00, 0x00, 0x00, 0x00, 0x00, 
0x00, 0x00, 0x00, 0x00, 0x00, 0x00, 0x00, 0x00, 0x00, 0x00, 0x00, 0x00, 0x00, 0x00, 0x00, 0x00, 
0x00, 0x00, 0x00, 0x00, 0x00, 0x00, 0x00, 0x00, 0x00, 0x00, 0x00, 0x00, 0x00, 0x00, 0x00, 0x00, 
0x00, 0x00, 0x00, 0x00, 0x00, 0x00, 0x00, 0x00, 0x00, 0x00, 0x00, 0x00, 0x00, 0x00, 0x00, 0x00, 
0x00, 0x00, 0x00, 0x00, 0x00, 0x00, 0x00, 0x00, 0x00, 0x00, 0x00, 0x00, 0x00, 0x00, 0x00, 0x00, 
0x00, 0x00, 0x00, 0x00, 0x00, 0x00, 0x00, 0x00, 0x00, 0x00, 0x00, 0x00, 0x00, 0x00, 0x00, 0x00, 
0x00, 0x00, 0x00, 0x00, 0x00, 0x00, 0x00, 0x00, 0x00, 0x00, 0x00, 0x00, 0x00, 0x00, 0x00, 0x00, 
0x00, 0x00, 0x00, 0x00, 0x00, 0x00, 0x00, 0x00, 0x00, 0x00, 0x00, 0x00, 0x00, 0x00, 0x00, 0x00, 
0x00, 0x00, 0x00, 0x00, 0x00, 0x00, 0x00, 0x00, 0x00, 0x00, 0x00, 0x00, 0x00, 0x00, 0x00, 0x00, 
0x00, 0x00, 0x00, 0x00, 0x00, 0x00, 0x00, 0x00, 0x00, 0x00, 0x00, 0x00, 0x00, 0x00, 0x00, 0x00, 
0x00, 0x00, 0x00, 0x00, 0x00, 0x00, 0x00, 0x00, 0x00, 0x00, 0x00, 0x00, 0x00, 0x00, 0x00, 0x00, 
0x00, 0x00, 0x00, 0x00, 0x00, 0x00, 0x00, 0x00, 0x00, 0x00, 0x00, 0x00, 0x00, 0x00, 0x00, 0x00, 
0x00, 0x00, 0x00, 0x00, 0x00, 0x00, 0x00, 0x00, 0x00, 0x00, 0x00, 0x00, 0x00, 0x00, 0x00, 0x00, 
0x00, 0x00, 0x00, 0x00, 0x00, 0x00, 0x00, 0x00, 0x00, 0x00, 0x00, 0x00, 0x00, 0x00, 0x00, 0x00, 
0x00, 0x00, 0x00, 0x00, 0x00, 0x00, 0x00, 0x00, 0x00, 0x00, 0x00, 0x00, 0x00, 0x00, 0x00, 0x00, 
0x00, 0x00, 0x00, 0x00, 0x00, 0x00, 0x00, 0x00, 0x00, 0x00, 0x00, 0x00, 0x00, 0x00, 0x00, 0x00, 
0x00, 0x00, 0x00, 0x00, 0x00, 0x00, 0x00, 0x00, 0x00, 0x00, 0x00, 0x00, 0x00, 0x00, 0x00, 0x00, 
0x00, 0x00, 0x00, 0x00, 0x00, 0x00, 0x00, 0x00, 0x00, 0x00, 0x00, 0x00, 0x00, 0x00, 0x00, 0x00, 
0x00, 0x00, 0x00, 0x00, 0x00, 0x00, 0x00, 0x00, 0x00, 0x00, 0x00, 0x00, 0x00, 0x00, 0x00, 0x00, 
0x00, 0x00, 0x00, 0x00, 0x00, 0x00, 0x00, 0x00, 0x00, 0x00, 0x00, 0x00, 0x00, 0x00, 0x00, 0x00, 
0x00, 0x00, 0x00, 0x00, 0x00, 0x00, 0x00, 0x00, 0x00, 0x00, 0x00, 0x00, 0x00, 0x00, 0x00, 0x00, 
0x00, 0x00, 0x00, 0x00, 0x00, 0x00, 0x00, 0x00, 0x00, 0x00, 0x00, 0x00, 0x00, 0x00, 0x00, 0x00, 
0x00, 0x00, 0x00, 0x00, 0x00, 0x00, 0x00, 0x00, 0x00, 0x00, 0x00, 0x00, 0x00, 0x00, 0x00, 0x00, 
0x00, 0x00, 0x00, 0x00, 0x00, 0x00, 0x00, 0x00, 0x00, 0x00, 0x00, 0x00, 0x00, 0x00, 0x00, 0x00, 
0x00, 0x00, 0x00, 0x00, 0x00, 0x00, 0x00, 0x00, 0x00, 0x00, 0x00, 0x00, 0x00, 0x00, 0x00, 0x00, 
0x00, 0x00, 0x00, 0x00, 0x00, 0x00, 0x00, 0x00, 0x00, 0x00, 0x00, 0x00, 0x00, 0x00, 0x00, 0x00, 
0x00, 0x00, 0x00, 0x00, 0x00, 0x00, 0x00, 0x00, 0x00, 0x00, 0x00, 0x00, 0x00, 0x00, 0x00, 0x00, 
0x00, 0x00, 0x00, 0x00, 0x00, 0x00, 0x00, 0x00, 0x00, 0x00, 0x00, 0x00, 0x00, 0x00, 0x00, 0x00, 
0x00, 0x00, 0x00, 0x00, 0x00, 0x00, 0x00, 0x00, 0x00, 0x00, 0x00, 0x00, 0x00, 0x00, 0x00, 0x00, 
0x00, 0x00, 0x00, 0x00, 0x00, 0x00, 0x00, 0x00, 0x00, 0x00, 0x00, 0x00, 0x00, 0x00, 0x00, 0x00, 
0x00, 0x00, 0x00, 0x00, 0x00, 0x00, 0x00, 0x00, 0x00, 0x00, 0x00, 0x00, 0x00, 0x00, 0x00, 0x00, 
0x00, 0x00, 0x00, 0x00, 0x00, 0x00, 0x00, 0x00, 0x00, 0x00, 0x00, 0x00, 0x00, 0x00, 0x00, 0x00, 
0x00, 0x00, 0x00, 0x00, 0x00, 0x00, 0x00, 0x00, 0x00, 0x00, 0x00, 0x00, 0x00, 0x00, 0x00, 0x00, 
0x00, 0x00, 0x00, 0x00, 0x00, 0x00, 0x00, 0x00, 0x00, 0x00, 0x00, 0x00, 0x00, 0x00, 0x00, 0x00, 
0x00, 0x00, 0x00, 0x00, 0x00, 0x00, 0x00, 0x00, 0x00, 0x00, 0x00, 0x00, 0x00, 0x00, 0x00, 0x00, 
0x00, 0x00, 0x00, 0x00, 0x00, 0x00, 0x00, 0x00, 0x00, 0x00, 0x00, 0x00, 0x00, 0x00, 0x00, 0x00, 
0x00, 0x00, 0x00, 0x00, 0x00, 0x00, 0x00, 0x00, 0x00, 0x00, 0x00, 0x00, 0x00, 0x00, 0x00, 0x00, 
0x00, 0x00, 0x00, 0x00, 0x00, 0x00, 0x00, 0x00, 0x00, 0x00, 0x00, 0x00, 0x00, 0x00, 0x00, 0x00, 
0x00, 0x00, 0x00, 0x00, 0x00, 0x00, 0x00, 0x00, 0x00, 0x00, 0x00, 0x00, 0x00, 0x00, 0x00, 0x00, 
0x00, 0x00, 0x00, 0x00, 0x00, 0x00, 0x00, 0x00, 0x00, 0x00, 0x00, 0x00, 0x00, 0x00, 0x00, 0x00, 
0x00, 0x00, 0x00, 0x00, 0x00, 0x00, 0x00, 0x00, 0x00, 0x00, 0x00, 0x00, 0x00, 0x00, 0x00, 0x00, 
0x00, 0x00, 0x00, 0x00, 0x00, 0x00, 0x00, 0x00, 0x00, 0x00, 0x00, 0x00, 0x00, 0x00, 0x00, 0x00, 
0x00, 0x00, 0x00, 0x00, 0x00, 0x00, 0x00, 0x00, 0x00, 0x00, 0x00, 0x00, 0x00, 0x00, 0x00, 0x00, 
0x00, 0x00, 0x00, 0x00, 0x00, 0x00, 0x00, 0x00, 0x00, 0x00, 0x00, 0x00, 0x00, 0x00, 0x00, 0x00, 
0x00, 0x00, 0x00, 0x00, 0x00, 0x00, 0x00, 0x00, 0x00, 0x00, 0x00, 0x00, 0x00, 0x00, 0x00, 0x00, 
0x00, 0x00, 0x00, 0x00, 0x00, 0x00, 0x00, 0x00, 0x00, 0x00, 0x00, 0x00, 0x00, 0x00, 0x00, 0x00, 
0x00, 0x00, 0x00, 0x00, 0x00, 0x00, 0x00, 0x00, 0x00, 0x00, 0x00, 0x00, 0x00, 0x00, 0x00, 0x00, 
0x00, 0x00, 0x00, 0x00, 0x00, 0x00, 0x00, 0x00, 0x00, 0x00, 0x00, 0x00, 0x00, 0x00, 0x00, 0x00, 
0x00, 0x00, 0x00, 0x00, 0x00, 0x00, 0x00, 0x00, 0x00, 0x00, 0x00, 0x00, 0x00, 0x00, 0x00, 0x00, 
0x00, 0x00, 0x00, 0x00, 0x00, 0x00, 0x00, 0x00, 0x00, 0x00, 0x00, 0x00, 0x00, 0x00, 0x00, 0x00, 
0x00, 0x00, 0x00, 0x00, 0x00, 0x00, 0x00, 0x00, 0x00, 0x00, 0x00, 0x00, 0x00, 0x00, 0x00, 0x00, 
0x00, 0x00, 0x00, 0x00, 0x00, 0x00, 0x00, 0x00, 0x00, 0x00, 0x00, 0x00, 0x00, 0x00, 0x00, 0x00, 
0x00, 0x00, 0x00, 0x00, 0x00, 0x00, 0x00, 0x00, 0x00, 0x00, 0x00, 0x00, 0x00, 0x00, 0x00, 0x00, 
0x00, 0x00, 0x00, 0x00, 0x00, 0x00, 0x00, 0x00, 0x00, 0x00, 0x00, 0x00, 0x00, 0x00, 0x00, 0x00, 
0x00, 0x00, 0x00, 0x00, 0x00, 0x00, 0x00, 0x00, 0x00, 0x00, 0x00, 0x00, 0x00, 0x00, 0x00, 0x00, 
0x00, 0x00, 0x00, 0x00, 0x00, 0x00, 0x00, 0x00, 0x00, 0x00, 0x00, 0x00, 0x00, 0x00, 0x00, 0x00, 
0x00, 0x00, 0x00, 0x00, 0x00, 0x00, 0x00, 0x00, 0x00, 0x00, 0x00, 0x00, 0x00, 0x00, 0x00, 0x00, 
0x00, 0x00, 0x00, 0x00, 0x00, 0x00, 0x00, 0x00, 0x00, 0x00, 0x00, 0x00, 0x00, 0x00, 0x00, 0x00, 
0x00, 0x00, 0x00, 0x00, 0x00, 0x00, 0x00, 0x00, 0x00, 0x00, 0x00, 0x00, 0x00, 0x00, 0x00, 0x00, 
0x00, 0x00, 0x00, 0x00, 0x00, 0x00, 0x00, 0x00, 0x00, 0x00, 0x00, 0x00, 0x00, 0x00, 0x00, 0x00, 
0x00, 0x00, 0x00, 0x00, 0x00, 0x00, 0x00, 0x00, 0x00, 0x00, 0x00, 0x00, 0x00, 0x00, 0x00, 0x00, 
0x00, 0x00, 0x00, 0x00, 0x00, 0x00, 0x00, 0x00, 0x00, 0x00, 0x00, 0x00, 0x00, 0x00, 0x00, 0x00, 
0x00, 0x00, 0x00, 0x00, 0x00, 0x00, 0x00, 0x00, 0x00, 0x00, 0x00, 0x00, 0x00, 0x00, 0x00, 0x00, 
0x00, 0x00, 0x00, 0x00, 0x00, 0x00, 0x00, 0x00, 0x00, 0x00, 0x00, 0x00, 0x00, 0x00, 0x00, 0x00, 
0x00, 0x00, 0x00, 0x00, 0x00, 0x00, 0x00, 0x00, 0x00, 0x00, 0x00, 0x00, 0x00, 0x00, 0x00, 0x00, 
0x00, 0x00, 0x00, 0x00, 0x00, 0x00, 0x00, 0x00, 0x00, 0x00, 0x00, 0x00, 0x00, 0x00, 0x00, 0x00, 
0x00, 0x00, 0x00, 0x00, 0x00, 0x00, 0x00, 0x00, 0x00, 0x00, 0x00, 0x00, 0x00, 0x00, 0x00, 0x00, 
0x00, 0x00, 0x00, 0x00, 0x00, 0x00, 0x00, 0x00, 0x00, 0x00, 0x00, 0x00, 0x00, 0x00, 0x00, 0x00, 
0x00, 0x00, 0x00, 0x00, 0x00, 0x00, 0x00, 0x00, 0x00, 0x00, 0x00, 0x00, 0x00, 0x00, 0x00, 0x00, 
0x00, 0x00, 0x00, 0x00, 0x00, 0x00, 0x00, 0x00, 0x00, 0x00, 0x00, 0x00, 0x00, 0x00, 0x00, 0x00, 
0x00, 0x00, 0x00, 0x00, 0x00, 0x00, 0x00, 0x00, 0x00, 0x00, 0x00, 0x00, 0x00, 0x00, 0x00, 0x00, 
0x00, 0x00, 0x00, 0x00, 0x00, 0x00, 0x00, 0x00, 0x00, 0x00, 0x00, 0x00, 0x00, 0x00, 0x00, 0x00, 
0x00, 0x00, 0x00, 0x00, 0x00, 0x00, 0x00, 0x00, 0x00, 0x00, 0x00, 0x00, 0x00, 0x00, 0x00, 0x00, 
0x00, 0x00, 0x00, 0x00, 0x00, 0x00, 0x00, 0x00, 0x00, 0x00, 0x00, 0x00, 0x00, 0x00, 0x00, 0x00, 
0x00, 0x00, 0x00, 0x00, 0x00, 0x00, 0x00, 0x00, 0x00, 0x00, 0x00, 0x00, 0x00, 0x00, 0x00, 0x00, 
0x00, 0x00, 0x00, 0x00, 0x00, 0x00, 0x00, 0x00, 0x00, 0x00, 0x00, 0x00, 0x00, 0x00, 0x00, 0x00, 
0x00, 0x00, 0x00, 0x00, 0x00, 0x00, 0x00, 0x00, 0x00, 0x00, 0x00, 0x00, 0x00, 0x00, 0x00, 0x00, 
0x00, 0x00, 0x00, 0x00, 0x00, 0x00, 0x00, 0x00, 0x00, 0x00, 0x00, 0x00, 0x00, 0x00, 0x00, 0x00, 
0x00, 0x00, 0x00, 0x00, 0x00, 0x00, 0x00, 0x00, 0x00, 0x00, 0x00, 0x00, 0x00, 0x00, 0x00, 0x00, 
0x00, 0x00, 0x00, 0x00, 0x00, 0x00, 0x00, 0x00, 0x00, 0x00, 0x00, 0x00, 0x00, 0x00, 0x00, 0x00, 
0x00, 0x00, 0x00, 0x00, 0x00, 0x00, 0x00, 0x00, 0x00, 0x00, 0x00, 0x00, 0x00, 0x00, 0x00, 0x00, 
0x00, 0x00, 0x00, 0x00, 0x00, 0x00, 0x00, 0x00, 0x00, 0x00, 0x00, 0x00, 0x00, 0x00, 0x00, 0x00, 
0x00, 0x00, 0x00, 0x00, 0x00, 0x00, 0x00, 0x00, 0x00, 0x00, 0x00, 0x00, 0x00, 0x00, 0x00, 0x00, 
0x00, 0x00, 0x00, 0x00, 0x00, 0x00, 0x00, 0x00, 0x00, 0x00, 0x00, 0x00, 0x00, 0x00, 0x00, 0x00, 
0x00, 0x00, 0x00, 0x00, 0x00, 0x00, 0x00, 0x00, 0x00, 0x00, 0x00, 0x00, 0x00, 0x00, 0x00, 0x00, 
0x00, 0x00, 0x00, 0x00, 0x00, 0x00, 0x00, 0x00, 0x00, 0x00, 0x00, 0x00, 0x00, 0x00, 0x00, 0x00, 
0x00, 0x00, 0x00, 0x00, 0x00, 0x00, 0x00, 0x00, 0x00, 0x00, 0x00, 0x00, 0x00, 0x00, 0x00, 0x00, 
0x00, 0x00, 0x00, 0x00, 0x00, 0x00, 0x00, 0x00, 0x00, 0x00, 0x00, 0x00, 0x00, 0x00, 0x00, 0x00, 
0x00, 0x00, 0x00, 0x00, 0x00, 0x00, 0x00, 0x00, 0x00, 0x00, 0x00, 0x00, 0x00, 0x00, 0x00, 0x00, 
0x00, 0x00, 0x00, 0x00, 0x00, 0x00, 0x00, 0x00, 0x00, 0x00, 0x00, 0x00, 0x00, 0x00, 0x00, 0x00, 
0x00, 0x00, 0x00, 0x00, 0x00, 0x00, 0x00, 0x00, 0x00, 0x00, 0x00, 0x00, 0x00, 0x00, 0x00, 0x00, 
0x00, 0x00, 0x00, 0x00, 0x00, 0x00, 0x00, 0x00, 0x00, 0x00, 0x00, 0x00, 0x00, 0x00, 0x00, 0x00, 
0x00, 0x00, 0x00, 0x00, 0x00, 0x00, 0x00, 0x00, 0x00, 0x00, 0x00, 0x00, 0x00, 0x00, 0x00, 0x00, 
0x00, 0x00, 0x00, 0x00, 0x00, 0x00, 0x00, 0x00, 0x00, 0x00, 0x00, 0x00, 0x00, 0x00, 0x00, 0x00, 
0x00, 0x00, 0x00, 0x00, 0x00, 0x00, 0x00, 0x00, 0x00, 0x00, 0x00, 0x00, 0x00, 0x00, 0x00, 0x00, 
0x00, 0x00, 0x00, 0x00, 0x00, 0x00, 0x00, 0x00, 0x00, 0x00, 0x00, 0x00, 0x00, 0x00, 0x00, 0x00, 
0x00, 0x00, 0x00, 0x00, 0x00, 0x00, 0x00, 0x00, 0x00, 0x00, 0x00, 0x00, 0x00, 0x00, 0x00, 0x00, 
0x00, 0x00, 0x00, 0x00, 0x00, 0x00, 0x00, 0x00, 0x00, 0x00, 0x00, 0x00, 0x00, 0x00, 0x00, 0x00, 
0x00, 0x00, 0x00, 0x00, 0x00, 0x00, 0x00, 0x00, 0x00, 0x00, 0x00, 0x00, 0x00, 0x00, 0x00, 0x00, 
0x00, 0x00, 0x00, 0x00, 0x00, 0x00, 0x00, 0x00, 0x00, 0x00, 0x00, 0x00, 0x00, 0x00, 0x00, 0x00, 
0x00, 0x00, 0x00, 0x00, 0x00, 0x00, 0x00, 0x00, 0x00, 0x00, 0x00, 0x00, 0x00, 0x00, 0x00, 0x00, 
0x00, 0x00, 0x00, 0x00, 0x00, 0x00, 0x00, 0x00, 0x00, 0x00, 0x00, 0x00, 0x00, 0x00, 0x00, 0x00, 
0x00, 0x00, 0x00, 0x00, 0x00, 0x00, 0x00, 0x00, 0x00, 0x00, 0x00, 0x00, 0x00, 0x00, 0x00, 0x00, 
0x00, 0x00, 0x00, 0x00, 0x00, 0x00, 0x00, 0x00, 0x00, 0x00, 0x00, 0x00, 0x00, 0x00, 0x00, 0x00, 
0x00, 0x00, 0x00, 0x00, 0x00, 0x00, 0x00, 0x00, 0x00, 0x00, 0x00, 0x00, 0x00, 0x00, 0x00, 0x00, 
0x00, 0x00, 0x00, 0x00, 0x00, 0x00, 0x00, 0x00, 0x00, 0x00, 0x00, 0x00, 0x00, 0x00, 0x00, 0x00, 
0x00, 0x00, 0x00, 0x00, 0x00, 0x00, 0x00, 0x00, 0x00, 0x00, 0x00, 0x00, 0x00, 0x00, 0x00, 0x00, 
0x00, 0x00, 0x00, 0x00, 0x00, 0x00, 0x00, 0x00, 0x00, 0x00, 0x00, 0x00, 0x00, 0x00, 0x00, 0x00, 
0x00, 0x00, 0x00, 0x00, 0x00, 0x00, 0x00, 0x00, 0x00, 0x00, 0x00, 0x00, 0x00, 0x00, 0x00, 0x00, 
0x00, 0x00, 0x00, 0x00, 0x00, 0x00, 0x00, 0x00, 0x00, 0x00, 0x00, 0x00, 0x00, 0x00, 0x00, 0x00, 
0x00, 0x00, 0x00, 0x00, 0x00, 0x00, 0x00, 0x00, 0x00, 0x00, 0x00, 0x00, 0x00, 0x00, 0x00, 0x00, 
0x00, 0x00, 0x00, 0x00, 0x00, 0x00, 0x00, 0x00, 0x00, 0x00, 0x00, 0x00, 0x00, 0x00, 0x00, 0x00, 
0x00, 0x00, 0x00, 0x00, 0x00, 0x00, 0x00, 0x00, 0x00, 0x00, 0x00, 0x00, 0x00, 0x00, 0x00, 0x00, 
0x00, 0x00, 0x00, 0x00, 0x00, 0x00, 0x00, 0x00, 0x00, 0x00, 0x00, 0x00, 0x00, 0x00, 0x00, 0x00, 
0x00, 0x00, 0x00, 0x00, 0x00, 0x00, 0x00, 0x00, 0x00, 0x00, 0x00, 0x00, 0x00, 0x00, 0x00, 0x00, 
0x00, 0x00, 0x00, 0x00, 0x00, 0x00, 0x00, 0x00, 0x00, 0x00, 0x00, 0x00, 0x00, 0x00, 0x00, 0x00, 
0x00, 0x00, 0x00, 0x00, 0x00, 0x00, 0x00, 0x00, 0x00, 0x00, 0x00, 0x00, 0x00, 0x00, 0x00, 0x00, 
0x00, 0x00, 0x00, 0x00, 0x00, 0x00, 0x00, 0x00, 0x00, 0x00, 0x00, 0x00, 0x00, 0x00, 0x00, 0x00, 
0x00, 0x00, 0x00, 0x00, 0x00, 0x00, 0x00, 0x00, 0x00, 0x00, 0x00, 0x00, 0x00, 0x00, 0x00, 0x00, 
0x00, 0x00, 0x00, 0x00, 0x00, 0x00, 0x00, 0x00, 0x00, 0x00, 0x00, 0x00, 0x00, 0x00, 0x00, 0x00, 
0x00, 0x00, 0x00, 0x00, 0x00, 0x00, 0x00, 0x00, 0x00, 0x00, 0x00, 0x00, 0x00, 0x00, 0x00, 0x00, 
0x00, 0x00, 0x00, 0x00, 0x00, 0x00, 0x00, 0x00, 0x00, 0x00, 0x00, 0x00, 0x00, 0x00, 0x00, 0x00, 
0x00, 0x00, 0x00, 0x00, 0x00, 0x00, 0x00, 0x00, 0x00, 0x00, 0x00, 0x00, 0x00, 0x00, 0x00, 0x00, 
0x00, 0x00, 0x00, 0x00, 0x00, 0x00, 0x00, 0x00, 0x00, 0x00, 0x00, 0x00, 0x00, 0x00, 0x00, 0x00, 
0x00, 0x00, 0x00, 0x00, 0x00, 0x00, 0x00, 0x00, 0x00, 0x00, 0x00, 0x00, 0x00, 0x00, 0x00, 0x00, 
0x00, 0x00, 0x00, 0x00, 0x00, 0x00, 0x00, 0x00, 0x00, 0x00, 0x00, 0x00, 0x00, 0x00, 0x00, 0x00, 
0x00, 0x00, 0x00, 0x00, 0x00, 0x00, 0x00, 0x00, 0x00, 0x00, 0x00, 0x00, 0x00, 0x00, 0x00, 0x00, 
0x00, 0x00, 0x00, 0x00, 0x00, 0x00, 0x00, 0x00, 0x00, 0x00, 0x00, 0x00, 0x00, 0x00, 0x00, 0x00, 
0x00, 0x00, 0x00, 0x00, 0x00, 0x00, 0x00, 0x00, 0x00, 0x00, 0x00, 0x00, 0x00, 0x00, 0x00, 0x00, 
0x00, 0x00, 0x00, 0x00, 0x00, 0x00, 0x00, 0x00, 0x00, 0x00, 0x00, 0x00, 0x00, 0x00, 0x00, 0x00, 
0x00, 0x00, 0x00, 0x00, 0x00, 0x00, 0x00, 0x00, 0x00, 0x00, 0x00, 0x00, 0x00, 0x00, 0x00, 0x00, 
0x00, 0x00, 0x00, 0x00, 0x00, 0x00, 0x00, 0x00, 0x00, 0x00, 0x00, 0x00, 0x00, 0x00, 0x00, 0x00, 
0x00, 0x00, 0x00, 0x00, 0x00, 0x00, 0x00, 0x00, 0x00, 0x00, 0x00, 0x00, 0x00, 0x00, 0x00, 0x00, 
0x00, 0x00, 0x00, 0x00, 0x00, 0x00, 0x00, 0x00, 0x00, 0x00, 0x00, 0x00, 0x00, 0x00, 0x00, 0x00, 
0x00, 0x00, 0x00, 0x00, 0x00, 0x00, 0x00, 0x00, 0x00, 0x00, 0x00, 0x00, 0x00, 0x00, 0x00, 0x00, 
0x00, 0x00, 0x00, 0x00, 0x00, 0x00, 0x00, 0x00, 0x00, 0x00, 0x00, 0x00, 0x00, 0x00, 0x00, 0x00, 
0x00, 0x00, 0x00, 0x00, 0x00, 0x00, 0x00, 0x00, 0x00, 0x00, 0x00, 0x00, 0x00, 0x00, 0x00, 0x00, 
0x00, 0x00, 0x00, 0x00, 0x00, 0x00, 0x00, 0x00, 0x00, 0x00, 0x00, 0x00, 0x00, 0x00, 0x00, 0x00, 
0x00, 0x00, 0x00, 0x00, 0x00, 0x00, 0x00, 0x00, 0x00, 0x00, 0x00, 0x00, 0x00, 0x00, 0x00, 0x00, 
0x00, 0x00, 0x00, 0x00, 0x00, 0x00, 0x00, 0x00, 0x00, 0x00, 0x00, 0x00, 0x00, 0x00, 0x00, 0x00, 
0x00, 0x00, 0x00, 0x00, 0x00, 0x00, 0x00, 0x00, 0x00, 0x00, 0x00, 0x00, 0x00, 0x00, 0x00, 0x00, 
0x00, 0x00, 0x00, 0x00, 0x00, 0x00, 0x00, 0x00, 0x00, 0x00, 0x00, 0x00, 0x00, 0x00, 0x00, 0x00, 
0x00, 0x00, 0x00, 0x00, 0x00, 0x00, 0x00, 0x00, 0x00, 0x00, 0x00, 0x00, 0x00, 0x00, 0x00, 0x00, 
0x00, 0x00, 0x00, 0x00, 0x00, 0x00, 0x00, 0x00, 0x00, 0x00, 0x00, 0x00, 0x00, 0x00, 0x00, 0x00, 
0x00, 0x00, 0x00, 0x00, 0x00, 0x00, 0x00, 0x00, 0x00, 0x00, 0x00, 0x00, 0x00, 0x00, 0x00, 0x00, 
0x00, 0x00, 0x00, 0x00, 0x00, 0x00, 0x00, 0x00, 0x00, 0x00, 0x00, 0x00, 0x00, 0x00, 0x00, 0x00, 
0x00, 0x00, 0x00, 0x00, 0x00, 0x00, 0x00, 0x00, 0x00, 0x00, 0x00, 0x00, 0x00, 0x00, 0x00, 0x00, 
0x00, 0x00, 0x00, 0x00, 0x00, 0x00, 0x00, 0x00, 0x00, 0x00, 0x00, 0x00, 0x00, 0x00, 0x00, 0x00, 
0x00, 0x00, 0x00, 0x00, 0x00, 0x00, 0x00, 0x00, 0x00, 0x00, 0x00, 0x00, 0x00, 0x00, 0x00, 0x00, 
0x00, 0x00, 0x00, 0x00, 0x00, 0x00, 0x00, 0x00, 0x00, 0x00, 0x00, 0x00, 0x00, 0x00, 0x00, 0x00, 
0x00, 0x00, 0x00, 0x00, 0x00, 0x00, 0x00, 0x00, 0x00, 0x00, 0x00, 0x00, 0x00, 0x00, 0x00, 0x00, 
0x00, 0x00, 0x00, 0x00, 0x00, 0x00, 0x00, 0x00, 0x00, 0x00, 0x00, 0x00, 0x00, 0x00, 0x00, 0x00, 
0x00, 0x00, 0x00, 0x00, 0x00, 0x00, 0x00, 0x00, 0x00, 0x00, 0x00, 0x00, 0x00, 0x00, 0x00, 0x00, 
0x00, 0x00, 0x00, 0x00, 0x00, 0x00, 0x00, 0x00, 0x00, 0x00, 0x00, 0x00, 0x00, 0x00, 0x00, 0x00, 
0x00, 0x00, 0x00, 0x00, 0x00, 0x00, 0x00, 0x00, 0x00, 0x00, 0x00, 0x00, 0x00, 0x00, 0x00, 0x00, 
0x00, 0x00, 0x00, 0x00, 0x00, 0x00, 0x00, 0x00, 0x00, 0x00, 0x00, 0x00, 0x00, 0x00, 0x00, 0x00, 
0x00, 0x00, 0x00, 0x00, 0x00, 0x00, 0x00, 0x00, 0x00, 0x00, 0x00, 0x00, 0x00, 0x00, 0x00, 0x00, 
0x00, 0x00, 0x00, 0x00, 0x00, 0x00, 0x00, 0x00, 0x00, 0x00, 0x00, 0x00, 0x00, 0x00, 0x00, 0x00, 
0x00, 0x00, 0x00, 0x00, 0x00, 0x00, 0x00, 0x00, 0x00, 0x00, 0x00, 0x00, 0x00, 0x00, 0x00, 0x00, 
0x00, 0x00, 0x00, 0x00, 0x00, 0x00, 0x00, 0x00, 0x00, 0x00, 0x00, 0x00, 0x00, 0x00, 0x00, 0x00, 
0x00, 0x00, 0x00, 0x00, 0x00, 0x00, 0x00, 0x00, 0x00, 0x00, 0x00, 0x00, 0x00, 0x00, 0x00, 0x00, 
0x00, 0x00, 0x00, 0x00, 0x00, 0x00, 0x00, 0x00, 0x00, 0x00, 0x00, 0x00, 0x00, 0x00, 0x00, 0x00, 
0x00, 0x00, 0x00, 0x00, 0x00, 0x00, 0x00, 0x00, 0x00, 0x00, 0x00, 0x00, 0x00, 0x00, 0x00, 0x00, 
0x00, 0x00, 0x00, 0x00, 0x00, 0x00, 0x00, 0x00, 0x00, 0x00, 0x00, 0x00, 0x00, 0x00, 0x00, 0x00, 
0x00, 0x00, 0x00, 0x00, 0x00, 0x00, 0x00, 0x00, 0x00, 0x00, 0x00, 0x00, 0x00, 0x00, 0x00, 0x00, 
0x00, 0x00, 0x00, 0x00, 0x00, 0x00, 0x00, 0x00, 0x00, 0x00, 0x00, 0x00, 0x00, 0x00, 0x00, 0x00, 
0x00, 0x00, 0x00, 0x00, 0x00, 0x00, 0x00, 0x00, 0x00, 0x00, 0x00, 0x00, 0x00, 0x00, 0x00, 0x00, 
0x00, 0x00, 0x00, 0x00, 0x00, 0x00, 0x00, 0x00, 0x00, 0x00, 0x00, 0x00, 0x00, 0x00, 0x00, 0x00, 
0x00, 0x00, 0x00, 0x00, 0x00, 0x00, 0x00, 0x00, 0x00, 0x00, 0x00, 0x00, 0x00, 0x00, 0x00, 0x00, 
0x00, 0x00, 0x00, 0x00, 0x00, 0x00, 0x00, 0x00, 0x00, 0x00, 0x00, 0x00, 0x00, 0x00, 0x00, 0x00, 
0x00, 0x00, 0x00, 0x00, 0x00, 0x00, 0x00, 0x00, 0x00, 0x00, 0x00, 0x00, 0x00, 0x00, 0x00, 0x00, 
0x00, 0x00, 0x00, 0x00, 0x00, 0x00, 0x00, 0x00, 0x00, 0x00, 0x00, 0x00, 0x00, 0x00, 0x00, 0x00, 
0x00, 0x00, 0x00, 0x00, 0x00, 0x00, 0x00, 0x00, 0x00, 0x00, 0x00, 0x00, 0x00, 0x00, 0x00, 0x00, 
0x00, 0x00, 0x00, 0x00, 0x00, 0x00, 0x00, 0x00, 0x00, 0x00, 0x00, 0x00, 0x00, 0x00, 0x00, 0x00, 
0x00, 0x00, 0x00, 0x00, 0x00, 0x00, 0x00, 0x00, 0x00, 0x00, 0x00, 0x00, 0x00, 0x00, 0x00, 0x00, 
0x00, 0x00, 0x00, 0x00, 0x00, 0x00, 0x00, 0x00, 0x00, 0x00, 0x00, 0x00, 0x00, 0x00, 0x00, 0x00, 
0x00, 0x00, 0x00, 0x00, 0x00, 0x00, 0x00, 0x00, 0x00, 0x00, 0x00, 0x00, 0x00, 0x00, 0x00, 0x00, 
0x00, 0x00, 0x00, 0x00, 0x00, 0x00, 0x00, 0x00, 0x00, 0x00, 0x00, 0x00, 0x00, 0x00, 0x00, 0x00, 
0x00, 0x00, 0x00, 0x00, 0x00, 0x00, 0x00, 0x00, 0x00, 0x00, 0x00, 0x00, 0x00, 0x00, 0x00, 0x00, 
0x00, 0x00, 0x00, 0x00, 0x00, 0x00, 0x00, 0x00, 0x00, 0x00, 0x00, 0x00, 0x00, 0x00, 0x00, 0x00, 
0x00, 0x00, 0x00, 0x00, 0x00, 0x00, 0x00, 0x00, 0x00, 0x00, 0x00, 0x00, 0x00, 0x00, 0x00, 0x00, 
0x00, 0x00, 0x00, 0x00, 0x00, 0x00, 0x00, 0x00, 0x00, 0x00, 0x00, 0x00, 0x00, 0x00, 0x00, 0x00, 
0x00, 0x00, 0x00, 0x00, 0x00, 0x00, 0x00, 0x00, 0x00, 0x00, 0x00, 0x00, 0x00, 0x00, 0x00, 0x00, 
0x00, 0x00, 0x00, 0x00, 0x00, 0x00, 0x00, 0x00, 0x00, 0x00, 0x00, 0x00, 0x00, 0x00, 0x00, 0x00, 
0x00, 0x00, 0x00, 0x00, 0x00, 0x00, 0x00, 0x00, 0x00, 0x00, 0x00, 0x00, 0x00, 0x00, 0x00, 0x00, 
0x00, 0x00, 0x00, 0x00, 0x00, 0x00, 0x00, 0x00, 0x00, 0x00, 0x00, 0x00, 0x00, 0x00, 0x00, 0x00, 
0x00, 0x00, 0x00, 0x00, 0x00, 0x00, 0x00, 0x00, 0x00, 0x00, 0x00, 0x00, 0x00, 0x00, 0x00, 0x00, 
0x00, 0x00, 0x00, 0x00, 0x00, 0x00, 0x00, 0x00, 0x00, 0x00, 0x00, 0x00, 0x00, 0x00, 0x00, 0x00, 
0x00, 0x00, 0x00, 0x00, 0x00, 0x00, 0x00, 0x00, 0x00, 0x00, 0x00, 0x00, 0x00, 0x00, 0x00, 0x00, 
0x00, 0x00, 0x00, 0x00, 0x00, 0x00, 0x00, 0x00, 0x00, 0x00, 0x00, 0x00, 0x00, 0x00, 0x00, 0x00, 
0x00, 0x00, 0x00, 0x00, 0x00, 0x00, 0x00, 0x00, 0x00, 0x00, 0x00, 0x00, 0x00, 0x00, 0x00, 0x00, 
0x00, 0x00, 0x00, 0x00, 0x00, 0x00, 0x00, 0x00, 0x00, 0x00, 0x00, 0x00, 0x00, 0x00, 0x00, 0x00, 
0x00, 0x00, 0x00, 0x00, 0x00, 0x00, 0x00, 0x00, 0x00, 0x00, 0x00, 0x00, 0x00, 0x00, 0x00, 0x00, 
0x00, 0x00, 0x00, 0x00, 0x00, 0x00, 0x00, 0x00, 0x00, 0x00, 0x00, 0x00, 0x00, 0x00, 0x00, 0x00, 
0x00, 0x00, 0x00, 0x00, 0x00, 0x00, 0x00, 0x00, 0x00, 0x00, 0x00, 0x00, 0x00, 0x00, 0x00, 0x00, 
0x00, 0x00, 0x00, 0x00, 0x00, 0x00, 0x00, 0x00, 0x00, 0x00, 0x00, 0x00, 0x00, 0x00, 0x00, 0x00, 
0x00, 0x00, 0x00, 0x00, 0x00, 0x00, 0x00, 0x00, 0x00, 0x00, 0x00, 0x00, 0x00, 0x00, 0x00, 0x00, 
0x00, 0x00, 0x00, 0x00, 0x00, 0x00, 0x00, 0x00, 0x00, 0x00, 0x00, 0x00, 0x00, 0x00, 0x00, 0x00, 
0x00, 0x00, 0x00, 0x00, 0x00, 0x00, 0x00, 0x00, 0x00, 0x00, 0x00, 0x00, 0x00, 0x00, 0x00, 0x00, 
0x00, 0x00, 0x00, 0x00, 0x00, 0x00, 0x00, 0x00, 0x00, 0x00, 0x00, 0x00, 0x00, 0x00, 0x00, 0x00, 
0x00, 0x00, 0x00, 0x00, 0x00, 0x00, 0x00, 0x00, 0x00, 0x00, 0x00, 0x00, 0x00, 0x00, 0x00, 0x00, 
0x00, 0x00, 0x00, 0x00, 0x00, 0x00, 0x00, 0x00, 0x00, 0x00, 0x00, 0x00, 0x00, 0x00, 0x00, 0x00, 
0x00, 0x00, 0x00, 0x00, 0x00, 0x00, 0x00, 0x00, 0x00, 0x00, 0x00, 0x00, 0x00, 0x00, 0x00, 0x00, 
0x00, 0x00, 0x00, 0x00, 0x00, 0x00, 0x00, 0x00, 0x00, 0x00, 0x00, 0x00, 0x00, 0x00, 0x00, 0x00, 
0x00, 0x00, 0x00, 0x00, 0x00, 0x00, 0x00, 0x00, 0x00, 0x00, 0x00, 0x00, 0x00, 0x00, 0x00, 0x00, 
0x00, 0x00, 0x00, 0x00, 0x00, 0x00, 0x00, 0x00, 0x00, 0x00, 0x00, 0x00, 0x00, 0x00, 0x00, 0x00, 
0x00, 0x00, 0x00, 0x00, 0x00, 0x00, 0x00, 0x00, 0x00, 0x00, 0x00, 0x00, 0x00, 0x00, 0x00, 0x00, 
0x00, 0x00, 0x00, 0x00, 0x00, 0x00, 0x00, 0x00, 0x00, 0x00, 0x00, 0x00, 0x00, 0x00, 0x00, 0x00, 
0x00, 0x00, 0x00, 0x00, 0x00, 0x00, 0x00, 0x00, 0x00, 0x00, 0x00, 0x00, 0x00, 0x00, 0x00, 0x00, 
0x00, 0x00, 0x00, 0x00, 0x00, 0x00, 0x00, 0x00, 0x00, 0x00, 0x00, 0x00, 0x00, 0x00, 0x00, 0x00, 
0x00, 0x00, 0x00, 0x00, 0x00, 0x00, 0x00, 0x00, 0x00, 0x00, 0x00, 0x00, 0x00, 0x00, 0x00, 0x00, 
0x00, 0x00, 0x00, 0x00, 0x00, 0x00, 0x00, 0x00, 0x00, 0x00, 0x00, 0x00, 0x00, 0x00, 0x00, 0x00, 
0x00, 0x00, 0x00, 0x00, 0x00, 0x00, 0x00, 0x00, 0x00, 0x00, 0x00, 0x00, 0x00, 0x00, 0x00, 0x00, 
0x00, 0x00, 0x00, 0x00, 0x00, 0x00, 0x00, 0x00, 0x00, 0x00, 0x00, 0x00, 0x00, 0x00, 0x00, 0x00, 
0x00, 0x00, 0x00, 0x00, 0x00, 0x00, 0x00, 0x00, 0x00, 0x00, 0x00, 0x00, 0x00, 0x00, 0x00, 0x00, 
0x00, 0x00, 0x00, 0x00, 0x00, 0x00, 0x00, 0x00, 0x00, 0x00, 0x00, 0x00, 0x00, 0x00, 0x00, 0x00, 
0x00, 0x00, 0x00, 0x00, 0x00, 0x00, 0x00, 0x00, 0x00, 0x00, 0x00, 0x00, 0x00, 0x00, 0x00, 0x00, 
0x00, 0x00, 0x00, 0x00, 0x00, 0x00, 0x00, 0x00, 0x00, 0x00, 0x00, 0x00, 0x00, 0x00, 0x00, 0x00, 
0x00, 0x00, 0x00, 0x00, 0x00, 0x00, 0x00, 0x00, 0x00, 0x00, 0x00, 0x00, 0x00, 0x00, 0x00, 0x00, 
0x00, 0x00, 0x00, 0x00, 0x00, 0x00, 0x00, 0x00, 0x00, 0x00, 0x00, 0x00, 0x00, 0x00, 0x00, 0x00, 
0x00, 0x00, 0x00, 0x00, 0x00, 0x00, 0x00, 0x00, 0x00, 0x00, 0x00, 0x00, 0x00, 0x00, 0x00, 0x00, 
0x00, 0x00, 0x00, 0x00, 0x00, 0x00, 0x00, 0x00, 0x00, 0x00, 0x00, 0x00, 0x00, 0x00, 0x00, 0x00, 
0x00, 0x00, 0x00, 0x00, 0x00, 0x00, 0x00, 0x00, 0x00, 0x00, 0x00, 0x00, 0x00, 0x00, 0x00, 0x00, 
0x00, 0x00, 0x00, 0x00, 0x00, 0x00, 0x00, 0x00, 0x00, 0x00, 0x00, 0x00, 0x00, 0x00, 0x00, 0x00, 
0x00, 0x00, 0x00, 0x00, 0x00, 0x00, 0x00, 0x00, 0x00, 0x00, 0x00, 0x00, 0x00, 0x00, 0x00, 0x00, 
0x00, 0x00, 0x00, 0x00, 0x00, 0x00, 0x00, 0x00, 0x00, 0x00, 0x00, 0x00, 0x00, 0x00, 0x00, 0x00, 
0x00, 0x00, 0x00, 0x00, 0x00, 0x00, 0x00, 0x00, 0x00, 0x00, 0x00, 0x00, 0x00, 0x00, 0x00, 0x00, 
0x00, 0x00, 0x00, 0x00, 0x00, 0x00, 0x00, 0x00, 0x00, 0x00, 0x00, 0x00, 0x00, 0x00, 0x00, 0x00, 
0x00, 0x00, 0x00, 0x00, 0x00, 0x00, 0x00, 0x00, 0x00, 0x00, 0x00, 0x00, 0x00, 0x00, 0x00, 0x00, 
0x00, 0x00, 0x00, 0x00, 0x00, 0x00, 0x00, 0x00, 0x00, 0x00, 0x00, 0x00, 0x00, 0x00, 0x00, 0x00, 
0x00, 0x00, 0x00, 0x00, 0x00, 0x00, 0x00, 0x00, 0x00, 0x00, 0x00, 0x00, 0x00, 0x00, 0x00, 0x00, 
0x00, 0x00, 0x00, 0x00, 0x00, 0x00, 0x00, 0x00, 0x00, 0x00, 0x00, 0x00, 0x00, 0x00, 0x00, 0x00, 
0x00, 0x00, 0x00, 0x00, 0x00, 0x00, 0x00, 0x00, 0x00, 0x00, 0x00, 0x00, 0x00, 0x00, 0x00, 0x00, 
0x00, 0x00, 0x00, 0x00, 0x00, 0x00, 0x00, 0x00, 0x00, 0x00, 0x00, 0x00, 0x00, 0x00, 0x00, 0x00, 
0x00, 0x00, 0x00, 0x00, 0x00, 0x00, 0x00, 0x00, 0x00, 0x00, 0x00, 0x00, 0x00, 0x00, 0x00, 0x00, 
0x00, 0x00, 0x00, 0x00, 0x00, 0x00, 0x00, 0x00, 0x00, 0x00, 0x00, 0x00, 0x00, 0x00, 0x00, 0x00, 
0x00, 0x00, 0x00, 0x00, 0x00, 0x00, 0x00, 0x00, 0x00, 0x00, 0x00, 0x00, 0x00, 0x00, 0x00, 0x00, 
0x00, 0x00, 0x00, 0x00, 0x00, 0x00, 0x00, 0x00, 0x00, 0x00, 0x00, 0x00, 0x00, 0x00, 0x00, 0x00, 
0x00, 0x00, 0x00, 0x00, 0x00, 0x00, 0x00, 0x00, 0x00, 0x00, 0x00, 0x00, 0x00, 0x00, 0x00, 0x00, 
0x00, 0x00, 0x00, 0x00, 0x00, 0x00, 0x00, 0x00, 0x00, 0x00, 0x00, 0x00, 0x00, 0x00, 0x00, 0x00, 
0x00, 0x00, 0x00, 0x00, 0x00, 0x00, 0x00, 0x00, 0x00, 0x00, 0x00, 0x00, 0x00, 0x00, 0x00, 0x00, 
0x00, 0x00, 0x00, 0x00, 0x00, 0x00, 0x00, 0x00, 0x00, 0x00, 0x00, 0x00, 0x00, 0x00, 0x00, 0x00, 
0x00, 0x00, 0x00, 0x00, 0x00, 0x00, 0x00, 0x00, 0x00, 0x00, 0x00, 0x00, 0x00, 0x00, 0x00, 0x00, 
0x00, 0x00, 0x00, 0x00, 0x00, 0x00, 0x00, 0x00, 0x00, 0x00, 0x00, 0x00, 0x00, 0x00, 0x00, 0x00, 
0x00, 0x00, 0x00, 0x00, 0x00, 0x00, 0x00, 0x00, 0x00, 0x00, 0x00, 0x00, 0x00, 0x00, 0x00, 0x00, 
0x00, 0x00, 0x00, 0x00, 0x00, 0x00, 0x00, 0x00, 0x00, 0x00, 0x00, 0x00, 0x00, 0x00, 0x00, 0x00, 
0x00, 0x00, 0x00, 0x00, 0x00, 0x00, 0x00, 0x00, 0x00, 0x00, 0x00, 0x00, 0x00, 0x00, 0x00, 0x00, 
0x00, 0x00, 0x00, 0x00, 0x00, 0x00, 0x00, 0x00, 0x00, 0x00, 0x00, 0x00, 0x00, 0x00, 0x00, 0x00, 
0x00, 0x00, 0x00, 0x00, 0x00, 0x00, 0x00, 0x00, 0x00, 0x00, 0x00, 0x00, 0x00, 0x00, 0x00, 0x00, 
0x00, 0x00, 0x00, 0x00, 0x00, 0x00, 0x00, 0x00, 0x00, 0x00, 0x00, 0x00, 0x00, 0x00, 0x00, 0x00, 
0x00, 0x00, 0x00, 0x00, 0x00, 0x00, 0x00, 0x00, 0x00, 0x00, 0x00, 0x00, 0x00, 0x00, 0x00, 0x00, 
0x00, 0x00, 0x00, 0x00, 0x00, 0x00, 0x00, 0x00, 0x00, 0x00, 0x00, 0x00, 0x00, 0x00, 0x00, 0x00, 
0x00, 0x00, 0x00, 0x00, 0x00, 0x00, 0x00, 0x00, 0x00, 0x00, 0x00, 0x00, 0x00, 0x00, 0x00, 0x00, 
0x00, 0x00, 0x00, 0x00, 0x00, 0x00, 0x00, 0x00, 0x00, 0x00, 0x00, 0x00, 0x00, 0x00, 0x00, 0x00, 
0x00, 0x00, 0x00, 0x00, 0x00, 0x00, 0x00, 0x00, 0x00, 0x00, 0x00, 0x00, 0x00, 0x00, 0x00, 0x00, 
0x00, 0x00, 0x00, 0x00, 0x00, 0x00, 0x00, 0x00, 0x00, 0x00, 0x00, 0x00, 0x00, 0x00, 0x00, 0x00, 
0x00, 0x00, 0x00, 0x00, 0x00, 0x00, 0x00, 0x00, 0x00, 0x00, 0x00, 0x00, 0x00, 0x00, 0x00, 0x00, 
0x00, 0x00, 0x00, 0x00, 0x00, 0x00, 0x00, 0x00, 0x00, 0x00, 0x00, 0x00, 0x00, 0x00, 0x00, 0x00, 
0x00, 0x00, 0x00, 0x00, 0x00, 0x00, 0x00, 0x00, 0x00, 0x00, 0x00, 0x00, 0x00, 0x00, 0x00, 0x00, 
0x00, 0x00, 0x00, 0x00, 0x00, 0x00, 0x00, 0x00, 0x00, 0x00, 0x00, 0x00, 0x00, 0x00, 0x00, 0x00, 
0x00, 0x00, 0x00, 0x00, 0x00, 0x00, 0x00, 0x00, 0x00, 0x00, 0x00, 0x00, 0x00, 0x00, 0x00, 0x00, 
0x00, 0x00, 0x00, 0x00, 0x00, 0x00, 0x00, 0x00, 0x00, 0x00, 0x00, 0x00, 0x00, 0x00, 0x00, 0x00, 
0x00, 0x00, 0x00, 0x00, 0x00, 0x00, 0x00, 0x00, 0x00, 0x00, 0x00, 0x00, 0x00, 0x00, 0x00, 0x00, 
0x00, 0x00, 0x00, 0x00, 0x00, 0x00, 0x00, 0x00, 0x00, 0x00, 0x00, 0x00, 0x00, 0x00, 0x00, 0x00, 
0x00, 0x00, 0x00, 0x00, 0x00, 0x00, 0x00, 0x00, 0x00, 0x00, 0x00, 0x00, 0x00, 0x00, 0x00, 0x00, 
0x00, 0x00, 0x00, 0x00, 0x00, 0x00, 0x00, 0x00, 0x00, 0x00, 0x00, 0x00, 0x00, 0x00, 0x00, 0x00, 
0x00, 0x00, 0x00, 0x00, 0x00, 0x00, 0x00, 0x00, 0x00, 0x00, 0x00, 0x00, 0x00, 0x00, 0x00, 0x00, 
0x00, 0x00, 0x00, 0x00, 0x00, 0x00, 0x00, 0x00, 0x00, 0x00, 0x00, 0x00, 0x00, 0x00, 0x00, 0x00, 
0x00, 0x00, 0x00, 0x00, 0x00, 0x00, 0x00, 0x00, 0x00, 0x00, 0x00, 0x00, 0x00, 0x00, 0x00, 0x00, 
0x00, 0x00, 0x00, 0x00, 0x00, 0x00, 0x00, 0x00, 0x00, 0x00, 0x00, 0x00, 0x00, 0x00, 0x00, 0x00, 
0x00, 0x00, 0x00, 0x00, 0x00, 0x00, 0x00, 0x00, 0x00, 0x00, 0x00, 0x00, 0x00, 0x00, 0x00, 0x00, 
0x00, 0x00, 0x00, 0x00, 0x00, 0x00, 0x00, 0x00, 0x00, 0x00, 0x00, 0x00, 0x00, 0x00, 0x00, 0x00, 
0x00, 0x00, 0x00, 0x00, 0x00, 0x00, 0x00, 0x00, 0x00, 0x00, 0x00, 0x00, 0x00, 0x00, 0x00, 0x00, 
0x00, 0x00, 0x00, 0x00, 0x00, 0x00, 0x00, 0x00, 0x00, 0x00, 0x00, 0x00, 0x00, 0x00, 0x00, 0x00, 
0x00, 0x00, 0x00, 0x00, 0x00, 0x00, 0x00, 0x00, 0x00, 0x00, 0x00, 0x00, 0x00, 0x00, 0x00, 0x00, 
0x00, 0x00, 0x00, 0x00, 0x00, 0x00, 0x00, 0x00, 0x00, 0x00, 0x00, 0x00, 0x00, 0x00, 0x00, 0x00, 
0x00, 0x00, 0x00, 0x00, 0x00, 0x00, 0x00, 0x00, 0x00, 0x00, 0x00, 0x00, 0x00, 0x00, 0x00, 0x00, 
0x00, 0x00, 0x00, 0x00, 0x00, 0x00, 0x00, 0x00, 0x00, 0x00, 0x00, 0x00, 0x00, 0x00, 0x00, 0x00, 
0x00, 0x00, 0x00, 0x00, 0x00, 0x00, 0x00, 0x00, 0x00, 0x00, 0x00, 0x00, 0x00, 0x00, 0x00, 0x00, 
0x00, 0x00, 0x00, 0x00, 0x00, 0x00, 0x00, 0x00, 0x00, 0x00, 0x00, 0x00, 0x00, 0x00, 0x00, 0x00, 
0x00, 0x00, 0x00, 0x00, 0x00, 0x00, 0x00, 0x00, 0x00, 0x00, 0x00, 0x00, 0x00, 0x00, 0x00, 0x00, 
0x00, 0x00, 0x00, 0x00, 0x00, 0x00, 0x00, 0x00, 0x00, 0x00, 0x00, 0x00, 0x00, 0x00, 0x00, 0x00, 
0x00, 0x00, 0x00, 0x00, 0x00, 0x00, 0x00, 0x00, 0x00, 0x00, 0x00, 0x00, 0x00, 0x00, 0x00, 0x00, 
0x00, 0x00, 0x00, 0x00, 0x00, 0x00, 0x00, 0x00, 0x00, 0x00, 0x00, 0x00, 0x00, 0x00, 0x00, 0x00, 
0x00, 0x00, 0x00, 0x00, 0x00, 0x00, 0x00, 0x00, 0x00, 0x00, 0x00, 0x00, 0x00, 0x00, 0x00, 0x00, 
0x00, 0x00, 0x00, 0x00, 0x00, 0x00, 0x00, 0x00, 0x00, 0x00, 0x00, 0x00, 0x00, 0x00, 0x00, 0x00, 
0x00, 0x00, 0x00, 0x00, 0x00, 0x00, 0x00, 0x00, 0x00, 0x00, 0x00, 0x00, 0x00, 0x00, 0x00, 0x00, 
0x00, 0x00, 0x00, 0x00, 0x00, 0x00, 0x00, 0x00, 0x00, 0x00, 0x00, 0x00, 0x00, 0x00, 0x00, 0x00, 
0x00, 0x00, 0x00, 0x00, 0x00, 0x00, 0x00, 0x00, 0x00, 0x00, 0x00, 0x00, 0x00, 0x00, 0x00, 0x00, 
0x00, 0x00, 0x00, 0x00, 0x00, 0x00, 0x00, 0x00, 0x00, 0x00, 0x00, 0x00, 0x00, 0x00, 0x00, 0x00, 
0x00, 0x00, 0x00, 0x00, 0x00, 0x00, 0x00, 0x00, 0x00, 0x00, 0x00, 0x00, 0x00, 0x00, 0x00, 0x00, 
0x00, 0x00, 0x00, 0x00, 0x00, 0x00, 0x00, 0x00, 0x00, 0x00, 0x00, 0x00, 0x00, 0x00, 0x00, 0x00, 
0x00, 0x00, 0x00, 0x00, 0x00, 0x00, 0x00, 0x00, 0x00, 0x00, 0x00, 0x00, 0x00, 0x00, 0x00, 0x00, 
0x00, 0x00, 0x00, 0x00, 0x00, 0x00, 0x00, 0x00, 0x00, 0x00, 0x00, 0x00, 0x00, 0x00, 0x00, 0x00, 
0x00, 0x00, 0x00, 0x00, 0x00, 0x00, 0x00, 0x00, 0x00, 0x00, 0x00, 0x00, 0x00, 0x00, 0x00, 0x00, 
0x00, 0x00, 0x00, 0x00, 0x00, 0x00, 0x00, 0x00, 0x00, 0x00, 0x00, 0x00, 0x00, 0x00, 0x00, 0x00, 
0x00, 0x00, 0x00, 0x00, 0x00, 0x00, 0x00, 0x00, 0x00, 0x00, 0x00, 0x00, 0x00, 0x00, 0x00, 0x00, 
0x00, 0x00, 0x00, 0x00, 0x00, 0x00, 0x00, 0x00, 0x00, 0x00, 0x00, 0x00, 0x00, 0x00, 0x00, 0x00, 
0x00, 0x00, 0x00, 0x00, 0x00, 0x00, 0x00, 0x00, 0x00, 0x00, 0x00, 0x00, 0x00, 0x00, 0x00, 0x00, 
0x00, 0x00, 0x00, 0x00, 0x00, 0x00, 0x00, 0x00, 0x00, 0x00, 0x00, 0x00, 0x00, 0x00, 0x00, 0x00, 
0x00, 0x00, 0x00, 0x00, 0x00, 0x00, 0x00, 0x00, 0x00, 0x00, 0x00, 0x00, 0x00, 0x00, 0x00, 0x00, 
0x00, 0x00, 0x00, 0x00, 0x00, 0x00, 0x00, 0x00, 0x00, 0x00, 0x00, 0x00, 0x00, 0x00, 0x00, 0x00, 
0x00, 0x00, 0x00, 0x00, 0x00, 0x00, 0x00, 0x00, 0x00, 0x00, 0x00, 0x00, 0x00, 0x00, 0x00, 0x00, 
0x00, 0x00, 0x00, 0x00, 0x00, 0x00, 0x00, 0x00, 0x00, 0x00, 0x00, 0x00, 0x00, 0x00, 0x00, 0x00, 
0x00, 0x00, 0x00, 0x00, 0x00, 0x00, 0x00, 0x00, 0x00, 0x00, 0x00, 0x00, 0x00, 0x00, 0x00, 0x00, 
0x00, 0x00, 0x00, 0x00, 0x00, 0x00, 0x00, 0x00, 0x00, 0x00, 0x00, 0x00, 0x00, 0x00, 0x00, 0x00, 
0x00, 0x00, 0x00, 0x00, 0x00, 0x00, 0x00, 0x00, 0x00, 0x00, 0x00, 0x00, 0x00, 0x00, 0x00, 0x00, 
0x00, 0x00, 0x00, 0x00, 0x00, 0x00, 0x00, 0x00, 0x00, 0x00, 0x00, 0x00, 0x00, 0x00, 0x00, 0x00, 
0x00, 0x00, 0x00, 0x00, 0x00, 0x00, 0x00, 0x00, 0x00, 0x00, 0x00, 0x00, 0x00, 0x00, 0x00, 0x00, 
0x00, 0x00, 0x00, 0x00, 0x00, 0x00, 0x00, 0x00, 0x00, 0x00, 0x00, 0x00, 0x00, 0x00, 0x00, 0x00, 
0x00, 0x00, 0x00, 0x00, 0x00, 0x00, 0x00, 0x00, 0x00, 0x00, 0x00, 0x00, 0x00, 0x00, 0x00, 0x00, 
0x00, 0x00, 0x00, 0x00, 0x00, 0x00, 0x00, 0x00, 0x00, 0x00, 0x00, 0x00, 0x00, 0x00, 0x00, 0x00, 
0x00, 0x00, 0x00, 0x00, 0x00, 0x00, 0x00, 0x00, 0x00, 0x00, 0x00, 0x00, 0x00, 0x00, 0x00, 0x00, 
0x00, 0x00, 0x00, 0x00, 0x00, 0x00, 0x00, 0x00, 0x00, 0x00, 0x00, 0x00, 0x00, 0x00, 0x00, 0x00, 
0x00, 0x00, 0x00, 0x00, 0x00, 0x00, 0x00, 0x00, 0x00, 0x00, 0x00, 0x00, 0x00, 0x00, 0x00, 0x00, 
0x00, 0x00, 0x00, 0x00, 0x00, 0x00, 0x00, 0x00, 0x00, 0x00, 0x00, 0x00, 0x00, 0x00, 0x00, 0x00, 
0x00, 0x00, 0x00, 0x00, 0x00, 0x00, 0x00, 0x00, 0x00, 0x00, 0x00, 0x00, 0x00, 0x00, 0x00, 0x00, 
0x00, 0x00, 0x00, 0x00, 0x00, 0x00, 0x00, 0x00, 0x00, 0x00, 0x00, 0x00, 0x00, 0x00, 0x00, 0x00, 
0x00, 0x00, 0x00, 0x00, 0x00, 0x00, 0x00, 0x00, 0x00, 0x00, 0x00, 0x00, 0x00, 0x00, 0x00, 0x00, 
0x00, 0x00, 0x00, 0x00, 0x00, 0x00, 0x00, 0x00, 0x00, 0x00, 0x00, 0x00, 0x00, 0x00, 0x00, 0x00, 
0x00, 0x00, 0x00, 0x00, 0x00, 0x00, 0x00, 0x00, 0x00, 0x00, 0x00, 0x00, 0x00, 0x00, 0x00, 0x00, 
0x00, 0x00, 0x00, 0x00, 0x00, 0x00, 0x00, 0x00, 0x00, 0x00, 0x00, 0x00, 0x00, 0x00, 0x00, 0x00, 
0x00, 0x00, 0x00, 0x00, 0x00, 0x00, 0x00, 0x00, 0x00, 0x00, 0x00, 0x00, 0x00, 0x00, 0x00, 0x00, 
0x00, 0x00, 0x00, 0x00, 0x00, 0x00, 0x00, 0x00, 0x00, 0x00, 0x00, 0x00, 0x00, 0x00, 0x00, 0x00, 
0x00, 0x00, 0x00, 0x00, 0x00, 0x00, 0x00, 0x00, 0x00, 0x00, 0x00, 0x00, 0x00, 0x00, 0x00, 0x00, 
0x00, 0x00, 0x00, 0x00, 0x00, 0x00, 0x00, 0x00, 0x00, 0x00, 0x00, 0x00, 0x00, 0x00, 0x00, 0x00, 
0x00, 0x00, 0x00, 0x00, 0x00, 0x00, 0x00, 0x00, 0x00, 0x00, 0x00, 0x00, 0x00, 0x00, 0x00, 0x00, 
0x00, 0x00, 0x00, 0x00, 0x00, 0x00, 0x00, 0x00, 0x00, 0x00, 0x00, 0x00, 0x00, 0x00, 0x00, 0x00, 
0x00, 0x00, 0x00, 0x00, 0x00, 0x00, 0x00, 0x00, 0x00, 0x00, 0x00, 0x00, 0x00, 0x00, 0x00, 0x00, 
0x00, 0x00, 0x00, 0x00, 0x00, 0x00, 0x00, 0x00, 0x00, 0x00, 0x00, 0x00, 0x00, 0x00, 0x00, 0x00, 
0x00, 0x00, 0x00, 0x00, 0x00, 0x00, 0x00, 0x00, 0x00, 0x00, 0x00, 0x00, 0x00, 0x00, 0x00, 0x00, 
0x00, 0x00, 0x00, 0x00, 0x00, 0x00, 0x00, 0x00, 0x00, 0x00, 0x00, 0x00, 0x00, 0x00, 0x00, 0x00, 
0x00, 0x00, 0x00, 0x00, 0x00, 0x00, 0x00, 0x00, 0x00, 0x00, 0x00, 0x00, 0x00, 0x00, 0x00, 0x00, 
0x00, 0x00, 0x00, 0x00, 0x00, 0x00, 0x00, 0x00, 0x00, 0x00, 0x00, 0x00, 0x00, 0x00, 0x00, 0x00, 
0x00, 0x00, 0x00, 0x00, 0x00, 0x00, 0x00, 0x00, 0x00, 0x00, 0x00, 0x00, 0x00, 0x00, 0x00, 0x00, 
0x00, 0x00, 0x00, 0x00, 0x00, 0x00, 0x00, 0x00, 0x00, 0x00, 0x00, 0x00, 0x00, 0x00, 0x00, 0x00, 
0x00, 0x00, 0x00, 0x00, 0x00, 0x00, 0x00, 0x00, 0x00, 0x00, 0x00, 0x00, 0x00, 0x00, 0x00, 0x00, 
0x00, 0x00, 0x00, 0x00, 0x00, 0x00, 0x00, 0x00, 0x00, 0x00, 0x00, 0x00, 0x00, 0x00, 0x00, 0x00, 
0x00, 0x00, 0x00, 0x00, 0x00, 0x00, 0x00, 0x00, 0x00, 0x00, 0x00, 0x00, 0x00, 0x00, 0x00, 0x00, 
0x00, 0x00, 0x00, 0x00, 0x00, 0x00, 0x00, 0x00, 0x00, 0x00, 0x00, 0x00, 0x00, 0x00, 0x00, 0x00, 
0x00, 0x00, 0x00, 0x00, 0x00, 0x00, 0x00, 0x00, 0x00, 0x00, 0x00, 0x00, 0x00, 0x00, 0x00, 0x00, 
0x00, 0x00, 0x00, 0x00, 0x00, 0x00, 0x00, 0x00, 0x00, 0x00, 0x00, 0x00, 0x00, 0x00, 0x00, 0x00, 
0x00, 0x00, 0x00, 0x00, 0x00, 0x00, 0x00, 0x00, 0x00, 0x00, 0x00, 0x00, 0x00, 0x00, 0x00, 0x00, 
0x00, 0x00, 0x00, 0x00, 0x00, 0x00, 0x00, 0x00, 0x00, 0x00, 0x00, 0x00, 0x00, 0x00, 0x00, 0x00, 
0x00, 0x00, 0x00, 0x00, 0x00, 0x00, 0x00, 0x00, 0x00, 0x00, 0x00, 0x00, 0x00, 0x00, 0x00, 0x00, 
0x00, 0x00, 0x00, 0x00, 0x00, 0x00, 0x00, 0x00, 0x00, 0x00, 0x00, 0x00, 0x00, 0x00, 0x00, 0x00, 
0x00, 0x00, 0x00, 0x00, 0x00, 0x00, 0x00, 0x00, 0x00, 0x00, 0x00, 0x00, 0x00, 0x00, 0x00, 0x00, 
0x00, 0x00, 0x00, 0x00, 0x00, 0x00, 0x00, 0x00, 0x00, 0x00, 0x00, 0x00, 0x00, 0x00, 0x00, 0x00, 
0x00, 0x00, 0x00, 0x00, 0x00, 0x00, 0x00, 0x00, 0x00, 0x00, 0x00, 0x00, 0x00, 0x00, 0x00, 0x00, 
0x00, 0x00, 0x00, 0x00, 0x00, 0x00, 0x00, 0x00, 0x00, 0x00, 0x00, 0x00, 0x00, 0x00, 0x00, 0x00, 
0x00, 0x00, 0x00, 0x00, 0x00, 0x00, 0x00, 0x00, 0x00, 0x00, 0x00, 0x00, 0x00, 0x00, 0x00, 0x00, 
0x00, 0x00, 0x00, 0x00, 0x00, 0x00, 0x00, 0x00, 0x00, 0x00, 0x00, 0x00, 0x00, 0x00, 0x00, 0x00, 
0x00, 0x00, 0x00, 0x00, 0x00, 0x00, 0x00, 0x00, 0x00, 0x00, 0x00, 0x00, 0x00, 0x00, 0x00, 0x00, 
0x00, 0x00, 0x00, 0x00, 0x00, 0x00, 0x00, 0x00, 0x00, 0x00, 0x00, 0x00, 0x00, 0x00, 0x00, 0x00, 
0x00, 0x00, 0x00, 0x00, 0x00, 0x00, 0x00, 0x00, 0x00, 0x00, 0x00, 0x00, 0x00, 0x00, 0x00, 0x00, 
0x00, 0x00, 0x00, 0x00, 0x00, 0x00, 0x00, 0x00, 0x00, 0x00, 0x00, 0x00, 0x00, 0x00, 0x00, 0x00, 
0x00, 0x00, 0x00, 0x00, 0x00, 0x00, 0x00, 0x00, 0x00, 0x00, 0x00, 0x00, 0x00, 0x00, 0x00, 0x00, 
0x00, 0x00, 0x00, 0x00, 0x00, 0x00, 0x00, 0x00, 0x00, 0x00, 0x00, 0x00, 0x00, 0x00, 0x00, 0x00, 
0x00, 0x00, 0x00, 0x00, 0x00, 0x00, 0x00, 0x00, 0x00, 0x00, 0x00, 0x00, 0x00, 0x00, 0x00, 0x00, 
0x00, 0x00, 0x00, 0x00, 0x00, 0x00, 0x00, 0x00, 0x00, 0x00, 0x00, 0x00, 0x00, 0x00, 0x00, 0x00, 
0x00, 0x00, 0x00, 0x00, 0x00, 0x00, 0x00, 0x00, 0x00, 0x00, 0x00, 0x00, 0x00, 0x00, 0x00, 0x00, 
0x00, 0x00, 0x00, 0x00, 0x00, 0x00, 0x00, 0x00, 0x00, 0x00, 0x00, 0x00, 0x00, 0x00, 0x00, 0x00, 
0x00, 0x00, 0x00, 0x00, 0x00, 0x00, 0x00, 0x00, 0x00, 0x00, 0x00, 0x00, 0x00, 0x00, 0x00, 0x00, 
0x00, 0x00, 0x00, 0x00, 0x00, 0x00, 0x00, 0x00, 0x00, 0x00, 0x00, 0x00, 0x00, 0x00, 0x00, 0x00, 
0x00, 0x00, 0x00, 0x00, 0x00, 0x00, 0x00, 0x00, 0x00, 0x00, 0x00, 0x00, 0x00, 0x00, 0x00, 0x00, 
0x00, 0x00, 0x00, 0x00, 0x00, 0x00, 0x00, 0x00, 0x00, 0x00, 0x00, 0x00, 0x00, 0x00, 0x00, 0x00, 
0x00, 0x00, 0x00, 0x00, 0x00, 0x00, 0x00, 0x00, 0x00, 0x00, 0x00, 0x00, 0x00, 0x00, 0x00, 0x00, 
0x00, 0x00, 0x00, 0x00, 0x00, 0x00, 0x00, 0x00, 0x00, 0x00, 0x00, 0x00, 0x00, 0x00, 0x00, 0x00, 
0x00, 0x00, 0x00, 0x00, 0x00, 0x00, 0x00, 0x00, 0x00, 0x00, 0x00, 0x00, 0x00, 0x00, 0x00, 0x00, 
0x00, 0x00, 0x00, 0x00, 0x00, 0x00, 0x00, 0x00, 0x00, 0x00, 0x00, 0x00, 0x00, 0x00, 0x00, 0x00, 
0x00, 0x00, 0x00, 0x00, 0x00, 0x00, 0x00, 0x00, 0x00, 0x00, 0x00, 0x00, 0x00, 0x00, 0x00, 0x00, 
0x00, 0x00, 0x00, 0x00, 0x00, 0x00, 0x00, 0x00, 0x00, 0x00, 0x00, 0x00, 0x00, 0x00, 0x00, 0x00, 
0x00, 0x00, 0x00, 0x00, 0x00, 0x00, 0x00, 0x00, 0x00, 0x00, 0x00, 0x00, 0x00, 0x00, 0x00, 0x00, 
0x00, 0x00, 0x00, 0x00, 0x00, 0x00, 0x00, 0x00, 0x00, 0x00, 0x00, 0x00, 0x00, 0x00, 0x00, 0x00, 
0x00, 0x00, 0x00, 0x00, 0x00, 0x00, 0x00, 0x00, 0x00, 0x00, 0x00, 0x00, 0x00, 0x00, 0x00, 0x00, 
0x00, 0x00, 0x00, 0x00, 0x00, 0x00, 0x00, 0x00, 0x00, 0x00, 0x00, 0x00, 0x00, 0x00, 0x00, 0x00, 
0x00, 0x00, 0x00, 0x00, 0x00, 0x00, 0x00, 0x00, 0x00, 0x00, 0x00, 0x00, 0x00, 0x00, 0x00, 0x00, 
0x00, 0x00, 0x00, 0x00, 0x00, 0x00, 0x00, 0x00, 0x00, 0x00, 0x00, 0x00, 0x00, 0x00, 0x00, 0x00, 
0x00, 0x00, 0x00, 0x00, 0x00, 0x00, 0x00, 0x00, 0x00, 0x00, 0x00, 0x00, 0x00, 0x00, 0x00, 0x00, 
0x00, 0x00, 0x00, 0x00, 0x00, 0x00, 0x00, 0x00, 0x00, 0x00, 0x00, 0x00, 0x00, 0x00, 0x00, 0x00, 
0x00, 0x00, 0x00, 0x00, 0x00, 0x00, 0x00, 0x00, 0x00, 0x00, 0x00, 0x00, 0x00, 0x00, 0x00, 0x00, 
0x00, 0x00, 0x00, 0x00, 0x00, 0x00, 0x00, 0x00, 0x00, 0x00, 0x00, 0x00, 0x00, 0x00, 0x00, 0x00, 
0x00, 0x00, 0x00, 0x00, 0x00, 0x00, 0x00, 0x00, 0x00, 0x00, 0x00, 0x00, 0x00, 0x00, 0x00, 0x00, 
0x00, 0x00, 0x00, 0x00, 0x00, 0x00, 0x00, 0x00, 0x00, 0x00, 0x00, 0x00, 0x00, 0x00, 0x00, 0x00, 
0x00, 0x00, 0x00, 0x00, 0x00, 0x00, 0x00, 0x00, 0x00, 0x00, 0x00, 0x00, 0x00, 0x00, 0x00, 0x00, 
0x00, 0x00, 0x00, 0x00, 0x00, 0x00, 0x00, 0x00, 0x00, 0x00, 0x00, 0x00, 0x00, 0x00, 0x00, 0x00, 
0x00, 0x00, 0x00, 0x00, 0x00, 0x00, 0x00, 0x00, 0x00, 0x00, 0x00, 0x00, 0x00, 0x00, 0x00, 0x00, 
0x00, 0x00, 0x00, 0x00, 0x00, 0x00, 0x00, 0x00, 0x00, 0x00, 0x00, 0x00, 0x00, 0x00, 0x00, 0x00, 
0x00, 0x00, 0x00, 0x00, 0x00, 0x00, 0x00, 0x00, 0x00, 0x00, 0x00, 0x00, 0x00, 0x00, 0x00, 0x00, 
0x00, 0x00, 0x00, 0x00, 0x00, 0x00, 0x00, 0x00, 0x00, 0x00, 0x00, 0x00, 0x00, 0x00, 0x00, 0x00, 
0x00, 0x00, 0x00, 0x00, 0x00, 0x00, 0x00, 0x00, 0x00, 0x00, 0x00, 0x00, 0x00, 0x00, 0x00, 0x00, 
0x00, 0x00, 0x00, 0x00, 0x00, 0x00, 0x00, 0x00, 0x00, 0x00, 0x00, 0x00, 0x00, 0x00, 0x00, 0x00, 
0x00, 0x00, 0x00, 0x00, 0x00, 0x00, 0x00, 0x00, 0x00, 0x00, 0x00, 0x00, 0x00, 0x00, 0x00, 0x00, 
0x00, 0x00, 0x00, 0x00, 0x00, 0x00, 0x00, 0x00, 0x00, 0x00, 0x00, 0x00, 0x00, 0x00, 0x00, 0x00, 
0x00, 0x00, 0x00, 0x00, 0x00, 0x00, 0x00, 0x00, 0x00, 0x00, 0x00, 0x00, 0x00, 0x00, 0x00, 0x00, 
0x00, 0x00, 0x00, 0x00, 0x00, 0x00, 0x00, 0x00, 0x00, 0x00, 0x00, 0x00, 0x00, 0x00, 0x00, 0x00, 
0x00, 0x00, 0x00, 0x00, 0x00, 0x00, 0x00, 0x00, 0x00, 0x00, 0x00, 0x00, 0x00, 0x00, 0x00, 0x00, 
0x00, 0x00, 0x00, 0x00, 0x00, 0x00, 0x00, 0x00, 0x00, 0x00, 0x00, 0x00, 0x00, 0x00, 0x00, 0x00, 
0x00, 0x00, 0x00, 0x00, 0x00, 0x00, 0x00, 0x00, 0x00, 0x00, 0x00, 0x00, 0x00, 0x00, 0x00, 0x00, 
0x00, 0x00, 0x00, 0x00, 0x00, 0x00, 0x00, 0x00, 0x00, 0x00, 0x00, 0x00, 0x00, 0x00, 0x00, 0x00, 
0x00, 0x00, 0x00, 0x00, 0x00, 0x00, 0x00, 0x00, 0x00, 0x00, 0x00, 0x00, 0x00, 0x00, 0x00, 0x00, 
0x00, 0x00, 0x00, 0x00, 0x00, 0x00, 0x00, 0x00, 0x00, 0x00, 0x00, 0x00, 0x00, 0x00, 0x00, 0x00, 
0x00, 0x00, 0x00, 0x00, 0x00, 0x00, 0x00, 0x00, 0x00, 0x00, 0x00, 0x00, 0x00, 0x00, 0x00, 0x00, 
0x00, 0x00, 0x00, 0x00, 0x00, 0x00, 0x00, 0x00, 0x00, 0x00, 0x00, 0x00, 0x00, 0x00, 0x00, 0x00, 
0x00, 0x00, 0x00, 0x00, 0x00, 0x00, 0x00, 0x00, 0x00, 0x00, 0x00, 0x00, 0x00, 0x00, 0x00, 0x00, 
0x00, 0x00, 0x00, 0x00, 0x00, 0x00, 0x00, 0x00, 0x00, 0x00, 0x00, 0x00, 0x00, 0x00, 0x00, 0x00, 
0x00, 0x00, 0x00, 0x00, 0x00, 0x00, 0x00, 0x00, 0x00, 0x00, 0x00, 0x00, 0x00, 0x00, 0x00, 0x00, 
0x00, 0x00, 0x00, 0x00, 0x00, 0x00, 0x00, 0x00, 0x00, 0x00, 0x00, 0x00, 0x00, 0x00, 0x00, 0x00, 
0x00, 0x00, 0x00, 0x00, 0x00, 0x00, 0x00, 0x00, 0x00, 0x00, 0x00, 0x00, 0x00, 0x00, 0x00, 0x00, 
0x00, 0x00, 0x00, 0x00, 0x00, 0x00, 0x00, 0x00, 0x00, 0x00, 0x00, 0x00, 0x00, 0x00, 0x00, 0x00, 
0x00, 0x00, 0x00, 0x00, 0x00, 0x00, 0x00, 0x00, 0x00, 0x00, 0x00, 0x00, 0x00, 0x00, 0x00, 0x00, 
0x00, 0x00, 0x00, 0x00, 0x00, 0x00, 0x00, 0x00, 0x00, 0x00, 0x00, 0x00, 0x00, 0x00, 0x00, 0x00, 
0x00, 0x00, 0x00, 0x00, 0x00, 0x00, 0x00, 0x00, 0x00, 0x00, 0x00, 0x00, 0x00, 0x00, 0x00, 0x00, 
0x00, 0x00, 0x00, 0x00, 0x00, 0x00, 0x00, 0x00, 0x00, 0x00, 0x00, 0x00, 0x00, 0x00, 0x00, 0x00, 
0x00, 0x00, 0x00, 0x00, 0x00, 0x00, 0x00, 0x00, 0x00, 0x00, 0x00, 0x00, 0x00, 0x00, 0x00, 0x00, 
0x00, 0x00, 0x00, 0x00, 0x00, 0x00, 0x00, 0x00, 0x00, 0x00, 0x00, 0x00, 0x00, 0x00, 0x00, 0x00, 
0x00, 0x00, 0x00, 0x00, 0x00, 0x00, 0x00, 0x00, 0x00, 0x00, 0x00, 0x00, 0x00, 0x00, 0x00, 0x00, 
0x00, 0x00, 0x00, 0x00, 0x00, 0x00, 0x00, 0x00, 0x00, 0x00, 0x00, 0x00, 0x00, 0x00, 0x00, 0x00, 
0x00, 0x00, 0x00, 0x00, 0x00, 0x00, 0x00, 0x00, 0x00, 0x00, 0x00, 0x00, 0x00, 0x00, 0x00, 0x00, 
0x00, 0x00, 0x00, 0x00, 0x00, 0x00, 0x00, 0x00, 0x00, 0x00, 0x00, 0x00, 0x00, 0x00, 0x00, 0x00, 
0x00, 0x00, 0x00, 0x00, 0x00, 0x00, 0x00, 0x00, 0x00, 0x00, 0x00, 0x00, 0x00, 0x00, 0x00, 0x00, 
0x00, 0x00, 0x00, 0x00, 0x00, 0x00, 0x00, 0x00, 0x00, 0x00, 0x00, 0x00, 0x00, 0x00, 0x00, 0x00, 
0x00, 0x00, 0x00, 0x00, 0x00, 0x00, 0x00, 0x00, 0x00, 0x00, 0x00, 0x00, 0x00, 0x00, 0x00, 0x00, 
0x00, 0x00, 0x00, 0x00, 0x00, 0x00, 0x00, 0x00, 0x00, 0x00, 0x00, 0x00, 0x00, 0x00, 0x00, 0x00, 
0x00, 0x00, 0x00, 0x00, 0x00, 0x00, 0x00, 0x00, 0x00, 0x00, 0x00, 0x00, 0x00, 0x00, 0x00, 0x00, 
0x00, 0x00, 0x00, 0x00, 0x00, 0x00, 0x00, 0x00, 0x00, 0x00, 0x00, 0x00, 0x00, 0x00, 0x00, 0x00, 
0x00, 0x00, 0x00, 0x00, 0x00, 0x00, 0x00, 0x00, 0x00, 0x00, 0x00, 0x00, 0x00, 0x00, 0x00, 0x00, 
0x00, 0x00, 0x00, 0x00, 0x00, 0x00, 0x00, 0x00, 0x00, 0x00, 0x00, 0x00, 0x00, 0x00, 0x00, 0x00, 
0x00, 0x00, 0x00, 0x00, 0x00, 0x00, 0x00, 0x00, 0x00, 0x00, 0x00, 0x00, 0x00, 0x00, 0x00, 0x00, 
0x00, 0x00, 0x00, 0x00, 0x00, 0x00, 0x00, 0x00, 0x00, 0x00, 0x00, 0x00, 0x00, 0x00, 0x00, 0x00, 
0x00, 0x00, 0x00, 0x00, 0x00, 0x00, 0x00, 0x00, 0x00, 0x00, 0x00, 0x00, 0x00, 0x00, 0x00, 0x00, 
0x00, 0x00, 0x00, 0x00, 0x00, 0x00, 0x00, 0x00, 0x00, 0x00, 0x00, 0x00, 0x00, 0x00, 0x00, 0x00, 
0x00, 0x00, 0x00, 0x00, 0x00, 0x00, 0x00, 0x00, 0x00, 0x00, 0x00, 0x00, 0x00, 0x00, 0x00, 0x00, 
0x00, 0x00, 0x00, 0x00, 0x00, 0x00, 0x00, 0x00, 0x00, 0x00, 0x00, 0x00, 0x00, 0x00, 0x00, 0x00, 
0x00, 0x00, 0x00, 0x00, 0x00, 0x00, 0x00, 0x00, 0x00, 0x00, 0x00, 0x00, 0x00, 0x00, 0x00, 0x00, 
0x00, 0x00, 0x00, 0x00, 0x00, 0x00, 0x00, 0x00, 0x00, 0x00, 0x00, 0x00, 0x00, 0x00, 0x00, 0x00, 
0x00, 0x00, 0x00, 0x00, 0x00, 0x00, 0x00, 0x00, 0x00, 0x00, 0x00, 0x00, 0x00, 0x00, 0x00, 0x00, 
0x00, 0x00, 0x00, 0x00, 0x00, 0x00, 0x00, 0x00, 0x00, 0x00, 0x00, 0x00, 0x00, 0x00, 0x00, 0x00, 
0x00, 0x00, 0x00, 0x00, 0x00, 0x00, 0x00, 0x00, 0x00, 0x00, 0x00, 0x00, 0x00, 0x00, 0x00, 0x00, 
0x00, 0x00, 0x00, 0x00, 0x00, 0x00, 0x00, 0x00, 0x00, 0x00, 0x00, 0x00, 0x00, 0x00, 0x00, 0x00, 
0x00, 0x00, 0x00, 0x00, 0x00, 0x00, 0x00, 0x00, 0x00, 0x00, 0x00, 0x00, 0x00, 0x00, 0x00, 0x00, 
0x00, 0x00, 0x00, 0x00, 0x00, 0x00, 0x00, 0x00, 0x00, 0x00, 0x00, 0x00, 0x00, 0x00, 0x00, 0x00, 
0x00, 0x00, 0x00, 0x00, 0x00, 0x00, 0x00, 0x00, 0x00, 0x00, 0x00, 0x00, 0x00, 0x00, 0x00, 0x00, 
0x00, 0x00, 0x00, 0x00, 0x00, 0x00, 0x00, 0x00, 0x00, 0x00, 0x00, 0x00, 0x00, 0x00, 0x00, 0x00, 
0x00, 0x00, 0x00, 0x00, 0x00, 0x00, 0x00, 0x00, 0x00, 0x00, 0x00, 0x00, 0x00, 0x00, 0x00, 0x00, 
0x00, 0x00, 0x00, 0x00, 0x00, 0x00, 0x00, 0x00, 0x00, 0x00, 0x00, 0x00, 0x00, 0x00, 0x00, 0x00, 
0x00, 0x00, 0x00, 0x00, 0x00, 0x00, 0x00, 0x00, 0x00, 0x00, 0x00, 0x00, 0x00, 0x00, 0x00, 0x00, 
0x00, 0x00, 0x00, 0x00, 0x00, 0x00, 0x00, 0x00, 0x00, 0x00, 0x00, 0x00, 0x00, 0x00, 0x00, 0x00, 
0x00, 0x00, 0x00, 0x00, 0x00, 0x00, 0x00, 0x00, 0x00, 0x00, 0x00, 0x00, 0x00, 0x00, 0x00, 0x00, 
0x00, 0x00, 0x00, 0x00, 0x00, 0x00, 0x00, 0x00, 0x00, 0x00, 0x00, 0x00, 0x00, 0x00, 0x00, 0x00, 
0x00, 0x00, 0x00, 0x00, 0x00, 0x00, 0x00, 0x00, 0x00, 0x00, 0x00, 0x00, 0x00, 0x00, 0x00, 0x00, 
0x00, 0x00, 0x00, 0x00, 0x00, 0x00, 0x00, 0x00, 0x00, 0x00, 0x00, 0x00, 0x00, 0x00, 0x00, 0x00, 
0x00, 0x00, 0x00, 0x00, 0x00, 0x00, 0x00, 0x00, 0x00, 0x00, 0x00, 0x00, 0x00, 0x00, 0x00, 0x00, 
0x00, 0x00, 0x00, 0x00, 0x00, 0x00, 0x00, 0x00, 0x00, 0x00, 0x00, 0x00, 0x00, 0x00, 0x00, 0x00, 
0x00, 0x00, 0x00, 0x00, 0x00, 0x00, 0x00, 0x00, 0x00, 0x00, 0x00, 0x00, 0x00, 0x00, 0x00, 0x00, 
0x00, 0x00, 0x00, 0x00, 0x00, 0x00, 0x00, 0x00, 0x00, 0x00, 0x00, 0x00, 0x00, 0x00, 0x00, 0x00, 
0x00, 0x00, 0x00, 0x00, 0x00, 0x00, 0x00, 0x00, 0x00, 0x00, 0x00, 0x00, 0x00, 0x00, 0x00, 0x00, 
0x00, 0x00, 0x00, 0x00, 0x00, 0x00, 0x00, 0x00, 0x00, 0x00, 0x00, 0x00, 0x00, 0x00, 0x00, 0x00, 
0x00, 0x00, 0x00, 0x00, 0x00, 0x00, 0x00, 0x00, 0x00, 0x00, 0x00, 0x00, 0x00, 0x00, 0x00, 0x00, 
0x00, 0x00, 0x00, 0x00, 0x00, 0x00, 0x00, 0x00, 0x00, 0x00, 0x00, 0x00, 0x00, 0x00, 0x00, 0x00, 
0x00, 0x00, 0x00, 0x00, 0x00, 0x00, 0x00, 0x00, 0x00, 0x00, 0x00, 0x00, 0x00, 0x00, 0x00, 0x00, 
0x00, 0x00, 0x00, 0x00, 0x00, 0x00, 0x00, 0x00, 0x00, 0x00, 0x00, 0x00, 0x00, 0x00, 0x00, 0x00, 
0x00, 0x00, 0x00, 0x00, 0x00, 0x00, 0x00, 0x00, 0x00, 0x00, 0x00, 0x00, 0x00, 0x00, 0x00, 0x00, 
0x00, 0x00, 0x00, 0x00, 0x00, 0x00, 0x00, 0x00, 0x00, 0x00, 0x00, 0x00, 0x00, 0x00, 0x00, 0x00, 
0x00, 0x00, 0x00, 0x00, 0x00, 0x00, 0x00, 0x00, 0x00, 0x00, 0x00, 0x00, 0x00, 0x00, 0x00, 0x00, 
0x00, 0x00, 0x00, 0x00, 0x00, 0x00, 0x00, 0x00, 0x00, 0x00, 0x00, 0x00, 0x00, 0x00, 0x00, 0x00, 
0x00, 0x00, 0x00, 0x00, 0x00, 0x00, 0x00, 0x00, 0x00, 0x00, 0x00, 0x00, 0x00, 0x00, 0x00, 0x00, 
0x00, 0x00, 0x00, 0x00, 0x00, 0x00, 0x00, 0x00, 0x00, 0x00, 0x00, 0x00, 0x00, 0x00, 0x00, 0x00, 
0x00, 0x00, 0x00, 0x00, 0x00, 0x00, 0x00, 0x00, 0x00, 0x00, 0x00, 0x00, 0x00, 0x00, 0x00, 0x00, 
0x00, 0x00, 0x00, 0x00, 0x00, 0x00, 0x00, 0x00, 0x00, 0x00, 0x00, 0x00, 0x00, 0x00, 0x00, 0x00, 
0x00, 0x00, 0x00, 0x00, 0x00, 0x00, 0x00, 0x00, 0x00, 0x00, 0x00, 0x00, 0x00, 0x00, 0x00, 0x00, 
0x00, 0x00, 0x00, 0x00, 0x00, 0x00, 0x00, 0x00, 0x00, 0x00, 0x00, 0x00, 0x00, 0x00, 0x00, 0x00, 
0x00, 0x00, 0x00, 0x00, 0x00, 0x00, 0x00, 0x00, 0x00, 0x00, 0x00, 0x00, 0x00, 0x00, 0x00, 0x00, 
0x00, 0x00, 0x00, 0x00, 0x00, 0x00, 0x00, 0x00, 0x00, 0x00, 0x00, 0x00, 0x00, 0x00, 0x00, 0x00, 
0x00, 0x00, 0x00, 0x00, 0x00, 0x00, 0x00, 0x00, 0x00, 0x00, 0x00, 0x00, 0x00, 0x00, 0x00, 0x00, 
0x00, 0x00, 0x00, 0x00, 0x00, 0x00, 0x00, 0x00, 0x00, 0x00, 0x00, 0x00, 0x00, 0x00, 0x00, 0x00, 
0x00, 0x00, 0x00, 0x00, 0x00, 0x00, 0x00, 0x00, 0x00, 0x00, 0x00, 0x00, 0x00, 0x00, 0x00, 0x00, 
0x00, 0x00, 0x00, 0x00, 0x00, 0x00, 0x00, 0x00, 0x00, 0x00, 0x00, 0x00, 0x00, 0x00, 0x00, 0x00, 
0x00, 0x00, 0x00, 0x00, 0x00, 0x00, 0x00, 0x00, 0x00, 0x00, 0x00, 0x00, 0x00, 0x00, 0x00, 0x00, 
0x00, 0x00, 0x00, 0x00, 0x00, 0x00, 0x00, 0x00, 0x00, 0x00, 0x00, 0x00, 0x00, 0x00, 0x00, 0x00, 
0x00, 0x00, 0x00, 0x00, 0x00, 0x00, 0x00, 0x00, 0x00, 0x00, 0x00, 0x00, 0x00, 0x00, 0x00, 0x00, 
0x00, 0x00, 0x00, 0x00, 0x00, 0x00, 0x00, 0x00, 0x00, 0x00, 0x00, 0x00, 0x00, 0x00, 0x00, 0x00, 
0x00, 0x00, 0x00, 0x00, 0x00, 0x00, 0x00, 0x00, 0x00, 0x00, 0x00, 0x00, 0x00, 0x00, 0x00, 0x00, 
0x00, 0x00, 0x00, 0x00, 0x00, 0x00, 0x00, 0x00, 0x00, 0x00, 0x00, 0x00, 0x00, 0x00, 0x00, 0x00, 
0x00, 0x00, 0x00, 0x00, 0x00, 0x00, 0x00, 0x00, 0x00, 0x00, 0x00, 0x00, 0x00, 0x00, 0x00, 0x00, 
0x00, 0x00, 0x00, 0x00, 0x00, 0x00, 0x00, 0x00, 0x00, 0x00, 0x00, 0x00, 0x00, 0x00, 0x00, 0x00, 
0x00, 0x00, 0x00, 0x00, 0x00, 0x00, 0x00, 0x00, 0x00, 0x00, 0x00, 0x00, 0x00, 0x00, 0x00, 0x00, 
0x00, 0x00, 0x00, 0x00, 0x00, 0x00, 0x00, 0x00, 0x00, 0x00, 0x00, 0x00, 0x00, 0x00, 0x00, 0x00, 
0x00, 0x00, 0x00, 0x00, 0x00, 0x00, 0x00, 0x00, 0x00, 0x00, 0x00, 0x00, 0x00, 0x00, 0x00, 0x00, 
0x00, 0x00, 0x00, 0x00, 0x00, 0x00, 0x00, 0x00, 0x00, 0x00, 0x00, 0x00, 0x00, 0x00, 0x00, 0x00, 
0x00, 0x00, 0x00, 0x00, 0x00, 0x00, 0x00, 0x00, 0x00, 0x00, 0x00, 0x00, 0x00, 0x00, 0x00, 0x00, 
0x00, 0x00, 0x00, 0x00, 0x00, 0x00, 0x00, 0x00, 0x00, 0x00, 0x00, 0x00, 0x00, 0x00, 0x00, 0x00, 
0x00, 0x00, 0x00, 0x00, 0x00, 0x00, 0x00, 0x00, 0x00, 0x00, 0x00, 0x00, 0x00, 0x00, 0x00, 0x00, 
0x00, 0x00, 0x00, 0x00, 0x00, 0x00, 0x00, 0x00, 0x00, 0x00, 0x00, 0x00, 0x00, 0x00, 0x00, 0x00, 
0x00, 0x00, 0x00, 0x00, 0x00, 0x00, 0x00, 0x00, 0x00, 0x00, 0x00, 0x00, 0x00, 0x00, 0x00, 0x00, 
0x00, 0x00, 0x00, 0x00, 0x00, 0x00, 0x00, 0x00, 0x00, 0x00, 0x00, 0x00, 0x00, 0x00, 0x00, 0x00, 
0x00, 0x00, 0x00, 0x00, 0x00, 0x00, 0x00, 0x00, 0x00, 0x00, 0x00, 0x00, 0x00, 0x00, 0x00, 0x00, 
0x00, 0x00, 0x00, 0x00, 0x00, 0x00, 0x00, 0x00, 0x00, 0x00, 0x00, 0x00, 0x00, 0x00, 0x00, 0x00, 
0x00, 0x00, 0x00, 0x00, 0x00, 0x00, 0x00, 0x00, 0x00, 0x00, 0x00, 0x00, 0x00, 0x00, 0x00, 0x00, 
0x00, 0x00, 0x00, 0x00, 0x00, 0x00, 0x00, 0x00, 0x00, 0x00, 0x00, 0x00, 0x00, 0x00, 0x00, 0x00, 
0x00, 0x00, 0x00, 0x00, 0x00, 0x00, 0x00, 0x00, 0x00, 0x00, 0x00, 0x00, 0x00, 0x00, 0x00, 0x00, 
0x00, 0x00, 0x00, 0x00, 0x00, 0x00, 0x00, 0x00, 0x00, 0x00, 0x00, 0x00, 0x00, 0x00, 0x00, 0x00, 
0x00, 0x00, 0x00, 0x00, 0x00, 0x00, 0x00, 0x00, 0x00, 0x00, 0x00, 0x00, 0x00, 0x00, 0x00, 0x00, 
0x00, 0x00, 0x00, 0x00, 0x00, 0x00, 0x00, 0x00, 0x00, 0x00, 0x00, 0x00, 0x00, 0x00, 0x00, 0x00, 
0x00, 0x00, 0x00, 0x00, 0x00, 0x00, 0x00, 0x00, 0x00, 0x00, 0x00, 0x00, 0x00, 0x00, 0x00, 0x00, 
0x00, 0x00, 0x00, 0x00, 0x00, 0x00, 0x00, 0x00, 0x00, 0x00, 0x00, 0x00, 0x00, 0x00, 0x00, 0x00, 
0x00, 0x00, 0x00, 0x00, 0x00, 0x00, 0x00, 0x00, 0x00, 0x00, 0x00, 0x00, 0x00, 0x00, 0x00, 0x00, 
0x00, 0x00, 0x00, 0x00, 0x00, 0x00, 0x00, 0x00, 0x00, 0x00, 0x00, 0x00, 0x00, 0x00, 0x00, 0x00, 
0x00, 0x00, 0x00, 0x00, 0x00, 0x00, 0x00, 0x00, 0x00, 0x00, 0x00, 0x00, 0x00, 0x00, 0x00, 0x00, 
0x00, 0x00, 0x00, 0x00, 0x00, 0x00, 0x00, 0x00, 0x00, 0x00, 0x00, 0x00, 0x00, 0x00, 0x00, 0x00, 
0x00, 0x00, 0x00, 0x00, 0x00, 0x00, 0x00, 0x00, 0x00, 0x00, 0x00, 0x00, 0x00, 0x00, 0x00, 0x00, 
0x00, 0x00, 0x00, 0x00, 0x00, 0x00, 0x00, 0x00, 0x00, 0x00, 0x00, 0x00, 0x00, 0x00, 0x00, 0x00, 
0x00, 0x00, 0x00, 0x00, 0x00, 0x00, 0x00, 0x00, 0x00, 0x00, 0x00, 0x00, 0x00, 0x00, 0x00, 0x00, 
0x00, 0x00, 0x00, 0x00, 0x00, 0x00, 0x00, 0x00, 0x00, 0x00, 0x00, 0x00, 0x00, 0x00, 0x00, 0x00, 
0x00, 0x00, 0x00, 0x00, 0x00, 0x00, 0x00, 0x00, 0x00, 0x00, 0x00, 0x00, 0x00, 0x00, 0x00, 0x00, 
0x00, 0x00, 0x00, 0x00, 0x00, 0x00, 0x00, 0x00, 0x00, 0x00, 0x00, 0x00, 0x00, 0x00, 0x00, 0x00, 
0x00, 0x00, 0x00, 0x00, 0x00, 0x00, 0x00, 0x00, 0x00, 0x00, 0x00, 0x00, 0x00, 0x00, 0x00, 0x00, 
0x00, 0x00, 0x00, 0x00, 0x00, 0x00, 0x00, 0x00, 0x00, 0x00, 0x00, 0x00, 0x00, 0x00, 0x00, 0x00, 
0x00, 0x00, 0x00, 0x00, 0x00, 0x00, 0x00, 0x00, 0x00, 0x00, 0x00, 0x00, 0x00, 0x00, 0x00, 0x00, 
0x00, 0x00, 0x00, 0x00, 0x00, 0x00, 0x00, 0x00, 0x00, 0x00, 0x00, 0x00, 0x00, 0x00, 0x00, 0x00, 
0x00, 0x00, 0x00, 0x00, 0x00, 0x00, 0x00, 0x00, 0x00, 0x00, 0x00, 0x00, 0x00, 0x00, 0x00, 0x00, 
0x00, 0x00, 0x00, 0x00, 0x00, 0x00, 0x00, 0x00, 0x00, 0x00, 0x00, 0x00, 0x00, 0x00, 0x00, 0x00, 
0x00, 0x00, 0x00, 0x00, 0x00, 0x00, 0x00, 0x00, 0x00, 0x00, 0x00, 0x00, 0x00, 0x00, 0x00, 0x00, 
0x00, 0x00, 0x00, 0x00, 0x00, 0x00, 0x00, 0x00, 0x00, 0x00, 0x00, 0x00, 0x00, 0x00, 0x00, 0x00, 
0x00, 0x00, 0x00, 0x00, 0x00, 0x00, 0x00, 0x00, 0x00, 0x00, 0x00, 0x00, 0x00, 0x00, 0x00, 0x00, 
0x00, 0x00, 0x00, 0x00, 0x00, 0x00, 0x00, 0x00, 0x00, 0x00, 0x00, 0x00, 0x00, 0x00, 0x00, 0x00, 
0x00, 0x00, 0x00, 0x00, 0x00, 0x00, 0x00, 0x00, 0x00, 0x00, 0x00, 0x00, 0x00, 0x00, 0x00, 0x00, 
0x00, 0x00, 0x00, 0x00, 0x00, 0x00, 0x00, 0x00, 0x00, 0x00, 0x00, 0x00, 0x00, 0x00, 0x00, 0x00, 
0x00, 0x00, 0x00, 0x00, 0x00, 0x00, 0x00, 0x00, 0x00, 0x00, 0x00, 0x00, 0x00, 0x00, 0x00, 0x00, 
0x00, 0x00, 0x00, 0x00, 0x00, 0x00, 0x00, 0x00, 0x00, 0x00, 0x00, 0x00, 0x00, 0x00, 0x00, 0x00, 
0x00, 0x00, 0x00, 0x00, 0x00, 0x00, 0x00, 0x00, 0x00, 0x00, 0x00, 0x00, 0x00, 0x00, 0x00, 0x00, 
0x00, 0x00, 0x00, 0x00, 0x00, 0x00, 0x00, 0x00, 0x00, 0x00, 0x00, 0x00, 0x00, 0x00, 0x00, 0x00, 
0x00, 0x00, 0x00, 0x00, 0x00, 0x00, 0x00, 0x00, 0x00, 0x00, 0x00, 0x00, 0x00, 0x00, 0x00, 0x00, 
0x00, 0x00, 0x00, 0x00, 0x00, 0x00, 0x00, 0x00, 0x00, 0x00, 0x00, 0x00, 0x00, 0x00, 0x00, 0x00, 
0x00, 0x00, 0x00, 0x00, 0x00, 0x00, 0x00, 0x00, 0x00, 0x00, 0x00, 0x00, 0x00, 0x00, 0x00, 0x00, 
0x00, 0x00, 0x00, 0x00, 0x00, 0x00, 0x00, 0x00, 0x00, 0x00, 0x00, 0x00, 0x00, 0x00, 0x00, 0x00, 
0x00, 0x00, 0x00, 0x00, 0x00, 0x00, 0x00, 0x00, 0x00, 0x00, 0x00, 0x00, 0x00, 0x00, 0x00, 0x00, 
0x00, 0x00, 0x00, 0x00, 0x00, 0x00, 0x00, 0x00, 0x00, 0x00, 0x00, 0x00, 0x00, 0x00, 0x00, 0x00, 
0x00, 0x00, 0x00, 0x00, 0x00, 0x00, 0x00, 0x00, 0x00, 0x00, 0x00, 0x00, 0x00, 0x00, 0x00, 0x00, 
0x00, 0x00, 0x00, 0x00, 0x00, 0x00, 0x00, 0x00, 0x00, 0x00, 0x00, 0x00, 0x00, 0x00, 0x00, 0x00, 
0x00, 0x00, 0x00, 0x00, 0x00, 0x00, 0x00, 0x00, 0x00, 0x00, 0x00, 0x00, 0x00, 0x00, 0x00, 0x00, 
0x00, 0x00, 0x00, 0x00, 0x00, 0x00, 0x00, 0x00, 0x00, 0x00, 0x00, 0x00, 0x00, 0x00, 0x00, 0x00, 
0x00, 0x00, 0x00, 0x00, 0x00, 0x00, 0x00, 0x00, 0x00, 0x00, 0x00, 0x00, 0x00, 0x00, 0x00, 0x00, 
0x00, 0x00, 0x00, 0x00, 0x00, 0x00, 0x00, 0x00, 0x00, 0x00, 0x00, 0x00, 0x00, 0x00, 0x00, 0x00, 
0x00, 0x00, 0x00, 0x00, 0x00, 0x00, 0x00, 0x00, 0x00, 0x00, 0x00, 0x00, 0x00, 0x00, 0x00, 0x00, 
0x00, 0x00, 0x00, 0x00, 0x00, 0x00, 0x00, 0x00, 0x00, 0x00, 0x00, 0x00, 0x00, 0x00, 0x00, 0x00, 
0x00, 0x00, 0x00, 0x00, 0x00, 0x00, 0x00, 0x00, 0x00, 0x00, 0x00, 0x00, 0x00, 0x00, 0x00, 0x00, 
0x00, 0x00, 0x00, 0x00, 0x00, 0x00, 0x00, 0x00, 0x00, 0x00, 0x00, 0x00, 0x00, 0x00, 0x00, 0x00, 
0x00, 0x00, 0x00, 0x00, 0x00, 0x00, 0x00, 0x00, 0x00, 0x00, 0x00, 0x00, 0x00, 0x00, 0x00, 0x00, 
0x00, 0x00, 0x00, 0x00, 0x00, 0x00, 0x00, 0x00, 0x00, 0x00, 0x00, 0x00, 0x00, 0x00, 0x00, 0x00, 
0x00, 0x00, 0x00, 0x00, 0x00, 0x00, 0x00, 0x00, 0x00, 0x00, 0x00, 0x00, 0x00, 0x00, 0x00, 0x00, 
0x00, 0x00, 0x00, 0x00, 0x00, 0x00, 0x00, 0x00, 0x00, 0x00, 0x00, 0x00, 0x00, 0x00, 0x00, 0x00, 
0x00, 0x00, 0x00, 0x00, 0x00, 0x00, 0x00, 0x00, 0x00, 0x00, 0x00, 0x00, 0x00, 0x00, 0x00, 0x00, 
0x00, 0x00, 0x00, 0x00, 0x00, 0x00, 0x00, 0x00, 0x00, 0x00, 0x00, 0x00, 0x00, 0x00, 0x00, 0x00, 
0x00, 0x00, 0x00, 0x00, 0x00, 0x00, 0x00, 0x00, 0x00, 0x00, 0x00, 0x00, 0x00, 0x00, 0x00, 0x00, 
0x00, 0x00, 0x00, 0x00, 0x00, 0x00, 0x00, 0x00, 0x00, 0x00, 0x00, 0x00, 0x00, 0x00, 0x00, 0x00, 
0x00, 0x00, 0x00, 0x00, 0x00, 0x00, 0x00, 0x00, 0x00, 0x00, 0x00, 0x00, 0x00, 0x00, 0x00, 0x00, 
0x00, 0x00, 0x00, 0x00, 0x00, 0x00, 0x00, 0x00, 0x00, 0x00, 0x00, 0x00, 0x00, 0x00, 0x00, 0x00, 
0x00, 0x00, 0x00, 0x00, 0x00, 0x00, 0x00, 0x00, 0x00, 0x00, 0x00, 0x00, 0x00, 0x00, 0x00, 0x00, 
0x00, 0x00, 0x00, 0x00, 0x00, 0x00, 0x00, 0x00, 0x00, 0x00, 0x00, 0x00, 0x00, 0x00, 0x00, 0x00, 
0x00, 0x00, 0x00, 0x00, 0x00, 0x00, 0x00, 0x00, 0x00, 0x00, 0x00, 0x00, 0x00, 0x00, 0x00, 0x00, 
0x00, 0x00, 0x00, 0x00, 0x00, 0x00, 0x00, 0x00, 0x00, 0x00, 0x00, 0x00, 0x00, 0x00, 0x00, 0x00, 
0x00, 0x00, 0x00, 0x00, 0x00, 0x00, 0x00, 0x00, 0x00, 0x00, 0x00, 0x00, 0x00, 0x00, 0x00, 0x00, 
0x00, 0x00, 0x00, 0x00, 0x00, 0x00, 0x00, 0x00, 0x00, 0x00, 0x00, 0x00, 0x00, 0x00, 0x00, 0x00, 
0x00, 0x00, 0x00, 0x00, 0x00, 0x00, 0x00, 0x00, 0x00, 0x00, 0x00, 0x00, 0x00, 0x00, 0x00, 0x00, 
0x00, 0x00, 0x00, 0x00, 0x00, 0x00, 0x00, 0x00, 0x00, 0x00, 0x00, 0x00, 0x00, 0x00, 0x00, 0x00, 
0x00, 0x00, 0x00, 0x00, 0x00, 0x00, 0x00, 0x00, 0x00, 0x00, 0x00, 0x00, 0x00, 0x00, 0x00, 0x00, 
0x00, 0x00, 0x00, 0x00, 0x00, 0x00, 0x00, 0x00, 0x00, 0x00, 0x00, 0x00, 0x00, 0x00, 0x00, 0x00, 
0x00, 0x00, 0x00, 0x00, 0x00, 0x00, 0x00, 0x00, 0x00, 0x00, 0x00, 0x00, 0x00, 0x00, 0x00, 0x00, 
0x00, 0x00, 0x00, 0x00, 0x00, 0x00, 0x00, 0x00, 0x00, 0x00, 0x00, 0x00, 0x00, 0x00, 0x00, 0x00, 
0x00, 0x00, 0x00, 0x00, 0x00, 0x00, 0x00, 0x00, 0x00, 0x00, 0x00, 0x00, 0x00, 0x00, 0x00, 0x00, 
0x00, 0x00, 0x00, 0x00, 0x00, 0x00, 0x00, 0x00, 0x00, 0x00, 0x00, 0x00, 0x00, 0x00, 0x00, 0x00, 
0x00, 0x00, 0x00, 0x00, 0x00, 0x00, 0x00, 0x00, 0x00, 0x00, 0x00, 0x00, 0x00, 0x00, 0x00, 0x00, 
0x00, 0x00, 0x00, 0x00, 0x00, 0x00, 0x00, 0x00, 0x00, 0x00, 0x00, 0x00, 0x00, 0x00, 0x00, 0x00, 
0x00, 0x00, 0x00, 0x00, 0x00, 0x00, 0x00, 0x00, 0x00, 0x00, 0x00, 0x00, 0x00, 0x00, 0x00, 0x00, 
0x00, 0x00, 0x00, 0x00, 0x00, 0x00, 0x00, 0x00, 0x00, 0x00, 0x00, 0x00, 0x00, 0x00, 0x00, 0x00, 
0x00, 0x00, 0x00, 0x00, 0x00, 0x00, 0x00, 0x00, 0x00, 0x00, 0x00, 0x00, 0x00, 0x00, 0x00, 0x00, 
0x00, 0x00, 0x00, 0x00, 0x00, 0x00, 0x00, 0x00, 0x00, 0x00, 0x00, 0x00, 0x00, 0x00, 0x00, 0x00, 
0x00, 0x00, 0x00, 0x00, 0x00, 0x00, 0x00, 0x00, 0x00, 0x00, 0x00, 0x00, 0x00, 0x00, 0x00, 0x00, 
0x00, 0x00, 0x00, 0x00, 0x00, 0x00, 0x00, 0x00, 0x00, 0x00, 0x00, 0x00, 0x00, 0x00, 0x00, 0x00, 
0x00, 0x00, 0x00, 0x00, 0x00, 0x00, 0x00, 0x00, 0x00, 0x00, 0x00, 0x00, 0x00, 0x00, 0x00, 0x00, 
0x00, 0x00, 0x00, 0x00, 0x00, 0x00, 0x00, 0x00, 0x00, 0x00, 0x00, 0x00, 0x00, 0x00, 0x00, 0x00, 
0x00, 0x00, 0x00, 0x00, 0x00, 0x00, 0x00, 0x00, 0x00, 0x00, 0x00, 0x00, 0x00, 0x00, 0x00, 0x00, 
0x00, 0x00, 0x00, 0x00, 0x00, 0x00, 0x00, 0x00, 0x00, 0x00, 0x00, 0x00, 0x00, 0x00, 0x00, 0x00, 
0x00, 0x00, 0x00, 0x00, 0x00, 0x00, 0x00, 0x00, 0x00, 0x00, 0x00, 0x00, 0x00, 0x00, 0x00, 0x00, 
0x00, 0x00, 0x00, 0x00, 0x00, 0x00, 0x00, 0x00, 0x00, 0x00, 0x00, 0x00, 0x00, 0x00, 0x00, 0x00, 
0x00, 0x00, 0x00, 0x00, 0x00, 0x00, 0x00, 0x00, 0x00, 0x00, 0x00, 0x00, 0x00, 0x00, 0x00, 0x00, 
0x00, 0x00, 0x00, 0x00, 0x00, 0x00, 0x00, 0x00, 0x00, 0x00, 0x00, 0x00, 0x00, 0x00, 0x00, 0x00, 
0x00, 0x00, 0x00, 0x00, 0x00, 0x00, 0x00, 0x00, 0x00, 0x00, 0x00, 0x00, 0x00, 0x00, 0x00, 0x00, 
0x00, 0x00, 0x00, 0x00, 0x00, 0x00, 0x00, 0x00, 0x00, 0x00, 0x00, 0x00, 0x00, 0x00, 0x00, 0x00, 
0x00, 0x00, 0x00, 0x00, 0x00, 0x00, 0x00, 0x00, 0x00, 0x00, 0x00, 0x00, 0x00, 0x00, 0x00, 0x00, 
0x00, 0x00, 0x00, 0x00, 0x00, 0x00, 0x00, 0x00, 0x00, 0x00, 0x00, 0x00, 0x00, 0x00, 0x00, 0x00, 
0x00, 0x00, 0x00, 0x00, 0x00, 0x00, 0x00, 0x00, 0x00, 0x00, 0x00, 0x00, 0x00, 0x00, 0x00, 0x00, 
0x00, 0x00, 0x00, 0x00, 0x00, 0x00, 0x00, 0x00, 0x00, 0x00, 0x00, 0x00, 0x00, 0x00, 0x00, 0x00, 
0x00, 0x00, 0x00, 0x00, 0x00, 0x00, 0x00, 0x00, 0x00, 0x00, 0x00, 0x00, 0x00, 0x00, 0x00, 0x00, 
0x00, 0x00, 0x00, 0x00, 0x00, 0x00, 0x00, 0x00, 0x00, 0x00, 0x00, 0x00, 0x00, 0x00, 0x00, 0x00, 
0x00, 0x00, 0x00, 0x00, 0x00, 0x00, 0x00, 0x00, 0x00, 0x00, 0x00, 0x00, 0x00, 0x00, 0x00, 0x00, 
0x00, 0x00, 0x00, 0x00, 0x00, 0x00, 0x00, 0x00, 0x00, 0x00, 0x00, 0x00, 0x00, 0x00, 0x00, 0x00, 
0x00, 0x00, 0x00, 0x00, 0x00, 0x00, 0x00, 0x00, 0x00, 0x00, 0x00, 0x00, 0x00, 0x00, 0x00, 0x00, 
0x00, 0x00, 0x00, 0x00, 0x00, 0x00, 0x00, 0x00, 0x00, 0x00, 0x00, 0x00, 0x00, 0x00, 0x00, 0x00, 
0x00, 0x00, 0x00, 0x00, 0x00, 0x00, 0x00, 0x00, 0x00, 0x00, 0x00, 0x00, 0x00, 0x00, 0x00, 0x00, 
0x00, 0x00, 0x00, 0x00, 0x00, 0x00, 0x00, 0x00, 0x00, 0x00, 0x00, 0x00, 0x00, 0x00, 0x00, 0x00, 
0x00, 0x00, 0x00, 0x00, 0x00, 0x00, 0x00, 0x00, 0x00, 0x00, 0x00, 0x00, 0x00, 0x00, 0x00, 0x00, 
0x00, 0x00, 0x00, 0x00, 0x00, 0x00, 0x00, 0x00, 0x00, 0x00, 0x00, 0x00, 0x00, 0x00, 0x00, 0x00, 
0x00, 0x00, 0x00, 0x00, 0x00, 0x00, 0x00, 0x00, 0x00, 0x00, 0x00, 0x00, 0x00, 0x00, 0x00, 0x00, 
0x00, 0x00, 0x00, 0x00, 0x00, 0x00, 0x00, 0x00, 0x00, 0x00, 0x00, 0x00, 0x00, 0x00, 0x00, 0x00, 
0x00, 0x00, 0x00, 0x00, 0x00, 0x00, 0x00, 0x00, 0x00, 0x00, 0x00, 0x00, 0x00, 0x00, 0x00, 0x00, 
0x00, 0x00, 0x00, 0x00, 0x00, 0x00, 0x00, 0x00, 0x00, 0x00, 0x00, 0x00, 0x00, 0x00, 0x00, 0x00, 
0x00, 0x00, 0x00, 0x00, 0x00, 0x00, 0x00, 0x00, 0x00, 0x00, 0x00, 0x00, 0x00, 0x00, 0x00, 0x00, 
0x00, 0x00, 0x00, 0x00, 0x00, 0x00, 0x00, 0x00, 0x00, 0x00, 0x00, 0x00, 0x00, 0x00, 0x00, 0x00, 
0x00, 0x00, 0x00, 0x00, 0x00, 0x00, 0x00, 0x00, 0x00, 0x00, 0x00, 0x00, 0x00, 0x00, 0x00, 0x00, 
0x00, 0x00, 0x00, 0x00, 0x00, 0x00, 0x00, 0x00, 0x00, 0x00, 0x00, 0x00, 0x00, 0x00, 0x00, 0x00, 
0x00, 0x00, 0x00, 0x00, 0x00, 0x00, 0x00, 0x00, 0x00, 0x00, 0x00, 0x00, 0x00, 0x00, 0x00, 0x00, 
0x00, 0x00, 0x00, 0x00, 0x00, 0x00, 0x00, 0x00, 0x00, 0x00, 0x00, 0x00, 0x00, 0x00, 0x00, 0x00, 
0x00, 0x00, 0x00, 0x00, 0x00, 0x00, 0x00, 0x00, 0x00, 0x00, 0x00, 0x00, 0x00, 0x00, 0x00, 0x00, 
0x00, 0x00, 0x00, 0x00, 0x00, 0x00, 0x00, 0x00, 0x00, 0x00, 0x00, 0x00, 0x00, 0x00, 0x00, 0x00, 
0x00, 0x00, 0x00, 0x00, 0x00, 0x00, 0x00, 0x00, 0x00, 0x00, 0x00, 0x00, 0x00, 0x00, 0x00, 0x00, 
0x00, 0x00, 0x00, 0x00, 0x00, 0x00, 0x00, 0x00, 0x00, 0x00, 0x00, 0x00, 0x00, 0x00, 0x00, 0x00, 
0x00, 0x00, 0x00, 0x00, 0x00, 0x00, 0x00, 0x00, 0x00, 0x00, 0x00, 0x00, 0x00, 0x00, 0x00, 0x00, 
0x00, 0x00, 0x00, 0x00, 0x00, 0x00, 0x00, 0x00, 0x00, 0x00, 0x00, 0x00, 0x00, 0x00, 0x00, 0x00, 
0x00, 0x00, 0x00, 0x00, 0x00, 0x00, 0x00, 0x00, 0x00, 0x00, 0x00, 0x00, 0x00, 0x00, 0x00, 0x00, 
0x00, 0x00, 0x00, 0x00, 0x00, 0x00, 0x00, 0x00, 0x00, 0x00, 0x00, 0x00, 0x00, 0x00, 0x00, 0x00, 
0x00, 0x00, 0x00, 0x00, 0x00, 0x00, 0x00, 0x00, 0x00, 0x00, 0x00, 0x00, 0x00, 0x00, 0x00, 0x00, 
0x00, 0x00, 0x00, 0x00, 0x00, 0x00, 0x00, 0x00, 0x00, 0x00, 0x00, 0x00, 0x00, 0x00, 0x00, 0x00, 
0x00, 0x00, 0x00, 0x00, 0x00, 0x00, 0x00, 0x00, 0x00, 0x00, 0x00, 0x00, 0x00, 0x00, 0x00, 0x00, 
0x00, 0x00, 0x00, 0x00, 0x00, 0x00, 0x00, 0x00, 0x00, 0x00, 0x00, 0x00, 0x00, 0x00, 0x00, 0x00, 
0x00, 0x00, 0x00, 0x00, 0x00, 0x00, 0x00, 0x00, 0x00, 0x00, 0x00, 0x00, 0x00, 0x00, 0x00, 0x00, 
0x00, 0x00, 0x00, 0x00, 0x00, 0x00, 0x00, 0x00, 0x00, 0x00, 0x00, 0x00, 0x00, 0x00, 0x00, 0x00, 
0x00, 0x00, 0x00, 0x00, 0x00, 0x00, 0x00, 0x00, 0x00, 0x00, 0x00, 0x00, 0x00, 0x00, 0x00, 0x00, 
0x00, 0x00, 0x00, 0x00, 0x00, 0x00, 0x00, 0x00, 0x00, 0x00, 0x00, 0x00, 0x00, 0x00, 0x00, 0x00, 
0x00, 0x00, 0x00, 0x00, 0x00, 0x00, 0x00, 0x00, 0x00, 0x00, 0x00, 0x00, 0x00, 0x00, 0x00, 0x00, 
0x00, 0x00, 0x00, 0x00, 0x00, 0x00, 0x00, 0x00, 0x00, 0x00, 0x00, 0x00, 0x00, 0x00, 0x00, 0x00, 
0x00, 0x00, 0x00, 0x00, 0x00, 0x00, 0x00, 0x00, 0x00, 0x00, 0x00, 0x00, 0x00, 0x00, 0x00, 0x00, 
0x00, 0x00, 0x00, 0x00, 0x00, 0x00, 0x00, 0x00, 0x00, 0x00, 0x00, 0x00, 0x00, 0x00, 0x00, 0x00, 
0x00, 0x00, 0x00, 0x00, 0x00, 0x00, 0x00, 0x00, 0x00, 0x00, 0x00, 0x00, 0x00, 0x00, 0x00, 0x00, 
0x00, 0x00, 0x00, 0x00, 0x00, 0x00, 0x00, 0x00, 0x00, 0x00, 0x00, 0x00, 0x00, 0x00, 0x00, 0x00, 
0x00, 0x00, 0x00, 0x00, 0x00, 0x00, 0x00, 0x00, 0x00, 0x00, 0x00, 0x00, 0x00, 0x00, 0x00, 0x00, 
0x00, 0x00, 0x00, 0x00, 0x00, 0x00, 0x00, 0x00, 0x00, 0x00, 0x00, 0x00, 0x00, 0x00, 0x00, 0x00, 
0x00, 0x00, 0x00, 0x00, 0x00, 0x00, 0x00, 0x00, 0x00, 0x00, 0x00, 0x00, 0x00, 0x00, 0x00, 0x00, 
0x00, 0x00, 0x00, 0x00, 0x00, 0x00, 0x00, 0x00, 0x00, 0x00, 0x00, 0x00, 0x00, 0x00, 0x00, 0x00, 
0x00, 0x00, 0x00, 0x00, 0x00, 0x00, 0x00, 0x00, 0x00, 0x00, 0x00, 0x00, 0x00, 0x00, 0x00, 0x00, 
0x00, 0x00, 0x00, 0x00, 0x00, 0x00, 0x00, 0x00, 0x00, 0x00, 0x00, 0x00, 0x00, 0x00, 0x00, 0x00, 
0x00, 0x00, 0x00, 0x00, 0x00, 0x00, 0x00, 0x00, 0x00, 0x00, 0x00, 0x00, 0x00, 0x00, 0x00, 0x00, 
0x00, 0x00, 0x00, 0x00, 0x00, 0x00, 0x00, 0x00, 0x00, 0x00, 0x00, 0x00, 0x00, 0x00, 0x00, 0x00, 
0x00, 0x00, 0x00, 0x00, 0x00, 0x00, 0x00, 0x00, 0x00, 0x00, 0x00, 0x00, 0x00, 0x00, 0x00, 0x00, 
0x00, 0x00, 0x00, 0x00, 0x00, 0x00, 0x00, 0x00, 0x00, 0x00, 0x00, 0x00, 0x00, 0x00, 0x00, 0x00, 
0x00, 0x00, 0x00, 0x00, 0x00, 0x00, 0x00, 0x00, 0x00, 0x00, 0x00, 0x00, 0x00, 0x00, 0x00, 0x00, 
0x00, 0x00, 0x00, 0x00, 0x00, 0x00, 0x00, 0x00, 0x00, 0x00, 0x00, 0x00, 0x00, 0x00, 0x00, 0x00, 
0x00, 0x00, 0x00, 0x00, 0x00, 0x00, 0x00, 0x00, 0x00, 0x00, 0x00, 0x00, 0x00, 0x00, 0x00, 0x00, 
0x00, 0x00, 0x00, 0x00, 0x00, 0x00, 0x00, 0x00, 0x00, 0x00, 0x00, 0x00, 0x00, 0x00, 0x00, 0x00, 
0x00, 0x00, 0x00, 0x00, 0x00, 0x00, 0x00, 0x00, 0x00, 0x00, 0x00, 0x00, 0x00, 0x00, 0x00, 0x00, 
0x00, 0x00, 0x00, 0x00, 0x00, 0x00, 0x00, 0x00, 0x00, 0x00, 0x00, 0x00, 0x00, 0x00, 0x00, 0x00, 
0x00, 0x00, 0x00, 0x00, 0x00, 0x00, 0x00, 0x00, 0x00, 0x00, 0x00, 0x00, 0x00, 0x00, 0x00, 0x00, 
0x00, 0x00, 0x00, 0x00, 0x00, 0x00, 0x00, 0x00, 0x00, 0x00, 0x00, 0x00, 0x00, 0x00, 0x00, 0x00, 
0x00, 0x00, 0x00, 0x00, 0x00, 0x00, 0x00, 0x00, 0x00, 0x00, 0x00, 0x00, 0x00, 0x00, 0x00, 0x00, 
0x00, 0x00, 0x00, 0x00, 0x00, 0x00, 0x00, 0x00, 0x00, 0x00, 0x00, 0x00, 0x00, 0x00, 0x00, 0x00, 
0x00, 0x00, 0x00, 0x00, 0x00, 0x00, 0x00, 0x00, 0x00, 0x00, 0x00, 0x00, 0x00, 0x00, 0x00, 0x00, 
0x00, 0x00, 0x00, 0x00, 0x00, 0x00, 0x00, 0x00, 0x00, 0x00, 0x00, 0x00, 0x00, 0x00, 0x00, 0x00, 
0x00, 0x00, 0x00, 0x00, 0x00, 0x00, 0x00, 0x00, 0x00, 0x00, 0x00, 0x00, 0x00, 0x00, 0x00, 0x00, 
0x00, 0x00, 0x00, 0x00, 0x00, 0x00, 0x00, 0x00, 0x00, 0x00, 0x00, 0x00, 0x00, 0x00, 0x00, 0x00, 
0x00, 0x00, 0x00, 0x00, 0x00, 0x00, 0x00, 0x00, 0x00, 0x00, 0x00, 0x00, 0x00, 0x00, 0x00, 0x00, 
0x00, 0x00, 0x00, 0x00, 0x00, 0x00, 0x00, 0x00, 0x00, 0x00, 0x00, 0x00, 0x00, 0x00, 0x00, 0x00, 
0x00, 0x00, 0x00, 0x00, 0x00, 0x00, 0x00, 0x00, 0x00, 0x00, 0x00, 0x00, 0x00, 0x00, 0x00, 0x00, 
0x00, 0x00, 0x00, 0x00, 0x00, 0x00, 0x00, 0x00, 0x00, 0x00, 0x00, 0x00, 0x00, 0x00, 0x00, 0x00, 
0x00, 0x00, 0x00, 0x00, 0x00, 0x00, 0x00, 0x00, 0x00, 0x00, 0x00, 0x00, 0x00, 0x00, 0x00, 0x00, 
0x00, 0x00, 0x00, 0x00, 0x00, 0x00, 0x00, 0x00, 0x00, 0x00, 0x00, 0x00, 0x00, 0x00, 0x00, 0x00, 
0x00, 0x00, 0x00, 0x00, 0x00, 0x00, 0x00, 0x00, 0x00, 0x00, 0x00, 0x00, 0x00, 0x00, 0x00, 0x00, 
0x00, 0x00, 0x00, 0x00, 0x00, 0x00, 0x00, 0x00, 0x00, 0x00, 0x00, 0x00, 0x00, 0x00, 0x00, 0x00, 
0x00, 0x00, 0x00, 0x00, 0x00, 0x00, 0x00, 0x00, 0x00, 0x00, 0x00, 0x00, 0x00, 0x00, 0x00, 0x00, 
0x00, 0x00, 0x00, 0x00, 0x00, 0x00, 0x00, 0x00, 0x00, 0x00, 0x00, 0x00, 0x00, 0x00, 0x00, 0x00, 
0x00, 0x00, 0x00, 0x00, 0x00, 0x00, 0x00, 0x00, 0x00, 0x00, 0x00, 0x00, 0x00, 0x00, 0x00, 0x00, 
0x00, 0x00, 0x00, 0x00, 0x00, 0x00, 0x00, 0x00, 0x00, 0x00, 0x00, 0x00, 0x00, 0x00, 0x00, 0x00, 
0x00, 0x00, 0x00, 0x00, 0x00, 0x00, 0x00, 0x00, 0x00, 0x00, 0x00, 0x00, 0x00, 0x00, 0x00, 0x00, 
0x00, 0x00, 0x00, 0x00, 0x00, 0x00, 0x00, 0x00, 0x00, 0x00, 0x00, 0x00, 0x00, 0x00, 0x00, 0x00, 
0x00, 0x00, 0x00, 0x00, 0x00, 0x00, 0x00, 0x00, 0x00, 0x00, 0x00, 0x00, 0x00, 0x00, 0x00, 0x00, 
0x00, 0x00, 0x00, 0x00, 0x00, 0x00, 0x00, 0x00, 0x00, 0x00, 0x00, 0x00, 0x00, 0x00, 0x00, 0x00, 
0x00, 0x00, 0x00, 0x00, 0x00, 0x00, 0x00, 0x00, 0x00, 0x00, 0x00, 0x00, 0x00, 0x00, 0x00, 0x00, 
0x00, 0x00, 0x00, 0x00, 0x00, 0x00, 0x00, 0x00, 0x00, 0x00, 0x00, 0x00, 0x00, 0x00, 0x00, 0x00, 
0x00, 0x00, 0x00, 0x00, 0x00, 0x00, 0x00, 0x00, 0x00, 0x00, 0x00, 0x00, 0x00, 0x00, 0x00, 0x00, 
0x00, 0x00, 0x00, 0x00, 0x00, 0x00, 0x00, 0x00, 0x00, 0x00, 0x00, 0x00, 0x00, 0x00, 0x00, 0x00, 
0x00, 0x00, 0x00, 0x00, 0x00, 0x00, 0x00, 0x00, 0x00, 0x00, 0x00, 0x00, 0x00, 0x00, 0x00, 0x00, 
0x00, 0x00, 0x00, 0x00, 0x00, 0x00, 0x00, 0x00, 0x00, 0x00, 0x00, 0x00, 0x00, 0x00, 0x00, 0x00, 
0x00, 0x00, 0x00, 0x00, 0x00, 0x00, 0x00, 0x00, 0x00, 0x00, 0x00, 0x00, 0x00, 0x00, 0x00, 0x00, 
0x00, 0x00, 0x00, 0x00, 0x00, 0x00, 0x00, 0x00, 0x00, 0x00, 0x00, 0x00, 0x00, 0x00, 0x00, 0x00, 
0x00, 0x00, 0x00, 0x00, 0x00, 0x00, 0x00, 0x00, 0x00, 0x00, 0x00, 0x00, 0x00, 0x00, 0x00, 0x00, 
0x00, 0x00, 0x00, 0x00, 0x00, 0x00, 0x00, 0x00, 0x00, 0x00, 0x00, 0x00, 0x00, 0x00, 0x00, 0x00, 
0x00, 0x00, 0x00, 0x00, 0x00, 0x00, 0x00, 0x00, 0x00, 0x00, 0x00, 0x00, 0x00, 0x00, 0x00, 0x00, 
0x00, 0x00, 0x00, 0x00, 0x00, 0x00, 0x00, 0x00, 0x00, 0x00, 0x00, 0x00, 0x00, 0x00, 0x00, 0x00, 
0x00, 0x00, 0x00, 0x00, 0x00, 0x00, 0x00, 0x00, 0x00, 0x00, 0x00, 0x00, 0x00, 0x00, 0x00, 0x00, 
0x00, 0x00, 0x00, 0x00, 0x00, 0x00, 0x00, 0x00, 0x00, 0x00, 0x00, 0x00, 0x00, 0x00, 0x00, 0x00, 
0x00, 0x00, 0x00, 0x00, 0x00, 0x00, 0x00, 0x00, 0x00, 0x00, 0x00, 0x00, 0x00, 0x00, 0x00, 0x00, 
0x00, 0x00, 0x00, 0x00, 0x00, 0x00, 0x00, 0x00, 0x00, 0x00, 0x00, 0x00, 0x00, 0x00, 0x00, 0x00, 
0x00, 0x00, 0x00, 0x00, 0x00, 0x00, 0x00, 0x00, 0x00, 0x00, 0x00, 0x00, 0x00, 0x00, 0x00, 0x00, 
0x00, 0x00, 0x00, 0x00, 0x00, 0x00, 0x00, 0x00, 0x00, 0x00, 0x00, 0x00, 0x00, 0x00, 0x00, 0x00, 
0x00, 0x00, 0x00, 0x00, 0x00, 0x00, 0x00, 0x00, 0x00, 0x00, 0x00, 0x00, 0x00, 0x00, 0x00, 0x00, 
0x00, 0x00, 0x00, 0x00, 0x00, 0x00, 0x00, 0x00, 0x00, 0x00, 0x00, 0x00, 0x00, 0x00, 0x00, 0x00, 
0x00, 0x00, 0x00, 0x00, 0x00, 0x00, 0x00, 0x00, 0x00, 0x00, 0x00, 0x00, 0x00, 0x00, 0x00, 0x00, 
0x00, 0x00, 0x00, 0x00, 0x00, 0x00, 0x00, 0x00, 0x00, 0x00, 0x00, 0x00, 0x00, 0x00, 0x00, 0x00, 
0x00, 0x00, 0x00, 0x00, 0x00, 0x00, 0x00, 0x00, 0x00, 0x00, 0x00, 0x00, 0x00, 0x00, 0x00, 0x00, 
0x00, 0x00, 0x00, 0x00, 0x00, 0x00, 0x00, 0x00, 0x00, 0x00, 0x00, 0x00, 0x00, 0x00, 0x00, 0x00, 
0x00, 0x00, 0x00, 0x00, 0x00, 0x00, 0x00, 0x00, 0x00, 0x00, 0x00, 0x00, 0x00, 0x00, 0x00, 0x00, 
0x00, 0x00, 0x00, 0x00, 0x00, 0x00, 0x00, 0x00, 0x00, 0x00, 0x00, 0x00, 0x00, 0x00, 0x00, 0x00, 
0x00, 0x00, 0x00, 0x00, 0x00, 0x00, 0x00, 0x00, 0x00, 0x00, 0x00, 0x00, 0x00, 0x00, 0x00, 0x00, 
0x00, 0x00, 0x00, 0x00, 0x00, 0x00, 0x00, 0x00, 0x00, 0x00, 0x00, 0x00, 0x00, 0x00, 0x00, 0x00, 
0x00, 0x00, 0x00, 0x00, 0x00, 0x00, 0x00, 0x00, 0x00, 0x00, 0x00, 0x00, 0x00, 0x00, 0x00, 0x00, 
0x00, 0x00, 0x00, 0x00, 0x00, 0x00, 0x00, 0x00, 0x00, 0x00, 0x00, 0x00, 0x00, 0x00, 0x00, 0x00, 
0x00, 0x00, 0x00, 0x00, 0x00, 0x00, 0x00, 0x00, 0x00, 0x00, 0x00, 0x00, 0x00, 0x00, 0x00, 0x00, 
0x00, 0x00, 0x00, 0x00, 0x00, 0x00, 0x00, 0x00, 0x00, 0x00, 0x00, 0x00, 0x00, 0x00, 0x00, 0x00, 
0x00, 0x00, 0x00, 0x00, 0x00, 0x00, 0x00, 0x00, 0x00, 0x00, 0x00, 0x00, 0x00, 0x00, 0x00, 0x00, 
0x00, 0x00, 0x00, 0x00, 0x00, 0x00, 0x00, 0x00, 0x00, 0x00, 0x00, 0x00, 0x00, 0x00, 0x00, 0x00, 
0x00, 0x00, 0x00, 0x00, 0x00, 0x00, 0x00, 0x00, 0x00, 0x00, 0x00, 0x00, 0x00, 0x00, 0x00, 0x00, 
0x00, 0x00, 0x00, 0x00, 0x00, 0x00, 0x00, 0x00, 0x00, 0x00, 0x00, 0x00, 0x00, 0x00, 0x00, 0x00, 
0x00, 0x00, 0x00, 0x00, 0x00, 0x00, 0x00, 0x00, 0x00, 0x00, 0x00, 0x00, 0x00, 0x00, 0x00, 0x00, 
0x00, 0x00, 0x00, 0x00, 0x00, 0x00, 0x00, 0x00, 0x00, 0x00, 0x00, 0x00, 0x00, 0x00, 0x00, 0x00, 
0x00, 0x00, 0x00, 0x00, 0x00, 0x00, 0x00, 0x00, 0x00, 0x00, 0x00, 0x00, 0x00, 0x00, 0x00, 0x00, 
0x00, 0x00, 0x00, 0x00, 0x00, 0x00, 0x00, 0x00, 0x00, 0x00, 0x00, 0x00, 0x00, 0x00, 0x00, 0x00, 
0x00, 0x00, 0x00, 0x00, 0x00, 0x00, 0x00, 0x00, 0x00, 0x00, 0x00, 0x00, 0x00, 0x00, 0x00, 0x00, 
0x00, 0x00, 0x00, 0x00, 0x00, 0x00, 0x00, 0x00, 0x00, 0x00, 0x00, 0x00, 0x00, 0x00, 0x00, 0x00, 
0x00, 0x00, 0x00, 0x00, 0x00, 0x00, 0x00, 0x00, 0x00, 0x00, 0x00, 0x00, 0x00, 0x00, 0x00, 0x00, 
0x00, 0x00, 0x00, 0x00, 0x00, 0x00, 0x00, 0x00, 0x00, 0x00, 0x00, 0x00, 0x00, 0x00, 0x00, 0x00, 
0x00, 0x00, 0x00, 0x00, 0x00, 0x00, 0x00, 0x00, 0x00, 0x00, 0x00, 0x00, 0x00, 0x00, 0x00, 0x00, 
0x00, 0x00, 0x00, 0x00, 0x00, 0x00, 0x00, 0x00, 0x00, 0x00, 0x00, 0x00, 0x00, 0x00, 0x00, 0x00, 
0x00, 0x00, 0x00, 0x00, 0x00, 0x00, 0x00, 0x00, 0x00, 0x00, 0x00, 0x00, 0x00, 0x00, 0x00, 0x00, 
0x00, 0x00, 0x00, 0x00, 0x00, 0x00, 0x00, 0x00, 0x00, 0x00, 0x00, 0x00, 0x00, 0x00, 0x00, 0x00, 
0x00, 0x00, 0x00, 0x00, 0x00, 0x00, 0x00, 0x00, 0x00, 0x00, 0x00, 0x00, 0x00, 0x00, 0x00, 0x00, 
0x00, 0x00, 0x00, 0x00, 0x00, 0x00, 0x00, 0x00, 0x00, 0x00, 0x00, 0x00, 0x00, 0x00, 0x00, 0x00, 
0x00, 0x00, 0x00, 0x00, 0x00, 0x00, 0x00, 0x00, 0x00, 0x00, 0x00, 0x00, 0x00, 0x00, 0x00, 0x00, 
0x00, 0x00, 0x00, 0x00, 0x00, 0x00, 0x00, 0x00, 0x00, 0x00, 0x00, 0x00, 0x00, 0x00, 0x00, 0x00, 
0x00, 0x00, 0x00, 0x00, 0x00, 0x00, 0x00, 0x00, 0x00, 0x00, 0x00, 0x00, 0x00, 0x00, 0x00, 0x00, 
0x00, 0x00, 0x00, 0x00, 0x00, 0x00, 0x00, 0x00, 0x00, 0x00, 0x00, 0x00, 0x00, 0x00, 0x00, 0x00, 
0x00, 0x00, 0x00, 0x00, 0x00, 0x00, 0x00, 0x00, 0x00, 0x00, 0x00, 0x00, 0x00, 0x00, 0x00, 0x00, 
0x00, 0x00, 0x00, 0x00, 0x00, 0x00, 0x00, 0x00, 0x00, 0x00, 0x00, 0x00, 0x00, 0x00, 0x00, 0x00, 
0x00, 0x00, 0x00, 0x00, 0x00, 0x00, 0x00, 0x00, 0x00, 0x00, 0x00, 0x00, 0x00, 0x00, 0x00, 0x00, 
0x00, 0x00, 0x00, 0x00, 0x00, 0x00, 0x00, 0x00, 0x00, 0x00, 0x00, 0x00, 0x00, 0x00, 0x00, 0x00, 
0x00, 0x00, 0x00, 0x00, 0x00, 0x00, 0x00, 0x00, 0x00, 0x00, 0x00, 0x00, 0x00, 0x00, 0x00, 0x00, 
0x00, 0x00, 0x00, 0x00, 0x00, 0x00, 0x00, 0x00, 0x00, 0x00, 0x00, 0x00, 0x00, 0x00, 0x00, 0x00, 
0x00, 0x00, 0x00, 0x00, 0x00, 0x00, 0x00, 0x00, 0x00, 0x00, 0x00, 0x00, 0x00, 0x00, 0x00, 0x00, 
0x00, 0x00, 0x00, 0x00, 0x00, 0x00, 0x00, 0x00, 0x00, 0x00, 0x00, 0x00, 0x00, 0x00, 0x00, 0x00, 
0x00, 0x00, 0x00, 0x00, 0x00, 0x00, 0x00, 0x00, 0x00, 0x00, 0x00, 0x00, 0x00, 0x00, 0x00, 0x00, 
0x00, 0x00, 0x00, 0x00, 0x00, 0x00, 0x00, 0x00, 0x00, 0x00, 0x00, 0x00, 0x00, 0x00, 0x00, 0x00, 
0x00, 0x00, 0x00, 0x00, 0x00, 0x00, 0x00, 0x00, 0x00, 0x00, 0x00, 0x00, 0x00, 0x00, 0x00, 0x00, 
0x00, 0x00, 0x00, 0x00, 0x00, 0x00, 0x00, 0x00, 0x00, 0x00, 0x00, 0x00, 0x00, 0x00, 0x00, 0x00, 
0x00, 0x00, 0x00, 0x00, 0x00, 0x00, 0x00, 0x00, 0x00, 0x00, 0x00, 0x00, 0x00, 0x00, 0x00, 0x00, 
0x00, 0x00, 0x00, 0x00, 0x00, 0x00, 0x00, 0x00, 0x00, 0x00, 0x00, 0x00, 0x00, 0x00, 0x00, 0x00, 
0x00, 0x00, 0x00, 0x00, 0x00, 0x00, 0x00, 0x00, 0x00, 0x00, 0x00, 0x00, 0x00, 0x00, 0x00, 0x00, 
0x00, 0x00, 0x00, 0x00, 0x00, 0x00, 0x00, 0x00, 0x00, 0x00, 0x00, 0x00, 0x00, 0x00, 0x00, 0x00, 
0x00, 0x00, 0x00, 0x00, 0x00, 0x00, 0x00, 0x00, 0x00, 0x00, 0x00, 0x00, 0x00, 0x00, 0x00, 0x00, 
0x00, 0x00, 0x00, 0x00, 0x00, 0x00, 0x00, 0x00, 0x00, 0x00, 0x00, 0x00, 0x00, 0x00, 0x00, 0x00, 
0x00, 0x00, 0x00, 0x00, 0x00, 0x00, 0x00, 0x00, 0x00, 0x00, 0x00, 0x00, 0x00, 0x00, 0x00, 0x00, 
0x00, 0x00, 0x00, 0x00, 0x00, 0x00, 0x00, 0x00, 0x00, 0x00, 0x00, 0x00, 0x00, 0x00, 0x00, 0x00, 
0x00, 0x00, 0x00, 0x00, 0x00, 0x00, 0x00, 0x00, 0x00, 0x00, 0x00, 0x00, 0x00, 0x00, 0x00, 0x00, 
0x00, 0x00, 0x00, 0x00, 0x00, 0x00, 0x00, 0x00, 0x00, 0x00, 0x00, 0x00, 0x00, 0x00, 0x00, 0x00, 
0x00, 0x00, 0x00, 0x00, 0x00, 0x00, 0x00, 0x00, 0x00, 0x00, 0x00, 0x00, 0x00, 0x00, 0x00, 0x00, 
0x00, 0x00, 0x00, 0x00, 0x00, 0x00, 0x00, 0x00, 0x00, 0x00, 0x00, 0x00, 0x00, 0x00, 0x00, 0x00, 
0x00, 0x00, 0x00, 0x00, 0x00, 0x00, 0x00, 0x00, 0x00, 0x00, 0x00, 0x00, 0x00, 0x00, 0x00, 0x00, 
0x00, 0x00, 0x00, 0x00, 0x00, 0x00, 0x00, 0x00, 0x00, 0x00, 0x00, 0x00, 0x00, 0x00, 0x00, 0x00, 
0x00, 0x00, 0x00, 0x00, 0x00, 0x00, 0x00, 0x00, 0x00, 0x00, 0x00, 0x00, 0x00, 0x00, 0x00, 0x00, 
0x00, 0x00, 0x00, 0x00, 0x00, 0x00, 0x00, 0x00, 0x00, 0x00, 0x00, 0x00, 0x00, 0x00, 0x00, 0x00, 
0x00, 0x00, 0x00, 0x00, 0x00, 0x00, 0x00, 0x00, 0x00, 0x00, 0x00, 0x00, 0x00, 0x00, 0x00, 0x00, 
0x00, 0x00, 0x00, 0x00, 0x00, 0x00, 0x00, 0x00, 0x00, 0x00, 0x00, 0x00, 0x00, 0x00, 0x00, 0x00, 
0x00, 0x00, 0x00, 0x00, 0x00, 0x00, 0x00, 0x00, 0x00, 0x00, 0x00, 0x00, 0x00, 0x00, 0x00, 0x00, 
0x00, 0x00, 0x00, 0x00, 0x00, 0x00, 0x00, 0x00, 0x00, 0x00, 0x00, 0x00, 0x00, 0x00, 0x00, 0x00, 
0x00, 0x00, 0x00, 0x00, 0x00, 0x00, 0x00, 0x00, 0x00, 0x00, 0x00, 0x00, 0x00, 0x00, 0x00, 0x00, 
0x00, 0x00, 0x00, 0x00, 0x00, 0x00, 0x00, 0x00, 0x00, 0x00, 0x00, 0x00, 0x00, 0x00, 0x00, 0x00, 
0x00, 0x00, 0x00, 0x00, 0x00, 0x00, 0x00, 0x00, 0x00, 0x00, 0x00, 0x00, 0x00, 0x00, 0x00, 0x00, 
0x00, 0x00, 0x00, 0x00, 0x00, 0x00, 0x00, 0x00, 0x00, 0x00, 0x00, 0x00, 0x00, 0x00, 0x00, 0x00, 
0x00, 0x00, 0x00, 0x00, 0x00, 0x00, 0x00, 0x00, 0x00, 0x00, 0x00, 0x00, 0x00, 0x00, 0x00, 0x00, 
0x00, 0x00, 0x00, 0x00, 0x00, 0x00, 0x00, 0x00, 0x00, 0x00, 0x00, 0x00, 0x00, 0x00, 0x00, 0x00, 
0x00, 0x00, 0x00, 0x00, 0x00, 0x00, 0x00, 0x00, 0x00, 0x00, 0x00, 0x00, 0x00, 0x00, 0x00, 0x00, 
0x00, 0x00, 0x00, 0x00, 0x00, 0x00, 0x00, 0x00, 0x00, 0x00, 0x00, 0x00, 0x00, 0x00, 0x00, 0x00, 
0x00, 0x00, 0x00, 0x00, 0x00, 0x00, 0x00, 0x00, 0x00, 0x00, 0x00, 0x00, 0x00, 0x00, 0x00, 0x00, 
0x00, 0x00, 0x00, 0x00, 0x00, 0x00, 0x00, 0x00, 0x00, 0x00, 0x00, 0x00, 0x00, 0x00, 0x00, 0x00, 
0x00, 0x00, 0x00, 0x00, 0x00, 0x00, 0x00, 0x00, 0x00, 0x00, 0x00, 0x00, 0x00, 0x00, 0x00, 0x00, 
0x00, 0x00, 0x00, 0x00, 0x00, 0x00, 0x00, 0x00, 0x00, 0x00, 0x00, 0x00, 0x00, 0x00, 0x00, 0x00, 
0x00, 0x00, 0x00, 0x00, 0x00, 0x00, 0x00, 0x00, 0x00, 0x00, 0x00, 0x00, 0x00, 0x00, 0x00, 0x00, 
0x00, 0x00, 0x00, 0x00, 0x00, 0x00, 0x00, 0x00, 0x00, 0x00, 0x00, 0x00, 0x00, 0x00, 0x00, 0x00, 
0x00, 0x00, 0x00, 0x00, 0x00, 0x00, 0x00, 0x00, 0x00, 0x00, 0x00, 0x00, 0x00, 0x00, 0x00, 0x00, 
0x00, 0x00, 0x00, 0x00, 0x00, 0x00, 0x00, 0x00, 0x00, 0x00, 0x00, 0x00, 0x00, 0x00, 0x00, 0x00, 
0x00, 0x00, 0x00, 0x00, 0x00, 0x00, 0x00, 0x00, 0x00, 0x00, 0x00, 0x00, 0x00, 0x00, 0x00, 0x00, 
0x00, 0x00, 0x00, 0x00, 0x00, 0x00, 0x00, 0x00, 0x00, 0x00, 0x00, 0x00, 0x00, 0x00, 0x00, 0x00, 
0x00, 0x00, 0x00, 0x00, 0x00, 0x00, 0x00, 0x00, 0x00, 0x00, 0x00, 0x00, 0x00, 0x00, 0x00, 0x00, 
0x00, 0x00, 0x00, 0x00, 0x00, 0x00, 0x00, 0x00, 0x00, 0x00, 0x00, 0x00, 0x00, 0x00, 0x00, 0x00, 
0x00, 0x00, 0x00, 0x00, 0x00, 0x00, 0x00, 0x00, 0x00, 0x00, 0x00, 0x00, 0x00, 0x00, 0x00, 0x00, 
0x00, 0x00, 0x00, 0x00, 0x00, 0x00, 0x00, 0x00, 0x00, 0x00, 0x00, 0x00, 0x00, 0x00, 0x00, 0x00, 
0x00, 0x00, 0x00, 0x00, 0x00, 0x00, 0x00, 0x00, 0x00, 0x00, 0x00, 0x00, 0x00, 0x00, 0x00, 0x00, 
0x00, 0x00, 0x00, 0x00, 0x00, 0x00, 0x00, 0x00, 0x00, 0x00, 0x00, 0x00, 0x00, 0x00, 0x00, 0x00, 
0x00, 0x00, 0x00, 0x00, 0x00, 0x00, 0x00, 0x00, 0x00, 0x00, 0x00, 0x00, 0x00, 0x00, 0x00, 0x00, 
0x00, 0x00, 0x00, 0x00, 0x00, 0x00, 0x00, 0x00, 0x00, 0x00, 0x00, 0x00, 0x00, 0x00, 0x00, 0x00, 
0x00, 0x00, 0x00, 0x00, 0x00, 0x00, 0x00, 0x00, 0x00, 0x00, 0x00, 0x00, 0x00, 0x00, 0x00, 0x00, 
0x00, 0x00, 0x00, 0x00, 0x00, 0x00, 0x00, 0x00, 0x00, 0x00, 0x00, 0x00, 0x00, 0x00, 0x00, 0x00, 
0x00, 0x00, 0x00, 0x00, 0x00, 0x00, 0x00, 0x00, 0x00, 0x00, 0x00, 0x00, 0x00, 0x00, 0x00, 0x00, 
0x00, 0x00, 0x00, 0x00, 0x00, 0x00, 0x00, 0x00, 0x00, 0x00, 0x00, 0x00, 0x00, 0x00, 0x00, 0x00, 
0x00, 0x00, 0x00, 0x00, 0x00, 0x00, 0x00, 0x00, 0x00, 0x00, 0x00, 0x00, 0x00, 0x00, 0x00, 0x00, 
0x00, 0x00, 0x00, 0x00, 0x00, 0x00, 0x00, 0x00, 0x00, 0x00, 0x00, 0x00, 0x00, 0x00, 0x00, 0x00, 
0x00, 0x00, 0x00, 0x00, 0x00, 0x00, 0x00, 0x00, 0x00, 0x00, 0x00, 0x00, 0x00, 0x00, 0x00, 0x00, 
0x00, 0x00, 0x00, 0x00, 0x00, 0x00, 0x00, 0x00, 0x00, 0x00, 0x00, 0x00, 0x00, 0x00, 0x00, 0x00, 
0x00, 0x00, 0x00, 0x00, 0x00, 0x00, 0x00, 0x00, 0x00, 0x00, 0x00, 0x00, 0x00, 0x00, 0x00, 0x00, 
0x00, 0x00, 0x00, 0x00, 0x00, 0x00, 0x00, 0x00, 0x00, 0x00, 0x00, 0x00, 0x00, 0x00, 0x00, 0x00, 
0x00, 0x00, 0x00, 0x00, 0x00, 0x00, 0x00, 0x00, 0x00, 0x00, 0x00, 0x00, 0x00, 0x00, 0x00, 0x00, 
0x00, 0x00, 0x00, 0x00, 0x00, 0x00, 0x00, 0x00, 0x00, 0x00, 0x00, 0x00, 0x00, 0x00, 0x00, 0x00, 
0x00, 0x00, 0x00, 0x00, 0x00, 0x00, 0x00, 0x00, 0x00, 0x00, 0x00, 0x00, 0x00, 0x00, 0x00, 0x00, 
0x00, 0x00, 0x00, 0x00, 0x00, 0x00, 0x00, 0x00, 0x00, 0x00, 0x00, 0x00, 0x00, 0x00, 0x00, 0x00, 
0x00, 0x00, 0x00, 0x00, 0x00, 0x00, 0x00, 0x00, 0x00, 0x00, 0x00, 0x00, 0x00, 0x00, 0x00, 0x00, 
0x00, 0x00, 0x00, 0x00, 0x00, 0x00, 0x00, 0x00, 0x00, 0x00, 0x00, 0x00, 0x00, 0x00, 0x00, 0x00, 
0x00, 0x00, 0x00, 0x00, 0x00, 0x00, 0x00, 0x00, 0x00, 0x00, 0x00, 0x00, 0x00, 0x00, 0x00, 0x00, 
0x00, 0x00, 0x00, 0x00, 0x00, 0x00, 0x00, 0x00, 0x00, 0x00, 0x00, 0x00, 0x00, 0x00, 0x00, 0x00, 
0x00, 0x00, 0x00, 0x00, 0x00, 0x00, 0x00, 0x00, 0x00, 0x00, 0x00, 0x00, 0x00, 0x00, 0x00, 0x00, 
0x00, 0x00, 0x00, 0x00, 0x00, 0x00, 0x00, 0x00, 0x00, 0x00, 0x00, 0x00, 0x00, 0x00, 0x00, 0x00, 
0x00, 0x00, 0x00, 0x00, 0x00, 0x00, 0x00, 0x00, 0x00, 0x00, 0x00, 0x00, 0x00, 0x00, 0x00, 0x00, 
0x00, 0x00, 0x00, 0x00, 0x00, 0x00, 0x00, 0x00, 0x00, 0x00, 0x00, 0x00, 0x00, 0x00, 0x00, 0x00, 
0x00, 0x00, 0x00, 0x00, 0x00, 0x00, 0x00, 0x00, 0x00, 0x00, 0x00, 0x00, 0x00, 0x00, 0x00, 0x00, 
0x00, 0x00, 0x00, 0x00, 0x00, 0x00, 0x00, 0x00, 0x00, 0x00, 0x00, 0x00, 0x00, 0x00, 0x00, 0x00, 
0x00, 0x00, 0x00, 0x00, 0x00, 0x00, 0x00, 0x00, 0x00, 0x00, 0x00, 0x00, 0x00, 0x00, 0x00, 0x00, 
0x00, 0x00, 0x00, 0x00, 0x00, 0x00, 0x00, 0x00, 0x00, 0x00, 0x00, 0x00, 0x00, 0x00, 0x00, 0x00, 
0x00, 0x00, 0x00, 0x00, 0x00, 0x00, 0x00, 0x00, 0x00, 0x00, 0x00, 0x00, 0x00, 0x00, 0x00, 0x00, 
0x00, 0x00, 0x00, 0x00, 0x00, 0x00, 0x00, 0x00, 0x00, 0x00, 0x00, 0x00, 0x00, 0x00, 0x00, 0x00, 
0x00, 0x00, 0x00, 0x00, 0x00, 0x00, 0x00, 0x00, 0x00, 0x00, 0x00, 0x00, 0x00, 0x00, 0x00, 0x00, 
0x00, 0x00, 0x00, 0x00, 0x00, 0x00, 0x00, 0x00, 0x00, 0x00, 0x00, 0x00, 0x00, 0x00, 0x00, 0x00, 
0x00, 0x00, 0x00, 0x00, 0x00, 0x00, 0x00, 0x00, 0x00, 0x00, 0x00, 0x00, 0x00, 0x00, 0x00, 0x00, 
0x00, 0x00, 0x00, 0x00, 0x00, 0x00, 0x00, 0x00, 0x00, 0x00, 0x00, 0x00, 0x00, 0x00, 0x00, 0x00, 
0x00, 0x00, 0x00, 0x00, 0x00, 0x00, 0x00, 0x00, 0x00, 0x00, 0x00, 0x00, 0x00, 0x00, 0x00, 0x00, 
0x00, 0x00, 0x00, 0x00, 0x00, 0x00, 0x00, 0x00, 0x00, 0x00, 0x00, 0x00, 0x00, 0x00, 0x00, 0x00, 
0x00, 0x00, 0x00, 0x00, 0x00, 0x00, 0x00, 0x00, 0x00, 0x00, 0x00, 0x00, 0x00, 0x00, 0x00, 0x00, 
0x00, 0x00, 0x00, 0x00, 0x00, 0x00, 0x00, 0x00, 0x00, 0x00, 0x00, 0x00, 0x00, 0x00, 0x00, 0x00, 
0x00, 0x00, 0x00, 0x00, 0x00, 0x00, 0x00, 0x00, 0x00, 0x00, 0x00, 0x00, 0x00, 0x00, 0x00, 0x00, 
0x00, 0x00, 0x00, 0x00, 0x00, 0x00, 0x00, 0x00, 0x00, 0x00, 0x00, 0x00, 0x00, 0x00, 0x00, 0x00, 
0x00, 0x00, 0x00, 0x00, 0x00, 0x00, 0x00, 0x00, 0x00, 0x00, 0x00, 0x00, 0x00, 0x00, 0x00, 0x00, 
0x00, 0x00, 0x00, 0x00, 0x00, 0x00, 0x00, 0x00, 0x00, 0x00, 0x00, 0x00, 0x00, 0x00, 0x00, 0x00, 
0x00, 0x00, 0x00, 0x00, 0x00, 0x00, 0x00, 0x00, 0x00, 0x00, 0x00, 0x00, 0x00, 0x00, 0x00, 0x00, 
0x00, 0x00, 0x00, 0x00, 0x00, 0x00, 0x00, 0x00, 0x00, 0x00, 0x00, 0x00, 0x00, 0x00, 0x00, 0x00, 
0x00, 0x00, 0x00, 0x00, 0x00, 0x00, 0x00, 0x00, 0x00, 0x00, 0x00, 0x00, 0x00, 0x00, 0x00, 0x00, 
0x00, 0x00, 0x00, 0x00, 0x00, 0x00, 0x00, 0x00, 0x00, 0x00, 0x00, 0x00, 0x00, 0x00, 0x00, 0x00, 
0x00, 0x00, 0x00, 0x00, 0x00, 0x00, 0x00, 0x00, 0x00, 0x00, 0x00, 0x00, 0x00, 0x00, 0x00, 0x00, 
0x00, 0x00, 0x00, 0x00, 0x00, 0x00, 0x00, 0x00, 0x00, 0x00, 0x00, 0x00, 0x00, 0x00, 0x00, 0x00, 
0x00, 0x00, 0x00, 0x00, 0x00, 0x00, 0x00, 0x00, 0x00, 0x00, 0x00, 0x00, 0x00, 0x00, 0x00, 0x00, 
0x00, 0x00, 0x00, 0x00, 0x00, 0x00, 0x00, 0x00, 0x00, 0x00, 0x00, 0x00, 0x00, 0x00, 0x00, 0x00, 
0x00, 0x00, 0x00, 0x00, 0x00, 0x00, 0x00, 0x00, 0x00, 0x00, 0x00, 0x00, 0x00, 0x00, 0x00, 0x00, 
0x00, 0x00, 0x00, 0x00, 0x00, 0x00, 0x00, 0x00, 0x00, 0x00, 0x00, 0x00, 0x00, 0x00, 0x00, 0x00, 
0x00, 0x00, 0x00, 0x00, 0x00, 0x00, 0x00, 0x00, 0x00, 0x00, 0x00, 0x00, 0x00, 0x00, 0x00, 0x00, 
0x00, 0x00, 0x00, 0x00, 0x00, 0x00, 0x00, 0x00, 0x00, 0x00, 0x00, 0x00, 0x00, 0x00, 0x00, 0x00, 
0x00, 0x00, 0x00, 0x00, 0x00, 0x00, 0x00, 0x00, 0x00, 0x00, 0x00, 0x00, 0x00, 0x00, 0x00, 0x00, 
0x00, 0x00, 0x00, 0x00, 0x00, 0x00, 0x00, 0x00, 0x00, 0x00, 0x00, 0x00, 0x00, 0x00, 0x00, 0x00, 
0x00, 0x00, 0x00, 0x00, 0x00, 0x00, 0x00, 0x00, 0x00, 0x00, 0x00, 0x00, 0x00, 0x00, 0x00, 0x00, 
0x00, 0x00, 0x00, 0x00, 0x00, 0x00, 0x00, 0x00, 0x00, 0x00, 0x00, 0x00, 0x00, 0x00, 0x00, 0x00, 
0x00, 0x00, 0x00, 0x00, 0x00, 0x00, 0x00, 0x00, 0x00, 0x00, 0x00, 0x00, 0x00, 0x00, 0x00, 0x00, 
0x00, 0x00, 0x00, 0x00, 0x00, 0x00, 0x00, 0x00, 0x00, 0x00, 0x00, 0x00, 0x00, 0x00, 0x00, 0x00, 
0x00, 0x00, 0x00, 0x00, 0x00, 0x00, 0x00, 0x00, 0x00, 0x00, 0x00, 0x00, 0x00, 0x00, 0x00, 0x00, 
0x00, 0x00, 0x00, 0x00, 0x00, 0x00, 0x00, 0x00, 0x00, 0x00, 0x00, 0x00, 0x00, 0x00, 0x00, 0x00, 
0x00, 0x00, 0x00, 0x00, 0x00, 0x00, 0x00, 0x00, 0x00, 0x00, 0x00, 0x00, 0x00, 0x00, 0x00, 0x00, 
0x00, 0x00, 0x00, 0x00, 0x00, 0x00, 0x00, 0x00, 0x00, 0x00, 0x00, 0x00, 0x00, 0x00, 0x00, 0x00, 
0x00, 0x00, 0x00, 0x00, 0x00, 0x00, 0x00, 0x00, 0x00, 0x00, 0x00, 0x00, 0x00, 0x00, 0x00, 0x00, 
0x00, 0x00, 0x00, 0x00, 0x00, 0x00, 0x00, 0x00, 0x00, 0x00, 0x00, 0x00, 0x00, 0x00, 0x00, 0x00, 
0x00, 0x00, 0x00, 0x00, 0x00, 0x00, 0x00, 0x00, 0x00, 0x00, 0x00, 0x00, 0x00, 0x00, 0x00, 0x00, 
0x00, 0x00, 0x00, 0x00, 0x00, 0x00, 0x00, 0x00, 0x00, 0x00, 0x00, 0x00, 0x00, 0x00, 0x00, 0x00, 
0x00, 0x00, 0x00, 0x00, 0x00, 0x00, 0x00, 0x00, 0x00, 0x00, 0x00, 0x00, 0x00, 0x00, 0x00, 0x00, 
0x00, 0x00, 0x00, 0x00, 0x00, 0x00, 0x00, 0x00, 0x00, 0x00, 0x00, 0x00, 0x00, 0x00, 0x00, 0x00, 
0x00, 0x00, 0x00, 0x00, 0x00, 0x00, 0x00, 0x00, 0x00, 0x00, 0x00, 0x00, 0x00, 0x00, 0x00, 0x00, 
0x00, 0x00, 0x00, 0x00, 0x00, 0x00, 0x00, 0x00, 0x00, 0x00, 0x00, 0x00, 0x00, 0x00, 0x00, 0x00, 
0x00, 0x00, 0x00, 0x00, 0x00, 0x00, 0x00, 0x00, 0x00, 0x00, 0x00, 0x00, 0x00, 0x00, 0x00, 0x00, 
0x00, 0x00, 0x00, 0x00, 0x00, 0x00, 0x00, 0x00, 0x00, 0x00, 0x00, 0x00, 0x00, 0x00, 0x00, 0x00, 
0x00, 0x00, 0x00, 0x00, 0x00, 0x00, 0x00, 0x00, 0x00, 0x00, 0x00, 0x00, 0x00, 0x00, 0x00, 0x00, 
0x00, 0x00, 0x00, 0x00, 0x00, 0x00, 0x00, 0x00, 0x00, 0x00, 0x00, 0x00, 0x00, 0x00, 0x00, 0x00, 
0x00, 0x00, 0x00, 0x00, 0x00, 0x00, 0x00, 0x00, 0x00, 0x00, 0x00, 0x00, 0x00, 0x00, 0x00, 0x00, 
0x00, 0x00, 0x00, 0x00, 0x00, 0x00, 0x00, 0x00, 0x00, 0x00, 0x00, 0x00, 0x00, 0x00, 0x00, 0x00, 
0x00, 0x00, 0x00, 0x00, 0x00, 0x00, 0x00, 0x00, 0x00, 0x00, 0x00, 0x00, 0x00, 0x00, 0x00, 0x00, 
0x00, 0x00, 0x00, 0x00, 0x00, 0x00, 0x00, 0x00, 0x00, 0x00, 0x00, 0x00, 0x00, 0x00, 0x00, 0x00, 
0x00, 0x00, 0x00, 0x00, 0x00, 0x00, 0x00, 0x00, 0x00, 0x00, 0x00, 0x00, 0x00, 0x00, 0x00, 0x00, 
0x00, 0x00, 0x00, 0x00, 0x00, 0x00, 0x00, 0x00, 0x00, 0x00, 0x00, 0x00, 0x00, 0x00, 0x00, 0x00, 
0x00, 0x00, 0x00, 0x00, 0x00, 0x00, 0x00, 0x00, 0x00, 0x00, 0x00, 0x00, 0x00, 0x00, 0x00, 0x00, 
0x00, 0x00, 0x00, 0x00, 0x00, 0x00, 0x00, 0x00, 0x00, 0x00, 0x00, 0x00, 0x00, 0x00, 0x00, 0x00, 
0x00, 0x00, 0x00, 0x00, 0x00, 0x00, 0x00, 0x00, 0x00, 0x00, 0x00, 0x00, 0x00, 0x00, 0x00, 0x00, 
0x00, 0x00, 0x00, 0x00, 0x00, 0x00, 0x00, 0x00, 0x00, 0x00, 0x00, 0x00, 0x00, 0x00, 0x00, 0x00, 
0x00, 0x00, 0x00, 0x00, 0x00, 0x00, 0x00, 0x00, 0x00, 0x00, 0x00, 0x00, 0x00, 0x00, 0x00, 0x00, 
0x00, 0x00, 0x00, 0x00, 0x00, 0x00, 0x00, 0x00, 0x00, 0x00, 0x00, 0x00, 0x00, 0x00, 0x00, 0x00, 
0x00, 0x00, 0x00, 0x00, 0x00, 0x00, 0x00, 0x00, 0x00, 0x00, 0x00, 0x00, 0x00, 0x00, 0x00, 0x00, 
0x00, 0x00, 0x00, 0x00, 0x00, 0x00, 0x00, 0x00, 0x00, 0x00, 0x00, 0x00, 0x00, 0x00, 0x00, 0x00, 
0x00, 0x00, 0x00, 0x00, 0x00, 0x00, 0x00, 0x00, 0x00, 0x00, 0x00, 0x00, 0x00, 0x00, 0x00, 0x00, 
0x00, 0x00, 0x00, 0x00, 0x00, 0x00, 0x00, 0x00, 0x00, 0x00, 0x00, 0x00, 0x00, 0x00, 0x00, 0x00, 
0x00, 0x00, 0x00, 0x00, 0x00, 0x00, 0x00, 0x00, 0x00, 0x00, 0x00, 0x00, 0x00, 0x00, 0x00, 0x00, 
0x00, 0x00, 0x00, 0x00, 0x00, 0x00, 0x00, 0x00, 0x00, 0x00, 0x00, 0x00, 0x00, 0x00, 0x00, 0x00, 
0x00, 0x00, 0x00, 0x00, 0x00, 0x00, 0x00, 0x00, 0x00, 0x00, 0x00, 0x00, 0x00, 0x00, 0x00, 0x00, 
0x00, 0x00, 0x00, 0x00, 0x00, 0x00, 0x00, 0x00, 0x00, 0x00, 0x00, 0x00, 0x00, 0x00, 0x00, 0x00, 
0x00, 0x00, 0x00, 0x00, 0x00, 0x00, 0x00, 0x00, 0x00, 0x00, 0x00, 0x00, 0x00, 0x00, 0x00, 0x00, 
0x00, 0x00, 0x00, 0x00, 0x00, 0x00, 0x00, 0x00, 0x00, 0x00, 0x00, 0x00, 0x00, 0x00, 0x00, 0x00, 
0x00, 0x00, 0x00, 0x00, 0x00, 0x00, 0x00, 0x00, 0x00, 0x00, 0x00, 0x00, 0x00, 0x00, 0x00, 0x00, 
0x00, 0x00, 0x00, 0x00, 0x00, 0x00, 0x00, 0x00, 0x00, 0x00, 0x00, 0x00, 0x00, 0x00, 0x00, 0x00, 
0x00, 0x00, 0x00, 0x00, 0x00, 0x00, 0x00, 0x00, 0x00, 0x00, 0x00, 0x00, 0x00, 0x00, 0x00, 0x00, 
0x00, 0x00, 0x00, 0x00, 0x00, 0x00, 0x00, 0x00, 0x00, 0x00, 0x00, 0x00, 0x00, 0x00, 0x00, 0x00, 
0x00, 0x00, 0x00, 0x00, 0x00, 0x00, 0x00, 0x00, 0x00, 0x00, 0x00, 0x00, 0x00, 0x00, 0x00, 0x00, 
0x00, 0x00, 0x00, 0x00, 0x00, 0x00, 0x00, 0x00, 0x00, 0x00, 0x00, 0x00, 0x00, 0x00, 0x00, 0x00, 
0x00, 0x00, 0x00, 0x00, 0x00, 0x00, 0x00, 0x00, 0x00, 0x00, 0x00, 0x00, 0x00, 0x00, 0x00, 0x00, 
0x00, 0x00, 0x00, 0x00, 0x00, 0x00, 0x00, 0x00, 0x00, 0x00, 0x00, 0x00, 0x00, 0x00, 0x00, 0x00, 
0x00, 0x00, 0x00, 0x00, 0x00, 0x00, 0x00, 0x00, 0x00, 0x00, 0x00, 0x00, 0x00, 0x00, 0x00, 0x00, 
0x00, 0x00, 0x00, 0x00, 0x00, 0x00, 0x00, 0x00, 0x00, 0x00, 0x00, 0x00, 0x00, 0x00, 0x00, 0x00, 
0x00, 0x00, 0x00, 0x00, 0x00, 0x00, 0x00, 0x00, 0x00, 0x00, 0x00, 0x00, 0x00, 0x00, 0x00, 0x00, 
0x00, 0x00, 0x00, 0x00, 0x00, 0x00, 0x00, 0x00, 0x00, 0x00, 0x00, 0x00, 0x00, 0x00, 0x00, 0x00, 
0x00, 0x00, 0x00, 0x00, 0x00, 0x00, 0x00, 0x00, 0x00, 0x00, 0x00, 0x00, 0x00, 0x00, 0x00, 0x00, 
0x00, 0x00, 0x00, 0x00, 0x00, 0x00, 0x00, 0x00, 0x00, 0x00, 0x00, 0x00, 0x00, 0x00, 0x00, 0x00, 
0x00, 0x00, 0x00, 0x00, 0x00, 0x00, 0x00, 0x00, 0x00, 0x00, 0x00, 0x00, 0x00, 0x00, 0x00, 0x00, 
0x00, 0x00, 0x00, 0x00, 0x00, 0x00, 0x00, 0x00, 0x00, 0x00, 0x00, 0x00, 0x00, 0x00, 0x00, 0x00, 
0x00, 0x00, 0x00, 0x00, 0x00, 0x00, 0x00, 0x00, 0x00, 0x00, 0x00, 0x00, 0x00, 0x00, 0x00, 0x00, 
0x00, 0x00, 0x00, 0x00, 0x00, 0x00, 0x00, 0x00, 0x00, 0x00, 0x00, 0x00, 0x00, 0x00, 0x00, 0x00, 
0x00, 0x00, 0x00, 0x00, 0x00, 0x00, 0x00, 0x00, 0x00, 0x00, 0x00, 0x00, 0x00, 0x00, 0x00, 0x00, 
0x00, 0x00, 0x00, 0x00, 0x00, 0x00, 0x00, 0x00, 0x00, 0x00, 0x00, 0x00, 0x00, 0x00, 0x00, 0x00, 
0x00, 0x00, 0x00, 0x00, 0x00, 0x00, 0x00, 0x00, 0x00, 0x00, 0x00, 0x00, 0x00, 0x00, 0x00, 0x00, 
0x00, 0x00, 0x00, 0x00, 0x00, 0x00, 0x00, 0x00, 0x00, 0x00, 0x00, 0x00, 0x00, 0x00, 0x00, 0x00, 
0x00, 0x00, 0x00, 0x00, 0x00, 0x00, 0x00, 0x00, 0x00, 0x00, 0x00, 0x00, 0x00, 0x00, 0x00, 0x00, 
0x00, 0x00, 0x00, 0x00, 0x00, 0x00, 0x00, 0x00, 0x00, 0x00, 0x00, 0x00, 0x00, 0x00, 0x00, 0x00, 
0x00, 0x00, 0x00, 0x00, 0x00, 0x00, 0x00, 0x00, 0x00, 0x00, 0x00, 0x00, 0x00, 0x00, 0x00, 0x00, 
0x00, 0x00, 0x00, 0x00, 0x00, 0x00, 0x00, 0x00, 0x00, 0x00, 0x00, 0x00, 0x00, 0x00, 0x00, 0x00, 
0x00, 0x00, 0x00, 0x00, 0x00, 0x00, 0x00, 0x00, 0x00, 0x00, 0x00, 0x00, 0x00, 0x00, 0x00, 0x00, 
0x00, 0x00, 0x00, 0x00, 0x00, 0x00, 0x00, 0x00, 0x00, 0x00, 0x00, 0x00, 0x00, 0x00, 0x00, 0x00, 
0x00, 0x00, 0x00, 0x00, 0x00, 0x00, 0x00, 0x00, 0x00, 0x00, 0x00, 0x00, 0x00, 0x00, 0x00, 0x00, 
0x00, 0x00, 0x00, 0x00, 0x00, 0x00, 0x00, 0x00, 0x00, 0x00, 0x00, 0x00, 0x00, 0x00, 0x00, 0x00, 
0x00, 0x00, 0x00, 0x00, 0x00, 0x00, 0x00, 0x00, 0x00, 0x00, 0x00, 0x00, 0x00, 0x00, 0x00, 0x00, 
0x00, 0x00, 0x00, 0x00, 0x00, 0x00, 0x00, 0x00, 0x00, 0x00, 0x00, 0x00, 0x00, 0x00, 0x00, 0x00, 
0x00, 0x00, 0x00, 0x00, 0x00, 0x00, 0x00, 0x00, 0x00, 0x00, 0x00, 0x00, 0x00, 0x00, 0x00, 0x00, 
0x00, 0x00, 0x00, 0x00, 0x00, 0x00, 0x00, 0x00, 0x00, 0x00, 0x00, 0x00, 0x00, 0x00, 0x00, 0x00, 
0x00, 0x00, 0x00, 0x00, 0x00, 0x00, 0x00, 0x00, 0x00, 0x00, 0x00, 0x00, 0x00, 0x00, 0x00, 0x00, 
0x00, 0x00, 0x00, 0x00, 0x00, 0x00, 0x00, 0x00, 0x00, 0x00, 0x00, 0x00, 0x00, 0x00, 0x00, 0x00, 
0x00, 0x00, 0x00, 0x00, 0x00, 0x00, 0x00, 0x00, 0x00, 0x00, 0x00, 0x00, 0x00, 0x00, 0x00, 0x00, 
0x00, 0x00, 0x00, 0x00, 0x00, 0x00, 0x00, 0x00, 0x00, 0x00, 0x00, 0x00, 0x00, 0x00, 0x00, 0x00, 
0x00, 0x00, 0x00, 0x00, 0x00, 0x00, 0x00, 0x00, 0x00, 0x00, 0x00, 0x00, 0x00, 0x00, 0x00, 0x00, 
0x00, 0x00, 0x00, 0x00, 0x00, 0x00, 0x00, 0x00, 0x00, 0x00, 0x00, 0x00, 0x00, 0x00, 0x00, 0x00, 
0x00, 0x00, 0x00, 0x00, 0x00, 0x00, 0x00, 0x00, 0x00, 0x00, 0x00, 0x00, 0x00, 0x00, 0x00, 0x00, 
0x00, 0x00, 0x00, 0x00, 0x00, 0x00, 0x00, 0x00, 0x00, 0x00, 0x00, 0x00, 0x00, 0x00, 0x00, 0x00, 
0x00, 0x00, 0x00, 0x00, 0x00, 0x00, 0x00, 0x00, 0x00, 0x00, 0x00, 0x00, 0x00, 0x00, 0x00, 0x00, 
0x00, 0x00, 0x00, 0x00, 0x00, 0x00, 0x00, 0x00, 0x00, 0x00, 0x00, 0x00, 0x00, 0x00, 0x00, 0x00, 
0x00, 0x00, 0x00, 0x00, 0x00, 0x00, 0x00, 0x00, 0x00, 0x00, 0x00, 0x00, 0x00, 0x00, 0x00, 0x00, 
0x00, 0x00, 0x00, 0x00, 0x00, 0x00, 0x00, 0x00, 0x00, 0x00, 0x00, 0x00, 0x00, 0x00, 0x00, 0x00, 
0x00, 0x00, 0x00, 0x00, 0x00, 0x00, 0x00, 0x00, 0x00, 0x00, 0x00, 0x00, 0x00, 0x00, 0x00, 0x00, 
0x00, 0x00, 0x00, 0x00, 0x00, 0x00, 0x00, 0x00, 0x00, 0x00, 0x00, 0x00, 0x00, 0x00, 0x00, 0x00, 
0x00, 0x00, 0x00, 0x00, 0x00, 0x00, 0x00, 0x00, 0x00, 0x00, 0x00, 0x00, 0x00, 0x00, 0x00, 0x00, 
0x00, 0x00, 0x00, 0x00, 0x00, 0x00, 0x00, 0x00, 0x00, 0x00, 0x00, 0x00, 0x00, 0x00, 0x00, 0x00, 
0x00, 0x00, 0x00, 0x00, 0x00, 0x00, 0x00, 0x00, 0x00, 0x00, 0x00, 0x00, 0x00, 0x00, 0x00, 0x00, 
0x00, 0x00, 0x00, 0x00, 0x00, 0x00, 0x00, 0x00, 0x00, 0x00, 0x00, 0x00, 0x00, 0x00, 0x00, 0x00, 
0x00, 0x00, 0x00, 0x00, 0x00, 0x00, 0x00, 0x00, 0x00, 0x00, 0x00, 0x00, 0x00, 0x00, 0x00, 0x00, 
0x00, 0x00, 0x00, 0x00, 0x00, 0x00, 0x00, 0x00, 0x00, 0x00, 0x00, 0x00, 0x00, 0x00, 0x00, 0x00, 
0x00, 0x00, 0x00, 0x00, 0x00, 0x00, 0x00, 0x00, 0x00, 0x00, 0x00, 0x00, 0x00, 0x00, 0x00, 0x00, 
0x00, 0x00, 0x00, 0x00, 0x00, 0x00, 0x00, 0x00, 0x00, 0x00, 0x00, 0x00, 0x00, 0x00, 0x00, 0x00, 
0x00, 0x00, 0x00, 0x00, 0x00, 0x00, 0x00, 0x00, 0x00, 0x00, 0x00, 0x00, 0x00, 0x00, 0x00, 0x00, 
0x00, 0x00, 0x00, 0x00, 0x00, 0x00, 0x00, 0x00, 0x00, 0x00, 0x00, 0x00, 0x00, 0x00, 0x00, 0x00, 
0x00, 0x00, 0x00, 0x00, 0x00, 0x00, 0x00, 0x00, 0x00, 0x00, 0x00, 0x00, 0x00, 0x00, 0x00, 0x00, 
0x00, 0x00, 0x00, 0x00, 0x00, 0x00, 0x00, 0x00, 0x00, 0x00, 0x00, 0x00, 0x00, 0x00, 0x00, 0x00, 
0x00, 0x00, 0x00, 0x00, 0x00, 0x00, 0x00, 0x00, 0x00, 0x00, 0x00, 0x00, 0x00, 0x00, 0x00, 0x00, 
0x00, 0x00, 0x00, 0x00, 0x00, 0x00, 0x00, 0x00, 0x00, 0x00, 0x00, 0x00, 0x00, 0x00, 0x00, 0x00, 
0x00, 0x00, 0x00, 0x00, 0x00, 0x00, 0x00, 0x00, 0x00, 0x00, 0x00, 0x00, 0x00, 0x00, 0x00, 0x00, 
0x00, 0x00, 0x00, 0x00, 0x00, 0x00, 0x00, 0x00, 0x00, 0x00, 0x00, 0x00, 0x00, 0x00, 0x00, 0x00, 
0x00, 0x00, 0x00, 0x00, 0x00, 0x00, 0x00, 0x00, 0x00, 0x00, 0x00, 0x00, 0x00, 0x00, 0x00, 0x00, 
0x00, 0x00, 0x00, 0x00, 0x00, 0x00, 0x00, 0x00, 0x00, 0x00, 0x00, 0x00, 0x00, 0x00, 0x00, 0x00, 
0x00, 0x00, 0x00, 0x00, 0x00, 0x00, 0x00, 0x00, 0x00, 0x00, 0x00, 0x00, 0x00, 0x00, 0x00, 0x00, 
0x00, 0x00, 0x00, 0x00, 0x00, 0x00, 0x00, 0x00, 0x00, 0x00, 0x00, 0x00, 0x00, 0x00, 0x00, 0x00, 
0x00, 0x00, 0x00, 0x00, 0x00, 0x00, 0x00, 0x00, 0x00, 0x00, 0x00, 0x00, 0x00, 0x00, 0x00, 0x00, 
0x00, 0x00, 0x00, 0x00, 0x00, 0x00, 0x00, 0x00, 0x00, 0x00, 0x00, 0x00, 0x00, 0x00, 0x00, 0x00, 
0x00, 0x00, 0x00, 0x00, 0x00, 0x00, 0x00, 0x00, 0x00, 0x00, 0x00, 0x00, 0x00, 0x00, 0x00, 0x00, 
0x00, 0x00, 0x00, 0x00, 0x00, 0x00, 0x00, 0x00, 0x00, 0x00, 0x00, 0x00, 0x00, 0x00, 0x00, 0x00, 
0x00, 0x00, 0x00, 0x00, 0x00, 0x00, 0x00, 0x00, 0x00, 0x00, 0x00, 0x00, 0x00, 0x00, 0x00, 0x00, 
0x00, 0x00, 0x00, 0x00, 0x00, 0x00, 0x00, 0x00, 0x00, 0x00, 0x00, 0x00, 0x00, 0x00, 0x00, 0x00, 
0x00, 0x00, 0x00, 0x00, 0x00, 0x00, 0x00, 0x00, 0x00, 0x00, 0x00, 0x00, 0x00, 0x00, 0x00, 0x00, 
0x00, 0x00, 0x00, 0x00, 0x00, 0x00, 0x00, 0x00, 0x00, 0x00, 0x00, 0x00, 0x00, 0x00, 0x00, 0x00, 
0x00, 0x00, 0x00, 0x00, 0x00, 0x00, 0x00, 0x00, 0x00, 0x00, 0x00, 0x00, 0x00, 0x00, 0x00, 0x00, 
0x00, 0x00, 0x00, 0x00, 0x00, 0x00, 0x00, 0x00, 0x00, 0x00, 0x00, 0x00, 0x00, 0x00, 0x00, 0x00, 
0x00, 0x00, 0x00, 0x00, 0x00, 0x00, 0x00, 0x00, 0x00, 0x00, 0x00, 0x00, 0x00, 0x00, 0x00, 0x00, 
0x00, 0x00, 0x00, 0x00, 0x00, 0x00, 0x00, 0x00, 0x00, 0x00, 0x00, 0x00, 0x00, 0x00, 0x00, 0x00, 
0x00, 0x00, 0x00, 0x00, 0x00, 0x00, 0x00, 0x00, 0x00, 0x00, 0x00, 0x00, 0x00, 0x00, 0x00, 0x00, 
0x00, 0x00, 0x00, 0x00, 0x00, 0x00, 0x00, 0x00, 0x00, 0x00, 0x00, 0x00, 0x00, 0x00, 0x00, 0x00, 
0x00, 0x00, 0x00, 0x00, 0x00, 0x00, 0x00, 0x00, 0x00, 0x00, 0x00, 0x00, 0x00, 0x00, 0x00, 0x00, 
0x00, 0x00, 0x00, 0x00, 0x00, 0x00, 0x00, 0x00, 0x00, 0x00, 0x00, 0x00, 0x00, 0x00, 0x00, 0x00, 
0x00, 0x00, 0x00, 0x00, 0x00, 0x00, 0x00, 0x00, 0x00, 0x00, 0x00, 0x00, 0x00, 0x00, 0x00, 0x00, 
0x00, 0x00, 0x00, 0x00, 0x00, 0x00, 0x00, 0x00, 0x00, 0x00, 0x00, 0x00, 0x00, 0x00, 0x00, 0x00, 
0x00, 0x00, 0x00, 0x00, 0x00, 0x00, 0x00, 0x00, 0x00, 0x00, 0x00, 0x00, 0x00, 0x00, 0x00, 0x00, 
0x00, 0x00, 0x00, 0x00, 0x00, 0x00, 0x00, 0x00, 0x00, 0x00, 0x00, 0x00, 0x00, 0x00, 0x00, 0x00, 
0x00, 0x00, 0x00, 0x00, 0x00, 0x00, 0x00, 0x00, 0x00, 0x00, 0x00, 0x00, 0x00, 0x00, 0x00, 0x00, 
0x00, 0x00, 0x00, 0x00, 0x00, 0x00, 0x00, 0x00, 0x00, 0x00, 0x00, 0x00, 0x00, 0x00, 0x00, 0x00, 
0x00, 0x00, 0x00, 0x00, 0x00, 0x00, 0x00, 0x00, 0x00, 0x00, 0x00, 0x00, 0x00, 0x00, 0x00, 0x00, 
0x00, 0x00, 0x00, 0x00, 0x00, 0x00, 0x00, 0x00, 0x00, 0x00, 0x00, 0x00, 0x00, 0x00, 0x00, 0x00, 
0x00, 0x00, 0x00, 0x00, 0x00, 0x00, 0x00, 0x00, 0x00, 0x00, 0x00, 0x00, 0x00, 0x00, 0x00, 0x00, 
0x00, 0x00, 0x00, 0x00, 0x00, 0x00, 0x00, 0x00, 0x00, 0x00, 0x00, 0x00, 0x00, 0x00, 0x00, 0x00, 
0x00, 0x00, 0x00, 0x00, 0x00, 0x00, 0x00, 0x00, 0x00, 0x00, 0x00, 0x00, 0x00, 0x00, 0x00, 0x00, 
0x00, 0x00, 0x00, 0x00, 0x00, 0x00, 0x00, 0x00, 0x00, 0x00, 0x00, 0x00, 0x00, 0x00, 0x00, 0x00, 
0x00, 0x00, 0x00, 0x00, 0x00, 0x00, 0x00, 0x00, 0x00, 0x00, 0x00, 0x00, 0x00, 0x00, 0x00, 0x00, 
0x00, 0x00, 0x00, 0x00, 0x00, 0x00, 0x00, 0x00, 0x00, 0x00, 0x00, 0x00, 0x00, 0x00, 0x00, 0x00, 
0x00, 0x00, 0x00, 0x00, 0x00, 0x00, 0x00, 0x00, 0x00, 0x00, 0x00, 0x00, 0x00, 0x00, 0x00, 0x00, 
0x00, 0x00, 0x00, 0x00, 0x00, 0x00, 0x00, 0x00, 0x00, 0x00, 0x00, 0x00, 0x00, 0x00, 0x00, 0x00, 
0x00, 0x00, 0x00, 0x00, 0x00, 0x00, 0x00, 0x00, 0x00, 0x00, 0x00, 0x00, 0x00, 0x00, 0x00, 0x00, 
0x00, 0x00, 0x00, 0x00, 0x00, 0x00, 0x00, 0x00, 0x00, 0x00, 0x00, 0x00, 0x00, 0x00, 0x00, 0x00, 
0x00, 0x00, 0x00, 0x00, 0x00, 0x00, 0x00, 0x00, 0x00, 0x00, 0x00, 0x00, 0x00, 0x00, 0x00, 0x00, 
0x00, 0x00, 0x00, 0x00, 0x00, 0x00, 0x00, 0x00, 0x00, 0x00, 0x00, 0x00, 0x00, 0x00, 0x00, 0x00, 
0x00, 0x00, 0x00, 0x00, 0x00, 0x00, 0x00, 0x00, 0x00, 0x00, 0x00, 0x00, 0x00, 0x00, 0x00, 0x00, 
0x00, 0x00, 0x00, 0x00, 0x00, 0x00, 0x00, 0x00, 0x00, 0x00, 0x00, 0x00, 0x00, 0x00, 0x00, 0x00, 
0x00, 0x00, 0x00, 0x00, 0x00, 0x00, 0x00, 0x00, 0x00, 0x00, 0x00, 0x00, 0x00, 0x00, 0x00, 0x00, 
0x00, 0x00, 0x00, 0x00, 0x00, 0x00, 0x00, 0x00, 0x00, 0x00, 0x00, 0x00, 0x00, 0x00, 0x00, 0x00, 
0x00, 0x00, 0x00, 0x00, 0x00, 0x00, 0x00, 0x00, 0x00, 0x00, 0x00, 0x00, 0x00, 0x00, 0x00, 0x00, 
0x00, 0x00, 0x00, 0x00, 0x00, 0x00, 0x00, 0x00, 0x00, 0x00, 0x00, 0x00, 0x00, 0x00, 0x00, 0x00, 
0x00, 0x00, 0x00, 0x00, 0x00, 0x00, 0x00, 0x00, 0x00, 0x00, 0x00, 0x00, 0x00, 0x00, 0x00, 0x00, 
0x00, 0x00, 0x00, 0x00, 0x00, 0x00, 0x00, 0x00, 0x00, 0x00, 0x00, 0x00, 0x00, 0x00, 0x00, 0x00, 
0x00, 0x00, 0x00, 0x00, 0x00, 0x00, 0x00, 0x00, 0x00, 0x00, 0x00, 0x00, 0x00, 0x00, 0x00, 0x00, 
0x00, 0x00, 0x00, 0x00, 0x00, 0x00, 0x00, 0x00, 0x00, 0x00, 0x00, 0x00, 0x00, 0x00, 0x00, 0x00, 
0x00, 0x00, 0x00, 0x00, 0x00, 0x00, 0x00, 0x00, 0x00, 0x00, 0x00, 0x00, 0x00, 0x00, 0x00, 0x00, 
0x00, 0x00, 0x00, 0x00, 0x00, 0x00, 0x00, 0x00, 0x00, 0x00, 0x00, 0x00, 0x00, 0x00, 0x00, 0x00, 
0x00, 0x00, 0x00, 0x00, 0x00, 0x00, 0x00, 0x00, 0x00, 0x00, 0x00, 0x00, 0x00, 0x00, 0x00, 0x00, 
0x00, 0x00, 0x00, 0x00, 0x00, 0x00, 0x00, 0x00, 0x00, 0x00, 0x00, 0x00, 0x00, 0x00, 0x00, 0x00, 
0x00, 0x00, 0x00, 0x00, 0x00, 0x00, 0x00, 0x00, 0x00, 0x00, 0x00, 0x00, 0x00, 0x00, 0x00, 0x00, 
0x00, 0x00, 0x00, 0x00, 0x00, 0x00, 0x00, 0x00, 0x00, 0x00, 0x00, 0x00, 0x00, 0x00, 0x00, 0x00, 
0x00, 0x00, 0x00, 0x00, 0x00, 0x00, 0x00, 0x00, 0x00, 0x00, 0x00, 0x00, 0x00, 0x00, 0x00, 0x00, 
0x00, 0x00, 0x00, 0x00, 0x00, 0x00, 0x00, 0x00, 0x00, 0x00, 0x00, 0x00, 0x00, 0x00, 0x00, 0x00, 
0x00, 0x00, 0x00, 0x00, 0x00, 0x00, 0x00, 0x00, 0x00, 0x00, 0x00, 0x00, 0x00, 0x00, 0x00, 0x00, 
0x00, 0x00, 0x00, 0x00, 0x00, 0x00, 0x00, 0x00, 0x00, 0x00, 0x00, 0x00, 0x00, 0x00, 0x00, 0x00, 
0x00, 0x00, 0x00, 0x00, 0x00, 0x00, 0x00, 0x00, 0x00, 0x00, 0x00, 0x00, 0x00, 0x00, 0x00, 0x00, 
0x00, 0x00, 0x00, 0x00, 0x00, 0x00, 0x00, 0x00, 0x00, 0x00, 0x00, 0x00, 0x00, 0x00, 0x00, 0x00, 
0x00, 0x00, 0x00, 0x00, 0x00, 0x00, 0x00, 0x00, 0x00, 0x00, 0x00, 0x00, 0x00, 0x00, 0x00, 0x00, 
0x00, 0x00, 0x00, 0x00, 0x00, 0x00, 0x00, 0x00, 0x00, 0x00, 0x00, 0x00, 0x00, 0x00, 0x00, 0x00, 
0x00, 0x00, 0x00, 0x00, 0x00, 0x00, 0x00, 0x00, 0x00, 0x00, 0x00, 0x00, 0x00, 0x00, 0x00, 0x00, 
0x00, 0x00, 0x00, 0x00, 0x00, 0x00, 0x00, 0x00, 0x00, 0x00, 0x00, 0x00, 0x00, 0x00, 0x00, 0x00, 
0x00, 0x00, 0x00, 0x00, 0x00, 0x00, 0x00, 0x00, 0x00, 0x00, 0x00, 0x00, 0x00, 0x00, 0x00, 0x00, 
0x00, 0x00, 0x00, 0x00, 0x00, 0x00, 0x00, 0x00, 0x00, 0x00, 0x00, 0x00, 0x00, 0x00, 0x00, 0x00, 
0x00, 0x00, 0x00, 0x00, 0x00, 0x00, 0x00, 0x00, 0x00, 0x00, 0x00, 0x00, 0x00, 0x00, 0x00, 0x00, 
0x00, 0x00, 0x00, 0x00, 0x00, 0x00, 0x00, 0x00, 0x00, 0x00, 0x00, 0x00, 0x00, 0x00, 0x00, 0x00, 
0x00, 0x00, 0x00, 0x00, 0x00, 0x00, 0x00, 0x00, 0x00, 0x00, 0x00, 0x00, 0x00, 0x00, 0x00, 0x00, 
0x00, 0x00, 0x00, 0x00, 0x00, 0x00, 0x00, 0x00, 0x00, 0x00, 0x00, 0x00, 0x00, 0x00, 0x00, 0x00, 
0x00, 0x00, 0x00, 0x00, 0x00, 0x00, 0x00, 0x00, 0x00, 0x00, 0x00, 0x00, 0x00, 0x00, 0x00, 0x00, 
0x00, 0x00, 0x00, 0x00, 0x00, 0x00, 0x00, 0x00, 0x00, 0x00, 0x00, 0x00, 0x00, 0x00, 0x00, 0x00, 
0x00, 0x00, 0x00, 0x00, 0x00, 0x00, 0x00, 0x00, 0x00, 0x00, 0x00, 0x00, 0x00, 0x00, 0x00, 0x00, 
0x00, 0x00, 0x00, 0x00, 0x00, 0x00, 0x00, 0x00, 0x00, 0x00, 0x00, 0x00, 0x00, 0x00, 0x00, 0x00, 
0x00, 0x00, 0x00, 0x00, 0x00, 0x00, 0x00, 0x00, 0x00, 0x00, 0x00, 0x00, 0x00, 0x00, 0x00, 0x00, 
0x00, 0x00, 0x00, 0x00, 0x00, 0x00, 0x00, 0x00, 0x00, 0x00, 0x00, 0x00, 0x00, 0x00, 0x00, 0x00, 
0x00, 0x00, 0x00, 0x00, 0x00, 0x00, 0x00, 0x00, 0x00, 0x00, 0x00, 0x00, 0x00, 0x00, 0x00, 0x00, 
0x00, 0x00, 0x00, 0x00, 0x00, 0x00, 0x00, 0x00, 0x00, 0x00, 0x00, 0x00, 0x00, 0x00, 0x00, 0x00, 
0x00, 0x00, 0x00, 0x00, 0x00, 0x00, 0x00, 0x00, 0x00, 0x00, 0x00, 0x00, 0x00, 0x00, 0x00, 0x00, 
0x00, 0x00, 0x00, 0x00, 0x00, 0x00, 0x00, 0x00, 0x00, 0x00, 0x00, 0x00, 0x00, 0x00, 0x00, 0x00, 
0x00, 0x00, 0x00, 0x00, 0x00, 0x00, 0x00, 0x00, 0x00, 0x00, 0x00, 0x00, 0x00, 0x00, 0x00, 0x00, 
0x00, 0x00, 0x00, 0x00, 0x00, 0x00, 0x00, 0x00, 0x00, 0x00, 0x00, 0x00, 0x00, 0x00, 0x00, 0x00, 
0x00, 0x00, 0x00, 0x00, 0x00, 0x00, 0x00, 0x00, 0x00, 0x00, 0x00, 0x00, 0x00, 0x00, 0x00, 0x00, 
0x00, 0x00, 0x00, 0x00, 0x00, 0x00, 0x00, 0x00, 0x00, 0x00, 0x00, 0x00, 0x00, 0x00, 0x00, 0x00, 
0x00, 0x00, 0x00, 0x00, 0x00, 0x00, 0x00, 0x00, 0x00, 0x00, 0x00, 0x00, 0x00, 0x00, 0x00, 0x00, 
0x00, 0x00, 0x00, 0x00, 0x00, 0x00, 0x00, 0x00, 0x00, 0x00, 0x00, 0x00, 0x00, 0x00, 0x00, 0x00, 
0x00, 0x00, 0x00, 0x00, 0x00, 0x00, 0x00, 0x00, 0x00, 0x00, 0x00, 0x00, 0x00, 0x00, 0x00, 0x00, 
0x00, 0x00, 0x00, 0x00, 0x00, 0x00, 0x00, 0x00, 0x00, 0x00, 0x00, 0x00, 0x00, 0x00, 0x00, 0x00, 
0x00, 0x00, 0x00, 0x00, 0x00, 0x00, 0x00, 0x00, 0x00, 0x00, 0x00, 0x00, 0x00, 0x00, 0x00, 0x00, 
0x00, 0x00, 0x00, 0x00, 0x00, 0x00, 0x00, 0x00, 0x00, 0x00, 0x00, 0x00, 0x00, 0x00, 0x00, 0x00, 
0x00, 0x00, 0x00, 0x00, 0x00, 0x00, 0x00, 0x00, 0x00, 0x00, 0x00, 0x00, 0x00, 0x00, 0x00, 0x00, 
0x00, 0x00, 0x00, 0x00, 0x00, 0x00, 0x00, 0x00, 0x00, 0x00, 0x00, 0x00, 0x00, 0x00, 0x00, 0x00, 
0x00, 0x00, 0x00, 0x00, 0x00, 0x00, 0x00, 0x00, 0x00, 0x00, 0x00, 0x00, 0x00, 0x00, 0x00, 0x00, 
0x00, 0x00, 0x00, 0x00, 0x00, 0x00, 0x00, 0x00, 0x00, 0x00, 0x00, 0x00, 0x00, 0x00, 0x00, 0x00, 
0x00, 0x00, 0x00, 0x00, 0x00, 0x00, 0x00, 0x00, 0x00, 0x00, 0x00, 0x00, 0x00, 0x00, 0x00, 0x00, 
0x00, 0x00, 0x00, 0x00, 0x00, 0x00, 0x00, 0x00, 0x00, 0x00, 0x00, 0x00, 0x00, 0x00, 0x00, 0x00, 
0x00, 0x00, 0x00, 0x00, 0x00, 0x00, 0x00, 0x00, 0x00, 0x00, 0x00, 0x00, 0x00, 0x00, 0x00, 0x00, 
0x00, 0x00, 0x00, 0x00, 0x00, 0x00, 0x00, 0x00, 0x00, 0x00, 0x00, 0x00, 0x00, 0x00, 0x00, 0x00, 
0x00, 0x00, 0x00, 0x00, 0x00, 0x00, 0x00, 0x00, 0x00, 0x00, 0x00, 0x00, 0x00, 0x00, 0x00, 0x00, 
0x00, 0x00, 0x00, 0x00, 0x00, 0x00, 0x00, 0x00, 0x00, 0x00, 0x00, 0x00, 0x00, 0x00, 0x00, 0x00, 
0x00, 0x00, 0x00, 0x00, 0x00, 0x00, 0x00, 0x00, 0x00, 0x00, 0x00, 0x00, 0x00, 0x00, 0x00, 0x00, 
0x00, 0x00, 0x00, 0x00, 0x00, 0x00, 0x00, 0x00, 0x00, 0x00, 0x00, 0x00, 0x00, 0x00, 0x00, 0x00, 
0x00, 0x00, 0x00, 0x00, 0x00, 0x00, 0x00, 0x00, 0x00, 0x00, 0x00, 0x00, 0x00, 0x00, 0x00, 0x00, 
0x00, 0x00, 0x00, 0x00, 0x00, 0x00, 0x00, 0x00, 0x00, 0x00, 0x00, 0x00, 0x00, 0x00, 0x00, 0x00, 
0x00, 0x00, 0x00, 0x00, 0x00, 0x00, 0x00, 0x00, 0x00, 0x00, 0x00, 0x00, 0x00, 0x00, 0x00, 0x00, 
0x00, 0x00, 0x00, 0x00, 0x00, 0x00, 0x00, 0x00, 0x00, 0x00, 0x00, 0x00, 0x00, 0x00, 0x00, 0x00, 
0x00, 0x00, 0x00, 0x00, 0x00, 0x00, 0x00, 0x00, 0x00, 0x00, 0x00, 0x00, 0x00, 0x00, 0x00, 0x00, 
0x00, 0x00, 0x00, 0x00, 0x00, 0x00, 0x00, 0x00, 0x00, 0x00, 0x00, 0x00, 0x00, 0x00, 0x00, 0x00, 
0x00, 0x00, 0x00, 0x00, 0x00, 0x00, 0x00, 0x00, 0x00, 0x00, 0x00, 0x00, 0x00, 0x00, 0x00, 0x00, 
0x00, 0x00, 0x00, 0x00, 0x00, 0x00, 0x00, 0x00, 0x00, 0x00, 0x00, 0x00, 0x00, 0x00, 0x00, 0x00, 
0x00, 0x00, 0x00, 0x00, 0x00, 0x00, 0x00, 0x00, 0x00, 0x00, 0x00, 0x00, 0x00, 0x00, 0x00, 0x00, 
0x00, 0x00, 0x00, 0x00, 0x00, 0x00, 0x00, 0x00, 0x00, 0x00, 0x00, 0x00, 0x00, 0x00, 0x00, 0x00, 
0x00, 0x00, 0x00, 0x00, 0x00, 0x00, 0x00, 0x00, 0x00, 0x00, 0x00, 0x00, 0x00, 0x00, 0x00, 0x00, 
0x00, 0x00, 0x00, 0x00, 0x00, 0x00, 0x00, 0x00, 0x00, 0x00, 0x00, 0x00, 0x00, 0x00, 0x00, 0x00, 
0x00, 0x00, 0x00, 0x00, 0x00, 0x00, 0x00, 0x00, 0x00, 0x00, 0x00, 0x00, 0x00, 0x00, 0x00, 0x00, 
0x00, 0x00, 0x00, 0x00, 0x00, 0x00, 0x00, 0x00, 0x00, 0x00, 0x00, 0x00, 0x00, 0x00, 0x00, 0x00, 
0x00, 0x00, 0x00, 0x00, 0x00, 0x00, 0x00, 0x00, 0x00, 0x00, 0x00, 0x00, 0x00, 0x00, 0x00, 0x00, 
0x00, 0x00, 0x00, 0x00, 0x00, 0x00, 0x00, 0x00, 0x00, 0x00, 0x00, 0x00, 0x00, 0x00, 0x00, 0x00, 
0x00, 0x00, 0x00, 0x00, 0x00, 0x00, 0x00, 0x00, 0x00, 0x00, 0x00, 0x00, 0x00, 0x00, 0x00, 0x00, 
0x00, 0x00, 0x00, 0x00, 0x00, 0x00, 0x00, 0x00, 0x00, 0x00, 0x00, 0x00, 0x00, 0x00, 0x00, 0x00, 
0x00, 0x00, 0x00, 0x00, 0x00, 0x00, 0x00, 0x00, 0x00, 0x00, 0x00, 0x00, 0x00, 0x00, 0x00, 0x00, 
0x00, 0x00, 0x00, 0x00, 0x00, 0x00, 0x00, 0x00, 0x00, 0x00, 0x00, 0x00, 0x00, 0x00, 0x00, 0x00, 
0x00, 0x00, 0x00, 0x00, 0x00, 0x00, 0x00, 0x00, 0x00, 0x00, 0x00, 0x00, 0x00, 0x00, 0x00, 0x00, 
0x00, 0x00, 0x00, 0x00, 0x00, 0x00, 0x00, 0x00, 0x00, 0x00, 0x00, 0x00, 0x00, 0x00, 0x00, 0x00, 
0x00, 0x00, 0x00, 0x00, 0x00, 0x00, 0x00, 0x00, 0x00, 0x00, 0x00, 0x00, 0x00, 0x00, 0x00, 0x00, 
0x00, 0x00, 0x00, 0x00, 0x00, 0x00, 0x00, 0x00, 0x00, 0x00, 0x00, 0x00, 0x00, 0x00, 0x00, 0x00, 
0x00, 0x00, 0x00, 0x00, 0x00, 0x00, 0x00, 0x00, 0x00, 0x00, 0x00, 0x00, 0x00, 0x00, 0x00, 0x00, 
0x00, 0x00, 0x00, 0x00, 0x00, 0x00, 0x00, 0x00, 0x00, 0x00, 0x00, 0x00, 0x00, 0x00, 0x00, 0x00, 
0x00, 0x00, 0x00, 0x00, 0x00, 0x00, 0x00, 0x00, 0x00, 0x00, 0x00, 0x00, 0x00, 0x00, 0x00, 0x00, 
0x00, 0x00, 0x00, 0x00, 0x00, 0x00, 0x00, 0x00, 0x00, 0x00, 0x00, 0x00, 0x00, 0x00, 0x00, 0x00, 
0x00, 0x00, 0x00, 0x00, 0x00, 0x00, 0x00, 0x00, 0x00, 0x00, 0x00, 0x00, 0x00, 0x00, 0x00, 0x00, 
0x00, 0x00, 0x00, 0x00, 0x00, 0x00, 0x00, 0x00, 0x00, 0x00, 0x00, 0x00, 0x00, 0x00, 0x00, 0x00, 
0x00, 0x00, 0x00, 0x00, 0x00, 0x00, 0x00, 0x00, 0x00, 0x00, 0x00, 0x00, 0x00, 0x00, 0x00, 0x00, 
0x00, 0x00, 0x00, 0x00, 0x00, 0x00, 0x00, 0x00, 0x00, 0x00, 0x00, 0x00, 0x00, 0x00, 0x00, 0x00, 
0x00, 0x00, 0x00, 0x00, 0x00, 0x00, 0x00, 0x00, 0x00, 0x00, 0x00, 0x00, 0x00, 0x00, 0x00, 0x00, 
0x00, 0x00, 0x00, 0x00, 0x00, 0x00, 0x00, 0x00, 0x00, 0x00, 0x00, 0x00, 0x00, 0x00, 0x00, 0x00, 
0x00, 0x00, 0x00, 0x00, 0x00, 0x00, 0x00, 0x00, 0x00, 0x00, 0x00, 0x00, 0x00, 0x00, 0x00, 0x00, 
0x00, 0x00, 0x00, 0x00, 0x00, 0x00, 0x00, 0x00, 0x00, 0x00, 0x00, 0x00, 0x00, 0x00, 0x00, 0x00, 
0x00, 0x00, 0x00, 0x00, 0x00, 0x00, 0x00, 0x00, 0x00, 0x00, 0x00, 0x00, 0x00, 0x00, 0x00, 0x00, 
0x00, 0x00, 0x00, 0x00, 0x00, 0x00, 0x00, 0x00, 0x00, 0x00, 0x00, 0x00, 0x00, 0x00, 0x00, 0x00, 
0x00, 0x00, 0x00, 0x00, 0x00, 0x00, 0x00, 0x00, 0x00, 0x00, 0x00, 0x00, 0x00, 0x00, 0x00, 0x00, 
0x00, 0x00, 0x00, 0x00, 0x00, 0x00, 0x00, 0x00, 0x00, 0x00, 0x00, 0x00, 0x00, 0x00, 0x00, 0x00, 
0x00, 0x00, 0x00, 0x00, 0x00, 0x00, 0x00, 0x00, 0x00, 0x00, 0x00, 0x00, 0x00, 0x00, 0x00, 0x00, 
0x00, 0x00, 0x00, 0x00, 0x00, 0x00, 0x00, 0x00, 0x00, 0x00, 0x00, 0x00, 0x00, 0x00, 0x00, 0x00, 
0x00, 0x00, 0x00, 0x00, 0x00, 0x00, 0x00, 0x00, 0x00, 0x00, 0x00, 0x00, 0x00, 0x00, 0x00, 0x00, 
0x00, 0x00, 0x00, 0x00, 0x00, 0x00, 0x00, 0x00, 0x00, 0x00, 0x00, 0x00, 0x00, 0x00, 0x00, 0x00, 
0x00, 0x00, 0x00, 0x00, 0x00, 0x00, 0x00, 0x00, 0x00, 0x00, 0x00, 0x00, 0x00, 0x00, 0x00, 0x00, 
0x00, 0x00, 0x00, 0x00, 0x00, 0x00, 0x00, 0x00, 0x00, 0x00, 0x00, 0x00, 0x00, 0x00, 0x00, 0x00, 
0x00, 0x00, 0x00, 0x00, 0x00, 0x00, 0x00, 0x00, 0x00, 0x00, 0x00, 0x00, 0x00, 0x00, 0x00, 0x00, 
0x00, 0x00, 0x00, 0x00, 0x00, 0x00, 0x00, 0x00, 0x00, 0x00, 0x00, 0x00, 0x00, 0x00, 0x00, 0x00, 
0x00, 0x00, 0x00, 0x00, 0x00, 0x00, 0x00, 0x00, 0x00, 0x00, 0x00, 0x00, 0x00, 0x00, 0x00, 0x00, 
0x00, 0x00, 0x00, 0x00, 0x00, 0x00, 0x00, 0x00, 0x00, 0x00, 0x00, 0x00, 0x00, 0x00, 0x00, 0x00, 
0x00, 0x00, 0x00, 0x00, 0x00, 0x00, 0x00, 0x00, 0x00, 0x00, 0x00, 0x00, 0x00, 0x00, 0x00, 0x00, 
0x00, 0x00, 0x00, 0x00, 0x00, 0x00, 0x00, 0x00, 0x00, 0x00, 0x00, 0x00, 0x00, 0x00, 0x00, 0x00, 
0x00, 0x00, 0x00, 0x00, 0x00, 0x00, 0x00, 0x00, 0x00, 0x00, 0x00, 0x00, 0x00, 0x00, 0x00, 0x00, 
0x00, 0x00, 0x00, 0x00, 0x00, 0x00, 0x00, 0x00, 0x00, 0x00, 0x00, 0x00, 0x00, 0x00, 0x00, 0x00, 
0x00, 0x00, 0x00, 0x00, 0x00, 0x00, 0x00, 0x00, 0x00, 0x00, 0x00, 0x00, 0x00, 0x00, 0x00, 0x00, 
0x00, 0x00, 0x00, 0x00, 0x00, 0x00, 0x00, 0x00, 0x00, 0x00, 0x00, 0x00, 0x00, 0x00, 0x00, 0x00, 
0x00, 0x00, 0x00, 0x00, 0x00, 0x00, 0x00, 0x00, 0x00, 0x00, 0x00, 0x00, 0x00, 0x00, 0x00, 0x00, 
0x00, 0x00, 0x00, 0x00, 0x00, 0x00, 0x00, 0x00, 0x00, 0x00, 0x00, 0x00, 0x00, 0x00, 0x00, 0x00, 
0x00, 0x00, 0x00, 0x00, 0x00, 0x00, 0x00, 0x00, 0x00, 0x00, 0x00, 0x00, 0x00, 0x00, 0x00, 0x00, 
0x00, 0x00, 0x00, 0x00, 0x00, 0x00, 0x00, 0x00, 0x00, 0x00, 0x00, 0x00, 0x00, 0x00, 0x00, 0x00, 
0x00, 0x00, 0x00, 0x00, 0x00, 0x00, 0x00, 0x00, 0x00, 0x00, 0x00, 0x00, 0x00, 0x00, 0x00, 0x00, 
0x00, 0x00, 0x00, 0x00, 0x00, 0x00, 0x00, 0x00, 0x00, 0x00, 0x00, 0x00, 0x00, 0x00, 0x00, 0x00, 
0x00, 0x00, 0x00, 0x00, 0x00, 0x00, 0x00, 0x00, 0x00, 0x00, 0x00, 0x00, 0x00, 0x00, 0x00, 0x00, 
0x00, 0x00, 0x00, 0x00, 0x00, 0x00, 0x00, 0x00, 0x00, 0x00, 0x00, 0x00, 0x00, 0x00, 0x00, 0x00, 
0x00, 0x00, 0x00, 0x00, 0x00, 0x00, 0x00, 0x00, 0x00, 0x00, 0x00, 0x00, 0x00, 0x00, 0x00, 0x00, 
0x00, 0x00, 0x00, 0x00, 0x00, 0x00, 0x00, 0x00, 0x00, 0x00, 0x00, 0x00, 0x00, 0x00, 0x00, 0x00, 
0x00, 0x00, 0x00, 0x00, 0x00, 0x00, 0x00, 0x00, 0x00, 0x00, 0x00, 0x00, 0x00, 0x00, 0x00, 0x00, 
0x00, 0x00, 0x00, 0x00, 0x00, 0x00, 0x00, 0x00, 0x00, 0x00, 0x00, 0x00, 0x00, 0x00, 0x00, 0x00, 
0x00, 0x00, 0x00, 0x00, 0x00, 0x00, 0x00, 0x00, 0x00, 0x00, 0x00, 0x00, 0x00, 0x00, 0x00, 0x00, 
0x00, 0x00, 0x00, 0x00, 0x00, 0x00, 0x00, 0x00, 0x00, 0x00, 0x00, 0x00, 0x00, 0x00, 0x00, 0x00, 
0x00, 0x00, 0x00, 0x00, 0x00, 0x00, 0x00, 0x00, 0x00, 0x00, 0x00, 0x00, 0x00, 0x00, 0x00, 0x00, 
0x00, 0x00, 0x00, 0x00, 0x00, 0x00, 0x00, 0x00, 0x00, 0x00, 0x00, 0x00, 0x00, 0x00, 0x00, 0x00, 
0x00, 0x00, 0x00, 0x00, 0x00, 0x00, 0x00, 0x00, 0x00, 0x00, 0x00, 0x00, 0x00, 0x00, 0x00, 0x00, 
0x00, 0x00, 0x00, 0x00, 0x00, 0x00, 0x00, 0x00, 0x00, 0x00, 0x00, 0x00, 0x00, 0x00, 0x00, 0x00, 
0x00, 0x00, 0x00, 0x00, 0x00, 0x00, 0x00, 0x00, 0x00, 0x00, 0x00, 0x00, 0x00, 0x00, 0x00, 0x00, 
0x00, 0x00, 0x00, 0x00, 0x00, 0x00, 0x00, 0x00, 0x00, 0x00, 0x00, 0x00, 0x00, 0x00, 0x00, 0x00, 
0x00, 0x00, 0x00, 0x00, 0x00, 0x00, 0x00, 0x00, 0x00, 0x00, 0x00, 0x00, 0x00, 0x00, 0x00, 0x00, 
0x00, 0x00, 0x00, 0x00, 0x00, 0x00, 0x00, 0x00, 0x00, 0x00, 0x00, 0x00, 0x00, 0x00, 0x00, 0x00, 
0x00, 0x00, 0x00, 0x00, 0x00, 0x00, 0x00, 0x00, 0x00, 0x00, 0x00, 0x00, 0x00, 0x00, 0x00, 0x00, 
0x00, 0x00, 0x00, 0x00, 0x00, 0x00, 0x00, 0x00, 0x00, 0x00, 0x00, 0x00, 0x00, 0x00, 0x00, 0x00, 
0x00, 0x00, 0x00, 0x00, 0x00, 0x00, 0x00, 0x00, 0x00, 0x00, 0x00, 0x00, 0x00, 0x00, 0x00, 0x00, 
0x00, 0x00, 0x00, 0x00, 0x00, 0x00, 0x00, 0x00, 0x00, 0x00, 0x00, 0x00, 0x00, 0x00, 0x00, 0x00, 
0x00, 0x00, 0x00, 0x00, 0x00, 0x00, 0x00, 0x00, 0x00, 0x00, 0x00, 0x00, 0x00, 0x00, 0x00, 0x00, 
0x00, 0x00, 0x00, 0x00, 0x00, 0x00, 0x00, 0x00, 0x00, 0x00, 0x00, 0x00, 0x00, 0x00, 0x00, 0x00, 
0x00, 0x00, 0x00, 0x00, 0x00, 0x00, 0x00, 0x00, 0x00, 0x00, 0x00, 0x00, 0x00, 0x00, 0x00, 0x00, 
0x00, 0x00, 0x00, 0x00, 0x00, 0x00, 0x00, 0x00, 0x00, 0x00, 0x00, 0x00, 0x00, 0x00, 0x00, 0x00, 
0x00, 0x00, 0x00, 0x00, 0x00, 0x00, 0x00, 0x00, 0x00, 0x00, 0x00, 0x00, 0x00, 0x00, 0x00, 0x00, 
0x00, 0x00, 0x00, 0x00, 0x00, 0x00, 0x00, 0x00, 0x00, 0x00, 0x00, 0x00, 0x00, 0x00, 0x00, 0x00, 
0x00, 0x00, 0x00, 0x00, 0x00, 0x00, 0x00, 0x00, 0x00, 0x00, 0x00, 0x00, 0x00, 0x00, 0x00, 0x00, 
0x00, 0x00, 0x00, 0x00, 0x00, 0x00, 0x00, 0x00, 0x00, 0x00, 0x00, 0x00, 0x00, 0x00, 0x00, 0x00, 
0x00, 0x00, 0x00, 0x00, 0x00, 0x00, 0x00, 0x00, 0x00, 0x00, 0x00, 0x00, 0x00, 0x00, 0x00, 0x00, 
0x00, 0x00, 0x00, 0x00, 0x00, 0x00, 0x00, 0x00, 0x00, 0x00, 0x00, 0x00, 0x00, 0x00, 0x00, 0x00, 
0x00, 0x00, 0x00, 0x00, 0x00, 0x00, 0x00, 0x00, 0x00, 0x00, 0x00, 0x00, 0x00, 0x00, 0x00, 0x00, 
0x00, 0x00, 0x00, 0x00, 0x00, 0x00, 0x00, 0x00, 0x00, 0x00, 0x00, 0x00, 0x00, 0x00, 0x00, 0x00, 
0x00, 0x00, 0x00, 0x00, 0x00, 0x00, 0x00, 0x00, 0x00, 0x00, 0x00, 0x00, 0x00, 0x00, 0x00, 0x00, 
0x00, 0x00, 0x00, 0x00, 0x00, 0x00, 0x00, 0x00, 0x00, 0x00, 0x00, 0x00, 0x00, 0x00, 0x00, 0x00, 
0x00, 0x00, 0x00, 0x00, 0x00, 0x00, 0x00, 0x00, 0x00, 0x00, 0x00, 0x00, 0x00, 0x00, 0x00, 0x00, 
0x00, 0x00, 0x00, 0x00, 0x00, 0x00, 0x00, 0x00, 0x00, 0x00, 0x00, 0x00, 0x00, 0x00, 0x00, 0x00, 
0x00, 0x00, 0x00, 0x00, 0x00, 0x00, 0x00, 0x00, 0x00, 0x00, 0x00, 0x00, 0x00, 0x00, 0x00, 0x00, 
0x00, 0x00, 0x00, 0x00, 0x00, 0x00, 0x00, 0x00, 0x00, 0x00, 0x00, 0x00, 0x00, 0x00, 0x00, 0x00, 
0x00, 0x00, 0x00, 0x00, 0x00, 0x00, 0x00, 0x00, 0x00, 0x00, 0x00, 0x00, 0x00, 0x00, 0x00, 0x00, 
0x00, 0x00, 0x00, 0x00, 0x00, 0x00, 0x00, 0x00, 0x00, 0x00, 0x00, 0x00, 0x00, 0x00, 0x00, 0x00, 
0x00, 0x00, 0x00, 0x00, 0x00, 0x00, 0x00, 0x00, 0x00, 0x00, 0x00, 0x00, 0x00, 0x00, 0x00, 0x00, 
0x00, 0x00, 0x00, 0x00, 0x00, 0x00, 0x00, 0x00, 0x00, 0x00, 0x00, 0x00, 0x00, 0x00, 0x00, 0x00, 
0x00, 0x00, 0x00, 0x00, 0x00, 0x00, 0x00, 0x00, 0x00, 0x00, 0x00, 0x00, 0x00, 0x00, 0x00, 0x00, 
0x00, 0x00, 0x00, 0x00, 0x00, 0x00, 0x00, 0x00, 0x00, 0x00, 0x00, 0x00, 0x00, 0x00, 0x00, 0x00, 
0x00, 0x00, 0x00, 0x00, 0x00, 0x00, 0x00, 0x00, 0x00, 0x00, 0x00, 0x00, 0x00, 0x00, 0x00, 0x00, 
0x00, 0x00, 0x00, 0x00, 0x00, 0x00, 0x00, 0x00, 0x00, 0x00, 0x00, 0x00, 0x00, 0x00, 0x00, 0x00, 
0x00, 0x00, 0x00, 0x00, 0x00, 0x00, 0x00, 0x00, 0x00, 0x00, 0x00, 0x00, 0x00, 0x00, 0x00, 0x00, 
0x00, 0x00, 0x00, 0x00, 0x00, 0x00, 0x00, 0x00, 0x00, 0x00, 0x00, 0x00, 0x00, 0x00, 0x00, 0x00, 
0x00, 0x00, 0x00, 0x00, 0x00, 0x00, 0x00, 0x00, 0x00, 0x00, 0x00, 0x00, 0x00, 0x00, 0x00, 0x00, 
0x00, 0x00, 0x00, 0x00, 0x00, 0x00, 0x00, 0x00, 0x00, 0x00, 0x00, 0x00, 0x00, 0x00, 0x00, 0x00, 
0x00, 0x00, 0x00, 0x00, 0x00, 0x00, 0x00, 0x00, 0x00, 0x00, 0x00, 0x00, 0x00, 0x00, 0x00, 0x00, 
0x00, 0x00, 0x00, 0x00, 0x00, 0x00, 0x00, 0x00, 0x00, 0x00, 0x00, 0x00, 0x00, 0x00, 0x00, 0x00, 
0x00, 0x00, 0x00, 0x00, 0x00, 0x00, 0x00, 0x00, 0x00, 0x00, 0x00, 0x00, 0x00, 0x00, 0x00, 0x00, 
0x00, 0x00, 0x00, 0x00, 0x00, 0x00, 0x00, 0x00, 0x00, 0x00, 0x00, 0x00, 0x00, 0x00, 0x00, 0x00, 
0x00, 0x00, 0x00, 0x00, 0x00, 0x00, 0x00, 0x00, 0x00, 0x00, 0x00, 0x00, 0x00, 0x00, 0x00, 0x00, 
0x00, 0x00, 0x00, 0x00, 0x00, 0x00, 0x00, 0x00, 0x00, 0x00, 0x00, 0x00, 0x00, 0x00, 0x00, 0x00, 
0x00, 0x00, 0x00, 0x00, 0x00, 0x00, 0x00, 0x00, 0x00, 0x00, 0x00, 0x00, 0x00, 0x00, 0x00, 0x00, 
0x00, 0x00, 0x00, 0x00, 0x00, 0x00, 0x00, 0x00, 0x00, 0x00, 0x00, 0x00, 0x00, 0x00, 0x00, 0x00, 
0x00, 0x00, 0x00, 0x00, 0x00, 0x00, 0x00, 0x00, 0x00, 0x00, 0x00, 0x00, 0x00, 0x00, 0x00, 0x00, 
0x00, 0x00, 0x00, 0x00, 0x00, 0x00, 0x00, 0x00, 0x00, 0x00, 0x00, 0x00, 0x00, 0x00, 0x00, 0x00, 
0x00, 0x00, 0x00, 0x00, 0x00, 0x00, 0x00, 0x00, 0x00, 0x00, 0x00, 0x00, 0x00, 0x00, 0x00, 0x00, 
0x00, 0x00, 0x00, 0x00, 0x00, 0x00, 0x00, 0x00, 0x00, 0x00, 0x00, 0x00, 0x00, 0x00, 0x00, 0x00, 
0x00, 0x00, 0x00, 0x00, 0x00, 0x00, 0x00, 0x00, 0x00, 0x00, 0x00, 0x00, 0x00, 0x00, 0x00, 0x00, 
0x00, 0x00, 0x00, 0x00, 0x00, 0x00, 0x00, 0x00, 0x00, 0x00, 0x00, 0x00, 0x00, 0x00, 0x00, 0x00, 
0x00, 0x00, 0x00, 0x00, 0x00, 0x00, 0x00, 0x00, 0x00, 0x00, 0x00, 0x00, 0x00, 0x00, 0x00, 0x00, 
0x00, 0x00, 0x00, 0x00, 0x00, 0x00, 0x00, 0x00, 0x00, 0x00, 0x00, 0x00, 0x00, 0x00, 0x00, 0x00, 
0x00, 0x00, 0x00, 0x00, 0x00, 0x00, 0x00, 0x00, 0x00, 0x00, 0x00, 0x00, 0x00, 0x00, 0x00, 0x00, 
0x00, 0x00, 0x00, 0x00, 0x00, 0x00, 0x00, 0x00, 0x00, 0x00, 0x00, 0x00, 0x00, 0x00, 0x00, 0x00, 
0x00, 0x00, 0x00, 0x00, 0x00, 0x00, 0x00, 0x00, 0x00, 0x00, 0x00, 0x00, 0x00, 0x00, 0x00, 0x00, 
0x00, 0x00, 0x00, 0x00, 0x00, 0x00, 0x00, 0x00, 0x00, 0x00, 0x00, 0x00, 0x00, 0x00, 0x00, 0x00, 
0x00, 0x00, 0x00, 0x00, 0x00, 0x00, 0x00, 0x00, 0x00, 0x00, 0x00, 0x00, 0x00, 0x00, 0x00, 0x00, 
0x00, 0x00, 0x00, 0x00, 0x00, 0x00, 0x00, 0x00, 0x00, 0x00, 0x00, 0x00, 0x00, 0x00, 0x00, 0x00, 
0x00, 0x00, 0x00, 0x00, 0x00, 0x00, 0x00, 0x00, 0x00, 0x00, 0x00, 0x00, 0x00, 0x00, 0x00, 0x00, 
0x00, 0x00, 0x00, 0x00, 0x00, 0x00, 0x00, 0x00, 0x00, 0x00, 0x00, 0x00, 0x00, 0x00, 0x00, 0x00, 
0x00, 0x00, 0x00, 0x00, 0x00, 0x00, 0x00, 0x00, 0x00, 0x00, 0x00, 0x00, 0x00, 0x00, 0x00, 0x00, 
0x00, 0x00, 0x00, 0x00, 0x00, 0x00, 0x00, 0x00, 0x00, 0x00, 0x00, 0x00, 0x00, 0x00, 0x00, 0x00, 
0x00, 0x00, 0x00, 0x00, 0x00, 0x00, 0x00, 0x00, 0x00, 0x00, 0x00, 0x00, 0x00, 0x00, 0x00, 0x00, 
0x00, 0x00, 0x00, 0x00, 0x00, 0x00, 0x00, 0x00, 0x00, 0x00, 0x00, 0x00, 0x00, 0x00, 0x00, 0x00, 
0x00, 0x00, 0x00, 0x00, 0x00, 0x00, 0x00, 0x00, 0x00, 0x00, 0x00, 0x00, 0x00, 0x00, 0x00, 0x00, 
0x00, 0x00, 0x00, 0x00, 0x00, 0x00, 0x00, 0x00, 0x00, 0x00, 0x00, 0x00, 0x00, 0x00, 0x00, 0x00, 
0x00, 0x00, 0x00, 0x00, 0x00, 0x00, 0x00, 0x00, 0x00, 0x00, 0x00, 0x00, 0x00, 0x00, 0x00, 0x00, 
0x00, 0x00, 0x00, 0x00, 0x00, 0x00, 0x00, 0x00, 0x00, 0x00, 0x00, 0x00, 0x00, 0x00, 0x00, 0x00, 
0x00, 0x00, 0x00, 0x00, 0x00, 0x00, 0x00, 0x00, 0x00, 0x00, 0x00, 0x00, 0x00, 0x00, 0x00, 0x00, 
0x00, 0x00, 0x00, 0x00, 0x00, 0x00, 0x00, 0x00, 0x00, 0x00, 0x00, 0x00, 0x00, 0x00, 0x00, 0x00, 
0x00, 0x00, 0x00, 0x00, 0x00, 0x00, 0x00, 0x00, 0x00, 0x00, 0x00, 0x00, 0x00, 0x00, 0x00, 0x00, 
0x00, 0x00, 0x00, 0x00, 0x00, 0x00, 0x00, 0x00, 0x00, 0x00, 0x00, 0x00, 0x00, 0x00, 0x00, 0x00, 
0x00, 0x00, 0x00, 0x00, 0x00, 0x00, 0x00, 0x00, 0x00, 0x00, 0x00, 0x00, 0x00, 0x00, 0x00, 0x00, 
0x00, 0x00, 0x00, 0x00, 0x00, 0x00, 0x00, 0x00, 0x00, 0x00, 0x00, 0x00, 0x00, 0x00, 0x00, 0x00, 
0x00, 0x00, 0x00, 0x00, 0x00, 0x00, 0x00, 0x00, 0x00, 0x00, 0x00, 0x00, 0x00, 0x00, 0x00, 0x00, 
0x00, 0x00, 0x00, 0x00, 0x00, 0x00, 0x00, 0x00, 0x00, 0x00, 0x00, 0x00, 0x00, 0x00, 0x00, 0x00, 
0x00, 0x00, 0x00, 0x00, 0x00, 0x00, 0x00, 0x00, 0x00, 0x00, 0x00, 0x00, 0x00, 0x00, 0x00, 0x00, 
0x00, 0x00, 0x00, 0x00, 0x00, 0x00, 0x00, 0x00, 0x00, 0x00, 0x00, 0x00, 0x00, 0x00, 0x00, 0x00, 
0x00, 0x00, 0x00, 0x00, 0x00, 0x00, 0x00, 0x00, 0x00, 0x00, 0x00, 0x00, 0x00, 0x00, 0x00, 0x00, 
0x00, 0x00, 0x00, 0x00, 0x00, 0x00, 0x00, 0x00, 0x00, 0x00, 0x00, 0x00, 0x00, 0x00, 0x00, 0x00, 
0x00, 0x00, 0x00, 0x00, 0x00, 0x00, 0x00, 0x00, 0x00, 0x00, 0x00, 0x00, 0x00, 0x00, 0x00, 0x00, 
0x00, 0x00, 0x00, 0x00, 0x00, 0x00, 0x00, 0x00, 0x00, 0x00, 0x00, 0x00, 0x00, 0x00, 0x00, 0x00, 
0x00, 0x00, 0x00, 0x00, 0x00, 0x00, 0x00, 0x00, 0x00, 0x00, 0x00, 0x00, 0x00, 0x00, 0x00, 0x00, 
0x00, 0x00, 0x00, 0x00, 0x00, 0x00, 0x00, 0x00, 0x00, 0x00, 0x00, 0x00, 0x00, 0x00, 0x00, 0x00, 
0x00, 0x00, 0x00, 0x00, 0x00, 0x00, 0x00, 0x00, 0x00, 0x00, 0x00, 0x00, 0x00, 0x00, 0x00, 0x00, 
0x00, 0x00, 0x00, 0x00, 0x00, 0x00, 0x00, 0x00, 0x00, 0x00, 0x00, 0x00, 0x00, 0x00, 0x00, 0x00, 
0x00, 0x00, 0x00, 0x00, 0x00, 0x00, 0x00, 0x00, 0x00, 0x00, 0x00, 0x00, 0x00, 0x00, 0x00, 0x00, 
0x00, 0x00, 0x00, 0x00, 0x00, 0x00, 0x00, 0x00, 0x00, 0x00, 0x00, 0x00, 0x00, 0x00, 0x00, 0x00, 
0x00, 0x00, 0x00, 0x00, 0x00, 0x00, 0x00, 0x00, 0x00, 0x00, 0x00, 0x00, 0x00, 0x00, 0x00, 0x00, 
0x00, 0x00, 0x00, 0x00, 0x00, 0x00, 0x00, 0x00, 0x00, 0x00, 0x00, 0x00, 0x00, 0x00, 0x00, 0x00, 
0x00, 0x00, 0x00, 0x00, 0x00, 0x00, 0x00, 0x00, 0x00, 0x00, 0x00, 0x00, 0x00, 0x00, 0x00, 0x00, 
0x00, 0x00, 0x00, 0x00, 0x00, 0x00, 0x00, 0x00, 0x00, 0x00, 0x00, 0x00, 0x00, 0x00, 0x00, 0x00, 
0x00, 0x00, 0x00, 0x00, 0x00, 0x00, 0x00, 0x00, 0x00, 0x00, 0x00, 0x00, 0x00, 0x00, 0x00, 0x00, 
0x00, 0x00, 0x00, 0x00, 0x00, 0x00, 0x00, 0x00, 0x00, 0x00, 0x00, 0x00, 0x00, 0x00, 0x00, 0x00, 
0x00, 0x00, 0x00, 0x00, 0x00, 0x00, 0x00, 0x00, 0x00, 0x00, 0x00, 0x00, 0x00, 0x00, 0x00, 0x00, 
0x00, 0x00, 0x00, 0x00, 0x00, 0x00, 0x00, 0x00, 0x00, 0x00, 0x00, 0x00, 0x00, 0x00, 0x00, 0x00, 
0x00, 0x00, 0x00, 0x00, 0x00, 0x00, 0x00, 0x00, 0x00, 0x00, 0x00, 0x00, 0x00, 0x00, 0x00, 0x00, 
0x00, 0x00, 0x00, 0x00, 0x00, 0x00, 0x00, 0x00, 0x00, 0x00, 0x00, 0x00, 0x00, 0x00, 0x00, 0x00, 
0x00, 0x00, 0x00, 0x00, 0x00, 0x00, 0x00, 0x00, 0x00, 0x00, 0x00, 0x00, 0x00, 0x00, 0x00, 0x00, 
0x00, 0x00, 0x00, 0x00, 0x00, 0x00, 0x00, 0x00, 0x00, 0x00, 0x00, 0x00, 0x00, 0x00, 0x00, 0x00, 
0x00, 0x00, 0x00, 0x00, 0x00, 0x00, 0x00, 0x00, 0x00, 0x00, 0x00, 0x00, 0x00, 0x00, 0x00, 0x00, 
0x00, 0x00, 0x00, 0x00, 0x00, 0x00, 0x00, 0x00, 0x00, 0x00, 0x00, 0x00, 0x00, 0x00, 0x00, 0x00, 
0x00, 0x00, 0x00, 0x00, 0x00, 0x00, 0x00, 0x00, 0x00, 0x00, 0x00, 0x00, 0x00, 0x00, 0x00, 0x00, 
0x00, 0x00, 0x00, 0x00, 0x00, 0x00, 0x00, 0x00, 0x00, 0x00, 0x00, 0x00, 0x00, 0x00, 0x00, 0x00, 
0x00, 0x00, 0x00, 0x00, 0x00, 0x00, 0x00, 0x00, 0x00, 0x00, 0x00, 0x00, 0x00, 0x00, 0x00, 0x00, 
0x00, 0x00, 0x00, 0x00, 0x00, 0x00, 0x00, 0x00, 0x00, 0x00, 0x00, 0x00, 0x00, 0x00, 0x00, 0x00, 
0x00, 0x00, 0x00, 0x00, 0x00, 0x00, 0x00, 0x00, 0x00, 0x00, 0x00, 0x00, 0x00, 0x00, 0x00, 0x00, 
0x00, 0x00, 0x00, 0x00, 0x00, 0x00, 0x00, 0x00, 0x00, 0x00, 0x00, 0x00, 0x00, 0x00, 0x00, 0x00, 
0x00, 0x00, 0x00, 0x00, 0x00, 0x00, 0x00, 0x00, 0x00, 0x00, 0x00, 0x00, 0x00, 0x00, 0x00, 0x00, 
0x00, 0x00, 0x00, 0x00, 0x00, 0x00, 0x00, 0x00, 0x00, 0x00, 0x00, 0x00, 0x00, 0x00, 0x00, 0x00, 
0x00, 0x00, 0x00, 0x00, 0x00, 0x00, 0x00, 0x00, 0x00, 0x00, 0x00, 0x00, 0x00, 0x00, 0x00, 0x00, 
0x00, 0x00, 0x00, 0x00, 0x00, 0x00, 0x00, 0x00, 0x00, 0x00, 0x00, 0x00, 0x00, 0x00, 0x00, 0x00, 
0x00, 0x00, 0x00, 0x00, 0x00, 0x00, 0x00, 0x00, 0x00, 0x00, 0x00, 0x00, 0x00, 0x00, 0x00, 0x00, 
0x00, 0x00, 0x00, 0x00, 0x00, 0x00, 0x00, 0x00, 0x00, 0x00, 0x00, 0x00, 0x00, 0x00, 0x00, 0x00, 
0x00, 0x00, 0x00, 0x00, 0x00, 0x00, 0x00, 0x00, 0x00, 0x00, 0x00, 0x00, 0x00, 0x00, 0x00, 0x00, 
0x00, 0x00, 0x00, 0x00, 0x00, 0x00, 0x00, 0x00, 0x00, 0x00, 0x00, 0x00, 0x00, 0x00, 0x00, 0x00, 
0x00, 0x00, 0x00, 0x00, 0x00, 0x00, 0x00, 0x00, 0x00, 0x00, 0x00, 0x00, 0x00, 0x00, 0x00, 0x00, 
0x00, 0x00, 0x00, 0x00, 0x00, 0x00, 0x00, 0x00, 0x00, 0x00, 0x00, 0x00, 0x00, 0x00, 0x00, 0x00, 
0x00, 0x00, 0x00, 0x00, 0x00, 0x00, 0x00, 0x00, 0x00, 0x00, 0x00, 0x00, 0x00, 0x00, 0x00, 0x00, 
0x00, 0x00, 0x00, 0x00, 0x00, 0x00, 0x00, 0x00, 0x00, 0x00, 0x00, 0x00, 0x00, 0x00, 0x00, 0x00, 
0x00, 0x00, 0x00, 0x00, 0x00, 0x00, 0x00, 0x00, 0x00, 0x00, 0x00, 0x00, 0x00, 0x00, 0x00, 0x00, 
0x00, 0x00, 0x00, 0x00, 0x00, 0x00, 0x00, 0x00, 0x00, 0x00, 0x00, 0x00, 0x00, 0x00, 0x00, 0x00, 
0x00, 0x00, 0x00, 0x00, 0x00, 0x00, 0x00, 0x00, 0x00, 0x00, 0x00, 0x00, 0x00, 0x00, 0x00, 0x00, 
0x00, 0x00, 0x00, 0x00, 0x00, 0x00, 0x00, 0x00, 0x00, 0x00, 0x00, 0x00, 0x00, 0x00, 0x00, 0x00, 
0x00, 0x00, 0x00, 0x00, 0x00, 0x00, 0x00, 0x00, 0x00, 0x00, 0x00, 0x00, 0x00, 0x00, 0x00, 0x00, 
0x00, 0x00, 0x00, 0x00, 0x00, 0x00, 0x00, 0x00, 0x00, 0x00, 0x00, 0x00, 0x00, 0x00, 0x00, 0x00, 
0x00, 0x00, 0x00, 0x00, 0x00, 0x00, 0x00, 0x00, 0x00, 0x00, 0x00, 0x00, 0x00, 0x00, 0x00, 0x00, 
0x00, 0x00, 0x00, 0x00, 0x00, 0x00, 0x00, 0x00, 0x00, 0x00, 0x00, 0x00, 0x00, 0x00, 0x00, 0x00, 
0x00, 0x00, 0x00, 0x00, 0x00, 0x00, 0x00, 0x00, 0x00, 0x00, 0x00, 0x00, 0x00, 0x00, 0x00, 0x00, 
0x00, 0x00, 0x00, 0x00, 0x00, 0x00, 0x00, 0x00, 0x00, 0x00, 0x00, 0x00, 0x00, 0x00, 0x00, 0x00, 
0x00, 0x00, 0x00, 0x00, 0x00, 0x00, 0x00, 0x00, 0x00, 0x00, 0x00, 0x00, 0x00, 0x00, 0x00, 0x00, 
0x00, 0x00, 0x00, 0x00, 0x00, 0x00, 0x00, 0x00, 0x00, 0x00, 0x00, 0x00, 0x00, 0x00, 0x00, 0x00, 
0x00, 0x00, 0x00, 0x00, 0x00, 0x00, 0x00, 0x00, 0x00, 0x00, 0x00, 0x00, 0x00, 0x00, 0x00, 0x00, 
0x00, 0x00, 0x00, 0x00, 0x00, 0x00, 0x00, 0x00, 0x00, 0x00, 0x00, 0x00, 0x00, 0x00, 0x00, 0x00, 
0x00, 0x00, 0x00, 0x00, 0x00, 0x00, 0x00, 0x00, 0x00, 0x00, 0x00, 0x00, 0x00, 0x00, 0x00, 0x00, 
0x00, 0x00, 0x00, 0x00, 0x00, 0x00, 0x00, 0x00, 0x00, 0x00, 0x00, 0x00, 0x00, 0x00, 0x00, 0x00, 
0x00, 0x00, 0x00, 0x00, 0x00, 0x00, 0x00, 0x00, 0x00, 0x00, 0x00, 0x00, 0x00, 0x00, 0x00, 0x00, 
0x00, 0x00, 0x00, 0x00, 0x00, 0x00, 0x00, 0x00, 0x00, 0x00, 0x00, 0x00, 0x00, 0x00, 0x00, 0x00, 
0x00, 0x00, 0x00, 0x00, 0x00, 0x00, 0x00, 0x00, 0x00, 0x00, 0x00, 0x00, 0x00, 0x00, 0x00, 0x00, 
0x00, 0x00, 0x00, 0x00, 0x00, 0x00, 0x00, 0x00, 0x00, 0x00, 0x00, 0x00, 0x00, 0x00, 0x00, 0x00, 
0x00, 0x00, 0x00, 0x00, 0x00, 0x00, 0x00, 0x00, 0x00, 0x00, 0x00, 0x00, 0x00, 0x00, 0x00, 0x00, 
0x00, 0x00, 0x00, 0x00, 0x00, 0x00, 0x00, 0x00, 0x00, 0x00, 0x00, 0x00, 0x00, 0x00, 0x00, 0x00, 
0x00, 0x00, 0x00, 0x00, 0x00, 0x00, 0x00, 0x00, 0x00, 0x00, 0x00, 0x00, 0x00, 0x00, 0x00, 0x00, 
0x00, 0x00, 0x00, 0x00, 0x00, 0x00, 0x00, 0x00, 0x00, 0x00, 0x00, 0x00, 0x00, 0x00, 0x00, 0x00, 
0x00, 0x00, 0x00, 0x00, 0x00, 0x00, 0x00, 0x00, 0x00, 0x00, 0x00, 0x00, 0x00, 0x00, 0x00, 0x00, 
0x00, 0x00, 0x00, 0x00, 0x00, 0x00, 0x00, 0x00, 0x00, 0x00, 0x00, 0x00, 0x00, 0x00, 0x00, 0x00, 
0x00, 0x00, 0x00, 0x00, 0x00, 0x00, 0x00, 0x00, 0x00, 0x00, 0x00, 0x00, 0x00, 0x00, 0x00, 0x00, 
0x00, 0x00, 0x00, 0x00, 0x00, 0x00, 0x00, 0x00, 0x00, 0x00, 0x00, 0x00, 0x00, 0x00, 0x00, 0x00, 
0x00, 0x00, 0x00, 0x00, 0x00, 0x00, 0x00, 0x00, 0x00, 0x00, 0x00, 0x00, 0x00, 0x00, 0x00, 0x00, 
0x00, 0x00, 0x00, 0x00, 0x00, 0x00, 0x00, 0x00, 0x00, 0x00, 0x00, 0x00, 0x00, 0x00, 0x00, 0x00, 
0x00, 0x00, 0x00, 0x00, 0x00, 0x00, 0x00, 0x00, 0x00, 0x00, 0x00, 0x00, 0x00, 0x00, 0x00, 0x00, 
0x00, 0x00, 0x00, 0x00, 0x00, 0x00, 0x00, 0x00, 0x00, 0x00, 0x00, 0x00, 0x00, 0x00, 0x00, 0x00, 
0x00, 0x00, 0x00, 0x00, 0x00, 0x00, 0x00, 0x00, 0x00, 0x00, 0x00, 0x00, 0x00, 0x00, 0x00, 0x00, 
0x00, 0x00, 0x00, 0x00, 0x00, 0x00, 0x00, 0x00, 0x00, 0x00, 0x00, 0x00, 0x00, 0x00, 0x00, 0x00, 
0x00, 0x00, 0x00, 0x00, 0x00, 0x00, 0x00, 0x00, 0x00, 0x00, 0x00, 0x00, 0x00, 0x00, 0x00, 0x00, 
0x00, 0x00, 0x00, 0x00, 0x00, 0x00, 0x00, 0x00, 0x00, 0x00, 0x00, 0x00, 0x00, 0x00, 0x00, 0x00, 
0x00, 0x00, 0x00, 0x00, 0x00, 0x00, 0x00, 0x00, 0x00, 0x00, 0x00, 0x00, 0x00, 0x00, 0x00, 0x00, 
0x00, 0x00, 0x00, 0x00, 0x00, 0x00, 0x00, 0x00, 0x00, 0x00, 0x00, 0x00, 0x00, 0x00, 0x00, 0x00, 
0x00, 0x00, 0x00, 0x00, 0x00, 0x00, 0x00, 0x00, 0x00, 0x00, 0x00, 0x00, 0x00, 0x00, 0x00, 0x00, 
0x00, 0x00, 0x00, 0x00, 0x00, 0x00, 0x00, 0x00, 0x00, 0x00, 0x00, 0x00, 0x00, 0x00, 0x00, 0x00, 
0x00, 0x00, 0x00, 0x00, 0x00, 0x00, 0x00, 0x00, 0x00, 0x00, 0x00, 0x00, 0x00, 0x00, 0x00, 0x00, 
0x00, 0x00, 0x00, 0x00, 0x00, 0x00, 0x00, 0x00, 0x00, 0x00, 0x00, 0x00, 0x00, 0x00, 0x00, 0x00, 
0x00, 0x00, 0x00, 0x00, 0x00, 0x00, 0x00, 0x00, 0x00, 0x00, 0x00, 0x00, 0x00, 0x00, 0x00, 0x00, 
0x00, 0x00, 0x00, 0x00, 0x00, 0x00, 0x00, 0x00, 0x00, 0x00, 0x00, 0x00, 0x00, 0x00, 0x00, 0x00, 
0x00, 0x00, 0x00, 0x00, 0x00, 0x00, 0x00, 0x00, 0x00, 0x00, 0x00, 0x00, 0x00, 0x00, 0x00, 0x00, 
0x00, 0x00, 0x00, 0x00, 0x00, 0x00, 0x00, 0x00, 0x00, 0x00, 0x00, 0x00, 0x00, 0x00, 0x00, 0x00, 
0x00, 0x00, 0x00, 0x00, 0x00, 0x00, 0x00, 0x00, 0x00, 0x00, 0x00, 0x00, 0x00, 0x00, 0x00, 0x00, 
0x00, 0x00, 0x00, 0x00, 0x00, 0x00, 0x00, 0x00, 0x00, 0x00, 0x00, 0x00, 0x00, 0x00, 0x00, 0x00, 
0x00, 0x00, 0x00, 0x00, 0x00, 0x00, 0x00, 0x00, 0x00, 0x00, 0x00, 0x00, 0x00, 0x00, 0x00, 0x00, 
0x00, 0x00, 0x00, 0x00, 0x00, 0x00, 0x00, 0x00, 0x00, 0x00, 0x00, 0x00, 0x00, 0x00, 0x00, 0x00, 
0x00, 0x00, 0x00, 0x00, 0x00, 0x00, 0x00, 0x00, 0x00, 0x00, 0x00, 0x00, 0x00, 0x00, 0x00, 0x00, 
0x00, 0x00, 0x00, 0x00, 0x00, 0x00, 0x00, 0x00, 0x00, 0x00, 0x00, 0x00, 0x00, 0x00, 0x00, 0x00, 
0x00, 0x00, 0x00, 0x00, 0x00, 0x00, 0x00, 0x00, 0x00, 0x00, 0x00, 0x00, 0x00, 0x00, 0x00, 0x00, 
0x00, 0x00, 0x00, 0x00, 0x00, 0x00, 0x00, 0x00, 0x00, 0x00, 0x00, 0x00, 0x00, 0x00, 0x00, 0x00, 
0x00, 0x00, 0x00, 0x00, 0x00, 0x00, 0x00, 0x00, 0x00, 0x00, 0x00, 0x00, 0x00, 0x00, 0x00, 0x00, 
0x00, 0x00, 0x00, 0x00, 0x00, 0x00, 0x00, 0x00, 0x00, 0x00, 0x00, 0x00, 0x00, 0x00, 0x00, 0x00, 
0x00, 0x00, 0x00, 0x00, 0x00, 0x00, 0x00, 0x00, 0x00, 0x00, 0x00, 0x00, 0x00, 0x00, 0x00, 0x00, 
0x00, 0x00, 0x00, 0x00, 0x00, 0x00, 0x00, 0x00, 0x00, 0x00, 0x00, 0x00, 0x00, 0x00, 0x00, 0x00, 
0x00, 0x00, 0x00, 0x00, 0x00, 0x00, 0x00, 0x00, 0x00, 0x00, 0x00, 0x00, 0x00, 0x00, 0x00, 0x00, 
0x00, 0x00, 0x00, 0x00, 0x00, 0x00, 0x00, 0x00, 0x00, 0x00, 0x00, 0x00, 0x00, 0x00, 0x00, 0x00, 
0x00, 0x00, 0x00, 0x00, 0x00, 0x00, 0x00, 0x00, 0x00, 0x00, 0x00, 0x00, 0x00, 0x00, 0x00, 0x00, 
0x00, 0x00, 0x00, 0x00, 0x00, 0x00, 0x00, 0x00, 0x00, 0x00, 0x00, 0x00, 0x00, 0x00, 0x00, 0x00, 
0x00, 0x00, 0x00, 0x00, 0x00, 0x00, 0x00, 0x00, 0x00, 0x00, 0x00, 0x00, 0x00, 0x00, 0x00, 0x00, 
0x00, 0x00, 0x00, 0x00, 0x00, 0x00, 0x00, 0x00, 0x00, 0x00, 0x00, 0x00, 0x00, 0x00, 0x00, 0x00, 
0x00, 0x00, 0x00, 0x00, 0x00, 0x00, 0x00, 0x00, 0x00, 0x00, 0x00, 0x00, 0x00, 0x00, 0x00, 0x00, 
0x00, 0x00, 0x00, 0x00, 0x00, 0x00, 0x00, 0x00, 0x00, 0x00, 0x00, 0x00, 0x00, 0x00, 0x00, 0x00, 
0x00, 0x00, 0x00, 0x00, 0x00, 0x00, 0x00, 0x00, 0x00, 0x00, 0x00, 0x00, 0x00, 0x00, 0x00, 0x00, 
0x00, 0x00, 0x00, 0x00, 0x00, 0x00, 0x00, 0x00, 0x00, 0x00, 0x00, 0x00, 0x00, 0x00, 0x00, 0x00, 
0x00, 0x00, 0x00, 0x00, 0x00, 0x00, 0x00, 0x00, 0x00, 0x00, 0x00, 0x00, 0x00, 0x00, 0x00, 0x00, 
0x00, 0x00, 0x00, 0x00, 0x00, 0x00, 0x00, 0x00, 0x00, 0x00, 0x00, 0x00, 0x00, 0x00, 0x00, 0x00, 
0x00, 0x00, 0x00, 0x00, 0x00, 0x00, 0x00, 0x00, 0x00, 0x00, 0x00, 0x00, 0x00, 0x00, 0x00, 0x00, 
0x00, 0x00, 0x00, 0x00, 0x00, 0x00, 0x00, 0x00, 0x00, 0x00, 0x00, 0x00, 0x00, 0x00, 0x00, 0x00, 
0x00, 0x00, 0x00, 0x00, 0x00, 0x00, 0x00, 0x00, 0x00, 0x00, 0x00, 0x00, 0x00, 0x00, 0x00, 0x00, 
0x00, 0x00, 0x00, 0x00, 0x00, 0x00, 0x00, 0x00, 0x00, 0x00, 0x00, 0x00, 0x00, 0x00, 0x00, 0x00, 
0x00, 0x00, 0x00, 0x00, 0x00, 0x00, 0x00, 0x00, 0x00, 0x00, 0x00, 0x00, 0x00, 0x00, 0x00, 0x00, 
0x00, 0x00, 0x00, 0x00, 0x00, 0x00, 0x00, 0x00, 0x00, 0x00, 0x00, 0x00, 0x00, 0x00, 0x00, 0x00, 
0x00, 0x00, 0x00, 0x00, 0x00, 0x00, 0x00, 0x00, 0x00, 0x00, 0x00, 0x00, 0x00, 0x00, 0x00, 0x00, 
0x00, 0x00, 0x00, 0x00, 0x00, 0x00, 0x00, 0x00, 0x00, 0x00, 0x00, 0x00, 0x00, 0x00, 0x00, 0x00, 
0x00, 0x00, 0x00, 0x00, 0x00, 0x00, 0x00, 0x00, 0x00, 0x00, 0x00, 0x00, 0x00, 0x00, 0x00, 0x00, 
0x00, 0x00, 0x00, 0x00, 0x00, 0x00, 0x00, 0x00, 0x00, 0x00, 0x00, 0x00, 0x00, 0x00, 0x00, 0x00, 
0x00, 0x00, 0x00, 0x00, 0x00, 0x00, 0x00, 0x00, 0x00, 0x00, 0x00, 0x00, 0x00, 0x00, 0x00, 0x00, 
0x00, 0x00, 0x00, 0x00, 0x00, 0x00, 0x00, 0x00, 0x00, 0x00, 0x00, 0x00, 0x00, 0x00, 0x00, 0x00, 
0x00, 0x00, 0x00, 0x00, 0x00, 0x00, 0x00, 0x00, 0x00, 0x00, 0x00, 0x00, 0x00, 0x00, 0x00, 0x00, 
0x00, 0x00, 0x00, 0x00, 0x00, 0x00, 0x00, 0x00, 0x00, 0x00, 0x00, 0x00, 0x00, 0x00, 0x00, 0x00, 
0x00, 0x00, 0x00, 0x00, 0x00, 0x00, 0x00, 0x00, 0x00, 0x00, 0x00, 0x00, 0x00, 0x00, 0x00, 0x00, 
0x00, 0x00, 0x00, 0x00, 0x00, 0x00, 0x00, 0x00, 0x00, 0x00, 0x00, 0x00, 0x00, 0x00, 0x00, 0x00, 
0x00, 0x00, 0x00, 0x00, 0x00, 0x00, 0x00, 0x00, 0x00, 0x00, 0x00, 0x00, 0x00, 0x00, 0x00, 0x00, 
0x00, 0x00, 0x00, 0x00, 0x00, 0x00, 0x00, 0x00, 0x00, 0x00, 0x00, 0x00, 0x00, 0x00, 0x00, 0x00, 
0x00, 0x00, 0x00, 0x00, 0x00, 0x00, 0x00, 0x00, 0x00, 0x00, 0x00, 0x00, 0x00, 0x00, 0x00, 0x00, 
0x00, 0x00, 0x00, 0x00, 0x00, 0x00, 0x00, 0x00, 0x00, 0x00, 0x00, 0x00, 0x00, 0x00, 0x00, 0x00, 
0x00, 0x00, 0x00, 0x00, 0x00, 0x00, 0x00, 0x00, 0x00, 0x00, 0x00, 0x00, 0x00, 0x00, 0x00, 0x00, 
0x00, 0x00, 0x00, 0x00, 0x00, 0x00, 0x00, 0x00, 0x00, 0x00, 0x00, 0x00, 0x00, 0x00, 0x00, 0x00, 
0x00, 0x00, 0x00, 0x00, 0x00, 0x00, 0x00, 0x00, 0x00, 0x00, 0x00, 0x00, 0x00, 0x00, 0x00, 0x00, 
0x00, 0x00, 0x00, 0x00, 0x00, 0x00, 0x00, 0x00, 0x00, 0x00, 0x00, 0x00, 0x00, 0x00, 0x00, 0x00, 
0x00, 0x00, 0x00, 0x00, 0x00, 0x00, 0x00, 0x00, 0x00, 0x00, 0x00, 0x00, 0x00, 0x00, 0x00, 0x00, 
0x00, 0x00, 0x00, 0x00, 0x00, 0x00, 0x00, 0x00, 0x00, 0x00, 0x00, 0x00, 0x00, 0x00, 0x00, 0x00, 
0x00, 0x00, 0x00, 0x00, 0x00, 0x00, 0x00, 0x00, 0x00, 0x00, 0x00, 0x00, 0x00, 0x00, 0x00, 0x00, 
0x00, 0x00, 0x00, 0x00, 0x00, 0x00, 0x00, 0x00, 0x00, 0x00, 0x00, 0x00, 0x00, 0x00, 0x00, 0x00, 
0x00, 0x00, 0x00, 0x00, 0x00, 0x00, 0x00, 0x00, 0x00, 0x00, 0x00, 0x00, 0x00, 0x00, 0x00, 0x00, 
0x00, 0x00, 0x00, 0x00, 0x00, 0x00, 0x00, 0x00, 0x00, 0x00, 0x00, 0x00, 0x00, 0x00, 0x00, 0x00, 
0x00, 0x00, 0x00, 0x00, 0x00, 0x00, 0x00, 0x00, 0x00, 0x00, 0x00, 0x00, 0x00, 0x00, 0x00, 0x00, 
0x00, 0x00, 0x00, 0x00, 0x00, 0x00, 0x00, 0x00, 0x00, 0x00, 0x00, 0x00, 0x00, 0x00, 0x00, 0x00, 
0x00, 0x00, 0x00, 0x00, 0x00, 0x00, 0x00, 0x00, 0x00, 0x00, 0x00, 0x00, 0x00, 0x00, 0x00, 0x00, 
0x00, 0x00, 0x00, 0x00, 0x00, 0x00, 0x00, 0x00, 0x00, 0x00, 0x00, 0x00, 0x00, 0x00, 0x00, 0x00, 
0x00, 0x00, 0x00, 0x00, 0x00, 0x00, 0x00, 0x00, 0x00, 0x00, 0x00, 0x00, 0x00, 0x00, 0x00, 0x00, 
0x00, 0x00, 0x00, 0x00, 0x00, 0x00, 0x00, 0x00, 0x00, 0x00, 0x00, 0x00, 0x00, 0x00, 0x00, 0x00, 
0x00, 0x00, 0x00, 0x00, 0x00, 0x00, 0x00, 0x00, 0x00, 0x00, 0x00, 0x00, 0x00, 0x00, 0x00, 0x00, 
0x00, 0x00, 0x00, 0x00, 0x00, 0x00, 0x00, 0x00, 0x00, 0x00, 0x00, 0x00, 0x00, 0x00, 0x00, 0x00, 
0x00, 0x00, 0x00, 0x00, 0x00, 0x00, 0x00, 0x00, 0x00, 0x00, 0x00, 0x00, 0x00, 0x00, 0x00, 0x00, 
0x00, 0x00, 0x00, 0x00, 0x00, 0x00, 0x00, 0x00, 0x00, 0x00, 0x00, 0x00, 0x00, 0x00, 0x00, 0x00, 
0x00, 0x00, 0x00, 0x00, 0x00, 0x00, 0x00, 0x00, 0x00, 0x00, 0x00, 0x00, 0x00, 0x00, 0x00, 0x00, 
0x00, 0x00, 0x00, 0x00, 0x00, 0x00, 0x00, 0x00, 0x00, 0x00, 0x00, 0x00, 0x00, 0x00, 0x00, 0x00, 
0x00, 0x00, 0x00, 0x00, 0x00, 0x00, 0x00, 0x00, 0x00, 0x00, 0x00, 0x00, 0x00, 0x00, 0x00, 0x00, 
0x00, 0x00, 0x00, 0x00, 0x00, 0x00, 0x00, 0x00, 0x00, 0x00, 0x00, 0x00, 0x00, 0x00, 0x00, 0x00, 
0x00, 0x00, 0x00, 0x00, 0x00, 0x00, 0x00, 0x00, 0x00, 0x00, 0x00, 0x00, 0x00, 0x00, 0x00, 0x00, 
0x00, 0x00, 0x00, 0x00, 0x00, 0x00, 0x00, 0x00, 0x00, 0x00, 0x00, 0x00, 0x00, 0x00, 0x00, 0x00, 
0x00, 0x00, 0x00, 0x00, 0x00, 0x00, 0x00, 0x00, 0x00, 0x00, 0x00, 0x00, 0x00, 0x00, 0x00, 0x00, 
0x00, 0x00, 0x00, 0x00, 0x00, 0x00, 0x00, 0x00, 0x00, 0x00, 0x00, 0x00, 0x00, 0x00, 0x00, 0x00, 
0x00, 0x00, 0x00, 0x00, 0x00, 0x00, 0x00, 0x00, 0x00, 0x00, 0x00, 0x00, 0x00, 0x00, 0x00, 0x00, 
0x00, 0x00, 0x00, 0x00, 0x00, 0x00, 0x00, 0x00, 0x00, 0x00, 0x00, 0x00, 0x00, 0x00, 0x00, 0x00, 
0x00, 0x00, 0x00, 0x00, 0x00, 0x00, 0x00, 0x00, 0x00, 0x00, 0x00, 0x00, 0x00, 0x00, 0x00, 0x00, 
0x00, 0x00, 0x00, 0x00, 0x00, 0x00, 0x00, 0x00, 0x00, 0x00, 0x00, 0x00, 0x00, 0x00, 0x00, 0x00, 
0x00, 0x00, 0x00, 0x00, 0x00, 0x00, 0x00, 0x00, 0x00, 0x00, 0x00, 0x00, 0x00, 0x00, 0x00, 0x00, 
0x00, 0x00, 0x00, 0x00, 0x00, 0x00, 0x00, 0x00, 0x00, 0x00, 0x00, 0x00, 0x00, 0x00, 0x00, 0x00, 
0x00, 0x00, 0x00, 0x00, 0x00, 0x00, 0x00, 0x00, 0x00, 0x00, 0x00, 0x00, 0x00, 0x00, 0x00, 0x00, 
0x00, 0x00, 0x00, 0x00, 0x00, 0x00, 0x00, 0x00, 0x00, 0x00, 0x00, 0x00, 0x00, 0x00, 0x00, 0x00, 
0x00, 0x00, 0x00, 0x00, 0x00, 0x00, 0x00, 0x00, 0x00, 0x00, 0x00, 0x00, 0x00, 0x00, 0x00, 0x00, 
0x00, 0x00, 0x00, 0x00, 0x00, 0x00, 0x00, 0x00, 0x00, 0x00, 0x00, 0x00, 0x00, 0x00, 0x00, 0x00, 
0x00, 0x00, 0x00, 0x00, 0x00, 0x00, 0x00, 0x00, 0x00, 0x00, 0x00, 0x00, 0x00, 0x00, 0x00, 0x00, 
0x00, 0x00, 0x00, 0x00, 0x00, 0x00, 0x00, 0x00, 0x00, 0x00, 0x00, 0x00, 0x00, 0x00, 0x00, 0x00, 
0x00, 0x00, 0x00, 0x00, 0x00, 0x00, 0x00, 0x00, 0x00, 0x00, 0x00, 0x00, 0x00, 0x00, 0x00, 0x00, 
0x00, 0x00, 0x00, 0x00, 0x00, 0x00, 0x00, 0x00, 0x00, 0x00, 0x00, 0x00, 0x00, 0x00, 0x00, 0x00, 
0x00, 0x00, 0x00, 0x00, 0x00, 0x00, 0x00, 0x00, 0x00, 0x00, 0x00, 0x00, 0x00, 0x00, 0x00, 0x00, 
0x00, 0x00, 0x00, 0x00, 0x00, 0x00, 0x00, 0x00, 0x00, 0x00, 0x00, 0x00, 0x00, 0x00, 0x00, 0x00, 
0x00, 0x00, 0x00, 0x00, 0x00, 0x00, 0x00, 0x00, 0x00, 0x00, 0x00, 0x00, 0x00, 0x00, 0x00, 0x00, 
0x00, 0x00, 0x00, 0x00, 0x00, 0x00, 0x00, 0x00, 0x00, 0x00, 0x00, 0x00, 0x00, 0x00, 0x00, 0x00, 
0x00, 0x00, 0x00, 0x00, 0x00, 0x00, 0x00, 0x00, 0x00, 0x00, 0x00, 0x00, 0x00, 0x00, 0x00, 0x00, 
0x00, 0x00, 0x00, 0x00, 0x00, 0x00, 0x00, 0x00, 0x00, 0x00, 0x00, 0x00, 0x00, 0x00, 0x00, 0x00, 
0x00, 0x00, 0x00, 0x00, 0x00, 0x00, 0x00, 0x00, 0x00, 0x00, 0x00, 0x00, 0x00, 0x00, 0x00, 0x00, 
0x00, 0x00, 0x00, 0x00, 0x00, 0x00, 0x00, 0x00, 0x00, 0x00, 0x00, 0x00, 0x00, 0x00, 0x00, 0x00, 
0x00, 0x00, 0x00, 0x00, 0x00, 0x00, 0x00, 0x00, 0x00, 0x00, 0x00, 0x00, 0x00, 0x00, 0x00, 0x00, 
0x00, 0x00, 0x00, 0x00, 0x00, 0x00, 0x00, 0x00, 0x00, 0x00, 0x00, 0x00, 0x00, 0x00, 0x00, 0x00, 
0x00, 0x00, 0x00, 0x00, 0x00, 0x00, 0x00, 0x00, 0x00, 0x00, 0x00, 0x00, 0x00, 0x00, 0x00, 0x00, 
0x00, 0x00, 0x00, 0x00, 0x00, 0x00, 0x00, 0x00, 0x00, 0x00, 0x00, 0x00, 0x00, 0x00, 0x00, 0x00, 
0x00, 0x00, 0x00, 0x00, 0x00, 0x00, 0x00, 0x00, 0x00, 0x00, 0x00, 0x00, 0x00, 0x00, 0x00, 0x00, 
0x00, 0x00, 0x00, 0x00, 0x00, 0x00, 0x00, 0x00, 0x00, 0x00, 0x00, 0x00, 0x00, 0x00, 0x00, 0x00, 
0x00, 0x00, 0x00, 0x00, 0x00, 0x00, 0x00, 0x00, 0x00, 0x00, 0x00, 0x00, 0x00, 0x00, 0x00, 0x00, 
0x00, 0x00, 0x00, 0x00, 0x00, 0x00, 0x00, 0x00, 0x00, 0x00, 0x00, 0x00, 0x00, 0x00, 0x00, 0x00, 
0x00, 0x00, 0x00, 0x00, 0x00, 0x00, 0x00, 0x00, 0x00, 0x00, 0x00, 0x00, 0x00, 0x00, 0x00, 0x00, 
0x00, 0x00, 0x00, 0x00, 0x00, 0x00, 0x00, 0x00, 0x00, 0x00, 0x00, 0x00, 0x00, 0x00, 0x00, 0x00, 
0x00, 0x00, 0x00, 0x00, 0x00, 0x00, 0x00, 0x00, 0x00, 0x00, 0x00, 0x00, 0x00, 0x00, 0x00, 0x00, 
0x00, 0x00, 0x00, 0x00, 0x00, 0x00, 0x00, 0x00, 0x00, 0x00, 0x00, 0x00, 0x00, 0x00, 0x00, 0x00, 
0x00, 0x00, 0x00, 0x00, 0x00, 0x00, 0x00, 0x00, 0x00, 0x00, 0x00, 0x00, 0x00, 0x00, 0x00, 0x00, 
0x00, 0x00, 0x00, 0x00, 0x00, 0x00, 0x00, 0x00, 0x00, 0x00, 0x00, 0x00, 0x00, 0x00, 0x00, 0x00, 
0x00, 0x00, 0x00, 0x00, 0x00, 0x00, 0x00, 0x00, 0x00, 0x00, 0x00, 0x00, 0x00, 0x00, 0x00, 0x00, 
0x00, 0x00, 0x00, 0x00, 0x00, 0x00, 0x00, 0x00, 0x00, 0x00, 0x00, 0x00, 0x00, 0x00, 0x00, 0x00, 
0x00, 0x00, 0x00, 0x00, 0x00, 0x00, 0x00, 0x00, 0x00, 0x00, 0x00, 0x00, 0x00, 0x00, 0x00, 0x00, 
0x00, 0x00, 0x00, 0x00, 0x00, 0x00, 0x00, 0x00, 0x00, 0x00, 0x00, 0x00, 0x00, 0x00, 0x00, 0x00, 
0x00, 0x00, 0x00, 0x00, 0x00, 0x00, 0x00, 0x00, 0x00, 0x00, 0x00, 0x00, 0x00, 0x00, 0x00, 0x00, 
0x00, 0x00, 0x00, 0x00, 0x00, 0x00, 0x00, 0x00, 0x00, 0x00, 0x00, 0x00, 0x00, 0x00, 0x00, 0x00, 
0x00, 0x00, 0x00, 0x00, 0x00, 0x00, 0x00, 0x00, 0x00, 0x00, 0x00, 0x00, 0x00, 0x00, 0x00, 0x00, 
0x00, 0x00, 0x00, 0x00, 0x00, 0x00, 0x00, 0x00, 0x00, 0x00, 0x00, 0x00, 0x00, 0x00, 0x00, 0x00, 
0x00, 0x00, 0x00, 0x00, 0x00, 0x00, 0x00, 0x00, 0x00, 0x00, 0x00, 0x00, 0x00, 0x00, 0x00, 0x00, 
0x00, 0x00, 0x00, 0x00, 0x00, 0x00, 0x00, 0x00, 0x00, 0x00, 0x00, 0x00, 0x00, 0x00, 0x00, 0x00, 
0x00, 0x00, 0x00, 0x00, 0x00, 0x00, 0x00, 0x00, 0x00, 0x00, 0x00, 0x00, 0x00, 0x00, 0x00, 0x00, 
0x00, 0x00, 0x00, 0x00, 0x00, 0x00, 0x00, 0x00, 0x00, 0x00, 0x00, 0x00, 0x00, 0x00, 0x00, 0x00, 
0x00, 0x00, 0x00, 0x00, 0x00, 0x00, 0x00, 0x00, 0x00, 0x00, 0x00, 0x00, 0x00, 0x00, 0x00, 0x00, 
0x00, 0x00, 0x00, 0x00, 0x00, 0x00, 0x00, 0x00, 0x00, 0x00, 0x00, 0x00, 0x00, 0x00, 0x00, 0x00, 
0x00, 0x00, 0x00, 0x00, 0x00, 0x00, 0x00, 0x00, 0x00, 0x00, 0x00, 0x00, 0x00, 0x00, 0x00, 0x00, 
0x00, 0x00, 0x00, 0x00, 0x00, 0x00, 0x00, 0x00, 0x00, 0x00, 0x00, 0x00, 0x00, 0x00, 0x00, 0x00, 
0x00, 0x00, 0x00, 0x00, 0x00, 0x00, 0x00, 0x00, 0x00, 0x00, 0x00, 0x00, 0x00, 0x00, 0x00, 0x00, 
0x00, 0x00, 0x00, 0x00, 0x00, 0x00, 0x00, 0x00, 0x00, 0x00, 0x00, 0x00, 0x00, 0x00, 0x00, 0x00, 
0x00, 0x00, 0x00, 0x00, 0x00, 0x00, 0x00, 0x00, 0x00, 0x00, 0x00, 0x00, 0x00, 0x00, 0x00, 0x00, 
0x00, 0x00, 0x00, 0x00, 0x00, 0x00, 0x00, 0x00, 0x00, 0x00, 0x00, 0x00, 0x00, 0x00, 0x00, 0x00, 
0x00, 0x00, 0x00, 0x00, 0x00, 0x00, 0x00, 0x00, 0x00, 0x00, 0x00, 0x00, 0x00, 0x00, 0x00, 0x00, 
0x00, 0x00, 0x00, 0x00, 0x00, 0x00, 0x00, 0x00, 0x00, 0x00, 0x00, 0x00, 0x00, 0x00, 0x00, 0x00, 
0x00, 0x00, 0x00, 0x00, 0x00, 0x00, 0x00, 0x00, 0x00, 0x00, 0x00, 0x00, 0x00, 0x00, 0x00, 0x00, 
0x00, 0x00, 0x00, 0x00, 0x00, 0x00, 0x00, 0x00, 0x00, 0x00, 0x00, 0x00, 0x00, 0x00, 0x00, 0x00, 
0x00, 0x00, 0x00, 0x00, 0x00, 0x00, 0x00, 0x00, 0x00, 0x00, 0x00, 0x00, 0x00, 0x00, 0x00, 0x00, 
0x00, 0x00, 0x00, 0x00, 0x00, 0x00, 0x00, 0x00, 0x00, 0x00, 0x00, 0x00, 0x00, 0x00, 0x00, 0x00, 
0x00, 0x00, 0x00, 0x00, 0x00, 0x00, 0x00, 0x00, 0x00, 0x00, 0x00, 0x00, 0x00, 0x00, 0x00, 0x00, 
0x00, 0x00, 0x00, 0x00, 0x00, 0x00, 0x00, 0x00, 0x00, 0x00, 0x00, 0x00, 0x00, 0x00, 0x00, 0x00, 
0x00, 0x00, 0x00, 0x00, 0x00, 0x00, 0x00, 0x00, 0x00, 0x00, 0x00, 0x00, 0x00, 0x00, 0x00, 0x00, 
0x00, 0x00, 0x00, 0x00, 0x00, 0x00, 0x00, 0x00, 0x00, 0x00, 0x00, 0x00, 0x00, 0x00, 0x00, 0x00, 
0x00, 0x00, 0x00, 0x00, 0x00, 0x00, 0x00, 0x00, 0x00, 0x00, 0x00, 0x00, 0x00, 0x00, 0x00, 0x00, 
0x00, 0x00, 0x00, 0x00, 0x00, 0x00, 0x00, 0x00, 0x00, 0x00, 0x00, 0x00, 0x00, 0x00, 0x00, 0x00, 
0x00, 0x00, 0x00, 0x00, 0x00, 0x00, 0x00, 0x00, 0x00, 0x00, 0x00, 0x00, 0x00, 0x00, 0x00, 0x00, 
0x00, 0x00, 0x00, 0x00, 0x00, 0x00, 0x00, 0x00, 0x00, 0x00, 0x00, 0x00, 0x00, 0x00, 0x00, 0x00, 
0x00, 0x00, 0x00, 0x00, 0x00, 0x00, 0x00, 0x00, 0x00, 0x00, 0x00, 0x00, 0x00, 0x00, 0x00, 0x00, 
0x00, 0x00, 0x00, 0x00, 0x00, 0x00, 0x00, 0x00, 0x00, 0x00, 0x00, 0x00, 0x00, 0x00, 0x00, 0x00, 
0x00, 0x00, 0x00, 0x00, 0x00, 0x00, 0x00, 0x00, 0x00, 0x00, 0x00, 0x00, 0x00, 0x00, 0x00, 0x00, 
0x00, 0x00, 0x00, 0x00, 0x00, 0x00, 0x00, 0x00, 0x00, 0x00, 0x00, 0x00, 0x00, 0x00, 0x00, 0x00, 
0x00, 0x00, 0x00, 0x00, 0x00, 0x00, 0x00, 0x00, 0x00, 0x00, 0x00, 0x00, 0x00, 0x00, 0x00, 0x00, 
0x00, 0x00, 0x00, 0x00, 0x00, 0x00, 0x00, 0x00, 0x00, 0x00, 0x00, 0x00, 0x00, 0x00, 0x00, 0x00, 
0x00, 0x00, 0x00, 0x00, 0x00, 0x00, 0x00, 0x00, 0x00, 0x00, 0x00, 0x00, 0x00, 0x00, 0x00, 0x00, 
0x00, 0x00, 0x00, 0x00, 0x00, 0x00, 0x00, 0x00, 0x00, 0x00, 0x00, 0x00, 0x00, 0x00, 0x00, 0x00, 
0x00, 0x00, 0x00, 0x00, 0x00, 0x00, 0x00, 0x00, 0x00, 0x00, 0x00, 0x00, 0x00, 0x00, 0x00, 0x00, 
0x00, 0x00, 0x00, 0x00, 0x00, 0x00, 0x00, 0x00, 0x00, 0x00, 0x00, 0x00, 0x00, 0x00, 0x00, 0x00, 
0x00, 0x00, 0x00, 0x00, 0x00, 0x00, 0x00, 0x00, 0x00, 0x00, 0x00, 0x00, 0x00, 0x00, 0x00, 0x00, 
0x00, 0x00, 0x00, 0x00, 0x00, 0x00, 0x00, 0x00, 0x00, 0x00, 0x00, 0x00, 0x00, 0x00, 0x00, 0x00, 
0x00, 0x00, 0x00, 0x00, 0x00, 0x00, 0x00, 0x00, 0x00, 0x00, 0x00, 0x00, 0x00, 0x00, 0x00, 0x00, 
0x00, 0x00, 0x00, 0x00, 0x00, 0x00, 0x00, 0x00, 0x00, 0x00, 0x00, 0x00, 0x00, 0x00, 0x00, 0x00, 
0x00, 0x00, 0x00, 0x00, 0x00, 0x00, 0x00, 0x00, 0x00, 0x00, 0x00, 0x00, 0x00, 0x00, 0x00, 0x00, 
0x00, 0x00, 0x00, 0x00, 0x00, 0x00, 0x00, 0x00, 0x00, 0x00, 0x00, 0x00, 0x00, 0x00, 0x00, 0x00, 
0x00, 0x00, 0x00, 0x00, 0x00, 0x00, 0x00, 0x00, 0x00, 0x00, 0x00, 0x00, 0x00, 0x00, 0x00, 0x00, 
0x00, 0x00, 0x00, 0x00, 0x00, 0x00, 0x00, 0x00, 0x00, 0x00, 0x00, 0x00, 0x00, 0x00, 0x00, 0x00, 
0x00, 0x00, 0x00, 0x00, 0x00, 0x00, 0x00, 0x00, 0x00, 0x00, 0x00, 0x00, 0x00, 0x00, 0x00, 0x00, 
0x00, 0x00, 0x00, 0x00, 0x00, 0x00, 0x00, 0x00, 0x00, 0x00, 0x00, 0x00, 0x00, 0x00, 0x00, 0x00, 
0x00, 0x00, 0x00, 0x00, 0x00, 0x00, 0x00, 0x00, 0x00, 0x00, 0x00, 0x00, 0x00, 0x00, 0x00, 0x00, 
0x00, 0x00, 0x00, 0x00, 0x00, 0x00, 0x00, 0x00, 0x00, 0x00, 0x00, 0x00, 0x00, 0x00, 0x00, 0x00, 
0x00, 0x00, 0x00, 0x00, 0x00, 0x00, 0x00, 0x00, 0x00, 0x00, 0x00, 0x00, 0x00, 0x00, 0x00, 0x00, 
0x00, 0x00, 0x00, 0x00, 0x00, 0x00, 0x00, 0x00, 0x00, 0x00, 0x00, 0x00, 0x00, 0x00, 0x00, 0x00, 
0x00, 0x00, 0x00, 0x00, 0x00, 0x00, 0x00, 0x00, 0x00, 0x00, 0x00, 0x00, 0x00, 0x00, 0x00, 0x00, 
0x00, 0x00, 0x00, 0x00, 0x00, 0x00, 0x00, 0x00, 0x00, 0x00, 0x00, 0x00, 0x00, 0x00, 0x00, 0x00, 
0x00, 0x00, 0x00, 0x00, 0x00, 0x00, 0x00, 0x00, 0x00, 0x00, 0x00, 0x00, 0x00, 0x00, 0x00, 0x00, 
0x00, 0x00, 0x00, 0x00, 0x00, 0x00, 0x00, 0x00, 0x00, 0x00, 0x00, 0x00, 0x00, 0x00, 0x00, 0x00, 
0x00, 0x00, 0x00, 0x00, 0x00, 0x00, 0x00, 0x00, 0x00, 0x00, 0x00, 0x00, 0x00, 0x00, 0x00, 0x00, 
0x00, 0x00, 0x00, 0x00, 0x00, 0x00, 0x00, 0x00, 0x00, 0x00, 0x00, 0x00, 0x00, 0x00, 0x00, 0x00, 
0x00, 0x00, 0x00, 0x00, 0x00, 0x00, 0x00, 0x00, 0x00, 0x00, 0x00, 0x00, 0x00, 0x00, 0x00, 0x00, 
0x00, 0x00, 0x00, 0x00, 0x00, 0x00, 0x00, 0x00, 0x00, 0x00, 0x00, 0x00, 0x00, 0x00, 0x00, 0x00, 
0x00, 0x00, 0x00, 0x00, 0x00, 0x00, 0x00, 0x00, 0x00, 0x00, 0x00, 0x00, 0x00, 0x00, 0x00, 0x00, 
0x00, 0x00, 0x00, 0x00, 0x00, 0x00, 0x00, 0x00, 0x00, 0x00, 0x00, 0x00, 0x00, 0x00, 0x00, 0x00, 
0x00, 0x00, 0x00, 0x00, 0x00, 0x00, 0x00, 0x00, 0x00, 0x00, 0x00, 0x00, 0x00, 0x00, 0x00, 0x00, 
0x00, 0x00, 0x00, 0x00, 0x00, 0x00, 0x00, 0x00, 0x00, 0x00, 0x00, 0x00, 0x00, 0x00, 0x00, 0x00, 
0x00, 0x00, 0x00, 0x00, 0x00, 0x00, 0x00, 0x00, 0x00, 0x00, 0x00, 0x00, 0x00, 0x00, 0x00, 0x00, 
0x00, 0x00, 0x00, 0x00, 0x00, 0x00, 0x00, 0x00, 0x00, 0x00, 0x00, 0x00, 0x00, 0x00, 0x00, 0x00, 
0x00, 0x00, 0x00, 0x00, 0x00, 0x00, 0x00, 0x00, 0x00, 0x00, 0x00, 0x00, 0x00, 0x00, 0x00, 0x00, 
0x00, 0x00, 0x00, 0x00, 0x00, 0x00, 0x00, 0x00, 0x00, 0x00, 0x00, 0x00, 0x00, 0x00, 0x00, 0x00, 
0x00, 0x00, 0x00, 0x00, 0x00, 0x00, 0x00, 0x00, 0x00, 0x00, 0x00, 0x00, 0x00, 0x00, 0x00, 0x00, 
0x00, 0x00, 0x00, 0x00, 0x00, 0x00, 0x00, 0x00, 0x00, 0x00, 0x00, 0x00, 0x00, 0x00, 0x00, 0x00, 
0x00, 0x00, 0x00, 0x00, 0x00, 0x00, 0x00, 0x00, 0x00, 0x00, 0x00, 0x00, 0x00, 0x00, 0x00, 0x00, 
0x00, 0x00, 0x00, 0x00, 0x00, 0x00, 0x00, 0x00, 0x00, 0x00, 0x00, 0x00, 0x00, 0x00, 0x00, 0x00, 
0x00, 0x00, 0x00, 0x00, 0x00, 0x00, 0x00, 0x00, 0x00, 0x00, 0x00, 0x00, 0x00, 0x00, 0x00, 0x00, 
0x00, 0x00, 0x00, 0x00, 0x00, 0x00, 0x00, 0x00, 0x00, 0x00, 0x00, 0x00, 0x00, 0x00, 0x00, 0x00, 
0x00, 0x00, 0x00, 0x00, 0x00, 0x00, 0x00, 0x00, 0x00, 0x00, 0x00, 0x00, 0x00, 0x00, 0x00, 0x00, 
0x00, 0x00, 0x00, 0x00, 0x00, 0x00, 0x00, 0x00, 0x00, 0x00, 0x00, 0x00, 0x00, 0x00, 0x00, 0x00, 
0x00, 0x00, 0x00, 0x00, 0x00, 0x00, 0x00, 0x00, 0x00, 0x00, 0x00, 0x00, 0x00, 0x00, 0x00, 0x00, 
0x00, 0x00, 0x00, 0x00, 0x00, 0x00, 0x00, 0x00, 0x00, 0x00, 0x00, 0x00, 0x00, 0x00, 0x00, 0x00, 
0x00, 0x00, 0x00, 0x00, 0x00, 0x00, 0x00, 0x00, 0x00, 0x00, 0x00, 0x00, 0x00, 0x00, 0x00, 0x00, 
0x00, 0x00, 0x00, 0x00, 0x00, 0x00, 0x00, 0x00, 0x00, 0x00, 0x00, 0x00, 0x00, 0x00, 0x00, 0x00, 
0x00, 0x00, 0x00, 0x00, 0x00, 0x00, 0x00, 0x00, 0x00, 0x00, 0x00, 0x00, 0x00, 0x00, 0x00, 0x00, 
0x00, 0x00, 0x00, 0x00, 0x00, 0x00, 0x00, 0x00, 0x00, 0x00, 0x00, 0x00, 0x00, 0x00, 0x00, 0x00, 
0x00, 0x00, 0x00, 0x00, 0x00, 0x00, 0x00, 0x00, 0x00, 0x00, 0x00, 0x00, 0x00, 0x00, 0x00, 0x00, 
0x00, 0x00, 0x00, 0x00, 0x00, 0x00, 0x00, 0x00, 0x00, 0x00, 0x00, 0x00, 0x00, 0x00, 0x00, 0x00, 
0x00, 0x00, 0x00, 0x00, 0x00, 0x00, 0x00, 0x00, 0x00, 0x00, 0x00, 0x00, 0x00, 0x00, 0x00, 0x00, 
0x00, 0x00, 0x00, 0x00, 0x00, 0x00, 0x00, 0x00, 0x00, 0x00, 0x00, 0x00, 0x00, 0x00, 0x00, 0x00, 
0x00, 0x00, 0x00, 0x00, 0x00, 0x00, 0x00, 0x00, 0x00, 0x00, 0x00, 0x00, 0x00, 0x00, 0x00, 0x00, 
0x00, 0x00, 0x00, 0x00, 0x00, 0x00, 0x00, 0x00, 0x00, 0x00, 0x00, 0x00, 0x00, 0x00, 0x00, 0x00, 
0x00, 0x00, 0x00, 0x00, 0x00, 0x00, 0x00, 0x00, 0x00, 0x00, 0x00, 0x00, 0x00, 0x00, 0x00, 0x00, 
0x00, 0x00, 0x00, 0x00, 0x00, 0x00, 0x00, 0x00, 0x00, 0x00, 0x00, 0x00, 0x00, 0x00, 0x00, 0x00, 
0x00, 0x00, 0x00, 0x00, 0x00, 0x00, 0x00, 0x00, 0x00, 0x00, 0x00, 0x00, 0x00, 0x00, 0x00, 0x00, 
0x00, 0x00, 0x00, 0x00, 0x00, 0x00, 0x00, 0x00, 0x00, 0x00, 0x00, 0x00, 0x00, 0x00, 0x00, 0x00, 
0x00, 0x00, 0x00, 0x00, 0x00, 0x00, 0x00, 0x00, 0x00, 0x00, 0x00, 0x00, 0x00, 0x00, 0x00, 0x00, 
0x00, 0x00, 0x00, 0x00, 0x00, 0x00, 0x00, 0x00, 0x00, 0x00, 0x00, 0x00, 0x00, 0x00, 0x00, 0x00, 
0x00, 0x00, 0x00, 0x00, 0x00, 0x00, 0x00, 0x00, 0x00, 0x00, 0x00, 0x00, 0x00, 0x00, 0x00, 0x00, 
0x00, 0x00, 0x00, 0x00, 0x00, 0x00, 0x00, 0x00, 0x00, 0x00, 0x00, 0x00, 0x00, 0x00, 0x00, 0x00, 
0x00, 0x00, 0x00, 0x00, 0x00, 0x00, 0x00, 0x00, 0x00, 0x00, 0x00, 0x00, 0x00, 0x00, 0x00, 0x00, 
0x00, 0x00, 0x00, 0x00, 0x00, 0x00, 0x00, 0x00, 0x00, 0x00, 0x00, 0x00, 0x00, 0x00, 0x00, 0x00, 
0x00, 0x00, 0x00, 0x00, 0x00, 0x00, 0x00, 0x00, 0x00, 0x00, 0x00, 0x00, 0x00, 0x00, 0x00, 0x00, 
0x00, 0x00, 0x00, 0x00, 0x00, 0x00, 0x00, 0x00, 0x00, 0x00, 0x00, 0x00, 0x00, 0x00, 0x00, 0x00, 
0x00, 0x00, 0x00, 0x00, 0x00, 0x00, 0x00, 0x00, 0x00, 0x00, 0x00, 0x00, 0x00, 0x00, 0x00, 0x00, 
0x00, 0x00, 0x00, 0x00, 0x00, 0x00, 0x00, 0x00, 0x00, 0x00, 0x00, 0x00, 0x00, 0x00, 0x00, 0x00, 
0x00, 0x00, 0x00, 0x00, 0x00, 0x00, 0x00, 0x00, 0x00, 0x00, 0x00, 0x00, 0x00, 0x00, 0x00, 0x00, 
0x00, 0x00, 0x00, 0x00, 0x00, 0x00, 0x00, 0x00, 0x00, 0x00, 0x00, 0x00, 0x00, 0x00, 0x00, 0x00, 
0x00, 0x00, 0x00, 0x00, 0x00, 0x00, 0x00, 0x00, 0x00, 0x00, 0x00, 0x00, 0x00, 0x00, 0x00, 0x00, 
0x00, 0x00, 0x00, 0x00, 0x00, 0x00, 0x00, 0x00, 0x00, 0x00, 0x00, 0x00, 0x00, 0x00, 0x00, 0x00, 
0x00, 0x00, 0x00, 0x00, 0x00, 0x00, 0x00, 0x00, 0x00, 0x00, 0x00, 0x00, 0x00, 0x00, 0x00, 0x00, 
0x00, 0x00, 0x00, 0x00, 0x00, 0x00, 0x00, 0x00, 0x00, 0x00, 0x00, 0x00, 0x00, 0x00, 0x00, 0x00, 
0x00, 0x00, 0x00, 0x00, 0x00, 0x00, 0x00, 0x00, 0x00, 0x00, 0x00, 0x00, 0x00, 0x00, 0x00, 0x00, 
0x00, 0x00, 0x00, 0x00, 0x00, 0x00, 0x00, 0x00, 0x00, 0x00, 0x00, 0x00, 0x00, 0x00, 0x00, 0x00, 
0x00, 0x00, 0x00, 0x00, 0x00, 0x00, 0x00, 0x00, 0x00, 0x00, 0x00, 0x00, 0x00, 0x00, 0x00, 0x00, 
0x00, 0x00, 0x00, 0x00, 0x00, 0x00, 0x00, 0x00, 0x00, 0x00, 0x00, 0x00, 0x00, 0x00, 0x00, 0x00, 
0x00, 0x00, 0x00, 0x00, 0x00, 0x00, 0x00, 0x00, 0x00, 0x00, 0x00, 0x00, 0x00, 0x00, 0x00, 0x00, 
0x00, 0x00, 0x00, 0x00, 0x00, 0x00, 0x00, 0x00, 0x00, 0x00, 0x00, 0x00, 0x00, 0x00, 0x00, 0x00, 
0x00, 0x00, 0x00, 0x00, 0x00, 0x00, 0x00, 0x00, 0x00, 0x00, 0x00, 0x00, 0x00, 0x00, 0x00, 0x00, 
0x00, 0x00, 0x00, 0x00, 0x00, 0x00, 0x00, 0x00, 0x00, 0x00, 0x00, 0x00, 0x00, 0x00, 0x00, 0x00, 
0x00, 0x00, 0x00, 0x00, 0x00, 0x00, 0x00, 0x00, 0x00, 0x00, 0x00, 0x00, 0x00, 0x00, 0x00, 0x00, 
0x00, 0x00, 0x00, 0x00, 0x00, 0x00, 0x00, 0x00, 0x00, 0x00, 0x00, 0x00, 0x00, 0x00, 0x00, 0x00, 
0x00, 0x00, 0x00, 0x00, 0x00, 0x00, 0x00, 0x00, 0x00, 0x00, 0x00, 0x00, 0x00, 0x00, 0x00, 0x00, 
0x00, 0x00, 0x00, 0x00, 0x00, 0x00, 0x00, 0x00, 0x00, 0x00, 0x00, 0x00, 0x00, 0x00, 0x00, 0x00, 
0x00, 0x00, 0x00, 0x00, 0x00, 0x00, 0x00, 0x00, 0x00, 0x00, 0x00, 0x00, 0x00, 0x00, 0x00, 0x00, 
0x00, 0x00, 0x00, 0x00, 0x00, 0x00, 0x00, 0x00, 0x00, 0x00, 0x00, 0x00, 0x00, 0x00, 0x00, 0x00, 
0x00, 0x00, 0x00, 0x00, 0x00, 0x00, 0x00, 0x00, 0x00, 0x00, 0x00, 0x00, 0x00, 0x00, 0x00, 0x00, 
0x00, 0x00, 0x00, 0x00, 0x00, 0x00, 0x00, 0x00, 0x00, 0x00, 0x00, 0x00, 0x00, 0x00, 0x00, 0x00, 
0x00, 0x00, 0x00, 0x00, 0x00, 0x00, 0x00, 0x00, 0x00, 0x00, 0x00, 0x00, 0x00, 0x00, 0x00, 0x00, 
0x00, 0x00, 0x00, 0x00, 0x00, 0x00, 0x00, 0x00, 0x00, 0x00, 0x00, 0x00, 0x00, 0x00, 0x00, 0x00, 
0x00, 0x00, 0x00, 0x00, 0x00, 0x00, 0x00, 0x00, 0x00, 0x00, 0x00, 0x00, 0x00, 0x00, 0x00, 0x00, 
0x00, 0x00, 0x00, 0x00, 0x00, 0x00, 0x00, 0x00, 0x00, 0x00, 0x00, 0x00, 0x00, 0x00, 0x00, 0x00, 
0x00, 0x00, 0x00, 0x00, 0x00, 0x00, 0x00, 0x00, 0x00, 0x00, 0x00, 0x00, 0x00, 0x00, 0x00, 0x00, 
0x00, 0x00, 0x00, 0x00, 0x00, 0x00, 0x00, 0x00, 0x00, 0x00, 0x00, 0x00, 0x00, 0x00, 0x00, 0x00, 
0x00, 0x00, 0x00, 0x00, 0x00, 0x00, 0x00, 0x00, 0x00, 0x00, 0x00, 0x00, 0x00, 0x00, 0x00, 0x00, 
0x00, 0x00, 0x00, 0x00, 0x00, 0x00, 0x00, 0x00, 0x00, 0x00, 0x00, 0x00, 0x00, 0x00, 0x00, 0x00, 
0x00, 0x00, 0x00, 0x00, 0x00, 0x00, 0x00, 0x00, 0x00, 0x00, 0x00, 0x00, 0x00, 0x00, 0x00, 0x00, 
0x00, 0x00, 0x00, 0x00, 0x00, 0x00, 0x00, 0x00, 0x00, 0x00, 0x00, 0x00, 0x00, 0x00, 0x00, 0x00, 
0x00, 0x00, 0x00, 0x00, 0x00, 0x00, 0x00, 0x00, 0x00, 0x00, 0x00, 0x00, 0x00, 0x00, 0x00, 0x00, 
0x00, 0x00, 0x00, 0x00, 0x00, 0x00, 0x00, 0x00, 0x00, 0x00, 0x00, 0x00, 0x00, 0x00, 0x00, 0x00, 
0x00, 0x00, 0x00, 0x00, 0x00, 0x00, 0x00, 0x00, 0x00, 0x00, 0x00, 0x00, 0x00, 0x00, 0x00, 0x00, 
0x00, 0x00, 0x00, 0x00, 0x00, 0x00, 0x00, 0x00, 0x00, 0x00, 0x00, 0x00, 0x00, 0x00, 0x00, 0x00, 
0x00, 0x00, 0x00, 0x00, 0x00, 0x00, 0x00, 0x00, 0x00, 0x00, 0x00, 0x00, 0x00, 0x00, 0x00, 0x00, 
0x00, 0x00, 0x00, 0x00, 0x00, 0x00, 0x00, 0x00, 0x00, 0x00, 0x00, 0x00, 0x00, 0x00, 0x00, 0x00, 
0x00, 0x00, 0x00, 0x00, 0x00, 0x00, 0x00, 0x00, 0x00, 0x00, 0x00, 0x00, 0x00, 0x00, 0x00, 0x00, 
0x00, 0x00, 0x00, 0x00, 0x00, 0x00, 0x00, 0x00, 0x00, 0x00, 0x00, 0x00, 0x00, 0x00, 0x00, 0x00, 
0x00, 0x00, 0x00, 0x00, 0x00, 0x00, 0x00, 0x00, 0x00, 0x00, 0x00, 0x00, 0x00, 0x00, 0x00, 0x00, 
0x00, 0x00, 0x00, 0x00, 0x00, 0x00, 0x00, 0x00, 0x00, 0x00, 0x00, 0x00, 0x00, 0x00, 0x00, 0x00, 
0x00, 0x00, 0x00, 0x00, 0x00, 0x00, 0x00, 0x00, 0x00, 0x00, 0x00, 0x00, 0x00, 0x00, 0x00, 0x00, 
0x00, 0x00, 0x00, 0x00, 0x00, 0x00, 0x00, 0x00, 0x00, 0x00, 0x00, 0x00, 0x00, 0x00, 0x00, 0x00, 
0x00, 0x00, 0x00, 0x00, 0x00, 0x00, 0x00, 0x00, 0x00, 0x00, 0x00, 0x00, 0x00, 0x00, 0x00, 0x00, 
0x00, 0x00, 0x00, 0x00, 0x00, 0x00, 0x00, 0x00, 0x00, 0x00, 0x00, 0x00, 0x00, 0x00, 0x00, 0x00, 
0x00, 0x00, 0x00, 0x00, 0x00, 0x00, 0x00, 0x00, 0x00, 0x00, 0x00, 0x00, 0x00, 0x00, 0x00, 0x00, 
0x00, 0x00, 0x00, 0x00, 0x00, 0x00, 0x00, 0x00, 0x00, 0x00, 0x00, 0x00, 0x00, 0x00, 0x00, 0x00, 
0x00, 0x00, 0x00, 0x00, 0x00, 0x00, 0x00, 0x00, 0x00, 0x00, 0x00, 0x00, 0x00, 0x00, 0x00, 0x00, 
0x00, 0x00, 0x00, 0x00, 0x00, 0x00, 0x00, 0x00, 0x00, 0x00, 0x00, 0x00, 0x00, 0x00, 0x00, 0x00, 
0x00, 0x00, 0x00, 0x00, 0x00, 0x00, 0x00, 0x00, 0x00, 0x00, 0x00, 0x00, 0x00, 0x00, 0x00, 0x00, 
0x00, 0x00, 0x00, 0x00, 0x00, 0x00, 0x00, 0x00, 0x00, 0x00, 0x00, 0x00, 0x00, 0x00, 0x00, 0x00, 
0x00, 0x00, 0x00, 0x00, 0x00, 0x00, 0x00, 0x00, 0x00, 0x00, 0x00, 0x00, 0x00, 0x00, 0x00, 0x00, 
0x00, 0x00, 0x00, 0x00, 0x00, 0x00, 0x00, 0x00, 0x00, 0x00, 0x00, 0x00, 0x00, 0x00, 0x00, 0x00, 
0x00, 0x00, 0x00, 0x00, 0x00, 0x00, 0x00, 0x00, 0x00, 0x00, 0x00, 0x00, 0x00, 0x00, 0x00, 0x00, 
0x00, 0x00, 0x00, 0x00, 0x00, 0x00, 0x00, 0x00, 0x00, 0x00, 0x00, 0x00, 0x00, 0x00, 0x00, 0x00, 
0x00, 0x00, 0x00, 0x00, 0x00, 0x00, 0x00, 0x00, 0x00, 0x00, 0x00, 0x00, 0x00, 0x00, 0x00, 0x00, 
0x00, 0x00, 0x00, 0x00, 0x00, 0x00, 0x00, 0x00, 0x00, 0x00, 0x00, 0x00, 0x00, 0x00, 0x00, 0x00, 
0x00, 0x00, 0x00, 0x00, 0x00, 0x00, 0x00, 0x00, 0x00, 0x00, 0x00, 0x00, 0x00, 0x00, 0x00, 0x00, 
0x00, 0x00, 0x00, 0x00, 0x00, 0x00, 0x00, 0x00, 0x00, 0x00, 0x00, 0x00, 0x00, 0x00, 0x00, 0x00, 
0x00, 0x00, 0x00, 0x00, 0x00, 0x00, 0x00, 0x00, 0x00, 0x00, 0x00, 0x00, 0x00, 0x00, 0x00, 0x00, 
0x00, 0x00, 0x00, 0x00, 0x00, 0x00, 0x00, 0x00, 0x00, 0x00, 0x00, 0x00, 0x00, 0x00, 0x00, 0x00, 
0x00, 0x00, 0x00, 0x00, 0x00, 0x00, 0x00, 0x00, 0x00, 0x00, 0x00, 0x00, 0x00, 0x00, 0x00, 0x00, 
0x00, 0x00, 0x00, 0x00, 0x00, 0x00, 0x00, 0x00, 0x00, 0x00, 0x00, 0x00, 0x00, 0x00, 0x00, 0x00, 
0x00, 0x00, 0x00, 0x00, 0x00, 0x00, 0x00, 0x00, 0x00, 0x00, 0x00, 0x00, 0x00, 0x00, 0x00, 0x00, 
0x00, 0x00, 0x00, 0x00, 0x00, 0x00, 0x00, 0x00, 0x00, 0x00, 0x00, 0x00, 0x00, 0x00, 0x00, 0x00, 
0x00, 0x00, 0x00, 0x00, 0x00, 0x00, 0x00, 0x00, 0x00, 0x00, 0x00, 0x00, 0x00, 0x00, 0x00, 0x00, 
0x00, 0x00, 0x00, 0x00, 0x00, 0x00, 0x00, 0x00, 0x00, 0x00, 0x00, 0x00, 0x00, 0x00, 0x00, 0x00, 
0x00, 0x00, 0x00, 0x00, 0x00, 0x00, 0x00, 0x00, 0x00, 0x00, 0x00, 0x00, 0x00, 0x00, 0x00, 0x00, 
0x00, 0x00, 0x00, 0x00, 0x00, 0x00, 0x00, 0x00, 0x00, 0x00, 0x00, 0x00, 0x00, 0x00, 0x00, 0x00, 
0x00, 0x00, 0x00, 0x00, 0x00, 0x00, 0x00, 0x00, 0x00, 0x00, 0x00, 0x00, 0x00, 0x00, 0x00, 0x00, 
0x00, 0x00, 0x00, 0x00, 0x00, 0x00, 0x00, 0x00, 0x00, 0x00, 0x00, 0x00, 0x00, 0x00, 0x00, 0x00, 
0x00, 0x00, 0x00, 0x00, 0x00, 0x00, 0x00, 0x00, 0x00, 0x00, 0x00, 0x00, 0x00, 0x00, 0x00, 0x00, 
0x00, 0x00, 0x00, 0x00, 0x00, 0x00, 0x00, 0x00, 0x00, 0x00, 0x00, 0x00, 0x00, 0x00, 0x00, 0x00, 
0x00, 0x00, 0x00, 0x00, 0x00, 0x00, 0x00, 0x00, 0x00, 0x00, 0x00, 0x00, 0x00, 0x00, 0x00, 0x00, 
0x00, 0x00, 0x00, 0x00, 0x00, 0x00, 0x00, 0x00, 0x00, 0x00, 0x00, 0x00, 0x00, 0x00, 0x00, 0x00, 
0x00, 0x00, 0x00, 0x00, 0x00, 0x00, 0x00, 0x00, 0x00, 0x00, 0x00, 0x00, 0x00, 0x00, 0x00, 0x00, 
0x00, 0x00, 0x00, 0x00, 0x00, 0x00, 0x00, 0x00, 0x00, 0x00, 0x00, 0x00, 0x00, 0x00, 0x00, 0x00, 
0x00, 0x00, 0x00, 0x00, 0x00, 0x00, 0x00, 0x00, 0x00, 0x00, 0x00, 0x00, 0x00, 0x00, 0x00, 0x00, 
0x00, 0x00, 0x00, 0x00, 0x00, 0x00, 0x00, 0x00, 0x00, 0x00, 0x00, 0x00, 0x00, 0x00, 0x00, 0x00, 
0x00, 0x00, 0x00, 0x00, 0x00, 0x00, 0x00, 0x00, 0x00, 0x00, 0x00, 0x00, 0x00, 0x00, 0x00, 0x00, 
0x00, 0x00, 0x00, 0x00, 0x00, 0x00, 0x00, 0x00, 0x00, 0x00, 0x00, 0x00, 0x00, 0x00, 0x00, 0x00, 
0x00, 0x00, 0x00, 0x00, 0x00, 0x00, 0x00, 0x00, 0x00, 0x00, 0x00, 0x00, 0x00, 0x00, 0x00, 0x00, 
0x00, 0x00, 0x00, 0x00, 0x00, 0x00, 0x00, 0x00, 0x00, 0x00, 0x00, 0x00, 0x00, 0x00, 0x00, 0x00, 
0x00, 0x00, 0x00, 0x00, 0x00, 0x00, 0x00, 0x00, 0x00, 0x00, 0x00, 0x00, 0x00, 0x00, 0x00, 0x00, 
0x00, 0x00, 0x00, 0x00, 0x00, 0x00, 0x00, 0x00, 0x00, 0x00, 0x00, 0x00, 0x00, 0x00, 0x00, 0x00, 
0x00, 0x00, 0x00, 0x00, 0x00, 0x00, 0x00, 0x00, 0x00, 0x00, 0x00, 0x00, 0x00, 0x00, 0x00, 0x00, 
0x00, 0x00, 0x00, 0x00, 0x00, 0x00, 0x00, 0x00, 0x00, 0x00, 0x00, 0x00, 0x00, 0x00, 0x00, 0x00, 
0x00, 0x00, 0x00, 0x00, 0x00, 0x00, 0x00, 0x00, 0x00, 0x00, 0x00, 0x00, 0x00, 0x00, 0x00, 0x00, 
0x00, 0x00, 0x00, 0x00, 0x00, 0x00, 0x00, 0x00, 0x00, 0x00, 0x00, 0x00, 0x00, 0x00, 0x00, 0x00, 
0x00, 0x00, 0x00, 0x00, 0x00, 0x00, 0x00, 0x00, 0x00, 0x00, 0x00, 0x00, 0x00, 0x00, 0x00, 0x00, 
0x00, 0x00, 0x00, 0x00, 0x00, 0x00, 0x00, 0x00, 0x00, 0x00, 0x00, 0x00, 0x00, 0x00, 0x00, 0x00, 
0x00, 0x00, 0x00, 0x00, 0x00, 0x00, 0x00, 0x00, 0x00, 0x00, 0x00, 0x00, 0x00, 0x00, 0x00, 0x00, 
0x00, 0x00, 0x00, 0x00, 0x00, 0x00, 0x00, 0x00, 0x00, 0x00, 0x00, 0x00, 0x00, 0x00, 0x00, 0x00, 
0x00, 0x00, 0x00, 0x00, 0x00, 0x00, 0x00, 0x00, 0x00, 0x00, 0x00, 0x00, 0x00, 0x00, 0x00, 0x00, 
0x00, 0x00, 0x00, 0x00, 0x00, 0x00, 0x00, 0x00, 0x00, 0x00, 0x00, 0x00, 0x00, 0x00, 0x00, 0x00, 
0x00, 0x00, 0x00, 0x00, 0x00, 0x00, 0x00, 0x00, 0x00, 0x00, 0x00, 0x00, 0x00, 0x00, 0x00, 0x00, 
0x00, 0x00, 0x00, 0x00, 0x00, 0x00, 0x00, 0x00, 0x00, 0x00, 0x00, 0x00, 0x00, 0x00, 0x00, 0x00, 
0x00, 0x00, 0x00, 0x00, 0x00, 0x00, 0x00, 0x00, 0x00, 0x00, 0x00, 0x00, 0x00, 0x00, 0x00, 0x00, 
0x00, 0x00, 0x00, 0x00, 0x00, 0x00, 0x00, 0x00, 0x00, 0x00, 0x00, 0x00, 0x00, 0x00, 0x00, 0x00, 
0x00, 0x00, 0x00, 0x00, 0x00, 0x00, 0x00, 0x00, 0x00, 0x00, 0x00, 0x00, 0x00, 0x00, 0x00, 0x00, 
0x00, 0x00, 0x00, 0x00, 0x00, 0x00, 0x00, 0x00, 0x00, 0x00, 0x00, 0x00, 0x00, 0x00, 0x00, 0x00, 
0x00, 0x00, 0x00, 0x00, 0x00, 0x00, 0x00, 0x00, 0x00, 0x00, 0x00, 0x00, 0x00, 0x00, 0x00, 0x00, 
0x00, 0x00, 0x00, 0x00, 0x00, 0x00, 0x00, 0x00, 0x00, 0x00, 0x00, 0x00, 0x00, 0x00, 0x00, 0x00, 
0x00, 0x00, 0x00, 0x00, 0x00, 0x00, 0x00, 0x00, 0x00, 0x00, 0x00, 0x00, 0x00, 0x00, 0x00, 0x00, 
0x00, 0x00, 0x00, 0x00, 0x00, 0x00, 0x00, 0x00, 0x00, 0x00, 0x00, 0x00, 0x00, 0x00, 0x00, 0x00, 
0x00, 0x00, 0x00, 0x00, 0x00, 0x00, 0x00, 0x00, 0x00, 0x00, 0x00, 0x00, 0x00, 0x00, 0x00, 0x00, 
0x00, 0x00, 0x00, 0x00, 0x00, 0x00, 0x00, 0x00, 0x00, 0x00, 0x00, 0x00, 0x00, 0x00, 0x00, 0x00, 
0x00, 0x00, 0x00, 0x00, 0x00, 0x00, 0x00, 0x00, 0x00, 0x00, 0x00, 0x00, 0x00, 0x00, 0x00, 0x00, 
0x00, 0x00, 0x00, 0x00, 0x00, 0x00, 0x00, 0x00, 0x00, 0x00, 0x00, 0x00, 0x00, 0x00, 0x00, 0x00, 
0x00, 0x00, 0x00, 0x00, 0x00, 0x00, 0x00, 0x00, 0x00, 0x00, 0x00, 0x00, 0x00, 0x00, 0x00, 0x00, 
0x00, 0x00, 0x00, 0x00, 0x00, 0x00, 0x00, 0x00, 0x00, 0x00, 0x00, 0x00, 0x00, 0x00, 0x00, 0x00, 
0x00, 0x00, 0x00, 0x00, 0x00, 0x00, 0x00, 0x00, 0x00, 0x00, 0x00, 0x00, 0x00, 0x00, 0x00, 0x00, 
0x00, 0x00, 0x00, 0x00, 0x00, 0x00, 0x00, 0x00, 0x00, 0x00, 0x00, 0x00, 0x00, 0x00, 0x00, 0x00, 
0x00, 0x00, 0x00, 0x00, 0x00, 0x00, 0x00, 0x00, 0x00, 0x00, 0x00, 0x00, 0x00, 0x00, 0x00, 0x00, 
0x00, 0x00, 0x00, 0x00, 0x00, 0x00, 0x00, 0x00, 0x00, 0x00, 0x00, 0x00, 0x00, 0x00, 0x00, 0x00, 
0x00, 0x00, 0x00, 0x00, 0x00, 0x00, 0x00, 0x00, 0x00, 0x00, 0x00, 0x00, 0x00, 0x00, 0x00, 0x00, 
0x00, 0x00, 0x00, 0x00, 0x00, 0x00, 0x00, 0x00, 0x00, 0x00, 0x00, 0x00, 0x00, 0x00, 0x00, 0x00, 
0x00, 0x00, 0x00, 0x00, 0x00, 0x00, 0x00, 0x00, 0x00, 0x00, 0x00, 0x00, 0x00, 0x00, 0x00, 0x00, 
0x00, 0x00, 0x00, 0x00, 0x00, 0x00, 0x00, 0x00, 0x00, 0x00, 0x00, 0x00, 0x00, 0x00, 0x00, 0x00, 
0x00, 0x00, 0x00, 0x00, 0x00, 0x00, 0x00, 0x00, 0x00, 0x00, 0x00, 0x00, 0x00, 0x00, 0x00, 0x00, 
0x00, 0x00, 0x00, 0x00, 0x00, 0x00, 0x00, 0x00, 0x00, 0x00, 0x00, 0x00, 0x00, 0x00, 0x00, 0x00, 
0x00, 0x00, 0x00, 0x00, 0x00, 0x00, 0x00, 0x00, 0x00, 0x00, 0x00, 0x00, 0x00, 0x00, 0x00, 0x00, 
0x00, 0x00, 0x00, 0x00, 0x00, 0x00, 0x00, 0x00, 0x00, 0x00, 0x00, 0x00, 0x00, 0x00, 0x00, 0x00, 
0x00, 0x00, 0x00, 0x00, 0x00, 0x00, 0x00, 0x00, 0x00, 0x00, 0x00, 0x00, 0x00, 0x00, 0x00, 0x00, 
0x00, 0x00, 0x00, 0x00, 0x00, 0x00, 0x00, 0x00, 0x00, 0x00, 0x00, 0x00, 0x00, 0x00, 0x00, 0x00, 
0x00, 0x00, 0x00, 0x00, 0x00, 0x00, 0x00, 0x00, 0x00, 0x00, 0x00, 0x00, 0x00, 0x00, 0x00, 0x00, 
0x00, 0x00, 0x00, 0x00, 0x00, 0x00, 0x00, 0x00, 0x00, 0x00, 0x00, 0x00, 0x00, 0x00, 0x00, 0x00, 
0x00, 0x00, 0x00, 0x00, 0x00, 0x00, 0x00, 0x00, 0x00, 0x00, 0x00, 0x00, 0x00, 0x00, 0x00, 0x00, 
0x00, 0x00, 0x00, 0x00, 0x00, 0x00, 0x00, 0x00, 0x00, 0x00, 0x00, 0x00, 0x00, 0x00, 0x00, 0x00, 
0x00, 0x00, 0x00, 0x00, 0x00, 0x00, 0x00, 0x00, 0x00, 0x00, 0x00, 0x00, 0x00, 0x00, 0x00, 0x00, 
0x00, 0x00, 0x00, 0x00, 0x00, 0x00, 0x00, 0x00, 0x00, 0x00, 0x00, 0x00, 0x00, 0x00, 0x00, 0x00, 
0x00, 0x00, 0x00, 0x00, 0x00, 0x00, 0x00, 0x00, 0x00, 0x00, 0x00, 0x00, 0x00, 0x00, 0x00, 0x00, 
0x00, 0x00, 0x00, 0x00, 0x00, 0x00, 0x00, 0x00, 0x00, 0x00, 0x00, 0x00, 0x00, 0x00, 0x00, 0x00, 
0x00, 0x00, 0x00, 0x00, 0x00, 0x00, 0x00, 0x00, 0x00, 0x00, 0x00, 0x00, 0x00, 0x00, 0x00, 0x00, 
0x00, 0x00, 0x00, 0x00, 0x00, 0x00, 0x00, 0x00, 0x00, 0x00, 0x00, 0x00, 0x00, 0x00, 0x00, 0x00, 
0x00, 0x00, 0x00, 0x00, 0x00, 0x00, 0x00, 0x00, 0x00, 0x00, 0x00, 0x00, 0x00, 0x00, 0x00, 0x00, 
0x00, 0x00, 0x00, 0x00, 0x00, 0x00, 0x00, 0x00, 0x00, 0x00, 0x00, 0x00, 0x00, 0x00, 0x00, 0x00, 
0x00, 0x00, 0x00, 0x00, 0x00, 0x00, 0x00, 0x00, 0x00, 0x00, 0x00, 0x00, 0x00, 0x00, 0x00, 0x00, 
0x00, 0x00, 0x00, 0x00, 0x00, 0x00, 0x00, 0x00, 0x00, 0x00, 0x00, 0x00, 0x00, 0x00, 0x00, 0x00, 
0x00, 0x00, 0x00, 0x00, 0x00, 0x00, 0x00, 0x00, 0x00, 0x00, 0x00, 0x00, 0x00, 0x00, 0x00, 0x00, 
0x00, 0x00, 0x00, 0x00, 0x00, 0x00, 0x00, 0x00, 0x00, 0x00, 0x00, 0x00, 0x00, 0x00, 0x00, 0x00, 
0x00, 0x00, 0x00, 0x00, 0x00, 0x00, 0x00, 0x00, 0x00, 0x00, 0x00, 0x00, 0x00, 0x00, 0x00, 0x00, 
0x00, 0x00, 0x00, 0x00, 0x00, 0x00, 0x00, 0x00, 0x00, 0x00, 0x00, 0x00, 0x00, 0x00, 0x00, 0x00, 
0x00, 0x00, 0x00, 0x00, 0x00, 0x00, 0x00, 0x00, 0x00, 0x00, 0x00, 0x00, 0x00, 0x00, 0x00, 0x00, 
0x00, 0x00, 0x00, 0x00, 0x00, 0x00, 0x00, 0x00, 0x00, 0x00, 0x00, 0x00, 0x00, 0x00, 0x00, 0x00, 
0x00, 0x00, 0x00, 0x00, 0x00, 0x00, 0x00, 0x00, 0x00, 0x00, 0x00, 0x00, 0x00, 0x00, 0x00, 0x00, 
0x00, 0x00, 0x00, 0x00, 0x00, 0x00, 0x00, 0x00, 0x00, 0x00, 0x00, 0x00, 0x00, 0x00, 0x00, 0x00, 
0x00, 0x00, 0x00, 0x00, 0x00, 0x00, 0x00, 0x00, 0x00, 0x00, 0x00, 0x00, 0x00, 0x00, 0x00, 0x00, 
0x00, 0x00, 0x00, 0x00, 0x00, 0x00, 0x00, 0x00, 0x00, 0x00, 0x00, 0x00, 0x00, 0x00, 0x00, 0x00, 
0x00, 0x00, 0x00, 0x00, 0x00, 0x00, 0x00, 0x00, 0x00, 0x00, 0x00, 0x00, 0x00, 0x00, 0x00, 0x00, 
0x00, 0x00, 0x00, 0x00, 0x00, 0x00, 0x00, 0x00, 0x00, 0x00, 0x00, 0x00, 0x00, 0x00, 0x00, 0x00, 
0x00, 0x00, 0x00, 0x00, 0x00, 0x00, 0x00, 0x00, 0x00, 0x00, 0x00, 0x00, 0x00, 0x00, 0x00, 0x00, 
0x00, 0x00, 0x00, 0x00, 0x00, 0x00, 0x00, 0x00, 0x00, 0x00, 0x00, 0x00, 0x00, 0x00, 0x00, 0x00, 
0x00, 0x00, 0x00, 0x00, 0x00, 0x00, 0x00, 0x00, 0x00, 0x00, 0x00, 0x00, 0x00, 0x00, 0x00, 0x00, 
0x00, 0x00, 0x00, 0x00, 0x00, 0x00, 0x00, 0x00, 0x00, 0x00, 0x00, 0x00, 0x00, 0x00, 0x00, 0x00, 
0x00, 0x00, 0x00, 0x00, 0x00, 0x00, 0x00, 0x00, 0x00, 0x00, 0x00, 0x00, 0x00, 0x00, 0x00, 0x00, 
0x00, 0x00, 0x00, 0x00, 0x00, 0x00, 0x00, 0x00, 0x00, 0x00, 0x00, 0x00, 0x00, 0x00, 0x00, 0x00, 
0x00, 0x00, 0x00, 0x00, 0x00, 0x00, 0x00, 0x00, 0x00, 0x00, 0x00, 0x00, 0x00, 0x00, 0x00, 0x00, 
0x00, 0x00, 0x00, 0x00, 0x00, 0x00, 0x00, 0x00, 0x00, 0x00, 0x00, 0x00, 0x00, 0x00, 0x00, 0x00, 
0x00, 0x00, 0x00, 0x00, 0x00, 0x00, 0x00, 0x00, 0x00, 0x00, 0x00, 0x00, 0x00, 0x00, 0x00, 0x00, 
0x00, 0x00, 0x00, 0x00, 0x00, 0x00, 0x00, 0x00, 0x00, 0x00, 0x00, 0x00, 0x00, 0x00, 0x00, 0x00, 
0x00, 0x00, 0x00, 0x00, 0x00, 0x00, 0x00, 0x00, 0x00, 0x00, 0x00, 0x00, 0x00, 0x00, 0x00, 0x00, 
0x00, 0x00, 0x00, 0x00, 0x00, 0x00, 0x00, 0x00, 0x00, 0x00, 0x00, 0x00, 0x00, 0x00, 0x00, 0x00, 
0x00, 0x00, 0x00, 0x00, 0x00, 0x00, 0x00, 0x00, 0x00, 0x00, 0x00, 0x00, 0x00, 0x00, 0x00, 0x00, 
0x00, 0x00, 0x00, 0x00, 0x00, 0x00, 0x00, 0x00, 0x00, 0x00, 0x00, 0x00, 0x00, 0x00, 0x00, 0x00, 
0x00, 0x00, 0x00, 0x00, 0x00, 0x00, 0x00, 0x00, 0x00, 0x00, 0x00, 0x00, 0x00, 0x00, 0x00, 0x00, 
0x00, 0x00, 0x00, 0x00, 0x00, 0x00, 0x00, 0x00, 0x00, 0x00, 0x00, 0x00, 0x00, 0x00, 0x00, 0x00, 
0x00, 0x00, 0x00, 0x00, 0x00, 0x00, 0x00, 0x00, 0x00, 0x00, 0x00, 0x00, 0x00, 0x00, 0x00, 0x00, 
0x00, 0x00, 0x00, 0x00, 0x00, 0x00, 0x00, 0x00, 0x00, 0x00, 0x00, 0x00, 0x00, 0x00, 0x00, 0x00, 
0x00, 0x00, 0x00, 0x00, 0x00, 0x00, 0x00, 0x00, 0x00, 0x00, 0x00, 0x00, 0x00, 0x00, 0x00, 0x00, 
0x00, 0x00, 0x00, 0x00, 0x00, 0x00, 0x00, 0x00, 0x00, 0x00, 0x00, 0x00, 0x00, 0x00, 0x00, 0x00, 
0x00, 0x00, 0x00, 0x00, 0x00, 0x00, 0x00, 0x00, 0x00, 0x00, 0x00, 0x00, 0x00, 0x00, 0x00, 0x00, 
0x00, 0x00, 0x00, 0x00, 0x00, 0x00, 0x00, 0x00, 0x00, 0x00, 0x00, 0x00, 0x00, 0x00, 0x00, 0x00, 
0x00, 0x00, 0x00, 0x00, 0x00, 0x00, 0x00, 0x00, 0x00, 0x00, 0x00, 0x00, 0x00, 0x00, 0x00, 0x00, 
0x00, 0x00, 0x00, 0x00, 0x00, 0x00, 0x00, 0x00, 0x00, 0x00, 0x00, 0x00, 0x00, 0x00, 0x00, 0x00, 
0x00, 0x00, 0x00, 0x00, 0x00, 0x00, 0x00, 0x00, 0x00, 0x00, 0x00, 0x00, 0x00, 0x00, 0x00, 0x00, 
0x00, 0x00, 0x00, 0x00, 0x00, 0x00, 0x00, 0x00, 0x00, 0x00, 0x00, 0x00, 0x00, 0x00, 0x00, 0x00, 
0x00, 0x00, 0x00, 0x00, 0x00, 0x00, 0x00, 0x00, 0x00, 0x00, 0x00, 0x00, 0x00, 0x00, 0x00, 0x00, 
0x00, 0x00, 0x00, 0x00, 0x00, 0x00, 0x00, 0x00, 0x00, 0x00, 0x00, 0x00, 0x00, 0x00, 0x00, 0x00, 
0x00, 0x00, 0x00, 0x00, 0x00, 0x00, 0x00, 0x00, 0x00, 0x00, 0x00, 0x00, 0x00, 0x00, 0x00, 0x00, 
0x00, 0x00, 0x00, 0x00, 0x00, 0x00, 0x00, 0x00, 0x00, 0x00, 0x00, 0x00, 0x00, 0x00, 0x00, 0x00, 
0x00, 0x00, 0x00, 0x00, 0x00, 0x00, 0x00, 0x00, 0x00, 0x00, 0x00, 0x00, 0x00, 0x00, 0x00, 0x00, 
0x00, 0x00, 0x00, 0x00, 0x00, 0x00, 0x00, 0x00, 0x00, 0x00, 0x00, 0x00, 0x00, 0x00, 0x00, 0x00, 
0x00, 0x00, 0x00, 0x00, 0x00, 0x00, 0x00, 0x00, 0x00, 0x00, 0x00, 0x00, 0x00, 0x00, 0x00, 0x00, 
0x00, 0x00, 0x00, 0x00, 0x00, 0x00, 0x00, 0x00, 0x00, 0x00, 0x00, 0x00, 0x00, 0x00, 0x00, 0x00, 
0x00, 0x00, 0x00, 0x00, 0x00, 0x00, 0x00, 0x00, 0x00, 0x00, 0x00, 0x00, 0x00, 0x00, 0x00, 0x00, 
0x00, 0x00, 0x00, 0x00, 0x00, 0x00, 0x00, 0x00, 0x00, 0x00, 0x00, 0x00, 0x00, 0x00, 0x00, 0x00, 
0x00, 0x00, 0x00, 0x00, 0x00, 0x00, 0x00, 0x00, 0x00, 0x00, 0x00, 0x00, 0x00, 0x00, 0x00, 0x00, 
0x00, 0x00, 0x00, 0x00, 0x00, 0x00, 0x00, 0x00, 0x00, 0x00, 0x00, 0x00, 0x00, 0x00, 0x00, 0x00, 
0x00, 0x00, 0x00, 0x00, 0x00, 0x00, 0x00, 0x00, 0x00, 0x00, 0x00, 0x00, 0x00, 0x00, 0x00, 0x00, 
0x00, 0x00, 0x00, 0x00, 0x00, 0x00, 0x00, 0x00, 0x00, 0x00, 0x00, 0x00, 0x00, 0x00, 0x00, 0x00, 
0x00, 0x00, 0x00, 0x00, 0x00, 0x00, 0x00, 0x00, 0x00, 0x00, 0x00, 0x00, 0x00, 0x00, 0x00, 0x00, 
0x00, 0x00, 0x00, 0x00, 0x00, 0x00, 0x00, 0x00, 0x00, 0x00, 0x00, 0x00, 0x00, 0x00, 0x00, 0x00, 
0x00, 0x00, 0x00, 0x00, 0x00, 0x00, 0x00, 0x00, 0x00, 0x00, 0x00, 0x00, 0x00, 0x00, 0x00, 0x00, 
0x00, 0x00, 0x00, 0x00, 0x00, 0x00, 0x00, 0x00, 0x00, 0x00, 0x00, 0x00, 0x00, 0x00, 0x00, 0x00, 
0x00, 0x00, 0x00, 0x00, 0x00, 0x00, 0x00, 0x00, 0x00, 0x00, 0x00, 0x00, 0x00, 0x00, 0x00, 0x00, 
0x00, 0x00, 0x00, 0x00, 0x00, 0x00, 0x00, 0x00, 0x00, 0x00, 0x00, 0x00, 0x00, 0x00, 0x00, 0x00, 
0x00, 0x00, 0x00, 0x00, 0x00, 0x00, 0x00, 0x00, 0x00, 0x00, 0x00, 0x00, 0x00, 0x00, 0x00, 0x00, 
0x00, 0x00, 0x00, 0x00, 0x00, 0x00, 0x00, 0x00, 0x00, 0x00, 0x00, 0x00, 0x00, 0x00, 0x00, 0x00, 
0x00, 0x00, 0x00, 0x00, 0x00, 0x00, 0x00, 0x00, 0x00, 0x00, 0x00, 0x00, 0x00, 0x00, 0x00, 0x00, 
0x00, 0x00, 0x00, 0x00, 0x00, 0x00, 0x00, 0x00, 0x00, 0x00, 0x00, 0x00, 0x00, 0x00, 0x00, 0x00, 
0x00, 0x00, 0x00, 0x00, 0x00, 0x00, 0x00, 0x00, 0x00, 0x00, 0x00, 0x00, 0x00, 0x00, 0x00, 0x00, 
0x00, 0x00, 0x00, 0x00, 0x00, 0x00, 0x00, 0x00, 0x00, 0x00, 0x00, 0x00, 0x00, 0x00, 0x00, 0x00, 
0x00, 0x00, 0x00, 0x00, 0x00, 0x00, 0x00, 0x00, 0x00, 0x00, 0x00, 0x00, 0x00, 0x00, 0x00, 0x00, 
0x00, 0x00, 0x00, 0x00, 0x00, 0x00, 0x00, 0x00, 0x00, 0x00, 0x00, 0x00, 0x00, 0x00, 0x00, 0x00, 
0x00, 0x00, 0x00, 0x00, 0x00, 0x00, 0x00, 0x00, 0x00, 0x00, 0x00, 0x00, 0x00, 0x00, 0x00, 0x00, 
0x00, 0x00, 0x00, 0x00, 0x00, 0x00, 0x00, 0x00, 0x00, 0x00, 0x00, 0x00, 0x00, 0x00, 0x00, 0x00, 
0x00, 0x00, 0x00, 0x00, 0x00, 0x00, 0x00, 0x00, 0x00, 0x00, 0x00, 0x00, 0x00, 0x00, 0x00, 0x00, 
0x00, 0x00, 0x00, 0x00, 0x00, 0x00, 0x00, 0x00, 0x00, 0x00, 0x00, 0x00, 0x00, 0x00, 0x00, 0x00, 
0x00, 0x00, 0x00, 0x00, 0x00, 0x00, 0x00, 0x00, 0x00, 0x00, 0x00, 0x00, 0x00, 0x00, 0x00, 0x00, 
0x00, 0x00, 0x00, 0x00, 0x00, 0x00, 0x00, 0x00, 0x00, 0x00, 0x00, 0x00, 0x00, 0x00, 0x00, 0x00, 
0x00, 0x00, 0x00, 0x00, 0x00, 0x00, 0x00, 0x00, 0x00, 0x00, 0x00, 0x00, 0x00, 0x00, 0x00, 0x00, 
0x00, 0x00, 0x00, 0x00, 0x00, 0x00, 0x00, 0x00, 0x00, 0x00, 0x00, 0x00, 0x00, 0x00, 0x00, 0x00, 
0x00, 0x00, 0x00, 0x00, 0x00, 0x00, 0x00, 0x00, 0x00, 0x00, 0x00, 0x00, 0x00, 0x00, 0x00, 0x00, 
0x00, 0x00, 0x00, 0x00, 0x00, 0x00, 0x00, 0x00, 0x00, 0x00, 0x00, 0x00, 0x00, 0x00, 0x00, 0x00, 
0x00, 0x00, 0x00, 0x00, 0x00, 0x00, 0x00, 0x00, 0x00, 0x00, 0x00, 0x00, 0x00, 0x00, 0x00, 0x00, 
0x00, 0x00, 0x00, 0x00, 0x00, 0x00, 0x00, 0x00, 0x00, 0x00, 0x00, 0x00, 0x00, 0x00, 0x00, 0x00, 
0x00, 0x00, 0x00, 0x00, 0x00, 0x00, 0x00, 0x00, 0x00, 0x00, 0x00, 0x00, 0x00, 0x00, 0x00, 0x00, 
0x00, 0x00, 0x00, 0x00, 0x00, 0x00, 0x00, 0x00, 0x00, 0x00, 0x00, 0x00, 0x00, 0x00, 0x00, 0x00, 
0x00, 0x00, 0x00, 0x00, 0x00, 0x00, 0x00, 0x00, 0x00, 0x00, 0x00, 0x00, 0x00, 0x00, 0x00, 0x00, 
0x00, 0x00, 0x00, 0x00, 0x00, 0x00, 0x00, 0x00, 0x00, 0x00, 0x00, 0x00, 0x00, 0x00, 0x00, 0x00, 
0x00, 0x00, 0x00, 0x00, 0x00, 0x00, 0x00, 0x00, 0x00, 0x00, 0x00, 0x00, 0x00, 0x00, 0x00, 0x00, 
0x00, 0x00, 0x00, 0x00, 0x00, 0x00, 0x00, 0x00, 0x00, 0x00, 0x00, 0x00, 0x00, 0x00, 0x00, 0x00, 
0x00, 0x00, 0x00, 0x00, 0x00, 0x00, 0x00, 0x00, 0x00, 0x00, 0x00, 0x00, 0x00, 0x00, 0x00, 0x00, 
0x00, 0x00, 0x00, 0x00, 0x00, 0x00, 0x00, 0x00, 0x00, 0x00, 0x00, 0x00, 0x00, 0x00, 0x00, 0x00, 
0x00, 0x00, 0x00, 0x00, 0x00, 0x00, 0x00, 0x00, 0x00, 0x00, 0x00, 0x00, 0x00, 0x00, 0x00, 0x00, 
0x00, 0x00, 0x00, 0x00, 0x00, 0x00, 0x00, 0x00, 0x00, 0x00, 0x00, 0x00, 0x00, 0x00, 0x00, 0x00, 
0x00, 0x00, 0x00, 0x00, 0x00, 0x00, 0x00, 0x00, 0x00, 0x00, 0x00, 0x00, 0x00, 0x00, 0x00, 0x00, 
0x00, 0x00, 0x00, 0x00, 0x00, 0x00, 0x00, 0x00, 0x00, 0x00, 0x00, 0x00, 0x00, 0x00, 0x00, 0x00, 
0x00, 0x00, 0x00, 0x00, 0x00, 0x00, 0x00, 0x00, 0x00, 0x00, 0x00, 0x00, 0x00, 0x00, 0x00, 0x00, 
0x00, 0x00, 0x00, 0x00, 0x00, 0x00, 0x00, 0x00, 0x00, 0x00, 0x00, 0x00, 0x00, 0x00, 0x00, 0x00, 
0x00, 0x00, 0x00, 0x00, 0x00, 0x00, 0x00, 0x00, 0x00, 0x00, 0x00, 0x00, 0x00, 0x00, 0x00, 0x00, 
0x00, 0x00, 0x00, 0x00, 0x00, 0x00, 0x00, 0x00, 0x00, 0x00, 0x00, 0x00, 0x00, 0x00, 0x00, 0x00, 
0x00, 0x00, 0x00, 0x00, 0x00, 0x00, 0x00, 0x00, 0x00, 0x00, 0x00, 0x00, 0x00, 0x00, 0x00, 0x00, 
0x00, 0x00, 0x00, 0x00, 0x00, 0x00, 0x00, 0x00, 0x00, 0x00, 0x00, 0x00, 0x00, 0x00, 0x00, 0x00, 
0x00, 0x00, 0x00, 0x00, 0x00, 0x00, 0x00, 0x00, 0x00, 0x00, 0x00, 0x00, 0x00, 0x00, 0x00, 0x00, 
0x00, 0x00, 0x00, 0x00, 0x00, 0x00, 0x00, 0x00, 0x00, 0x00, 0x00, 0x00, 0x00, 0x00, 0x00, 0x00, 
0x00, 0x00, 0x00, 0x00, 0x00, 0x00, 0x00, 0x00, 0x00, 0x00, 0x00, 0x00, 0x00, 0x00, 0x00, 0x00, 
0x00, 0x00, 0x00, 0x00, 0x00, 0x00, 0x00, 0x00, 0x00, 0x00, 0x00, 0x00, 0x00, 0x00, 0x00, 0x00, 
0x00, 0x00, 0x00, 0x00, 0x00, 0x00, 0x00, 0x00, 0x00, 0x00, 0x00, 0x00, 0x00, 0x00, 0x00, 0x00, 
0x00, 0x00, 0x00, 0x00, 0x00, 0x00, 0x00, 0x00, 0x00, 0x00, 0x00, 0x00, 0x00, 0x00, 0x00, 0x00, 
0x00, 0x00, 0x00, 0x00, 0x00, 0x00, 0x00, 0x00, 0x00, 0x00, 0x00, 0x00, 0x00, 0x00, 0x00, 0x00, 
0x00, 0x00, 0x00, 0x00, 0x00, 0x00, 0x00, 0x00, 0x00, 0x00, 0x00, 0x00, 0x00, 0x00, 0x00, 0x00, 
0x00, 0x00, 0x00, 0x00, 0x00, 0x00, 0x00, 0x00, 0x00, 0x00, 0x00, 0x00, 0x00, 0x00, 0x00, 0x00, 
0x00, 0x00, 0x00, 0x00, 0x00, 0x00, 0x00, 0x00, 0x00, 0x00, 0x00, 0x00, 0x00, 0x00, 0x00, 0x00, 
0x00, 0x00, 0x00, 0x00, 0x00, 0x00, 0x00, 0x00, 0x00, 0x00, 0x00, 0x00, 0x00, 0x00, 0x00, 0x00, 
0x00, 0x00, 0x00, 0x00, 0x00, 0x00, 0x00, 0x00, 0x00, 0x00, 0x00, 0x00, 0x00, 0x00, 0x00, 0x00, 
0x00, 0x00, 0x00, 0x00, 0x00, 0x00, 0x00, 0x00, 0x00, 0x00, 0x00, 0x00, 0x00, 0x00, 0x00, 0x00, 
0x00, 0x00, 0x00, 0x00, 0x00, 0x00, 0x00, 0x00, 0x00, 0x00, 0x00, 0x00, 0x00, 0x00, 0x00, 0x00, 
0x00, 0x00, 0x00, 0x00, 0x00, 0x00, 0x00, 0x00, 0x00, 0x00, 0x00, 0x00, 0x00, 0x00, 0x00, 0x00, 
0x00, 0x00, 0x00, 0x00, 0x00, 0x00, 0x00, 0x00, 0x00, 0x00, 0x00, 0x00, 0x00, 0x00, 0x00, 0x00, 
0x00, 0x00, 0x00, 0x00, 0x00, 0x00, 0x00, 0x00, 0x00, 0x00, 0x00, 0x00, 0x00, 0x00, 0x00, 0x00, 
0x00, 0x00, 0x00, 0x00, 0x00, 0x00, 0x00, 0x00, 0x00, 0x00, 0x00, 0x00, 0x00, 0x00, 0x00, 0x00, 
0x00, 0x00, 0x00, 0x00, 0x00, 0x00, 0x00, 0x00, 0x00, 0x00, 0x00, 0x00, 0x00, 0x00, 0x00, 0x00, 
0x00, 0x00, 0x00, 0x00, 0x00, 0x00, 0x00, 0x00, 0x00, 0x00, 0x00, 0x00, 0x00, 0x00, 0x00, 0x00, 
0x00, 0x00, 0x00, 0x00, 0x00, 0x00, 0x00, 0x00, 0x00, 0x00, 0x00, 0x00, 0x00, 0x00, 0x00, 0x00, 
0x00, 0x00, 0x00, 0x00, 0x00, 0x00, 0x00, 0x00, 0x00, 0x00, 0x00, 0x00, 0x00, 0x00, 0x00, 0x00, 
0x00, 0x00, 0x00, 0x00, 0x00, 0x00, 0x00, 0x00, 0x00, 0x00, 0x00, 0x00, 0x00, 0x00, 0x00, 0x00, 
0x00, 0x00, 0x00, 0x00, 0x00, 0x00, 0x00, 0x00, 0x00, 0x00, 0x00, 0x00, 0x00, 0x00, 0x00, 0x00, 
0x00, 0x00, 0x00, 0x00, 0x00, 0x00, 0x00, 0x00, 0x00, 0x00, 0x00, 0x00, 0x00, 0x00, 0x00, 0x00, 
0x00, 0x00, 0x00, 0x00, 0x00, 0x00, 0x00, 0x00, 0x00, 0x00, 0x00, 0x00, 0x00, 0x00, 0x00, 0x00, 
0x00, 0x00, 0x00, 0x00, 0x00, 0x00, 0x00, 0x00, 0x00, 0x00, 0x00, 0x00, 0x00, 0x00, 0x00, 0x00, 
0x00, 0x00, 0x00, 0x00, 0x00, 0x00, 0x00, 0x00, 0x00, 0x00, 0x00, 0x00, 0x00, 0x00, 0x00, 0x00, 
0x00, 0x00, 0x00, 0x00, 0x00, 0x00, 0x00, 0x00, 0x00, 0x00, 0x00, 0x00, 0x00, 0x00, 0x00, 0x00, 
0x00, 0x00, 0x00, 0x00, 0x00, 0x00, 0x00, 0x00, 0x00, 0x00, 0x00, 0x00, 0x00, 0x00, 0x00, 0x00, 
0x00, 0x00, 0x00, 0x00, 0x00, 0x00, 0x00, 0x00, 0x00, 0x00, 0x00, 0x00, 0x00, 0x00, 0x00, 0x00, 
0x00, 0x00, 0x00, 0x00, 0x00, 0x00, 0x00, 0x00, 0x00, 0x00, 0x00, 0x00, 0x00, 0x00, 0x00, 0x00, 
0x00, 0x00, 0x00, 0x00, 0x00, 0x00, 0x00, 0x00, 0x00, 0x00, 0x00, 0x00, 0x00, 0x00, 0x00, 0x00, 
0x00, 0x00, 0x00, 0x00, 0x00, 0x00, 0x00, 0x00, 0x00, 0x00, 0x00, 0x00, 0x00, 0x00, 0x00, 0x00, 
0x00, 0x00, 0x00, 0x00, 0x00, 0x00, 0x00, 0x00, 0x00, 0x00, 0x00, 0x00, 0x00, 0x00, 0x00, 0x00, 
0x00, 0x00, 0x00, 0x00, 0x00, 0x00, 0x00, 0x00, 0x00, 0x00, 0x00, 0x00, 0x00, 0x00, 0x00, 0x00, 
0x00, 0x00, 0x00, 0x00, 0x00, 0x00, 0x00, 0x00, 0x00, 0x00, 0x00, 0x00, 0x00, 0x00, 0x00, 0x00, 
0x00, 0x00, 0x00, 0x00, 0x00, 0x00, 0x00, 0x00, 0x00, 0x00, 0x00, 0x00, 0x00, 0x00, 0x00, 0x00, 
0x00, 0x00, 0x00, 0x00, 0x00, 0x00, 0x00, 0x00, 0x00, 0x00, 0x00, 0x00, 0x00, 0x00, 0x00, 0x00, 
0x00, 0x00, 0x00, 0x00, 0x00, 0x00, 0x00, 0x00, 0x00, 0x00, 0x00, 0x00, 0x00, 0x00, 0x00, 0x00, 
0x00, 0x00, 0x00, 0x00, 0x00, 0x00, 0x00, 0x00, 0x00, 0x00, 0x00, 0x00, 0x00, 0x00, 0x00, 0x00, 
0x00, 0x00, 0x00, 0x00, 0x00, 0x00, 0x00, 0x00, 0x00, 0x00, 0x00, 0x00, 0x00, 0x00, 0x00, 0x00, 
0x00, 0x00, 0x00, 0x00, 0x00, 0x00, 0x00, 0x00, 0x00, 0x00, 0x00, 0x00, 0x00, 0x00, 0x00, 0x00, 
0x00, 0x00, 0x00, 0x00, 0x00, 0x00, 0x00, 0x00, 0x00, 0x00, 0x00, 0x00, 0x00, 0x00, 0x00, 0x00, 
0x00, 0x00, 0x00, 0x00, 0x00, 0x00, 0x00, 0x00, 0x00, 0x00, 0x00, 0x00, 0x00, 0x00, 0x00, 0x00, 
0x00, 0x00, 0x00, 0x00, 0x00, 0x00, 0x00, 0x00, 0x00, 0x00, 0x00, 0x00, 0x00, 0x00, 0x00, 0x00, 
0x00, 0x00, 0x00, 0x00, 0x00, 0x00, 0x00, 0x00, 0x00, 0x00, 0x00, 0x00, 0x00, 0x00, 0x00, 0x00, 
0x00, 0x00, 0x00, 0x00, 0x00, 0x00, 0x00, 0x00, 0x00, 0x00, 0x00, 0x00, 0x00, 0x00, 0x00, 0x00, 
0x00, 0x00, 0x00, 0x00, 0x00, 0x00, 0x00, 0x00, 0x00, 0x00, 0x00, 0x00, 0x00, 0x00, 0x00, 0x00, 
0x00, 0x00, 0x00, 0x00, 0x00, 0x00, 0x00, 0x00, 0x00, 0x00, 0x00, 0x00, 0x00, 0x00, 0x00, 0x00, 
0x00, 0x00, 0x00, 0x00, 0x00, 0x00, 0x00, 0x00, 0x00, 0x00, 0x00, 0x00, 0x00, 0x00, 0x00, 0x00, 
0x00, 0x00, 0x00, 0x00, 0x00, 0x00, 0x00, 0x00, 0x00, 0x00, 0x00, 0x00, 0x00, 0x00, 0x00, 0x00, 
0x00, 0x00, 0x00, 0x00, 0x00, 0x00, 0x00, 0x00, 0x00, 0x00, 0x00, 0x00, 0x00, 0x00, 0x00, 0x00, 
0x00, 0x00, 0x00, 0x00, 0x00, 0x00, 0x00, 0x00, 0x00, 0x00, 0x00, 0x00, 0x00, 0x00, 0x00, 0x00, 
0x00, 0x00, 0x00, 0x00, 0x00, 0x00, 0x00, 0x00, 0x00, 0x00, 0x00, 0x00, 0x00, 0x00, 0x00, 0x00, 
0x00, 0x00, 0x00, 0x00, 0x00, 0x00, 0x00, 0x00, 0x00, 0x00, 0x00, 0x00, 0x00, 0x00, 0x00, 0x00, 
0x00, 0x00, 0x00, 0x00, 0x00, 0x00, 0x00, 0x00, 0x00, 0x00, 0x00, 0x00, 0x00, 0x00, 0x00, 0x00, 
0x00, 0x00, 0x00, 0x00, 0x00, 0x00, 0x00, 0x00, 0x00, 0x00, 0x00, 0x00, 0x00, 0x00, 0x00, 0x00, 
0x00, 0x00, 0x00, 0x00, 0x00, 0x00, 0x00, 0x00, 0x00, 0x00, 0x00, 0x00, 0x00, 0x00, 0x00, 0x00, 
0x00, 0x00, 0x00, 0x00, 0x00, 0x00, 0x00, 0x00, 0x00, 0x00, 0x00, 0x00, 0x00, 0x00, 0x00, 0x00, 
0x00, 0x00, 0x00, 0x00, 0x00, 0x00, 0x00, 0x00, 0x00, 0x00, 0x00, 0x00, 0x00, 0x00, 0x00, 0x00, 
0x00, 0x00, 0x00, 0x00, 0x00, 0x00, 0x00, 0x00, 0x00, 0x00, 0x00, 0x00, 0x00, 0x00, 0x00, 0x00, 
0x00, 0x00, 0x00, 0x00, 0x00, 0x00, 0x00, 0x00, 0x00, 0x00, 0x00, 0x00, 0x00, 0x00, 0x00, 0x00, 
0x00, 0x00, 0x00, 0x00, 0x00, 0x00, 0x00, 0x00, 0x00, 0x00, 0x00, 0x00, 0x00, 0x00, 0x00, 0x00, 
0x00, 0x00, 0x00, 0x00, 0x00, 0x00, 0x00, 0x00, 0x00, 0x00, 0x00, 0x00, 0x00, 0x00, 0x00, 0x00, 
0x00, 0x00, 0x00, 0x00, 0x00, 0x00, 0x00, 0x00, 0x00, 0x00, 0x00, 0x00, 0x00, 0x00, 0x00, 0x00, 
0x00, 0x00, 0x00, 0x00, 0x00, 0x00, 0x00, 0x00, 0x00, 0x00, 0x00, 0x00, 0x00, 0x00, 0x00, 0x00, 
0x00, 0x00, 0x00, 0x00, 0x00, 0x00, 0x00, 0x00, 0x00, 0x00, 0x00, 0x00, 0x00, 0x00, 0x00, 0x00, 
0x00, 0x00, 0x00, 0x00, 0x00, 0x00, 0x00, 0x00, 0x00, 0x00, 0x00, 0x00, 0x00, 0x00, 0x00, 0x00, 
0x00, 0x00, 0x00, 0x00, 0x00, 0x00, 0x00, 0x00, 0x00, 0x00, 0x00, 0x00, 0x00, 0x00, 0x00, 0x00, 
0x00, 0x00, 0x00, 0x00, 0x00, 0x00, 0x00, 0x00, 0x00, 0x00, 0x00, 0x00, 0x00, 0x00, 0x00, 0x00, 
0x00, 0x00, 0x00, 0x00, 0x00, 0x00, 0x00, 0x00, 0x00, 0x00, 0x00, 0x00, 0x00, 0x00, 0x00, 0x00, 
0x00, 0x00, 0x00, 0x00, 0x00, 0x00, 0x00, 0x00, 0x00, 0x00, 0x00, 0x00, 0x00, 0x00, 0x00, 0x00, 
0x00, 0x00, 0x00, 0x00, 0x00, 0x00, 0x00, 0x00, 0x00, 0x00, 0x00, 0x00, 0x00, 0x00, 0x00, 0x00, 
0x00, 0x00, 0x00, 0x00, 0x00, 0x00, 0x00, 0x00, 0x00, 0x00, 0x00, 0x00, 0x00, 0x00, 0x00, 0x00, 
0x00, 0x00, 0x00, 0x00, 0x00, 0x00, 0x00, 0x00, 0x00, 0x00, 0x00, 0x00, 0x00, 0x00, 0x00, 0x00, 
0x00, 0x00, 0x00, 0x00, 0x00, 0x00, 0x00, 0x00, 0x00, 0x00, 0x00, 0x00, 0x00, 0x00, 0x00, 0x00, 
0x00, 0x00, 0x00, 0x00, 0x00, 0x00, 0x00, 0x00, 0x00, 0x00, 0x00, 0x00, 0x00, 0x00, 0x00, 0x00, 
0x00, 0x00, 0x00, 0x00, 0x00, 0x00, 0x00, 0x00, 0x00, 0x00, 0x00, 0x00, 0x00, 0x00, 0x00, 0x00, 
0x00, 0x00, 0x00, 0x00, 0x00, 0x00, 0x00, 0x00, 0x00, 0x00, 0x00, 0x00, 0x00, 0x00, 0x00, 0x00, 
0x00, 0x00, 0x00, 0x00, 0x00, 0x00, 0x00, 0x00, 0x00, 0x00, 0x00, 0x00, 0x00, 0x00, 0x00, 0x00, 
0x00, 0x00, 0x00, 0x00, 0x00, 0x00, 0x00, 0x00, 0x00, 0x00, 0x00, 0x00, 0x00, 0x00, 0x00, 0x00, 
0x00, 0x00, 0x00, 0x00, 0x00, 0x00, 0x00, 0x00, 0x00, 0x00, 0x00, 0x00, 0x00, 0x00, 0x00, 0x00, 
0x00, 0x00, 0x00, 0x00, 0x00, 0x00, 0x00, 0x00, 0x00, 0x00, 0x00, 0x00, 0x00, 0x00, 0x00, 0x00, 
0x00, 0x00, 0x00, 0x00, 0x00, 0x00, 0x00, 0x00, 0x00, 0x00, 0x00, 0x00, 0x00, 0x00, 0x00, 0x00, 
0x00, 0x00, 0x00, 0x00, 0x00, 0x00, 0x00, 0x00, 0x00, 0x00, 0x00, 0x00, 0x00, 0x00, 0x00, 0x00, 
0x00, 0x00, 0x00, 0x00, 0x00, 0x00, 0x00, 0x00, 0x00, 0x00, 0x00, 0x00, 0x00, 0x00, 0x00, 0x00, 
0x00, 0x00, 0x00, 0x00, 0x00, 0x00, 0x00, 0x00, 0x00, 0x00, 0x00, 0x00, 0x00, 0x00, 0x00, 0x00, 
0x00, 0x00, 0x00, 0x00, 0x00, 0x00, 0x00, 0x00, 0x00, 0x00, 0x00, 0x00, 0x00, 0x00, 0x00, 0x00, 
0x00, 0x00, 0x00, 0x00, 0x00, 0x00, 0x00, 0x00, 0x00, 0x00, 0x00, 0x00, 0x00, 0x00, 0x00, 0x00, 
0x00, 0x00, 0x00, 0x00, 0x00, 0x00, 0x00, 0x00, 0x00, 0x00, 0x00, 0x00, 0x00, 0x00, 0x00, 0x00, 
0x00, 0x00, 0x00, 0x00, 0x00, 0x00, 0x00, 0x00, 0x00, 0x00, 0x00, 0x00, 0x00, 0x00, 0x00, 0x00, 
0x00, 0x00, 0x00, 0x00, 0x00, 0x00, 0x00, 0x00, 0x00, 0x00, 0x00, 0x00, 0x00, 0x00, 0x00, 0x00, 
0x00, 0x00, 0x00, 0x00, 0x00, 0x00, 0x00, 0x00, 0x00, 0x00, 0x00, 0x00, 0x00, 0x00, 0x00, 0x00, 
0x00, 0x00, 0x00, 0x00, 0x00, 0x00, 0x00, 0x00, 0x00, 0x00, 0x00, 0x00, 0x00, 0x00, 0x00, 0x00, 
0x00, 0x00, 0x00, 0x00, 0x00, 0x00, 0x00, 0x00, 0x00, 0x00, 0x00, 0x00, 0x00, 0x00, 0x00, 0x00, 
0x00, 0x00, 0x00, 0x00, 0x00, 0x00, 0x00, 0x00, 0x00, 0x00, 0x00, 0x00, 0x00, 0x00, 0x00, 0x00, 
0x00, 0x00, 0x00, 0x00, 0x00, 0x00, 0x00, 0x00, 0x00, 0x00, 0x00, 0x00, 0x00, 0x00, 0x00, 0x00, 
0x00, 0x00, 0x00, 0x00, 0x00, 0x00, 0x00, 0x00, 0x00, 0x00, 0x00, 0x00, 0x00, 0x00, 0x00, 0x00, 
0x00, 0x00, 0x00, 0x00, 0x00, 0x00, 0x00, 0x00, 0x00, 0x00, 0x00, 0x00, 0x00, 0x00, 0x00, 0x00, 
0x00, 0x00, 0x00, 0x00, 0x00, 0x00, 0x00, 0x00, 0x00, 0x00, 0x00, 0x00, 0x00, 0x00, 0x00, 0x00, 
0x00, 0x00, 0x00, 0x00, 0x00, 0x00, 0x00, 0x00, 0x00, 0x00, 0x00, 0x00, 0x00, 0x00, 0x00, 0x00, 
0x00, 0x00, 0x00, 0x00, 0x00, 0x00, 0x00, 0x00, 0x00, 0x00, 0x00, 0x00, 0x00, 0x00, 0x00, 0x00, 
0x00, 0x00, 0x00, 0x00, 0x00, 0x00, 0x00, 0x00, 0x00, 0x00, 0x00, 0x00, 0x00, 0x00, 0x00, 0x00, 
0x00, 0x00, 0x00, 0x00, 0x00, 0x00, 0x00, 0x00, 0x00, 0x00, 0x00, 0x00, 0x00, 0x00, 0x00, 0x00, 
0x00, 0x00, 0x00, 0x00, 0x00, 0x00, 0x00, 0x00, 0x00, 0x00, 0x00, 0x00, 0x00, 0x00, 0x00, 0x00, 
0x00, 0x00, 0x00, 0x00, 0x00, 0x00, 0x00, 0x00, 0x00, 0x00, 0x00, 0x00, 0x00, 0x00, 0x00, 0x00, 
0x00, 0x00, 0x00, 0x00, 0x00, 0x00, 0x00, 0x00, 0x00, 0x00, 0x00, 0x00, 0x00, 0x00, 0x00, 0x00, 
0x00, 0x00, 0x00, 0x00, 0x00, 0x00, 0x00, 0x00, 0x00, 0x00, 0x00, 0x00, 0x00, 0x00, 0x00, 0x00, 
0x00, 0x00, 0x00, 0x00, 0x00, 0x00, 0x00, 0x00, 0x00, 0x00, 0x00, 0x00, 0x00, 0x00, 0x00, 0x00, 
0x00, 0x00, 0x00, 0x00, 0x00, 0x00, 0x00, 0x00, 0x00, 0x00, 0x00, 0x00, 0x00, 0x00, 0x00, 0x00, 
0x00, 0x00, 0x00, 0x00, 0x00, 0x00, 0x00, 0x00, 0x00, 0x00, 0x00, 0x00, 0x00, 0x00, 0x00, 0x00, 
0x00, 0x00, 0x00, 0x00, 0x00, 0x00, 0x00, 0x00, 0x00, 0x00, 0x00, 0x00, 0x00, 0x00, 0x00, 0x00, 
0x00, 0x00, 0x00, 0x00, 0x00, 0x00, 0x00, 0x00, 0x00, 0x00, 0x00, 0x00, 0x00, 0x00, 0x00, 0x00, 
0x00, 0x00, 0x00, 0x00, 0x00, 0x00, 0x00, 0x00, 0x00, 0x00, 0x00, 0x00, 0x00, 0x00, 0x00, 0x00, 
0x00, 0x00, 0x00, 0x00, 0x00, 0x00, 0x00, 0x00, 0x00, 0x00, 0x00, 0x00, 0x00, 0x00, 0x00, 0x00, 
0x00, 0x00, 0x00, 0x00, 0x00, 0x00, 0x00, 0x00, 0x00, 0x00, 0x00, 0x00, 0x00, 0x00, 0x00, 0x00, 
0x00, 0x00, 0x00, 0x00, 0x00, 0x00, 0x00, 0x00, 0x00, 0x00, 0x00, 0x00, 0x00, 0x00, 0x00, 0x00, 
0x00, 0x00, 0x00, 0x00, 0x00, 0x00, 0x00, 0x00, 0x00, 0x00, 0x00, 0x00, 0x00, 0x00, 0x00, 0x00, 
0x00, 0x00, 0x00, 0x00, 0x00, 0x00, 0x00, 0x00, 0x00, 0x00, 0x00, 0x00, 0x00, 0x00, 0x00, 0x00, 
0x00, 0x00, 0x00, 0x00, 0x00, 0x00, 0x00, 0x00, 0x00, 0x00, 0x00, 0x00, 0x00, 0x00, 0x00, 0x00, 
0x00, 0x00, 0x00, 0x00, 0x00, 0x00, 0x00, 0x00, 0x00, 0x00, 0x00, 0x00, 0x00, 0x00, 0x00, 0x00, 
0x00, 0x00, 0x00, 0x00, 0x00, 0x00, 0x00, 0x00, 0x00, 0x00, 0x00, 0x00, 0x00, 0x00, 0x00, 0x00, 
0x00, 0x00, 0x00, 0x00, 0x00, 0x00, 0x00, 0x00, 0x00, 0x00, 0x00, 0x00, 0x00, 0x00, 0x00, 0x00, 
0x00, 0x00, 0x00, 0x00, 0x00, 0x00, 0x00, 0x00, 0x00, 0x00, 0x00, 0x00, 0x00, 0x00, 0x00, 0x00, 
0x00, 0x00, 0x00, 0x00, 0x00, 0x00, 0x00, 0x00, 0x00, 0x00, 0x00, 0x00, 0x00, 0x00, 0x00, 0x00, 
0x00, 0x00, 0x00, 0x00, 0x00, 0x00, 0x00, 0x00, 0x00, 0x00, 0x00, 0x00, 0x00, 0x00, 0x00, 0x00, 
0x00, 0x00, 0x00, 0x00, 0x00, 0x00, 0x00, 0x00, 0x00, 0x00, 0x00, 0x00, 0x00, 0x00, 0x00, 0x00, 
0x00, 0x00, 0x00, 0x00, 0x00, 0x00, 0x00, 0x00, 0x00, 0x00, 0x00, 0x00, 0x00, 0x00, 0x00, 0x00, 
0x00, 0x00, 0x00, 0x00, 0x00, 0x00, 0x00, 0x00, 0x00, 0x00, 0x00, 0x00, 0x00, 0x00, 0x00, 0x00, 
0x00, 0x00, 0x00, 0x00, 0x00, 0x00, 0x00, 0x00, 0x00, 0x00, 0x00, 0x00, 0x00, 0x00, 0x00, 0x00, 
0x00, 0x00, 0x00, 0x00, 0x00, 0x00, 0x00, 0x00, 0x00, 0x00, 0x00, 0x00, 0x00, 0x00, 0x00, 0x00, 
0x00, 0x00, 0x00, 0x00, 0x00, 0x00, 0x00, 0x00, 0x00, 0x00, 0x00, 0x00, 0x00, 0x00, 0x00, 0x00, 
0x00, 0x00, 0x00, 0x00, 0x00, 0x00, 0x00, 0x00, 0x00, 0x00, 0x00, 0x00, 0x00, 0x00, 0x00, 0x00, 
0x00, 0x00, 0x00, 0x00, 0x00, 0x00, 0x00, 0x00, 0x00, 0x00, 0x00, 0x00, 0x00, 0x00, 0x00, 0x00, 
0x00, 0x00, 0x00, 0x00, 0x00, 0x00, 0x00, 0x00, 0x00, 0x00, 0x00, 0x00, 0x00, 0x00, 0x00, 0x00, 
0x00, 0x00, 0x00, 0x00, 0x00, 0x00, 0x00, 0x00, 0x00, 0x00, 0x00, 0x00, 0x00, 0x00, 0x00, 0x00, 
0x00, 0x00, 0x00, 0x00, 0x00, 0x00, 0x00, 0x00, 0x00, 0x00, 0x00, 0x00, 0x00, 0x00, 0x00, 0x00, 
0x00, 0x00, 0x00, 0x00, 0x00, 0x00, 0x00, 0x00, 0x00, 0x00, 0x00, 0x00, 0x00, 0x00, 0x00, 0x00, 
0x00, 0x00, 0x00, 0x00, 0x00, 0x00, 0x00, 0x00, 0x00, 0x00, 0x00, 0x00, 0x00, 0x00, 0x00, 0x00, 
0x00, 0x00, 0x00, 0x00, 0x00, 0x00, 0x00, 0x00, 0x00, 0x00, 0x00, 0x00, 0x00, 0x00, 0x00, 0x00, 
0x00, 0x00, 0x00, 0x00, 0x00, 0x00, 0x00, 0x00, 0x00, 0x00, 0x00, 0x00, 0x00, 0x00, 0x00, 0x00, 
0x00, 0x00, 0x00, 0x00, 0x00, 0x00, 0x00, 0x00, 0x00, 0x00, 0x00, 0x00, 0x00, 0x00, 0x00, 0x00, 
0x00, 0x00, 0x00, 0x00, 0x00, 0x00, 0x00, 0x00, 0x00, 0x00, 0x00, 0x00, 0x00, 0x00, 0x00, 0x00, 
0x00, 0x00, 0x00, 0x00, 0x00, 0x00, 0x00, 0x00, 0x00, 0x00, 0x00, 0x00, 0x00, 0x00, 0x00, 0x00, 
0x00, 0x00, 0x00, 0x00, 0x00, 0x00, 0x00, 0x00, 0x00, 0x00, 0x00, 0x00, 0x00, 0x00, 0x00, 0x00, 
0x00, 0x00, 0x00, 0x00, 0x00, 0x00, 0x00, 0x00, 0x00, 0x00, 0x00, 0x00, 0x00, 0x00, 0x00, 0x00, 
0x00, 0x00, 0x00, 0x00, 0x00, 0x00, 0x00, 0x00, 0x00, 0x00, 0x00, 0x00, 0x00, 0x00, 0x00, 0x00, 
0x00, 0x00, 0x00, 0x00, 0x00, 0x00, 0x00, 0x00, 0x00, 0x00, 0x00, 0x00, 0x00, 0x00, 0x00, 0x00, 
0x00, 0x00, 0x00, 0x00, 0x00, 0x00, 0x00, 0x00, 0x00, 0x00, 0x00, 0x00, 0x00, 0x00, 0x00, 0x00, 
0x00, 0x00, 0x00, 0x00, 0x00, 0x00, 0x00, 0x00, 0x00, 0x00, 0x00, 0x00, 0x00, 0x00, 0x00, 0x00, 
0x00, 0x00, 0x00, 0x00, 0x00, 0x00, 0x00, 0x00, 0x00, 0x00, 0x00, 0x00, 0x00, 0x00, 0x00, 0x00, 
0x00, 0x00, 0x00, 0x00, 0x00, 0x00, 0x00, 0x00, 0x00, 0x00, 0x00, 0x00, 0x00, 0x00, 0x00, 0x00, 
0x00, 0x00, 0x00, 0x00, 0x00, 0x00, 0x00, 0x00, 0x00, 0x00, 0x00, 0x00, 0x00, 0x00, 0x00, 0x00, 
0x00, 0x00, 0x00, 0x00, 0x00, 0x00, 0x00, 0x00, 0x00, 0x00, 0x00, 0x00, 0x00, 0x00, 0x00, 0x00, 
0x00, 0x00, 0x00, 0x00, 0x00, 0x00, 0x00, 0x00, 0x00, 0x00, 0x00, 0x00, 0x00, 0x00, 0x00, 0x00, 
0x00, 0x00, 0x00, 0x00, 0x00, 0x00, 0x00, 0x00, 0x00, 0x00, 0x00, 0x00, 0x00, 0x00, 0x00, 0x00, 
0x00, 0x00, 0x00, 0x00, 0x00, 0x00, 0x00, 0x00, 0x00, 0x00, 0x00, 0x00, 0x00, 0x00, 0x00, 0x00, 
0x00, 0x00, 0x00, 0x00, 0x00, 0x00, 0x00, 0x00, 0x00, 0x00, 0x00, 0x00, 0x00, 0x00, 0x00, 0x00, 
0x00, 0x00, 0x00, 0x00, 0x00, 0x00, 0x00, 0x00, 0x00, 0x00, 0x00, 0x00, 0x00, 0x00, 0x00, 0x00, 
0x00, 0x00, 0x00, 0x00, 0x00, 0x00, 0x00, 0x00, 0x00, 0x00, 0x00, 0x00, 0x00, 0x00, 0x00, 0x00, 
0x00, 0x00, 0x00, 0x00, 0x00, 0x00, 0x00, 0x00, 0x00, 0x00, 0x00, 0x00, 0x00, 0x00, 0x00, 0x00, 
0x00, 0x00, 0x00, 0x00, 0x00, 0x00, 0x00, 0x00, 0x00, 0x00, 0x00, 0x00, 0x00, 0x00, 0x00, 0x00, 
0x00, 0x00, 0x00, 0x00, 0x00, 0x00, 0x00, 0x00, 0x00, 0x00, 0x00, 0x00, 0x00, 0x00, 0x00, 0x00, 
0x00, 0x00, 0x00, 0x00, 0x00, 0x00, 0x00, 0x00, 0x00, 0x00, 0x00, 0x00, 0x00, 0x00, 0x00, 0x00, 
0x00, 0x00, 0x00, 0x00, 0x00, 0x00, 0x00, 0x00, 0x00, 0x00, 0x00, 0x00, 0x00, 0x00, 0x00, 0x00, 
0x00, 0x00, 0x00, 0x00, 0x00, 0x00, 0x00, 0x00, 0x00, 0x00, 0x00, 0x00, 0x00, 0x00, 0x00, 0x00, 
0x00, 0x00, 0x00, 0x00, 0x00, 0x00, 0x00, 0x00, 0x00, 0x00, 0x00, 0x00, 0x00, 0x00, 0x00, 0x00, 
0x00, 0x00, 0x00, 0x00, 0x00, 0x00, 0x00, 0x00, 0x00, 0x00, 0x00, 0x00, 0x00, 0x00, 0x00, 0x00, 
0x00, 0x00, 0x00, 0x00, 0x00, 0x00, 0x00, 0x00, 0x00, 0x00, 0x00, 0x00, 0x00, 0x00, 0x00, 0x00, 
0x00, 0x00, 0x00, 0x00, 0x00, 0x00, 0x00, 0x00, 0x00, 0x00, 0x00, 0x00, 0x00, 0x00, 0x00, 0x00, 
0x00, 0x00, 0x00, 0x00, 0x00, 0x00, 0x00, 0x00, 0x00, 0x00, 0x00, 0x00, 0x00, 0x00, 0x00, 0x00, 
0x00, 0x00, 0x00, 0x00, 0x00, 0x00, 0x00, 0x00, 0x00, 0x00, 0x00, 0x00, 0x00, 0x00, 0x00, 0x00, 
0x00, 0x00, 0x00, 0x00, 0x00, 0x00, 0x00, 0x00, 0x00, 0x00, 0x00, 0x00, 0x00, 0x00, 0x00, 0x00, 
0x00, 0x00, 0x00, 0x00, 0x00, 0x00, 0x00, 0x00, 0x00, 0x00, 0x00, 0x00, 0x00, 0x00, 0x00, 0x00, 
0x00, 0x00, 0x00, 0x00, 0x00, 0x00, 0x00, 0x00, 0x00, 0x00, 0x00, 0x00, 0x00, 0x00, 0x00, 0x00, 
0x00, 0x00, 0x00, 0x00, 0x00, 0x00, 0x00, 0x00, 0x00, 0x00, 0x00, 0x00, 0x00, 0x00, 0x00, 0x00, 
0x00, 0x00, 0x00, 0x00, 0x00, 0x00, 0x00, 0x00, 0x00, 0x00, 0x00, 0x00, 0x00, 0x00, 0x00, 0x00, 
0x00, 0x00, 0x00, 0x00, 0x00, 0x00, 0x00, 0x00, 0x00, 0x00, 0x00, 0x00, 0x00, 0x00, 0x00, 0x00, 
0x00, 0x00, 0x00, 0x00, 0x00, 0x00, 0x00, 0x00, 0x00, 0x00, 0x00, 0x00, 0x00, 0x00, 0x00, 0x00, 
0x00, 0x00, 0x00, 0x00, 0x00, 0x00, 0x00, 0x00, 0x00, 0x00, 0x00, 0x00, 0x00, 0x00, 0x00, 0x00, 
0x00, 0x00, 0x00, 0x00, 0x00, 0x00, 0x00, 0x00, 0x00, 0x00, 0x00, 0x00, 0x00, 0x00, 0x00, 0x00, 
0x00, 0x00, 0x00, 0x00, 0x00, 0x00, 0x00, 0x00, 0x00, 0x00, 0x00, 0x00, 0x00, 0x00, 0x00, 0x00, 
0x00, 0x00, 0x00, 0x00, 0x00, 0x00, 0x00, 0x00, 0x00, 0x00, 0x00, 0x00, 0x00, 0x00, 0x00, 0x00, 
0x00, 0x00, 0x00, 0x00, 0x00, 0x00, 0x00, 0x00, 0x00, 0x00, 0x00, 0x00, 0x00, 0x00, 0x00, 0x00, 
0x00, 0x00, 0x00, 0x00, 0x00, 0x00, 0x00, 0x00, 0x00, 0x00, 0x00, 0x00, 0x00, 0x00, 0x00, 0x00, 
0x00, 0x00, 0x00, 0x00, 0x00, 0x00, 0x00, 0x00, 0x00, 0x00, 0x00, 0x00, 0x00, 0x00, 0x00, 0x00, 
0x00, 0x00, 0x00, 0x00, 0x00, 0x00, 0x00, 0x00, 0x00, 0x00, 0x00, 0x00, 0x00, 0x00, 0x00, 0x00, 
0x00, 0x00, 0x00, 0x00, 0x00, 0x00, 0x00, 0x00, 0x00, 0x00, 0x00, 0x00, 0x00, 0x00, 0x00, 0x00, 
0x00, 0x00, 0x00, 0x00, 0x00, 0x00, 0x00, 0x00, 0x00, 0x00, 0x00, 0x00, 0x00, 0x00, 0x00, 0x00, 
0x00, 0x00, 0x00, 0x00, 0x00, 0x00, 0x00, 0x00, 0x00, 0x00, 0x00, 0x00, 0x00, 0x00, 0x00, 0x00, 
0x00, 0x00, 0x00, 0x00, 0x00, 0x00, 0x00, 0x00, 0x00, 0x00, 0x00, 0x00, 0x00, 0x00, 0x00, 0x00, 
0x00, 0x00, 0x00, 0x00, 0x00, 0x00, 0x00, 0x00, 0x00, 0x00, 0x00, 0x00, 0x00, 0x00, 0x00, 0x00, 
0x00, 0x00, 0x00, 0x00, 0x00, 0x00, 0x00, 0x00, 0x00, 0x00, 0x00, 0x00, 0x00, 0x00, 0x00, 0x00, 
0x00, 0x00, 0x00, 0x00, 0x00, 0x00, 0x00, 0x00, 0x00, 0x00, 0x00, 0x00, 0x00, 0x00, 0x00, 0x00, 
0x00, 0x00, 0x00, 0x00, 0x00, 0x00, 0x00, 0x00, 0x00, 0x00, 0x00, 0x00, 0x00, 0x00, 0x00, 0x00, 
0x00, 0x00, 0x00, 0x00, 0x00, 0x00, 0x00, 0x00, 0x00, 0x00, 0x00, 0x00, 0x00, 0x00, 0x00, 0x00, 
0x00, 0x00, 0x00, 0x00, 0x00, 0x00, 0x00, 0x00, 0x00, 0x00, 0x00, 0x00, 0x00, 0x00, 0x00, 0x00, 
0x00, 0x00, 0x00, 0x00, 0x00, 0x00, 0x00, 0x00, 0x00, 0x00, 0x00, 0x00, 0x00, 0x00, 0x00, 0x00, 
0x00, 0x00, 0x00, 0x00, 0x00, 0x00, 0x00, 0x00, 0x00, 0x00, 0x00, 0x00, 0x00, 0x00, 0x00, 0x00, 
0x00, 0x00, 0x00, 0x00, 0x00, 0x00, 0x00, 0x00, 0x00, 0x00, 0x00, 0x00, 0x00, 0x00, 0x00, 0x00, 
0x00, 0x00, 0x00, 0x00, 0x00, 0x00, 0x00, 0x00, 0x00, 0x00, 0x00, 0x00, 0x00, 0x00, 0x00, 0x00, 
0x00, 0x00, 0x00, 0x00, 0x00, 0x00, 0x00, 0x00, 0x00, 0x00, 0x00, 0x00, 0x00, 0x00, 0x00, 0x00, 
0x00, 0x00, 0x00, 0x00, 0x00, 0x00, 0x00, 0x00, 0x00, 0x00, 0x00, 0x00, 0x00, 0x00, 0x00, 0x00, 
0x00, 0x00, 0x00, 0x00, 0x00, 0x00, 0x00, 0x00, 0x00, 0x00, 0x00, 0x00, 0x00, 0x00, 0x00, 0x00, 
0x00, 0x00, 0x00, 0x00, 0x00, 0x00, 0x00, 0x00, 0x00, 0x00, 0x00, 0x00, 0x00, 0x00, 0x00, 0x00, 
0x00, 0x00, 0x00, 0x00, 0x00, 0x00, 0x00, 0x00, 0x00, 0x00, 0x00, 0x00, 0x00, 0x00, 0x00, 0x00, 
0x00, 0x00, 0x00, 0x00, 0x00, 0x00, 0x00, 0x00, 0x00, 0x00, 0x00, 0x00, 0x00, 0x00, 0x00, 0x00, 
0x00, 0x00, 0x00, 0x00, 0x00, 0x00, 0x00, 0x00, 0x00, 0x00, 0x00, 0x00, 0x00, 0x00, 0x00, 0x00, 
0x00, 0x00, 0x00, 0x00, 0x00, 0x00, 0x00, 0x00, 0x00, 0x00, 0x00, 0x00, 0x00, 0x00, 0x00, 0x00, 
0x00, 0x00, 0x00, 0x00, 0x00, 0x00, 0x00, 0x00, 0x00, 0x00, 0x00, 0x00, 0x00, 0x00, 0x00, 0x00, 
0x00, 0x00, 0x00, 0x00, 0x00, 0x00, 0x00, 0x00, 0x00, 0x00, 0x00, 0x00, 0x00, 0x00, 0x00, 0x00, 
0x00, 0x00, 0x00, 0x00, 0x00, 0x00, 0x00, 0x00, 0x00, 0x00, 0x00, 0x00, 0x00, 0x00, 0x00, 0x00, 
0x00, 0x00, 0x00, 0x00, 0x00, 0x00, 0x00, 0x00, 0x00, 0x00, 0x00, 0x00, 0x00, 0x00, 0x00, 0x00, 
0x00, 0x00, 0x00, 0x00, 0x00, 0x00, 0x00, 0x00, 0x00, 0x00, 0x00, 0x00, 0x00, 0x00, 0x00, 0x00, 
0x00, 0x00, 0x00, 0x00, 0x00, 0x00, 0x00, 0x00, 0x00, 0x00, 0x00, 0x00, 0x00, 0x00, 0x00, 0x00, 
0x00, 0x00, 0x00, 0x00, 0x00, 0x00, 0x00, 0x00, 0x00, 0x00, 0x00, 0x00, 0x00, 0x00, 0x00, 0x00, 
0x00, 0x00, 0x00, 0x00, 0x00, 0x00, 0x00, 0x00, 0x00, 0x00, 0x00, 0x00, 0x00, 0x00, 0x00, 0x00, 
0x00, 0x00, 0x00, 0x00, 0x00, 0x00, 0x00, 0x00, 0x00, 0x00, 0x00, 0x00, 0x00, 0x00, 0x00, 0x00, 
0x00, 0x00, 0x00, 0x00, 0x00, 0x00, 0x00, 0x00, 0x00, 0x00, 0x00, 0x00, 0x00, 0x00, 0x00, 0x00, 
0x00, 0x00, 0x00, 0x00, 0x00, 0x00, 0x00, 0x00, 0x00, 0x00, 0x00, 0x00, 0x00, 0x00, 0x00, 0x00, 
0x00, 0x00, 0x00, 0x00, 0x00, 0x00, 0x00, 0x00, 0x00, 0x00, 0x00, 0x00, 0x00, 0x00, 0x00, 0x00, 
0x00, 0x00, 0x00, 0x00, 0x00, 0x00, 0x00, 0x00, 0x00, 0x00, 0x00, 0x00, 0x00, 0x00, 0x00, 0x00, 
0x00, 0x00, 0x00, 0x00, 0x00, 0x00, 0x00, 0x00, 0x00, 0x00, 0x00, 0x00, 0x00, 0x00, 0x00, 0x00, 
0x00, 0x00, 0x00, 0x00, 0x00, 0x00, 0x00, 0x00, 0x00, 0x00, 0x00, 0x00, 0x00, 0x00, 0x00, 0x00, 
0x00, 0x00, 0x00, 0x00, 0x00, 0x00, 0x00, 0x00, 0x00, 0x00, 0x00, 0x00, 0x00, 0x00, 0x00, 0x00, 
0x00, 0x00, 0x00, 0x00, 0x00, 0x00, 0x00, 0x00, 0x00, 0x00, 0x00, 0x00, 0x00, 0x00, 0x00, 0x00, 
0x00, 0x00, 0x00, 0x00, 0x00, 0x00, 0x00, 0x00, 0x00, 0x00, 0x00, 0x00, 0x00, 0x00, 0x00, 0x00, 
0x00, 0x00, 0x00, 0x00, 0x00, 0x00, 0x00, 0x00, 0x00, 0x00, 0x00, 0x00, 0x00, 0x00, 0x00, 0x00, 
0x00, 0x00, 0x00, 0x00, 0x00, 0x00, 0x00, 0x00, 0x00, 0x00, 0x00, 0x00, 0x00, 0x00, 0x00, 0x00, 
0x00, 0x00, 0x00, 0x00, 0x00, 0x00, 0x00, 0x00, 0x00, 0x00, 0x00, 0x00, 0x00, 0x00, 0x00, 0x00, 
0x00, 0x00, 0x00, 0x00, 0x00, 0x00, 0x00, 0x00, 0x00, 0x00, 0x00, 0x00, 0x00, 0x00, 0x00, 0x00, 
0x00, 0x00, 0x00, 0x00, 0x00, 0x00, 0x00, 0x00, 0x00, 0x00, 0x00, 0x00, 0x00, 0x00, 0x00, 0x00, 
0x00, 0x00, 0x00, 0x00, 0x00, 0x00, 0x00, 0x00, 0x00, 0x00, 0x00, 0x00, 0x00, 0x00, 0x00, 0x00, 
0x00, 0x00, 0x00, 0x00, 0x00, 0x00, 0x00, 0x00, 0x00, 0x00, 0x00, 0x00, 0x00, 0x00, 0x00, 0x00, 
0x00, 0x00, 0x00, 0x00, 0x00, 0x00, 0x00, 0x00, 0x00, 0x00, 0x00, 0x00, 0x00, 0x00, 0x00, 0x00, 
0x00, 0x00, 0x00, 0x00, 0x00, 0x00, 0x00, 0x00, 0x00, 0x00, 0x00, 0x00, 0x00, 0x00, 0x00, 0x00, 
0x00, 0x00, 0x00, 0x00, 0x00, 0x00, 0x00, 0x00, 0x00, 0x00, 0x00, 0x00, 0x00, 0x00, 0x00, 0x00, 
0x00, 0x00, 0x00, 0x00, 0x00, 0x00, 0x00, 0x00, 0x00, 0x00, 0x00, 0x00, 0x00, 0x00, 0x00, 0x00, 
0x00, 0x00, 0x00, 0x00, 0x00, 0x00, 0x00, 0x00, 0x00, 0x00, 0x00, 0x00, 0x00, 0x00, 0x00, 0x00, 
0x00, 0x00, 0x00, 0x00, 0x00, 0x00, 0x00, 0x00, 0x00, 0x00, 0x00, 0x00, 0x00, 0x00, 0x00, 0x00, 
0x00, 0x00, 0x00, 0x00, 0x00, 0x00, 0x00, 0x00, 0x00, 0x00, 0x00, 0x00, 0x00, 0x00, 0x00, 0x00, 
0x00, 0x00, 0x00, 0x00, 0x00, 0x00, 0x00, 0x00, 0x00, 0x00, 0x00, 0x00, 0x00, 0x00, 0x00, 0x00, 
0x00, 0x00, 0x00, 0x00, 0x00, 0x00, 0x00, 0x00, 0x00, 0x00, 0x00, 0x00, 0x00, 0x00, 0x00, 0x00, 
0x00, 0x00, 0x00, 0x00, 0x00, 0x00, 0x00, 0x00, 0x00, 0x00, 0x00, 0x00, 0x00, 0x00, 0x00, 0x00, 
0x00, 0x00, 0x00, 0x00, 0x00, 0x00, 0x00, 0x00, 0x00, 0x00, 0x00, 0x00, 0x00, 0x00, 0x00, 0x00, 
0x00, 0x00, 0x00, 0x00, 0x00, 0x00, 0x00, 0x00, 0x00, 0x00, 0x00, 0x00, 0x00, 0x00, 0x00, 0x00, 
0x00, 0x00, 0x00, 0x00, 0x00, 0x00, 0x00, 0x00, 0x00, 0x00, 0x00, 0x00, 0x00, 0x00, 0x00, 0x00, 
0x00, 0x00, 0x00, 0x00, 0x00, 0x00, 0x00, 0x00, 0x00, 0x00, 0x00, 0x00, 0x00, 0x00, 0x00, 0x00, 
0x00, 0x00, 0x00, 0x00, 0x00, 0x00, 0x00, 0x00, 0x00, 0x00, 0x00, 0x00, 0x00, 0x00, 0x00, 0x00, 
0x00, 0x00, 0x00, 0x00, 0x00, 0x00, 0x00, 0x00, 0x00, 0x00, 0x00, 0x00, 0x00, 0x00, 0x00, 0x00, 
0x00, 0x00, 0x00, 0x00, 0x00, 0x00, 0x00, 0x00, 0x00, 0x00, 0x00, 0x00, 0x00, 0x00, 0x00, 0x00, 
0x00, 0x00, 0x00, 0x00, 0x00, 0x00, 0x00, 0x00, 0x00, 0x00, 0x00, 0x00, 0x00, 0x00, 0x00, 0x00, 
0x00, 0x00, 0x00, 0x00, 0x00, 0x00, 0x00, 0x00, 0x00, 0x00, 0x00, 0x00, 0x00, 0x00, 0x00, 0x00, 
0x00, 0x00, 0x00, 0x00, 0x00, 0x00, 0x00, 0x00, 0x00, 0x00, 0x00, 0x00, 0x00, 0x00, 0x00, 0x00, 
0x00, 0x00, 0x00, 0x00, 0x00, 0x00, 0x00, 0x00, 0x00, 0x00, 0x00, 0x00, 0x00, 0x00, 0x00, 0x00, 
0x00, 0x00, 0x00, 0x00, 0x00, 0x00, 0x00, 0x00, 0x00, 0x00, 0x00, 0x00, 0x00, 0x00, 0x00, 0x00, 
0x00, 0x00, 0x00, 0x00, 0x00, 0x00, 0x00, 0x00, 0x00, 0x00, 0x00, 0x00, 0x00, 0x00, 0x00, 0x00, 
0x00, 0x00, 0x00, 0x00, 0x00, 0x00, 0x00, 0x00, 0x00, 0x00, 0x00, 0x00, 0x00, 0x00, 0x00, 0x00, 
0x00, 0x00, 0x00, 0x00, 0x00, 0x00, 0x00, 0x00, 0x00, 0x00, 0x00, 0x00, 0x00, 0x00, 0x00, 0x00, 
0x00, 0x00, 0x00, 0x00, 0x00, 0x00, 0x00, 0x00, 0x00, 0x00, 0x00, 0x00, 0x00, 0x00, 0x00, 0x00, 
0x00, 0x00, 0x00, 0x00, 0x00, 0x00, 0x00, 0x00, 0x00, 0x00, 0x00, 0x00, 0x00, 0x00, 0x00, 0x00, 
0x00, 0x00, 0x00, 0x00, 0x00, 0x00, 0x00, 0x00, 0x00, 0x00, 0x00, 0x00, 0x00, 0x00, 0x00, 0x00, 
0x00, 0x00, 0x00, 0x00, 0x00, 0x00, 0x00, 0x00, 0x00, 0x00, 0x00, 0x00, 0x00, 0x00, 0x00, 0x00, 
0x00, 0x00, 0x00, 0x00, 0x00, 0x00, 0x00, 0x00, 0x00, 0x00, 0x00, 0x00, 0x00, 0x00, 0x00, 0x00, 
0x00, 0x00, 0x00, 0x00, 0x00, 0x00, 0x00, 0x00, 0x00, 0x00, 0x00, 0x00, 0x00, 0x00, 0x00, 0x00, 
0x00, 0x00, 0x00, 0x00, 0x00, 0x00, 0x00, 0x00, 0x00, 0x00, 0x00, 0x00, 0x00, 0x00, 0x00, 0x00, 
0x00, 0x00, 0x00, 0x00, 0x00, 0x00, 0x00, 0x00, 0x00, 0x00, 0x00, 0x00, 0x00, 0x00, 0x00, 0x00, 
0x00, 0x00, 0x00, 0x00, 0x00, 0x00, 0x00, 0x00, 0x00, 0x00, 0x00, 0x00, 0x00, 0x00, 0x00, 0x00, 
0x00, 0x00, 0x00, 0x00, 0x00, 0x00, 0x00, 0x00, 0x00, 0x00, 0x00, 0x00, 0x00, 0x00, 0x00, 0x00, 
0x00, 0x00, 0x00, 0x00, 0x00, 0x00, 0x00, 0x00, 0x00, 0x00, 0x00, 0x00, 0x00, 0x00, 0x00, 0x00, 
0x00, 0x00, 0x00, 0x00, 0x00, 0x00, 0x00, 0x00, 0x00, 0x00, 0x00, 0x00, 0x00, 0x00, 0x00, 0x00, 
0x00, 0x00, 0x00, 0x00, 0x00, 0x00, 0x00, 0x00, 0x00, 0x00, 0x00, 0x00, 0x00, 0x00, 0x00, 0x00, 
0x00, 0x00, 0x00, 0x00, 0x00, 0x00, 0x00, 0x00, 0x00, 0x00, 0x00, 0x00, 0x00, 0x00, 0x00, 0x00, 
0x00, 0x00, 0x00, 0x00, 0x00, 0x00, 0x00, 0x00, 0x00, 0x00, 0x00, 0x00, 0x00, 0x00, 0x00, 0x00, 
0x00, 0x00, 0x00, 0x00, 0x00, 0x00, 0x00, 0x00, 0x00, 0x00, 0x00, 0x00, 0x00, 0x00, 0x00, 0x00, 
0x00, 0x00, 0x00, 0x00, 0x00, 0x00, 0x00, 0x00, 0x00, 0x00, 0x00, 0x00, 0x00, 0x00, 0x00, 0x00, 
0x00, 0x00, 0x00, 0x00, 0x00, 0x00, 0x00, 0x00, 0x00, 0x00, 0x00, 0x00, 0x00, 0x00, 0x00, 0x00, 
0x00, 0x00, 0x00, 0x00, 0x00, 0x00, 0x00, 0x00, 0x00, 0x00, 0x00, 0x00, 0x00, 0x00, 0x00, 0x00, 
0x00, 0x00, 0x00, 0x00, 0x00, 0x00, 0x00, 0x00, 0x00, 0x00, 0x00, 0x00, 0x00, 0x00, 0x00, 0x00, 
0x00, 0x00, 0x00, 0x00, 0x00, 0x00, 0x00, 0x00, 0x00, 0x00, 0x00, 0x00, 0x00, 0x00, 0x00, 0x00, 
0x00, 0x00, 0x00, 0x00, 0x00, 0x00, 0x00, 0x00, 0x00, 0x00, 0x00, 0x00, 0x00, 0x00, 0x00, 0x00, 
0x00, 0x00, 0x00, 0x00, 0x00, 0x00, 0x00, 0x00, 0x00, 0x00, 0x00, 0x00, 0x00, 0x00, 0x00, 0x00, 
0x00, 0x00, 0x00, 0x00, 0x00, 0x00, 0x00, 0x00, 0x00, 0x00, 0x00, 0x00, 0x00, 0x00, 0x00, 0x00, 
0x00, 0x00, 0x00, 0x00, 0x00, 0x00, 0x00, 0x00, 0x00, 0x00, 0x00, 0x00, 0x00, 0x00, 0x00, 0x00, 
0x00, 0x00, 0x00, 0x00, 0x00, 0x00, 0x00, 0x00, 0x00, 0x00, 0x00, 0x00, 0x00, 0x00, 0x00, 0x00, 
0x00, 0x00, 0x00, 0x00, 0x00, 0x00, 0x00, 0x00, 0x00, 0x00, 0x00, 0x00, 0x00, 0x00, 0x00, 0x00, 
0x00, 0x00, 0x00, 0x00, 0x00, 0x00, 0x00, 0x00, 0x00, 0x00, 0x00, 0x00, 0x00, 0x00, 0x00, 0x00, 
0x00, 0x00, 0x00, 0x00, 0x00, 0x00, 0x00, 0x00, 0x00, 0x00, 0x00, 0x00, 0x00, 0x00, 0x00, 0x00, 
0x00, 0x00, 0x00, 0x00, 0x00, 0x00, 0x00, 0x00, 0x00, 0x00, 0x00, 0x00, 0x00, 0x00, 0x00, 0x00, 
0x00, 0x00, 0x00, 0x00, 0x00, 0x00, 0x00, 0x00, 0x00, 0x00, 0x00, 0x00, 0x00, 0x00, 0x00, 0x00, 
0x00, 0x00, 0x00, 0x00, 0x00, 0x00, 0x00, 0x00, 0x00, 0x00, 0x00, 0x00, 0x00, 0x00, 0x00, 0x00, 
0x00, 0x00, 0x00, 0x00, 0x00, 0x00, 0x00, 0x00, 0x00, 0x00, 0x00, 0x00, 0x00, 0x00, 0x00, 0x00, 
0x00, 0x00, 0x00, 0x00, 0x00, 0x00, 0x00, 0x00, 0x00, 0x00, 0x00, 0x00, 0x00, 0x00, 0x00, 0x00, 
0x00, 0x00, 0x00, 0x00, 0x00, 0x00, 0x00, 0x00, 0x00, 0x00, 0x00, 0x00, 0x00, 0x00, 0x00, 0x00, 
0x00, 0x00, 0x00, 0x00, 0x00, 0x00, 0x00, 0x00, 0x00, 0x00, 0x00, 0x00, 0x00, 0x00, 0x00, 0x00, 
0x00, 0x00, 0x00, 0x00, 0x00, 0x00, 0x00, 0x00, 0x00, 0x00, 0x00, 0x00, 0x00, 0x00, 0x00, 0x00, 
0x00, 0x00, 0x00, 0x00, 0x00, 0x00, 0x00, 0x00, 0x00, 0x00, 0x00, 0x00, 0x00, 0x00, 0x00, 0x00, 
0x00, 0x00, 0x00, 0x00, 0x00, 0x00, 0x00, 0x00, 0x00, 0x00, 0x00, 0x00, 0x00, 0x00, 0x00, 0x00, 
0x00, 0x00, 0x00, 0x00, 0x00, 0x00, 0x00, 0x00, 0x00, 0x00, 0x00, 0x00, 0x00, 0x00, 0x00, 0x00, 
0x00, 0x00, 0x00, 0x00, 0x00, 0x00, 0x00, 0x00, 0x00, 0x00, 0x00, 0x00, 0x00, 0x00, 0x00, 0x00, 
0x00, 0x00, 0x00, 0x00, 0x00, 0x00, 0x00, 0x00, 0x00, 0x00, 0x00, 0x00, 0x00, 0x00, 0x00, 0x00, 
0x00, 0x00, 0x00, 0x00, 0x00, 0x00, 0x00, 0x00, 0x00, 0x00, 0x00, 0x00, 0x00, 0x00, 0x00, 0x00, 
0x00, 0x00, 0x00, 0x00, 0x00, 0x00, 0x00, 0x00, 0x00, 0x00, 0x00, 0x00, 0x00, 0x00, 0x00, 0x00, 
0x00, 0x00, 0x00, 0x00, 0x00, 0x00, 0x00, 0x00, 0x00, 0x00, 0x00, 0x00, 0x00, 0x00, 0x00, 0x00, 
0x00, 0x00, 0x00, 0x00, 0x00, 0x00, 0x00, 0x00, 0x00, 0x00, 0x00, 0x00, 0x00, 0x00, 0x00, 0x00, 
0x00, 0x00, 0x00, 0x00, 0x00, 0x00, 0x00, 0x00, 0x00, 0x00, 0x00, 0x00, 0x00, 0x00, 0x00, 0x00, 
0x00, 0x00, 0x00, 0x00, 0x00, 0x00, 0x00, 0x00, 0x00, 0x00, 0x00, 0x00, 0x00, 0x00, 0x00, 0x00, 
0x00, 0x00, 0x00, 0x00, 0x00, 0x00, 0x00, 0x00, 0x00, 0x00, 0x00, 0x00, 0x00, 0x00, 0x00, 0x00, 
0x00, 0x00, 0x00, 0x00, 0x00, 0x00, 0x00, 0x00, 0x00, 0x00, 0x00, 0x00, 0x00, 0x00, 0x00, 0x00, 
0x00, 0x00, 0x00, 0x00, 0x00, 0x00, 0x00, 0x00, 0x00, 0x00, 0x00, 0x00, 0x00, 0x00, 0x00, 0x00, 
0x00, 0x00, 0x00, 0x00, 0x00, 0x00, 0x00, 0x00, 0x00, 0x00, 0x00, 0x00, 0x00, 0x00, 0x00, 0x00, 
0x00, 0x00, 0x00, 0x00, 0x00, 0x00, 0x00, 0x00, 0x00, 0x00, 0x00, 0x00, 0x00, 0x00, 0x00, 0x00, 
0x00, 0x00, 0x00, 0x00, 0x00, 0x00, 0x00, 0x00, 0x00, 0x00, 0x00, 0x00, 0x00, 0x00, 0x00, 0x00, 
0x00, 0x00, 0x00, 0x00, 0x00, 0x00, 0x00, 0x00, 0x00, 0x00, 0x00, 0x00, 0x00, 0x00, 0x00, 0x00, 
0x00, 0x00, 0x00, 0x00, 0x00, 0x00, 0x00, 0x00, 0x00, 0x00, 0x00, 0x00, 0x00, 0x00, 0x00, 0x00, 
0x00, 0x00, 0x00, 0x00, 0x00, 0x00, 0x00, 0x00, 0x00, 0x00, 0x00, 0x00, 0x00, 0x00, 0x00, 0x00, 
0x00, 0x00, 0x00, 0x00, 0x00, 0x00, 0x00, 0x00, 0x00, 0x00, 0x00, 0x00, 0x00, 0x00, 0x00, 0x00, 
0x00, 0x00, 0x00, 0x00, 0x00, 0x00, 0x00, 0x00, 0x00, 0x00, 0x00, 0x00, 0x00, 0x00, 0x00, 0x00, 
0x00, 0x00, 0x00, 0x00, 0x00, 0x00, 0x00, 0x00, 0x00, 0x00, 0x00, 0x00, 0x00, 0x00, 0x00, 0x00, 
0x00, 0x00, 0x00, 0x00, 0x00, 0x00, 0x00, 0x00, 0x00, 0x00, 0x00, 0x00, 0x00, 0x00, 0x00, 0x00, 
0x00, 0x00, 0x00, 0x00, 0x00, 0x00, 0x00, 0x00, 0x00, 0x00, 0x00, 0x00, 0x00, 0x00, 0x00, 0x00, 
0x00, 0x00, 0x00, 0x00, 0x00, 0x00, 0x00, 0x00, 0x00, 0x00, 0x00, 0x00, 0x00, 0x00, 0x00, 0x00, 
0x00, 0x00, 0x00, 0x00, 0x00, 0x00, 0x00, 0x00, 0x00, 0x00, 0x00, 0x00, 0x00, 0x00, 0x00, 0x00, 
0x00, 0x00, 0x00, 0x00, 0x00, 0x00, 0x00, 0x00, 0x00, 0x00, 0x00, 0x00, 0x00, 0x00, 0x00, 0x00, 
0x00, 0x00, 0x00, 0x00, 0x00, 0x00, 0x00, 0x00, 0x00, 0x00, 0x00, 0x00, 0x00, 0x00, 0x00, 0x00, 
0x00, 0x00, 0x00, 0x00, 0x00, 0x00, 0x00, 0x00, 0x00, 0x00, 0x00, 0x00, 0x00, 0x00, 0x00, 0x00, 
0x00, 0x00, 0x00, 0x00, 0x00, 0x00, 0x00, 0x00, 0x00, 0x00, 0x00, 0x00, 0x00, 0x00, 0x00, 0x00, 
0x00, 0x00, 0x00, 0x00, 0x00, 0x00, 0x00, 0x00, 0x00, 0x00, 0x00, 0x00, 0x00, 0x00, 0x00, 0x00, 
0x00, 0x00, 0x00, 0x00, 0x00, 0x00, 0x00, 0x00, 0x00, 0x00, 0x00, 0x00, 0x00, 0x00, 0x00, 0x00, 
0x00, 0x00, 0x00, 0x00, 0x00, 0x00, 0x00, 0x00, 0x00, 0x00, 0x00, 0x00, 0x00, 0x00, 0x00, 0x00, 
0x00, 0x00, 0x00, 0x00, 0x00, 0x00, 0x00, 0x00, 0x00, 0x00, 0x00, 0x00, 0x00, 0x00, 0x00, 0x00, 
0x00, 0x00, 0x00, 0x00, 0x00, 0x00, 0x00, 0x00, 0x00, 0x00, 0x00, 0x00, 0x00, 0x00, 0x00, 0x00, 
0x00, 0x00, 0x00, 0x00, 0x00, 0x00, 0x00, 0x00, 0x00, 0x00, 0x00, 0x00, 0x00, 0x00, 0x00, 0x00, 
0x00, 0x00, 0x00, 0x00, 0x00, 0x00, 0x00, 0x00, 0x00, 0x00, 0x00, 0x00, 0x00, 0x00, 0x00, 0x00, 
0x00, 0x00, 0x00, 0x00, 0x00, 0x00, 0x00, 0x00, 0x00, 0x00, 0x00, 0x00, 0x00, 0x00, 0x00, 0x00, 
0x00, 0x00, 0x00, 0x00, 0x00, 0x00, 0x00, 0x00, 0x00, 0x00, 0x00, 0x00, 0x00, 0x00, 0x00, 0x00, 
0x00, 0x00, 0x00, 0x00, 0x00, 0x00, 0x00, 0x00, 0x00, 0x00, 0x00, 0x00, 0x00, 0x00, 0x00, 0x00, 
0x00, 0x00, 0x00, 0x00, 0x00, 0x00, 0x00, 0x00, 0x00, 0x00, 0x00, 0x00, 0x00, 0x00, 0x00, 0x00, 
0x00, 0x00, 0x00, 0x00, 0x00, 0x00, 0x00, 0x00, 0x00, 0x00, 0x00, 0x00, 0x00, 0x00, 0x00, 0x00, 
0x00, 0x00, 0x00, 0x00, 0x00, 0x00, 0x00, 0x00, 0x00, 0x00, 0x00, 0x00, 0x00, 0x00, 0x00, 0x00, 
0x00, 0x00, 0x00, 0x00, 0x00, 0x00, 0x00, 0x00, 0x00, 0x00, 0x00, 0x00, 0x00, 0x00, 0x00, 0x00, 
0x00, 0x00, 0x00, 0x00, 0x00, 0x00, 0x00, 0x00, 0x00, 0x00, 0x00, 0x00, 0x00, 0x00, 0x00, 0x00, 
0x00, 0x00, 0x00, 0x00, 0x00, 0x00, 0x00, 0x00, 0x00, 0x00, 0x00, 0x00, 0x00, 0x00, 0x00, 0x00, 
0x00, 0x00, 0x00, 0x00, 0x00, 0x00, 0x00, 0x00, 0x00, 0x00, 0x00, 0x00, 0x00, 0x00, 0x00, 0x00, 
0x00, 0x00, 0x00, 0x00, 0x00, 0x00, 0x00, 0x00, 0x00, 0x00, 0x00, 0x00, 0x00, 0x00, 0x00, 0x00, 
0x00, 0x00, 0x00, 0x00, 0x00, 0x00, 0x00, 0x00, 0x00, 0x00, 0x00, 0x00, 0x00, 0x00, 0x00, 0x00, 
0x00, 0x00, 0x00, 0x00, 0x00, 0x00, 0x00, 0x00, 0x00, 0x00, 0x00, 0x00, 0x00, 0x00, 0x00, 0x00, 
0x00, 0x00, 0x00, 0x00, 0x00, 0x00, 0x00, 0x00, 0x00, 0x00, 0x00, 0x00, 0x00, 0x00, 0x00, 0x00, 
0x00, 0x00, 0x00, 0x00, 0x00, 0x00, 0x00, 0x00, 0x00, 0x00, 0x00, 0x00, 0x00, 0x00, 0x00, 0x00, 
0x00, 0x00, 0x00, 0x00, 0x00, 0x00, 0x00, 0x00, 0x00, 0x00, 0x00, 0x00, 0x00, 0x00, 0x00, 0x00, 
0x00, 0x00, 0x00, 0x00, 0x00, 0x00, 0x00, 0x00, 0x00, 0x00, 0x00, 0x00, 0x00, 0x00, 0x00, 0x00, 
0x00, 0x00, 0x00, 0x00, 0x00, 0x00, 0x00, 0x00, 0x00, 0x00, 0x00, 0x00, 0x00, 0x00, 0x00, 0x00, 
0x00, 0x00, 0x00, 0x00, 0x00, 0x00, 0x00, 0x00, 0x00, 0x00, 0x00, 0x00, 0x00, 0x00, 0x00, 0x00, 
0x00, 0x00, 0x00, 0x00, 0x00, 0x00, 0x00, 0x00, 0x00, 0x00, 0x00, 0x00, 0x00, 0x00, 0x00, 0x00, 
0x00, 0x00, 0x00, 0x00, 0x00, 0x00, 0x00, 0x00, 0x00, 0x00, 0x00, 0x00, 0x00, 0x00, 0x00, 0x00, 
0x00, 0x00, 0x00, 0x00, 0x00, 0x00, 0x00, 0x00, 0x00, 0x00, 0x00, 0x00, 0x00, 0x00, 0x00, 0x00, 
0x00, 0x00, 0x00, 0x00, 0x00, 0x00, 0x00, 0x00, 0x00, 0x00, 0x00, 0x00, 0x00, 0x00, 0x00, 0x00, 
0x00, 0x00, 0x00, 0x00, 0x00, 0x00, 0x00, 0x00, 0x00, 0x00, 0x00, 0x00, 0x00, 0x00, 0x00, 0x00, 
0x00, 0x00, 0x00, 0x00, 0x00, 0x00, 0x00, 0x00, 0x00, 0x00, 0x00, 0x00, 0x00, 0x00, 0x00, 0x00, 
0x00, 0x00, 0x00, 0x00, 0x00, 0x00, 0x00, 0x00, 0x00, 0x00, 0x00, 0x00, 0x00, 0x00, 0x00, 0x00, 
0x00, 0x00, 0x00, 0x00, 0x00, 0x00, 0x00, 0x00, 0x00, 0x00, 0x00, 0x00, 0x00, 0x00, 0x00, 0x00, 
0x00, 0x00, 0x00, 0x00, 0x00, 0x00, 0x00, 0x00, 0x00, 0x00, 0x00, 0x00, 0x00, 0x00, 0x00, 0x00, 
0x00, 0x00, 0x00, 0x00, 0x00, 0x00, 0x00, 0x00, 0x00, 0x00, 0x00, 0x00, 0x00, 0x00, 0x00, 0x00, 
0x00, 0x00, 0x00, 0x00, 0x00, 0x00, 0x00, 0x00, 0x00, 0x00, 0x00, 0x00, 0x00, 0x00, 0x00, 0x00, 
0x00, 0x00, 0x00, 0x00, 0x00, 0x00, 0x00, 0x00, 0x00, 0x00, 0x00, 0x00, 0x00, 0x00, 0x00, 0x00, 
0x00, 0x00, 0x00, 0x00, 0x00, 0x00, 0x00, 0x00, 0x00, 0x00, 0x00, 0x00, 0x00, 0x00, 0x00, 0x00, 
0x00, 0x00, 0x00, 0x00, 0x00, 0x00, 0x00, 0x00, 0x00, 0x00, 0x00, 0x00, 0x00, 0x00, 0x00, 0x00, 
0x00, 0x00, 0x00, 0x00, 0x00, 0x00, 0x00, 0x00, 0x00, 0x00, 0x00, 0x00, 0x00, 0x00, 0x00, 0x00, 
0x00, 0x00, 0x00, 0x00, 0x00, 0x00, 0x00, 0x00, 0x00, 0x00, 0x00, 0x00, 0x00, 0x00, 0x00, 0x00, 
0x00, 0x00, 0x00, 0x00, 0x00, 0x00, 0x00, 0x00, 0x00, 0x00, 0x00, 0x00, 0x00, 0x00, 0x00, 0x00, 
0x00, 0x00, 0x00, 0x00, 0x00, 0x00, 0x00, 0x00, 0x00, 0x00, 0x00, 0x00, 0x00, 0x00, 0x00, 0x00, 
0x00, 0x00, 0x00, 0x00, 0x00, 0x00, 0x00, 0x00, 0x00, 0x00, 0x00, 0x00, 0x00, 0x00, 0x00, 0x00, 
0x00, 0x00, 0x00, 0x00, 0x00, 0x00, 0x00, 0x00, 0x00, 0x00, 0x00, 0x00, 0x00, 0x00, 0x00, 0x00, 
0x00, 0x00, 0x00, 0x00, 0x00, 0x00, 0x00, 0x00, 0x00, 0x00, 0x00, 0x00, 0x00, 0x00, 0x00, 0x00, 
0x00, 0x00, 0x00, 0x00, 0x00, 0x00, 0x00, 0x00, 0x00, 0x00, 0x00, 0x00, 0x00, 0x00, 0x00, 0x00, 
0x00, 0x00, 0x00, 0x00, 0x00, 0x00, 0x00, 0x00, 0x00, 0x00, 0x00, 0x00, 0x00, 0x00, 0x00, 0x00, 
0x00, 0x00, 0x00, 0x00, 0x00, 0x00, 0x00, 0x00, 0x00, 0x00, 0x00, 0x00, 0x00, 0x00, 0x00, 0x00, 
0x00, 0x00, 0x00, 0x00, 0x00, 0x00, 0x00, 0x00, 0x00, 0x00, 0x00, 0x00, 0x00, 0x00, 0x00, 0x00, 
0x00, 0x00, 0x00, 0x00, 0x00, 0x00, 0x00, 0x00, 0x00, 0x00, 0x00, 0x00, 0x00, 0x00, 0x00, 0x00, 
0x00, 0x00, 0x00, 0x00, 0x00, 0x00, 0x00, 0x00, 0x00, 0x00, 0x00, 0x00, 0x00, 0x00, 0x00, 0x00, 
0x00, 0x00, 0x00, 0x00, 0x00, 0x00, 0x00, 0x00, 0x00, 0x00, 0x00, 0x00, 0x00, 0x00, 0x00, 0x00, 
0x00, 0x00, 0x00, 0x00, 0x00, 0x00, 0x00, 0x00, 0x00, 0x00, 0x00, 0x00, 0x00, 0x00, 0x00, 0x00, 
0x00, 0x00, 0x00, 0x00, 0x00, 0x00, 0x00, 0x00, 0x00, 0x00, 0x00, 0x00, 0x00, 0x00, 0x00, 0x00, 
0x00, 0x00, 0x00, 0x00, 0x00, 0x00, 0x00, 0x00, 0x00, 0x00, 0x00, 0x00, 0x00, 0x00, 0x00, 0x00, 
0x00, 0x00, 0x00, 0x00, 0x00, 0x00, 0x00, 0x00, 0x00, 0x00, 0x00, 0x00, 0x00, 0x00, 0x00, 0x00, 
0x00, 0x00, 0x00, 0x00, 0x00, 0x00, 0x00, 0x00, 0x00, 0x00, 0x00, 0x00, 0x00, 0x00, 0x00, 0x00, 
0x00, 0x00, 0x00, 0x00, 0x00, 0x00, 0x00, 0x00, 0x00, 0x00, 0x00, 0x00, 0x00, 0x00, 0x00, 0x00, 
0x00, 0x00, 0x00, 0x00, 0x00, 0x00, 0x00, 0x00, 0x00, 0x00, 0x00, 0x00, 0x00, 0x00, 0x00, 0x00, 
0x00, 0x00, 0x00, 0x00, 0x00, 0x00, 0x00, 0x00, 0x00, 0x00, 0x00, 0x00, 0x00, 0x00, 0x00, 0x00, 
0x00, 0x00, 0x00, 0x00, 0x00, 0x00, 0x00, 0x00, 0x00, 0x00, 0x00, 0x00, 0x00, 0x00, 0x00, 0x00, 
0x00, 0x00, 0x00, 0x00, 0x00, 0x00, 0x00, 0x00, 0x00, 0x00, 0x00, 0x00, 0x00, 0x00, 0x00, 0x00, 
0x00, 0x00, 0x00, 0x00, 0x00, 0x00, 0x00, 0x00, 0x00, 0x00, 0x00, 0x00, 0x00, 0x00, 0x00, 0x00, 
0x00, 0x00, 0x00, 0x00, 0x00, 0x00, 0x00, 0x00, 0x00, 0x00, 0x00, 0x00, 0x00, 0x00, 0x00, 0x00, 
0x00, 0x00, 0x00, 0x00, 0x00, 0x00, 0x00, 0x00, 0x00, 0x00, 0x00, 0x00, 0x00, 0x00, 0x00, 0x00, 
0x00, 0x00, 0x00, 0x00, 0x00, 0x00, 0x00, 0x00, 0x00, 0x00, 0x00, 0x00, 0x00, 0x00, 0x00, 0x00, 
0x00, 0x00, 0x00, 0x00, 0x00, 0x00, 0x00, 0x00, 0x00, 0x00, 0x00, 0x00, 0x00, 0x00, 0x00, 0x00, 
0x00, 0x00, 0x00, 0x00, 0x00, 0x00, 0x00, 0x00, 0x00, 0x00, 0x00, 0x00, 0x00, 0x00, 0x00, 0x00, 
0x00, 0x00, 0x00, 0x00, 0x00, 0x00, 0x00, 0x00, 0x00, 0x00, 0x00, 0x00, 0x00, 0x00, 0x00, 0x00, 
0x00, 0x00, 0x00, 0x00, 0x00, 0x00, 0x00, 0x00, 0x00, 0x00, 0x00, 0x00, 0x00, 0x00, 0x00, 0x00, 
0x00, 0x00, 0x00, 0x00, 0x00, 0x00, 0x00, 0x00, 0x00, 0x00, 0x00, 0x00, 0x00, 0x00, 0x00, 0x00, 
0x00, 0x00, 0x00, 0x00, 0x00, 0x00, 0x00, 0x00, 0x00, 0x00, 0x00, 0x00, 0x00, 0x00, 0x00, 0x00, 
0x00, 0x00, 0x00, 0x00, 0x00, 0x00, 0x00, 0x00, 0x00, 0x00, 0x00, 0x00, 0x00, 0x00, 0x00, 0x00, 
0x00, 0x00, 0x00, 0x00, 0x00, 0x00, 0x00, 0x00, 0x00, 0x00, 0x00, 0x00, 0x00, 0x00, 0x00, 0x00, 
0x00, 0x00, 0x00, 0x00, 0x00, 0x00, 0x00, 0x00, 0x00, 0x00, 0x00, 0x00, 0x00, 0x00, 0x00, 0x00, 
0x00, 0x00, 0x00, 0x00, 0x00, 0x00, 0x00, 0x00, 0x00, 0x00, 0x00, 0x00, 0x00, 0x00, 0x00, 0x00, 
0x00, 0x00, 0x00, 0x00, 0x00, 0x00, 0x00, 0x00, 0x00, 0x00, 0x00, 0x00, 0x00, 0x00, 0x00, 0x00, 
0x00, 0x00, 0x00, 0x00, 0x00, 0x00, 0x00, 0x00, 0x00, 0x00, 0x00, 0x00, 0x00, 0x00, 0x00, 0x00, 
0x00, 0x00, 0x00, 0x00, 0x00, 0x00, 0x00, 0x00, 0x00, 0x00, 0x00, 0x00, 0x00, 0x00, 0x00, 0x00, 
0x00, 0x00, 0x00, 0x00, 0x00, 0x00, 0x00, 0x00, 0x00, 0x00, 0x00, 0x00, 0x00, 0x00, 0x00, 0x00, 
0x00, 0x00, 0x00, 0x00, 0x00, 0x00, 0x00, 0x00, 0x00, 0x00, 0x00, 0x00, 0x00, 0x00, 0x00, 0x00, 
0x00, 0x00, 0x00, 0x00, 0x00, 0x00, 0x00, 0x00, 0x00, 0x00, 0x00, 0x00, 0x00, 0x00, 0x00, 0x00, 
0x00, 0x00, 0x00, 0x00, 0x00, 0x00, 0x00, 0x00, 0x00, 0x00, 0x00, 0x00, 0x00, 0x00, 0x00, 0x00, 
0x00, 0x00, 0x00, 0x00, 0x00, 0x00, 0x00, 0x00, 0x00, 0x00, 0x00, 0x00, 0x00, 0x00, 0x00, 0x00, 
0x00, 0x00, 0x00, 0x00, 0x00, 0x00, 0x00, 0x00, 0x00, 0x00, 0x00, 0x00, 0x00, 0x00, 0x00, 0x00, 
0x00, 0x00, 0x00, 0x00, 0x00, 0x00, 0x00, 0x00, 0x00, 0x00, 0x00, 0x00, 0x00, 0x00, 0x00, 0x00, 
0x00, 0x00, 0x00, 0x00, 0x00, 0x00, 0x00, 0x00, 0x00, 0x00, 0x00, 0x00, 0x00, 0x00, 0x00, 0x00, 
0x00, 0x00, 0x00, 0x00, 0x00, 0x00, 0x00, 0x00, 0x00, 0x00, 0x00, 0x00, 0x00, 0x00, 0x00, 0x00, 
0x00, 0x00, 0x00, 0x00, 0x00, 0x00, 0x00, 0x00, 0x00, 0x00, 0x00, 0x00, 0x00, 0x00, 0x00, 0x00, 
0x00, 0x00, 0x00, 0x00, 0x00, 0x00, 0x00, 0x00, 0x00, 0x00, 0x00, 0x00, 0x00, 0x00, 0x00, 0x00, 
0x00, 0x00, 0x00, 0x00, 0x00, 0x00, 0x00, 0x00, 0x00, 0x00, 0x00, 0x00, 0x00, 0x00, 0x00, 0x00, 
0x00, 0x00, 0x00, 0x00, 0x00, 0x00, 0x00, 0x00, 0x00, 0x00, 0x00, 0x00, 0x00, 0x00, 0x00, 0x00, 
0x00, 0x00, 0x00, 0x00, 0x00, 0x00, 0x00, 0x00, 0x00, 0x00, 0x00, 0x00, 0x00, 0x00, 0x00, 0x00, 
0x00, 0x00, 0x00, 0x00, 0x00, 0x00, 0x00, 0x00, 0x00, 0x00, 0x00, 0x00, 0x00, 0x00, 0x00, 0x00, 
0x00, 0x00, 0x00, 0x00, 0x00, 0x00, 0x00, 0x00, 0x00, 0x00, 0x00, 0x00, 0x00, 0x00, 0x00, 0x00, 
0x00, 0x00, 0x00, 0x00, 0x00, 0x00, 0x00, 0x00, 0x00, 0x00, 0x00, 0x00, 0x00, 0x00, 0x00, 0x00, 
0x00, 0x00, 0x00, 0x00, 0x00, 0x00, 0x00, 0x00, 0x00, 0x00, 0x00, 0x00, 0x00, 0x00, 0x00, 0x00, 
0x00, 0x00, 0x00, 0x00, 0x00, 0x00, 0x00, 0x00, 0x00, 0x00, 0x00, 0x00, 0x00, 0x00, 0x00, 0x00, 
0x00, 0x00, 0x00, 0x00, 0x00, 0x00, 0x00, 0x00, 0x00, 0x00, 0x00, 0x00, 0x00, 0x00, 0x00, 0x00, 
0x00, 0x00, 0x00, 0x00, 0x00, 0x00, 0x00, 0x00, 0x00, 0x00, 0x00, 0x00, 0x00, 0x00, 0x00, 0x00, 
0x00, 0x00, 0x00, 0x00, 0x00, 0x00, 0x00, 0x00, 0x00, 0x00, 0x00, 0x00, 0x00, 0x00, 0x00, 0x00, 
0x00, 0x00, 0x00, 0x00, 0x00, 0x00, 0x00, 0x00, 0x00, 0x00, 0x00, 0x00, 0x00, 0x00, 0x00, 0x00, 
0x00, 0x00, 0x00, 0x00, 0x00, 0x00, 0x00, 0x00, 0x00, 0x00, 0x00, 0x00, 0x00, 0x00, 0x00, 0x00, 
0x00, 0x00, 0x00, 0x00, 0x00, 0x00, 0x00, 0x00, 0x00, 0x00, 0x00, 0x00, 0x00, 0x00, 0x00, 0x00, 
0x00, 0x00, 0x00, 0x00, 0x00, 0x00, 0x00, 0x00, 0x00, 0x00, 0x00, 0x00, 0x00, 0x00, 0x00, 0x00, 
0x00, 0x00, 0x00, 0x00, 0x00, 0x00, 0x00, 0x00, 0x00, 0x00, 0x00, 0x00, 0x00, 0x00, 0x00, 0x00, 
0x00, 0x00, 0x00, 0x00, 0x00, 0x00, 0x00, 0x00, 0x00, 0x00, 0x00, 0x00, 0x00, 0x00, 0x00, 0x00, 
0x00, 0x00, 0x00, 0x00, 0x00, 0x00, 0x00, 0x00, 0x00, 0x00, 0x00, 0x00, 0x00, 0x00, 0x00, 0x00, 
0x00, 0x00, 0x00, 0x00, 0x00, 0x00, 0x00, 0x00, 0x00, 0x00, 0x00, 0x00, 0x00, 0x00, 0x00, 0x00, 
0x00, 0x00, 0x00, 0x00, 0x00, 0x00, 0x00, 0x00, 0x00, 0x00, 0x00, 0x00, 0x00, 0x00, 0x00, 0x00, 
0x00, 0x00, 0x00, 0x00, 0x00, 0x00, 0x00, 0x00, 0x00, 0x00, 0x00, 0x00, 0x00, 0x00, 0x00, 0x00, 
0x00, 0x00, 0x00, 0x00, 0x00, 0x00, 0x00, 0x00, 0x00, 0x00, 0x00, 0x00, 0x00, 0x00, 0x00, 0x00, 
0x00, 0x00, 0x00, 0x00, 0x00, 0x00, 0x00, 0x00, 0x00, 0x00, 0x00, 0x00, 0x00, 0x00, 0x00, 0x00, 
0x00, 0x00, 0x00, 0x00, 0x00, 0x00, 0x00, 0x00, 0x00, 0x00, 0x00, 0x00, 0x00, 0x00, 0x00, 0x00, 
0x00, 0x00, 0x00, 0x00, 0x00, 0x00, 0x00, 0x00, 0x00, 0x00, 0x00, 0x00, 0x00, 0x00, 0x00, 0x00, 
0x00, 0x00, 0x00, 0x00, 0x00, 0x00, 0x00, 0x00, 0x00, 0x00, 0x00, 0x00, 0x00, 0x00, 0x00, 0x00, 
0x00, 0x00, 0x00, 0x00, 0x00, 0x00, 0x00, 0x00, 0x00, 0x00, 0x00, 0x00, 0x00, 0x00, 0x00, 0x00, 
0x00, 0x00, 0x00, 0x00, 0x00, 0x00, 0x00, 0x00, 0x00, 0x00, 0x00, 0x00, 0x00, 0x00, 0x00, 0x00, 
0x00, 0x00, 0x00, 0x00, 0x00, 0x00, 0x00, 0x00, 0x00, 0x00, 0x00, 0x00, 0x00, 0x00, 0x00, 0x00, 
0x00, 0x00, 0x00, 0x00, 0x00, 0x00, 0x00, 0x00, 0x00, 0x00, 0x00, 0x00, 0x00, 0x00, 0x00, 0x00, 
0x00, 0x00, 0x00, 0x00, 0x00, 0x00, 0x00, 0x00, 0x00, 0x00, 0x00, 0x00, 0x00, 0x00, 0x00, 0x00, 
0x00, 0x00, 0x00, 0x00, 0x00, 0x00, 0x00, 0x00, 0x00, 0x00, 0x00, 0x00, 0x00, 0x00, 0x00, 0x00, 
0x00, 0x00, 0x00, 0x00, 0x00, 0x00, 0x00, 0x00, 0x00, 0x00, 0x00, 0x00, 0x00, 0x00, 0x00, 0x00, 
0x00, 0x00, 0x00, 0x00, 0x00, 0x00, 0x00, 0x00, 0x00, 0x00, 0x00, 0x00, 0x00, 0x00, 0x00, 0x00, 
0x00, 0x00, 0x00, 0x00, 0x00, 0x00, 0x00, 0x00, 0x00, 0x00, 0x00, 0x00, 0x00, 0x00, 0x00, 0x00, 
0x00, 0x00, 0x00, 0x00, 0x00, 0x00, 0x00, 0x00, 0x00, 0x00, 0x00, 0x00, 0x00, 0x00, 0x00, 0x00, 
0x00, 0x00, 0x00, 0x00, 0x00, 0x00, 0x00, 0x00, 0x00, 0x00, 0x00, 0x00, 0x00, 0x00, 0x00, 0x00, 
0x00, 0x00, 0x00, 0x00, 0x00, 0x00, 0x00, 0x00, 0x00, 0x00, 0x00, 0x00, 0x00, 0x00, 0x00, 0x00, 
0x00, 0x00, 0x00, 0x00, 0x00, 0x00, 0x00, 0x00, 0x00, 0x00, 0x00, 0x00, 0x00, 0x00, 0x00, 0x00, 
0x00, 0x00, 0x00, 0x00, 0x00, 0x00, 0x00, 0x00, 0x00, 0x00, 0x00, 0x00, 0x00, 0x00, 0x00, 0x00, 
0x00, 0x00, 0x00, 0x00, 0x00, 0x00, 0x00, 0x00, 0x00, 0x00, 0x00, 0x00, 0x00, 0x00, 0x00, 0x00, 
0x00, 0x00, 0x00, 0x00, 0x00, 0x00, 0x00, 0x00, 0x00, 0x00, 0x00, 0x00, 0x00, 0x00, 0x00, 0x00, 
0x00, 0x00, 0x00, 0x00, 0x00, 0x00, 0x00, 0x00, 0x00, 0x00, 0x00, 0x00, 0x00, 0x00, 0x00, 0x00, 
0x00, 0x00, 0x00, 0x00, 0x00, 0x00, 0x00, 0x00, 0x00, 0x00, 0x00, 0x00, 0x00, 0x00, 0x00, 0x00, 
0x00, 0x00, 0x00, 0x00, 0x00, 0x00, 0x00, 0x00, 0x00, 0x00, 0x00, 0x00, 0x00, 0x00, 0x00, 0x00, 
0x00, 0x00, 0x00, 0x00, 0x00, 0x00, 0x00, 0x00, 0x00, 0x00, 0x00, 0x00, 0x00, 0x00, 0x00, 0x00, 
0x00, 0x00, 0x00, 0x00, 0x00, 0x00, 0x00, 0x00, 0x00, 0x00, 0x00, 0x00, 0x00, 0x00, 0x00, 0x00, 
0x00, 0x00, 0x00, 0x00, 0x00, 0x00, 0x00, 0x00, 0x00, 0x00, 0x00, 0x00, 0x00, 0x00, 0x00, 0x00, 
0x00, 0x00, 0x00, 0x00, 0x00, 0x00, 0x00, 0x00, 0x00, 0x00, 0x00, 0x00, 0x00, 0x00, 0x00, 0x00, 
0x00, 0x00, 0x00, 0x00, 0x00, 0x00, 0x00, 0x00, 0x00, 0x00, 0x00, 0x00, 0x00, 0x00, 0x00, 0x00, 
0x00, 0x00, 0x00, 0x00, 0x00, 0x00, 0x00, 0x00, 0x00, 0x00, 0x00, 0x00, 0x00, 0x00, 0x00, 0x00, 
0x00, 0x00, 0x00, 0x00, 0x00, 0x00, 0x00, 0x00, 0x00, 0x00, 0x00, 0x00, 0x00, 0x00, 0x00, 0x00, 
0x00, 0x00, 0x00, 0x00, 0x00, 0x00, 0x00, 0x00, 0x00, 0x00, 0x00, 0x00, 0x00, 0x00, 0x00, 0x00, 
0x00, 0x00, 0x00, 0x00, 0x00, 0x00, 0x00, 0x00, 0x00, 0x00, 0x00, 0x00, 0x00, 0x00, 0x00, 0x00, 
0x00, 0x00, 0x00, 0x00, 0x00, 0x00, 0x00, 0x00, 0x00, 0x00, 0x00, 0x00, 0x00, 0x00, 0x00, 0x00, 
0x00, 0x00, 0x00, 0x00, 0x00, 0x00, 0x00, 0x00, 0x00, 0x00, 0x00, 0x00, 0x00, 0x00, 0x00, 0x00, 
0x00, 0x00, 0x00, 0x00, 0x00, 0x00, 0x00, 0x00, 0x00, 0x00, 0x00, 0x00, 0x00, 0x00, 0x00, 0x00, 
0x00, 0x00, 0x00, 0x00, 0x00, 0x00, 0x00, 0x00, 0x00, 0x00, 0x00, 0x00, 0x00, 0x00, 0x00, 0x00, 
0x00, 0x00, 0x00, 0x00, 0x00, 0x00, 0x00, 0x00, 0x00, 0x00, 0x00, 0x00, 0x00, 0x00, 0x00, 0x00, 
0x00, 0x00, 0x00, 0x00, 0x00, 0x00, 0x00, 0x00, 0x00, 0x00, 0x00, 0x00, 0x00, 0x00, 0x00, 0x00, 
0x00, 0x00, 0x00, 0x00, 0x00, 0x00, 0x00, 0x00, 0x00, 0x00, 0x00, 0x00, 0x00, 0x00, 0x00, 0x00, 
0x00, 0x00, 0x00, 0x00, 0x00, 0x00, 0x00, 0x00, 0x00, 0x00, 0x00, 0x00, 0x00, 0x00, 0x00, 0x00, 
0x00, 0x00, 0x00, 0x00, 0x00, 0x00, 0x00, 0x00, 0x00, 0x00, 0x00, 0x00, 0x00, 0x00, 0x00, 0x00, 
0x00, 0x00, 0x00, 0x00, 0x00, 0x00, 0x00, 0x00, 0x00, 0x00, 0x00, 0x00, 0x00, 0x00, 0x00, 0x00, 
0x00, 0x00, 0x00, 0x00, 0x00, 0x00, 0x00, 0x00, 0x00, 0x00, 0x00, 0x00, 0x00, 0x00, 0x00, 0x00, 
0x00, 0x00, 0x00, 0x00, 0x00, 0x00, 0x00, 0x00, 0x00, 0x00, 0x00, 0x00, 0x00, 0x00, 0x00, 0x00, 
0x00, 0x00, 0x00, 0x00, 0x00, 0x00, 0x00, 0x00, 0x00, 0x00, 0x00, 0x00, 0x00, 0x00, 0x00, 0x00, 
0x00, 0x00, 0x00, 0x00, 0x42, 0x6F, 0x72, 0x61, 0x00, 0x00, 0x00, 0x00, 0x00, 0x00, 0x00, 0x00, 
0x00, 0x00, 0x00, 0x00, 0x10, 0x06, 0x01, 0x03, 0xF0, 0xFE, 0xD2, 0xD9, 0x00, 0x00, 0x00, 0x00

};

#if defined(CONFIG_GCORE_AUTO_UPDATE_FW_FLASHDOWNLOAD)
unsigned char gcore_flash_op_FW[] = {


};
#endif

#endif /* CONFIG_UPDATE_FIRMWARE_BY_BIN_FILE */

unsigned char gcore_mp_FW[] = {
	


};

#endif /* _GCORE_FIRMWARE_H_ */
